licencia_id,nombre_comercial,municipio,codi_ine,comarca,tipo_via,nombre_via,numero,codigo_postal,categoria,plazas,habitaciones,nif,razon_social,tipo,es_persona_fisica,titular_id,lat,lon,metodo_match,similitud_nombre,piso,puerta,coordenada_compartida,nivel_geo
ATB-000001,Atenea Calabria,Barcelona,080193,Barcelonès,Carrer,Calabria,129,08015,Sense categoritzar,160,80,A08115669,"TEXFIL GANDUXER ALUM, SA",apartament_turistic,False,9,,,solo_registre,,,,False,municipio
ATB-000002,Voramar,Castelldefels,080569,Baix Llobregat,Carrer,Barques,2,08860,Sense categoritzar,36,18,B63470942,"CASTELLISCON, SL",apartament_turistic,False,583,,,solo_registre,,,,False,municipio
ATB-000003,Gutenberg,Barcelona,080193,Barcelonès,Passatge,Gutenberg,7,08001,Sense categoritzar,170,85,A08433989,"APARTAMENTOS GUTENBERG, SA",apartament_turistic,False,45,,,solo_registre,,,,False,municipio
ATB-000004,Montserrat,Sitges,082704,Garraf,Carrer,Antoni Gaudí,11,08870,Sense categoritzar,12,6,,,apartament_turistic,True,,,,solo_registre,,,,False,municipio
ATB-000005,Silver,Barcelona,080193,Barcelonès,Carrer,Breton de los Herreros,26,08012,Sense categoritzar,98,49,A08139859,"PROYECTOS E INMUEBLES, S. A",apartament_turistic,False,14,,,solo_registre,,,,False,municipio
ATB-000006,Castellmar,Castelldefels,080569,Baix Llobregat,Passeig,Marítim,156,08860,Sense categoritzar,22,10,B61933511,"MARFINA APARTAMENTOS, SL",apartament_turistic,False,471,,,solo_registre,,,,False,municipio
ATB-000007,Marfina,Castelldefels,080569,Baix Llobregat,Passeig,Marítim,165,08860,Sense categoritzar,47,22,B61933511,"MARFINA APARTAMENTOS, SL",apartament_turistic,False,471,,,solo_registre,,,,False,municipio
ATB-000008,Porta Coeli,Castelldefels,080569,Baix Llobregat,Carrer,Tretze,18,08860,Sense categoritzar,34,15,B61933511,"MARFINA APARTAMENTOS, SL",apartament_turistic,False,471,,,solo_registre,,,,False,municipio
ATB-000009,SENATOR BARCELONA APARTMENTS,Barcelona,080193,Barcelonès,Via,Augusta,167,08021,Sense categoritzar,36,18,A08900334,APARTHOTEL SENATOR SA,apartament_turistic,False,71,,,solo_registre,,,,False,municipio
ATB-000010,Marítim,Castelldefels,080569,Baix Llobregat,Passeig,Marítim,255,08860,Sense categoritzar,52,20,B58323106,"CASELLSOL, SL",apartament_turistic,False,327,,,solo_registre,,,,False,municipio
ATB-000012,Velor,Castelldefels,080569,Baix Llobregat,Passeig,Espanya,47,08860,Sense categoritzar,80,32,B64471253,"CITYTRIP BARCELONA, SL",apartament_turistic,False,642,,,solo_registre,,,,False,municipio
ATB-000013,Amapola,Sitges,082704,Garraf,Carrer,Poeta Trinitat Catasus,7,08870,Sense categoritzar,48,24,B08370827,SUNWAY SL,apartament_turistic,False,211,,,solo_registre,,,,False,municipio
ATB-000014,San Jorge,Sitges,082704,Garraf,Carrer,Mossèn Llopis Pi,63-65,08870,Sense categoritzar,64,26,B08370827,SUNWAY SL,apartament_turistic,False,211,,,solo_registre,,,,False,municipio
ATB-000015,Apollo,Sitges,082704,Garraf,Carrer,Verge de Montserrat,32,08870,Sense categoritzar,60,30,B08370827,SUNWAY SL,apartament_turistic,False,211,,,solo_registre,,,,False,municipio
ATB-000016,Atlanta,Sitges,082704,Garraf,Carrer,Anselm Clavé,25,08870,Sense categoritzar,60,30,B08370827,SUNWAY SL,apartament_turistic,False,211,,,solo_registre,,,,False,municipio
ATB-000017,Arizona,Sitges,082704,Garraf,Carrer,Illa Cristina,3,08870,Sense categoritzar,48,12,B08370827,SUNWAY SL,apartament_turistic,False,211,,,solo_registre,,,,False,municipio
ATB-000018,Tara,Sitges,082704,Garraf,Carrer,Francesc Armengol,31,08870,Sense categoritzar,30,12,B08370827,SUNWAY SL,apartament_turistic,False,211,,,solo_registre,,,,False,municipio
ATB-000019,Atenea Park I,Vilanova i la Geltrú,083073,Garraf,Carrer,Juan Sebastian Elcano,4-10,08800,Sense categoritzar,76,38,B63015143,"SANOIMELS, S.L",apartament_turistic,False,551,,,solo_registre,,,,False,municipio
ATB-000020,Atenea Park II,Vilanova i la Geltrú,083073,Garraf,Carrer,Pere IV,35-39,08800,Sense categoritzar,80,40,B63015143,"SANOIMELS, S.L",apartament_turistic,False,551,,,solo_registre,,,,False,municipio
ATB-000021,Atenea Park III,Vilanova i la Geltrú,083073,Garraf,Carrer,Pere IV,31,08800,Sense categoritzar,46,23,B63015143,"SANOIMELS, S.L",apartament_turistic,False,551,,,solo_registre,,,,False,municipio
ATB-000022,La Falda del Montseny,Campins,080399,Vallès Oriental,Carretera,Sant Celoni-Santa Fe,"KM 5,3",08472,Sense categoritzar,20,10,B59794040,"LA FALDA DEL MONTSENY, SL",apartament_turistic,False,369,,,solo_registre,,,,False,municipio
ATB-000026,Ginosi,Castelldefels,080569,Baix Llobregat,Carrer,Doctor Ferran,5,08860,Sense categoritzar,30,15,B66413923,"GINOSI APARTELS SPAIN, SLU",apartament_turistic,False,812,,,solo_registre,,,,False,municipio
ATB-000027,Cal Jepa,Olèrdola,081458,Alt Penedès,Carrer,Manuel Crespo,33,08799,Sense categoritzar,12,5,J60648482,LES PIQUES SCP,apartament_turistic,False,999,,,solo_registre,,,,False,municipio
ATB-000028,Royal Marina Gardens I,Castelldefels,080569,Baix Llobregat,Passeig,Marina,40,08860,Sense categoritzar,36,17,B63218473,"ROYAL MARINA GARDENS 40, SL",apartament_turistic,False,572,,,solo_registre,,,,False,municipio
ATB-000029,Royal Marina Gardens II,Castelldefels,080569,Baix Llobregat,Carrer,Divuit,15,08860,Sense categoritzar,36,17,B63218473,"ROYAL MARINA GARDENS 40, SL",apartament_turistic,False,572,,,solo_registre,,,,False,municipio
ATB-000030,APARTAMENTS TURISTICS MASD MEDITERRANEO,Castelldefels,080569,Baix Llobregat,Carrer,DISSET,3,08860,Sense categoritzar,48,17,B63912596,MASD ENTERTAINING SL,apartament_turistic,False,615,,,solo_registre,,,,False,municipio
ATB-000031,Caru,Castelldefels,080569,Baix Llobregat,Carrer,Corunya,26,08860,Sense categoritzar,30,9,B60335387,"BEMIRMA, S.L.",apartament_turistic,False,384,,,solo_registre,,,,False,municipio
ATB-000035,Fernández Adell,Sant Boi de Llobregat,082009,Baix Llobregat,Carrer,Joan Martí,14-16,08830,Sense categoritzar,15,6,B62082151,"FERNANDEZ ADELL, SL",apartament_turistic,False,482,,,solo_registre,,,,False,municipio
ATB-000036,Lam,Torrelles de Llobregat,082896,Baix Llobregat,Avinguda,Dos,s/n,08629,Sense categoritzar,39,13,B60338720,"LAM ORGANIZACION INMOBILIARIA, SL",apartament_turistic,False,385,,,solo_registre,,,,False,municipio
ATB-000037,APARTHOTEL LAS PALMERAS (Antic Cosmopolita),Castelldefels,080569,Baix Llobregat,Passeig,de la Marina,46,08860,Sense categoritzar,34,17,B10565745,"ADG TURISMO, S.L",apartament_turistic,False,239,,,solo_registre,,,,False,municipio
ATB-000038,Casablanca,Calella,080351,Maresme,Avinguda,Valldebanador,13-19,08370,Sense categoritzar,30,15,B60014933,"GESTHOTEL, S.L.",apartament_turistic,False,376,,,solo_registre,,,,False,municipio
ATB-000039,Aragó 44,Castelldefels,080569,Baix Llobregat,Carrer,Aragó,44,08860,Sense categoritzar,16,8,,,apartament_turistic,True,,,,solo_registre,,,,False,municipio
ATB-000041,Bellamar,Malgrat de Mar,081108,Maresme,Carrer,Sant Esteve,20-24,08380,Sense categoritzar,100,50,,,apartament_turistic,True,,,,solo_registre,,,,False,municipio
ATB-000042,MASTER LA RAMBLA,Barcelona,080193,Barcelonès,Carrer,la Rambla,34,08002,Sense categoritzar,69,33,B67552166,ROOMBA RAMBLA SL,apartament_turistic,False,911,,,solo_registre,,,,False,municipio
ATB-000044,Descartes,Barcelona,080193,Barcelonès,Carrer,Descartes,4,08006,Sense categoritzar,30,15,B61456166,"INVERSIONES MOB. E INMOBILIARIAS, S.L.",apartament_turistic,False,437,,,solo_registre,,,,False,municipio
ATB-000049,Villa Sagrada,Barcelona,080193,Barcelonès,Passatge,Vilaret,13,08013,Sense categoritzar,18,9,B64303373,"VILLA SAGRADA, SL",apartament_turistic,False,636,,,solo_registre,,,,False,municipio
ATB-000051,Abarco,Santa Coloma de Gramenet,082457,Barcelonès,Avinguda,Pallaresa,66,08921,Sense categoritzar,30,15,B58652090,BONANOVA APARTHOTEL S.L.,apartament_turistic,False,341,,,solo_registre,,,,False,municipio
ATB-000052,DENIS PLAYA,Castelldefels,080569,Baix Llobregat,Carrer,de l Estrella de Mar,1,08860,Sense categoritzar,28,14,B66497009,MIHER 15 SL,apartament_turistic,False,822,,,solo_registre,,,,False,municipio
ATB-000053,DORAMAR - Apartament 2,Castelldefels,080569,Baix Llobregat,Carrer,de l Estrella de Mar,1,08860,Sense categoritzar,28,14,B66497009,MIHER 15 SL,apartament_turistic,False,822,,,solo_registre,,,,False,municipio
ATB-000056,Marsol,Castelldefels,080569,Baix Llobregat,Avinguda,Castelldefels,112,08860,Sense categoritzar,70,29,B62398540,"CASTELLDEFELS 2000, SL",apartament_turistic,False,504,,,solo_registre,,,,False,municipio
ATB-000062,Tibidabo Apartments,Barcelona,080193,Barcelonès,Carrer,Jericó,20,08035,Sense categoritzar,14,4,B12851747,"CAD GISPERT, S.L.",apartament_turistic,False,245,,,solo_registre,,,,False,municipio
ATB-000072,Apartaments Turistics,Pineda de Mar,081635,Maresme,Carrer,Josep Maria de Sagarra,44-46,08397,Sense categoritzar,116,48,B66240577,"FERGUSPIN, SL",apartament_turistic,False,792,,,solo_registre,,,,False,municipio
ATB-000073,Playafels,Castelldefels,080569,Baix Llobregat,Carrer,Ribera de Sant Pere,16,08860,Sense categoritzar,28,14,A08193732,"RANCHO HOTEL, S.A.",apartament_turistic,False,16,,,solo_registre,,,,False,municipio
ATB-000074,El Petit Palauet,Canet de Mar,080403,Maresme,Carrer,Santisima Trinidad,20,08360,Sense categoritzar,10,5,,,apartament_turistic,True,,,,solo_registre,,,,False,municipio
ATB-000075,Mar Blau,Calella,080351,Maresme,Carrer,Riera Capaspre,75,08370,Sense categoritzar,94,47,A08831869,"APARTAMENTS MAR BLAU, SA",apartament_turistic,False,65,,,solo_registre,,,,False,municipio
ATB-000077,Aurapark Sud,"Hospitalet de Llobregat, l'",081017,Barcelonès,Avinguda,Fabregada,56,08901,Sense categoritzar,170,58,B65421182,"EL CARRILET DE L'HOSPITALET, SL",apartament_turistic,False,701,,,solo_registre,,,,False,municipio
ATB-000080,Grus Apartments,"Masnou, el",081189,Maresme,Carrer,Josep Anselm Clavé,13,08320,Sense categoritzar,20,8,B59752386,Grus watch sl,apartament_turistic,False,366,,,solo_registre,,,,False,municipio
ATB-000081,Ona Living Barcelona,"Hospitalet de Llobregat, l'",081017,Barcelonès,Carrer,Castelao,206,08902,Sense categoritzar,42,21,B61502035,CLUBOTEL LA DORADA SL,apartament_turistic,False,441,,,solo_registre,,,,False,municipio
ATB-000082,SG Costa BCN,Castelldefels,080569,Baix Llobregat,Passeig,Marina,116,08860,Sense categoritzar,124,53,B62991526,SANTIVERI TURISME S.L.,apartament_turistic,False,549,,,solo_registre,,,,False,municipio
ATB-000083,DV Apartamentos,Barcelona,080193,Barcelonès,Carrer,Torns,3,08028,Sense categoritzar,36,18,B60470408,"DIVUIT, SL",apartament_turistic,False,393,,,solo_registre,,,,False,municipio
ATB-000085,El Bosquet Apartaments,Sant Cugat del Vallès,082055,Vallès Occidental,Passeig,Nard,19 Bis,08197,Sense categoritzar,5,2,,,apartament_turistic,True,,,,solo_registre,,,,False,municipio
ATB-000086,Midtown Apartments,Barcelona,080193,Barcelonès,Carrer,Casp,35,08010,Sense categoritzar,100,30,B08303836,PEROMOINVER SLU,apartament_turistic,False,209,,,solo_registre,,,,False,municipio
ATB-000088,Apartamentos Turisticos,Barcelona,080193,Barcelonès,Carrer,Antic de Bofarull,11-15,08026,Sense categoritzar,18,9,B87236188,PAIMAC Investments SLU,apartament_turistic,False,955,,,solo_registre,,,,False,municipio
ATB-000089,Hostemplo,Barcelona,080193,Barcelonès,Carrer,"Sicilia, 276-280",276-280,08013,Sense categoritzar,20,10,B65444234,"HOSTEMPLO, S.L. c/ SICILIA, 280  BARCELONA",apartament_turistic,False,703,,,solo_registre,,,,False,municipio
ATB-000090,Passeig Marina,Castelldefels,080569,Baix Llobregat,Passeig,Marina,110,08860,Sense categoritzar,34,17,B66582677,"ESSENCE PATRIMONIOS, SL",apartament_turistic,False,830,,,solo_registre,,,,False,municipio
ATB-000091,Kare No Art Studios,Sitges,082704,Garraf,Carrer,Nou,6,08870,Sense categoritzar,14,7,B66252347,XAPINES LUXURY RESIDENCES SL,apartament_turistic,False,793,,,solo_registre,,,,False,municipio
ATB-000093,Bellavista-Can Fisa,Corbera de Llobregat,080728,Baix Llobregat,Carrer,Bellavista,6,08757,Sense categoritzar,54,24,B60431533,FITEL S.L.,apartament_turistic,False,390,,,solo_registre,,,,False,municipio
ATB-000156,Apartaments turístics Angel Guimerà 94,"Hospitalet de Llobregat, l'",081017,Barcelonès,Carrer,Àngel Guimerà,94,08902,Sense categoritzar,17,7,B61841615,INMOBILIARIA LLONLLUIS SL,apartament_turistic,False,465,,,solo_registre,,,,False,municipio
ATB-000163,FERIAPISO APARTMENTS,"Hospitalet de Llobregat, l'",081017,Barcelonès,Carrer,d' Amadeu Vives,42,08906,Sense categoritzar,10,3,B62057948,"METROCUADRADO INVERSORES ASOCIADOS, S.L.",apartament_turistic,False,479,,,solo_registre,,,,False,municipio
ATB-000167,APARTAMENTS COMFORT CALELLA,Calella,080351,Maresme,Carrer,de Narcís Monturiol,90,08370,Sense categoritzar,54,27,B17890153,"LIDERSTARS, S.L.",apartament_turistic,False,266,,,solo_registre,,,,False,municipio
ATB-000170,Apartaments Checkin Beatrix,Pineda de Mar,081635,Maresme,Carrer,de les Arpelles,15,08397,Sense categoritzar,64,32,B66458191,CHECKIN PINEDA S.L.,apartament_turistic,False,817,,,solo_registre,,,,False,municipio
ATB-000172,Pis a L'Ametlla de Merola,Puig-reig,081751,Berguedà,Carrer,Vell,11,08672,Sense categoritzar,6,3,,,apartament_turistic,True,,,,solo_registre,,,,False,municipio
ATB-000178,CASTELL BEACH,Castelldefels,080569,Baix Llobregat,Avinguda,de Castelldefels,191,08860,Sense categoritzar,63,26,B42915256,"SARFELS 2020,S.L.",apartament_turistic,False,287,,,solo_registre,,,,False,municipio
ATB-000181,PROGRES 56,Badalona,080155,Barcelonès,Carrer,PROGRES,56,08912,Sense categoritzar,16,7,,,apartament_turistic,True,,,,solo_registre,,,,False,municipio
ATB-000182,BADANSELM RENT,Badalona,080155,Barcelonès,Carrer,d' Anselm Clavé,16,08912,Sense categoritzar,18,6,B67053124,ANSELMUSEO S.L.,apartament_turistic,False,877,,,solo_registre,,,,False,municipio
ATB-000183,MARQUES DE MONTROIG 1,Badalona,080155,Barcelonès,Avinguda,del Marquès de Mont-roig,1,08912,Sense categoritzar,14,4,,,apartament_turistic,True,,,,solo_registre,,,,False,municipio
ATB-000184,MUSEO APARTAMENT RENT,Badalona,080155,Barcelonès,Carrer,MUSEO,23,08912,Sense categoritzar,18,6,B67053124,ANSELMUSEO S.L.,apartament_turistic,False,877,,,solo_registre,,,,False,municipio
ATB-000185,Sense especificar,Mataró,081213,Maresme,Baixada,de les Figueretes,5,08301,Sense categoritzar,4,2,,,apartament_turistic,True,,,,solo_registre,,,,False,municipio
ATB-000189,BADAMAR HOUSE,Badalona,080155,Barcelonès,Carrer,de l' Olivera de Sistrells,37,08917,Sense categoritzar,9,3,,,apartament_turistic,True,,,,solo_registre,,,,False,municipio
ATB-000196,Villa Muniente,Badalona,080155,Barcelonès,Carrer,de Cadaqués,27,08916,Sense categoritzar,4,2,,,apartament_turistic,True,,,,solo_registre,,,,False,municipio
ATB-000204,MADRE MÍA! BARCELONA APARTAMENTOS,"Hospitalet de Llobregat, l'",081017,Barcelonès,Carrer,de Mas,156,08904,Sense categoritzar,11,3,B66697525,LAMBERT REAL ESTATE SL,apartament_turistic,False,848,,,solo_registre,,,,False,municipio
ATB-000211,Llicència turística,Badalona,080155,Barcelonès,Carrer,Pi i Gibert,56,08913,Sense categoritzar,8,4,,,apartament_turistic,True,,,,solo_registre,,,,False,municipio
ATB-000222,APARTAMENTS VORALMAR,Caldes d'Estrac,080327,Maresme,Carrer,del Remei,2,08393,Sense categoritzar,20,6,,,apartament_turistic,True,,,,solo_registre,,,,False,municipio
ATB-000223,ART APARTMENTS,Castelldefels,080569,Baix Llobregat,Avinguda,"de la Constitució (cantonada del carrer Doctor Ferran, 1)",164,08860,Sense categoritzar,60,28,B63196570,TOTRIBA S.L,apartament_turistic,False,570,,,solo_registre,,,,False,municipio
ATB-000233,ROSA DE ABRIL,Teià,082819,Maresme,Carrer,de la Camèlia,19,08329,Sense categoritzar,30,11,B67111856,"ABEL ABRIL, SL",apartament_turistic,False,883,,,solo_registre,,,,False,municipio
ATB-000234,Rosich 15,"Hospitalet de Llobregat, l'",081017,Barcelonès,Carrer,de Rosich,15,08904,Sense categoritzar,20,6,B81108805,Epómenes SL,apartament_turistic,False,938,,,solo_registre,,,,False,municipio
ATB-000237,BALISSE,Castelldefels,080569,Baix Llobregat,Passeig,Marítim,197,08860,Sense categoritzar,22,11,A59151803,"INMOBILIARIA PAMIL, S.A.",apartament_turistic,False,145,,,solo_registre,,,,False,municipio
ATB-000239,8 LACUS,"Hospitalet de Llobregat, l'",081017,Barcelonès,Carrer,Reverter,10,08903,Sense categoritzar,17,8,B02902278,REVERTER TURISMO S.L,apartament_turistic,False,188,,,solo_registre,,,,False,municipio
ATB-000242,Les Begues Apartments,Begues,080207,Baix Llobregat,Carrer,Indústria,19,08859,Sense categoritzar,22,11,B64471253,"CITYTRIP BARCELONA, SL",apartament_turistic,False,642,,,solo_registre,,,,False,municipio
ATB-000256,WEFLATING FIRA,"Hospitalet de Llobregat, l'",081017,Barcelonès,Carrer,de Miquel Romeu,43,08901,Sense categoritzar,20,10,B64848203,AVALOOM ASESORIA E INVERSIONES S.L.,apartament_turistic,False,662,,,solo_registre,,,,False,municipio
ATB-000260,BAMBLUE BOUTIQUE APARTMENTS,Pineda de Mar,081635,Maresme,Rambla,Catalunya,40,08397,Sense categoritzar,154,49,A08335135,HOTELES TURISTICOS SA,apartament_turistic,False,37,,,solo_registre,,,,False,municipio
ATB-000268,APARTAMENTS TURISTICS,"Hospitalet de Llobregat, l'",081017,Barcelonès,Avinguda,DR. MARTI JULIA,101,08903,Sense categoritzar,18,9,B67201863,DIEGUEZ ORRIT S.L,apartament_turistic,False,890,,,solo_registre,,,,False,municipio
ATB-000274,APARTACO APARTAMENTOS,Sitges,082704,Garraf,Carrer,d'en Tacó,6,08870,Sense categoritzar,6,3,,,apartament_turistic,True,,,,solo_registre,,,,False,municipio
ATB-000275,Topdown Apartments,"Hospitalet de Llobregat, l'",081017,Barcelonès,Carrer,Enric Morera,30,08902,Sense categoritzar,10,5,B63502652,NOVITA INVERSIONS SL,apartament_turistic,False,585,,,solo_registre,,,,False,municipio
ATB-000276,MONTURIOL APARTAMENTS,Barcelona,080193,Barcelonès,Carrer,de Monturiol,23,08018,Sense categoritzar,18,9,B65373466,SORT BWOK S.L.,apartament_turistic,False,697,,,solo_registre,,,,False,municipio
ATB-000277,APARTAMENTOS TURÍSTICOS - EDIFICIO MANHATTAN,Sitges,082704,Garraf,Carrer,d' Àngel Vidal,18,08870,Sense categoritzar,8,3,B59377747,"EDIFICIO MANHATTAN, SL",apartament_turistic,False,358,,,solo_registre,,,,False,municipio
ATB-000280,Fira Building,"Hospitalet de Llobregat, l'",081017,Barcelonès,Passatge,Miner,18,08901,Sense categoritzar,7,3,B67607119,SADET LLAVANERES S.L.,apartament_turistic,False,919,,,solo_registre,,,,False,municipio
ATB-000281,EL NIU,"Hospitalet de Llobregat, l'",081017,Barcelonès,Carrer,de Llançà,32,08904,Sense categoritzar,11,4,,,apartament_turistic,True,,,,solo_registre,,,,False,municipio
ATB-000286,EUROPA BARCELONA APARTMENT,"Hospitalet de Llobregat, l'",081017,Barcelonès,Carrer,del Prat de la Manta,55,08902,4 claus,65,16,B67528489,PRAT DE LA MANTA 55 SLU,apartament_turistic,False,909,,,solo_registre,,,,False,municipio
ATB-000287,FELS APARTMENTS,Castelldefels,080569,Baix Llobregat,Passeig,de la Tramuntana,125,08860,Sense categoritzar,107,28,B65690794,PROMOTORA MERCAL 2011 SL,apartament_turistic,False,719,,,solo_registre,,,,False,municipio
ATB-000288,AT Dalt Badalona,Badalona,080155,Barcelonès,Carrer,BARCELONA,30-32,08911,Sense categoritzar,19,6,B66549064,PELEVEN SL,apartament_turistic,False,829,,,solo_registre,,,,False,municipio
ATB-000289,PENSI,"Hospitalet de Llobregat, l'",081017,Barcelonès,Carrer,TRANSVERSAL,19,08902,Sense categoritzar,24,7,B43656164,INVERSIONES INMOBILIARIAS MOLLET S.L.,apartament_turistic,False,291,,,solo_registre,,,,False,municipio
ATB-000291,CAN TIRANASI,Badalona,080155,Barcelonès,Carrer,de Sant Sebastià,12,08911,Sense categoritzar,29,6,,,apartament_turistic,True,,,,solo_registre,,,,False,municipio
ATB-000292,WOLF HOUSE,"Hospitalet de Llobregat, l'",081017,Barcelonès,Carrer,de Font,60,08905,Sense categoritzar,19,8,B09741471,WOLF HOUSE CAPITAL SL,apartament_turistic,False,234,,,solo_registre,,,,False,municipio
ATB-000294,EDIFICI DAPARTAMENTS TURÍSTICS,"Hospitalet de Llobregat, l'",081017,Barcelonès,Carrer,Albéniz,12,08906,Sense categoritzar,19,8,B63666887,STAY U-NIQUE S.L.,apartament_turistic,False,600,,,solo_registre,,,,False,municipio
ATB-000303,APARTAMENTS TURISTICS VILA BADALONA,Badalona,080155,Barcelonès,Carrer,Barcelona,2,08911,Sense categoritzar,19,6,B66549064,PELEVEN SL,apartament_turistic,False,829,,,solo_registre,,,,False,municipio
ATB-000304,ARIQUS FIRA APARTMENTS,"Hospitalet de Llobregat, l'",081017,Barcelonès,Carrer,Modern,70,08902,Sense categoritzar,20,10,B66866153,"ARIQUS EXPERIENCE, S.L.",apartament_turistic,False,864,,,solo_registre,,,,False,municipio
ATB-000305,APARTAMENTS TURISTICS,Sitges,082704,Garraf,Carrer,de Sant Bartomeu,26,08870,Sense categoritzar,17,11,B66424987,GC REAL ESTATE SL,apartament_turistic,False,814,,,solo_registre,,,,False,municipio
ATB-000310,BRABO APARTMENTS,"Hospitalet de Llobregat, l'",081017,Barcelonès,Carrer,Comerç,69,08902,Sense categoritzar,46,12,B67065466,PETRICOR 67 S.L.,apartament_turistic,False,879,,,solo_registre,,,,False,municipio
ATB-000311,Topdown Barcelona,"Hospitalet de Llobregat, l'",081017,Barcelonès,Carrer,Modern,50,08902,Sense categoritzar,13,5,B63502652,NOVITA INVERSIONS SL,apartament_turistic,False,585,,,solo_registre,,,,False,municipio
ATB-000313,APARTAMENTS TURISTICS,"Hospitalet de Llobregat, l'",081017,Barcelonès,Carrer,Mare de Déu dels Desemparats,32,08903,Sense categoritzar,19,8,B66823899,"R Y ADLER PROMOCIONES, S.L.",apartament_turistic,False,861,,,solo_registre,,,,False,municipio
ATCC-000003,Ca L'Americano,"Llacuna, la",081043,Anoia,Carrer,Vilademeger,s/n,08779,Sense categoritzar,21,9,,,apartament_turistic,True,,,,solo_registre,,,,False,municipio
ATCC-000004,Can Vilafort,Collsuspina,080706,Moianès,Carrer,Major,33,08178,Sense categoritzar,20,7,B64747652,"CAN XARINA, SL",apartament_turistic,False,659,,,solo_registre,,,,False,municipio
ATCC-000005,Nord,Capellades,080446,Anoia,Passeig,Miquel i Mas,21,08786,Sense categoritzar,12,6,,,apartament_turistic,True,,,,solo_registre,,,,False,municipio
ATCC-000008,Els Cingles,Tavertet,082802,Osona,Carrer,Jaume Balmes,47-49,08511,Sense categoritzar,13,3,J63427777,"NATURLLEURE, SCP",apartament_turistic,False,1009,,,solo_registre,,,,False,municipio
ATCC-000011,Tilopi,Roda de Ter,081831,Osona,Carrer,Tecla Sala,18,08510,Sense categoritzar,30,6,B62950308,"ACTIVITATS TURISTIQUES D'OSONA, SL",apartament_turistic,False,545,,,solo_registre,,,,False,municipio
ATCC-000013,Ca l'Estamenya,Perafita,081607,Lluçanès,Plaça,Major,9,08589,Sense categoritzar,19,5,B64690274,"AGROBOTIGA I APARTAMENTS TURÍSTICS LLUÇANÈS, S.L.",apartament_turistic,False,656,,,solo_registre,,,,False,municipio
ATCC-000014,Casanova de Pere Riera,Muntanyola,081290,Osona,Cases,Nova de Pere Riera,s/n,08529,Sense categoritzar,4,2,B64948359,CASANOVA RURAL SL,apartament_turistic,False,666,,,solo_registre,,,,False,municipio
ATCC-000016,Ca l'Alzina,Perafita,081607,Lluçanès,Plaça,Major,3 Bis,08589,Sense categoritzar,8,2,,,apartament_turistic,True,,,,solo_registre,,,,False,municipio
ATCC-000018,Casa Cal Xaro,"Pobla de Claramunt, la",081653,Anoia,Avinguda,Font del Vinço,1,08787,Sense categoritzar,11,1,,,apartament_turistic,True,,,,solo_registre,,,,False,municipio
ATCC-000020,Can Pistola,Borredà,080240,Berguedà,Carrer,Placeta,1,08619,Sense categoritzar,6,3,,,apartament_turistic,True,,,,solo_registre,,,,False,municipio
ATCC-000025,Can Nogué,Tavertet,082802,Osona,Carrer,del Castell,5,08511,Sense categoritzar,4,1,B02791895,Miquel Pons 2021 s.l,apartament_turistic,False,183,,,solo_registre,,,,False,municipio
ATCC-000026,L'Alzina,Tavertet,082802,Osona,Carrer,Jaume Balmes,28,08511,Sense categoritzar,7,3,,,apartament_turistic,True,,,,solo_registre,,,,False,municipio
ATCC-000027,Cel.les Abat Marcet,Monistrol de Montserrat,081271,Bages,Carrer,Monestir de Montserrat,s/n,08199,Sense categoritzar,236,79,A28059483,"L¿Agrícola Regional, S.A (L¿ARSA)",apartament_turistic,False,81,,,solo_registre,,,,False,municipio
ATCC-000173,APARTAMENT AVELINA,Gironella,080924,Berguedà,Carrer,d' Anselm Clavé,9,08680,Sense categoritzar,6,3,,,apartament_turistic,True,,,,solo_registre,,,,False,municipio
ATCC-000218,Agulles de Montserrat,Monistrol de Montserrat,081271,Bages,Carrer,de les Guilleumes,1,08691,Sense categoritzar,8,4,B67373779,"Apartaments Agulles de Montserrat, SL",apartament_turistic,False,901,,,solo_registre,,,,False,municipio
ATCC-000224,CA LA RAMONA,Castellbell i el Vilar,080538,Bages,Barri,Sant Cristòfol,s/n,08296,Sense categoritzar,8,4,E56983042,BATORT CB,apartament_turistic,False,965,,,solo_registre,,,,False,municipio
ATCC-000267,APARTAMENTOS EN MANRESA,Manresa,081136,Bages,Carrer,Casanova,5,08241,Sense categoritzar,13,4,B66734609,PR58 SERVEIS GLOBALS SL,apartament_turistic,False,852,,,solo_registre,,,,False,municipio
ATCC-000282,Holidays Domus Papokkio,Igualada,081022,Anoia,Carrer,de Sant Roc,19,08700,Sense categoritzar,9,4,,,apartament_turistic,True,,,,solo_registre,,,,False,municipio
ATCC-000316,SOCIETAT D'INVERSIO MONROS ARCONADA SL,Manresa,081136,Bages,Carrer,Major 85- Carrer Flor de Lis,1-3,08242,Sense categoritzar,6,3,B58253477,SOCIETAT D'INVERSIO MONROS ARCONADA SL,apartament_turistic,False,324,,,solo_registre,,,,False,municipio
HB-000002,Suizo,Barcelona,080193,Barcelonès,Plaça,Del Ángel,12,08002,3 estrelles,99,50,B08857237,"SUIZO HOTEL, SL",hotel,False,229,41.38381826558655,2.17832017276016,codigo_registro,,,,False,coordenada
HB-000005,Hostal Abrevadero,Barcelona,080193,Barcelonès,Carrer,Vila i Vilà,79,08004,No aplica,45,25,B61031100,"VIDAMA SERVEIS INMOBILIARIS, SL",hotel,False,414,,,solo_registre,,,,False,municipio
HB-000006,Hostal Valls,Barcelona,080193,Barcelonès,Carrer,Laforja,82,08021,No aplica,17,9,,,hotel,True,,,,solo_registre,,,,False,municipio
HB-000011,HOTEL FORNOS,Barcelona,080193,Barcelonès,Carrer,COLON,2,08002,2 estrelles,47,29,B72979404,SALOMON 1965 HOSPITALITY HOLDING S.L.,hotel,False,932,41.37959188566095,2.1749199534758232,codigo_registro,,,,False,coordenada
HB-000012,Granvía,Barcelona,080193,Barcelonès,Carrer,Gran Via Corts Catalanes,642,08007,3 estrelles,105,58,B08236127,"Josel, SLU",hotel,False,205,41.390050036549404,2.169525637778747,codigo_registro,,,,False,coordenada
HB-000016,Avenida Palace,Barcelona,080193,Barcelonès,Carrer,Gran Via Corts Catalanes,605,08007,4 estrelles,274,150,B63036834,"INDUSTRIAL HOTELERA HERGAS, S.L.",hotel,False,556,41.3890669628778,2.1673600825599415,codigo_registro,,,,False,coordenada
HB-000017,Astoria,Barcelona,080193,Barcelonès,Carrer,París,203,08036,3 estrelles,205,117,A08089005,HOTEL ASTORIA S.A.,hotel,False,8,41.39400038288808,2.153522866045725,codigo_registro,,,,False,coordenada
HB-000018,Regina,Barcelona,080193,Barcelonès,Carrer,Bergara,2-4,08002,4 estrelles,176,99,A08307563,"REGINA HOTEL, S.A.",hotel,False,35,41.38596221474435,2.1679174068507456,codigo_registro,,,,False,coordenada
HB-000019,Hostal París,Barcelona,080193,Barcelonès,Carrer,Cardenal Casañas,4,08002,No aplica,68,41,G60603354,"HITA Y GUTIERREZ, SCP",hotel,False,985,,,solo_registre,,,,False,municipio
HB-000022,Autohogar,Barcelona,080193,Barcelonès,Avinguda,Paral·lel,64,08001,3 estrelles,276,152,A08052441,"CAFES ESPAÑOL OLIMIPA, S.A.",hotel,False,7,41.37518687076357,2.1694087331015335,codigo_registro,,,,False,coordenada
HB-000023,Regencia Colón,Barcelona,080193,Barcelonès,Carrer,Sagristans,13-17,08002,3 estrelles,95,50,A08010043,Hotel Colón SA,hotel,False,5,41.3853321424925,2.175631560214969,codigo_registro,,,,False,coordenada
HB-000025,Lloret,Barcelona,080193,Barcelonès,Carrer,Rambla,125,08002,1 estrella,98,56,,,hotel,True,,41.384856019140464,2.170219188630123,codigo_registro,,,,False,coordenada
HB-000026,Rialto,Barcelona,080193,Barcelonès,Carrer,Ferran,42,08002,3 estrelles,370,205,B08838930,"RIALTOHOTEL,S.L.",hotel,False,225,41.38211239514697,2.1764859594212753,codigo_registro,,,,False,coordenada
HB-000030,San Agustín,Barcelona,080193,Barcelonès,Plaça,Sant Agustí,3,08001,3 estrelles,146,77,B08165938,HOTEL SAN AGUSTIN SL,hotel,False,200,41.380539374216234,2.1716098075677057,codigo_registro,,,,False,coordenada
HB-000033,Hostal Operaramblas,Barcelona,080193,Barcelonès,Carrer,Sant Pau,20,08001,No aplica,116,68,J61536157,"M. HERRERO, SCP",hotel,False,1003,,,solo_registre,,,,False,municipio
HB-000034,Inglés,Barcelona,080193,Barcelonès,Carrer,Boqueria,17,08002,1 estrella,44,28,B08854978,"HOTEL INGLES, SL",hotel,False,227,41.38149751809368,2.1739836073152587,codigo_registro,,,,False,coordenada
HB-000035,INTERNACIONAL RAMBLAS ATIRAM HOTEL,Barcelona,080193,Barcelonès,Carrer,la Rambla,78,08002,1 estrella,92,60,B66692401,INVERSIONS FACTORY EXPRESS SL HOTEL INTERNACIONAL,hotel,False,847,41.3811241297046,2.1735930187947985,codigo_registro,,,,False,coordenada
HB-000036,Jardí,Barcelona,080193,Barcelonès,Plaça,Sant Josep Oriol,1,08002,No aplica,65,40,A58066390,"SGS 110, SA",hotel,False,92,,,solo_registre,,,,False,municipio
HB-000038,Majestic,Barcelona,080193,Barcelonès,Passeig,Gràcia,68,08008,Gran luxe,531,274,B65497414,"MAJESTIC HOTEL SPA, S.L.",hotel,False,708,41.393493406025115,2.1638241954906543,codigo_registro,,,,False,coordenada
HB-000039,Le Meridien Barcelona,Barcelona,080193,Barcelonès,Carrer,Rambla,111,08001,Gran luxe,466,233,B60368404,BARVIE BARCELONA S.L.,hotel,False,387,41.3839066821341,2.1709265519982144,codigo_registro,,,,False,coordenada
HB-000041,Moderno,Barcelona,080193,Barcelonès,Carrer,Hospital,11,08001,3 estrelles,86,49,B08854960,"HOTEL MODERNO, S.L",hotel,False,226,41.3810692133775,2.172720867502443,codigo_registro,,,,False,coordenada
HB-000042,Mesón de Castilla Atiram Hotel,Barcelona,080193,Barcelonès,Carrer,Valldonzella,5,08001,2 estrelles,90,57,A58346370,LLOGAS S.A.,hotel,False,109,41.38473901311326,2.1665352954464194,codigo_registro,,,,False,coordenada
HB-000043,Montecarlo,Barcelona,080193,Barcelonès,Carrer,Rambla,124,08002,4 estrelles,96,51,B08486342,"HOTEL MONTECARLO BARCELONA RAMBLA, SL",hotel,False,214,,,solo_registre,,,,False,municipio
HB-000047,Cataluña,Barcelona,080193,Barcelonès,Carrer,Santa Anna,22-24,08002,2 estrelles,61,40,B08244261,"INTERTUR, SL",hotel,False,206,41.38548562672458,2.1717540683013374,codigo_registro,,,,False,coordenada
HB-000049,COLÓN,Barcelona,080193,Barcelonès,Avinguda,de la Catedral,7,08002,5 estrelles,252,125,A08010043,Hotel Colón SA,hotel,False,5,41.38490946085381,2.1757421345687913,codigo_registro,,,,False,coordenada
HB-000050,Comercio,Barcelona,080193,Barcelonès,Carrer,Escudellers,15,08002,1 estrella,88,51,,,hotel,True,,,,solo_registre,,,,False,municipio
HB-000051,HOTEL CONDAL,Barcelona,080193,Barcelonès,Carrer,Boqueria,23,08002,3 estrelles,92,52,B59775932,"SANOCAR, SL",hotel,False,367,41.38156813651423,2.1742622276082075,codigo_registro,,,,False,coordenada
HB-000053,Continental,Barcelona,080193,Barcelonès,Carrer,Rambla,138,08002,3 estrelles,73,40,A08027963,HOTEL CONTINENTAL S.A.,hotel,False,6,41.38514182378773,2.170638831395403,codigo_registro,,,,True,coordenada
HB-000055,Ibiza,Sitges,082704,Garraf,Carrer,Sant Bartomeu,11,08870,1 estrella,36,20,,,hotel,True,,,,solo_registre,,,,False,municipio
HB-000061,ME SITGES TERRAMAR,Sitges,082704,Garraf,Passeig,Marítim,80,08870,5 estrelles,426,213,B66728692,HOTEL PASEO MARITIMO 80 SL,hotel,False,851,,,solo_registre,,,,False,municipio
HB-000062,Subur,Sitges,082704,Garraf,Passeig,Ribera,s/n,08870,3 estrelles,168,95,B58661463,GRUP MATAS ARNALOT S.L,hotel,False,342,,,solo_registre,,,,False,municipio
HB-000063,Roma Reial,Barcelona,080193,Barcelonès,Plaça,Reial,11,08002,1 estrella,95,52,B60996253,"P TARRASON, SL",hotel,False,412,41.3800844064027,2.17582156576961,codigo_registro,,,,False,coordenada
HB-000064,El Palace,Barcelona,080193,Barcelonès,Carrer,Gran Via Corts Catalanes,668,08010,Gran luxe,244,120,B65696114,"SKIDBLADNIR, S.L",hotel,False,722,41.39159498396441,2.17158164718764,codigo_registro,,,,False,coordenada
HB-000066,Condado,Barcelona,080193,Barcelonès,Carrer,Aribau,201,08021,3 estrelles,146,76,A58140872,"HOCATEL, SA",hotel,False,95,41.39571761482612,2.149499078428965,codigo_registro,,,,False,coordenada
HB-000069,Vincci Mae,Barcelona,080193,Barcelonès,Avinguda,Diagonal,596,08021,4 estrelles,170,85,A82919945,VINCCI HOTELES SA,hotel,False,172,41.39339076062834,2.146037164829496,codigo_registro,,,,False,coordenada
HB-000071,Cuatro Naciones,Barcelona,080193,Barcelonès,Carrer,Rambla,40,08002,2 estrelles,106,54,E64833213,"HERMANOS SAIZ HINAREJOS,C.B.",hotel,False,975,41.37927717941231,2.175171863820001,codigo_registro,,,,False,coordenada
HB-000073,HOTEL ESPAÑA,Barcelona,080193,Barcelonès,Carrer,SANT PAU,9-11,08001,4 estrelles,149,82,B44832079,"OCEAN BARCELONA HOTELES, S.L.",hotel,False,295,41.37998177436281,2.1728476146789286,codigo_registro,,,,False,coordenada
HB-000078,Nouvel,Barcelona,080193,Barcelonès,Carrer,Santa Anna,18-20,08002,3 estrelles,136,78,B58434671,"HECAME EXPLOTACIONES TURÍSTICAS, SL",hotel,False,330,41.38530378088554,2.1715445758064593,codigo_registro,,,,False,coordenada
HB-000080,Oriente Atiram Hotel,Barcelona,080193,Barcelonès,Carrer,Rambla,45-47,08001,3 estrelles,270,142,B66195892,"SLON ZOLTY, S.L.",hotel,False,785,41.37981376393028,2.174220296291638,codigo_registro,,,,False,coordenada
HB-000081,Palermo,Barcelona,080193,Barcelonès,Carrer,Boqueria,21,08002,No aplica,42,27,,,hotel,True,,,,solo_registre,,,,False,municipio
HB-000082,Park Hotel,Barcelona,080193,Barcelonès,Avinguda,Marquès de l'Argentera,11,08003,3 estrelles,157,91,B58082108,HORECA SL,hotel,False,319,41.38425443779292,2.1843724753789293,codigo_registro,,,,False,coordenada
HB-000083,HOSTAL PENSION LOS MARTINEZ SL,Sabadell,081878,Vallès Occidental,Carrer,CAN VILOCA,52,08204,No aplica,15,8,B56931579,HOSTAL PENSION MARTINEZ SOCIEDAD LIMITADA,hotel,False,311,,,solo_registre,,,,False,municipio
HB-000085,Principal,Barcelona,080193,Barcelonès,Carrer,Junta del Comerç,8-12,08001,3 estrelles,174,111,B87230926,"BARDALITO INVESTMENTS, SLU",hotel,False,954,41.38010973790395,2.171172056333984,codigo_registro,,,,False,coordenada
HB-000087,Fontanella Green House,Barcelona,080193,Barcelonès,Via,Laietana,71,08003,No aplica,20,11,B55667364,ALPIS BARCELONA 2015 SOCIEDAD LIMITADA,hotel,False,304,,,solo_registre,,,,False,municipio
HB-000088,Lleó,Barcelona,080193,Barcelonès,Carrer,Pelai,22-26,08001,3 estrelles,175,92,B58929340,HOTEL LLEO SL,hotel,False,349,41.385694938808705,2.166454986668302,codigo_registro,,,,False,coordenada
HB-000089,HOSTAL LEVANTE,Barcelona,080193,Barcelonès,Carrer,Baixada de Sant Miquel,2,08002,No aplica,85,48,J60993532,HOSTAL LEVANTE SCP,hotel,False,1001,,,solo_registre,,,,False,municipio
HB-000090,Layetana,Barcelona,080193,Barcelonès,Plaça,Ramon Berenguer el Gran,2,08002,No aplica,32,20,G62806757,"HOSTAL LAYETANA, SCP",hotel,False,988,,,solo_registre,,,,False,municipio
HB-000094,Hostal Residencia Europa,Barcelona,080193,Barcelonès,Carrer,Boqueria,18,08002,No aplica,75,44,,,hotel,True,,,,solo_registre,,,,False,municipio
HB-000097,Residencia 45,Barcelona,080193,Barcelonès,Carrer,Tallers,45,08001,No aplica,39,20,A07051881,"ESMAGUI, SA",hotel,False,3,,,solo_registre,,,,False,municipio
HB-000098,Via Augusta,Barcelona,080193,Barcelonès,Carrer,Via Augusta,63,08006,2 estrelles,137,87,B58969676,"VIPAMAR, S.L.",hotel,False,350,41.400092633075815,2.1514225517843806,codigo_registro,,,,False,coordenada
HB-000101,California,Barcelona,080193,Barcelonès,Carrer,Rauric,14,08002,3 estrelles,47,29,B60002136,"HOSMOPA, SL",hotel,False,375,41.38099143150901,2.1753216976795398,codigo_registro,,,,False,coordenada
HB-000114,Prisma,Barcelona,080193,Barcelonès,Avinguda,Josep Tarradellas,119-121,08029,2 estrelles,70,48,B31448822,"WHISTESTONE, SL",hotel,False,284,41.389147564538675,2.1429934561998336,codigo_registro,,,,False,coordenada
HB-000127,Capri,Sitges,082704,Garraf,Avinguda,Sofia,13-15,08870,3 estrelles,51,26,B59165597,"HOTELES CAPRI-VERACRUZ, S.L.U",hotel,False,353,,,solo_registre,,,,False,municipio
HB-000144,Playafels,Castelldefels,080569,Baix Llobregat,Lloc,Ribera de Sant Pere,1-9,08860,4 estrelles,70,34,A08193732,"RANCHO HOTEL, S.A.",hotel,False,16,,,solo_registre,,,,False,municipio
HB-000146,Gran Hotel Rey Don Jaime,Castelldefels,080569,Baix Llobregat,Avinguda,Hotel,22,08860,4 estrelles,410,220,B61832069,TURISTVICTOR SL (HOTEL REY DON JAIME),hotel,False,462,,,solo_registre,,,,False,municipio
HB-000157,Hostal Oliva,Barcelona,080193,Barcelonès,Passeig,Gràcia,32,08007,No aplica,26,16,,,hotel,True,,,,solo_registre,,,,False,municipio
HB-000163,Balneari Termas Victoria,Caldes de Montbui,080333,Vallès Oriental,Carrer,Barcelona,12,08140,3 estrelles,141,85,A08667149,"BALNEARI TERMES VICTORIA, S.A",hotel,False,54,,,solo_registre,,,,False,municipio
HB-000164,Balneari Broquetas,Caldes de Montbui,080333,Vallès Oriental,Plaça,Font del Lleó,1,08140,3 estrelles,141,86,A58437724,"HOTEL BB, SA",hotel,False,116,,,solo_registre,,,,False,municipio
HB-000167,Santa Fe,Fogars de Montclús,080811,Vallès Oriental,Carrer,Santa Fe de Montseny,s/n,08470,No aplica,20,10,A50138577,"ARAMERSA, S.A.",hotel,False,87,,,solo_registre,,,,False,municipio
HB-000169,Gran Hotel Balneari Blancafort,"Garriga, la",080885,Vallès Oriental,Carrer,Mina,7,08530,4 estrelles,274,155,B66002189,"BLANCAFORT RESORT, S.L.",hotel,False,754,,,solo_registre,,,,False,municipio
HB-000196,Miramar,Badalona,080155,Barcelonès,Carrer,Santa Madrona,60,08911,3 estrelles,84,48,B62091699,"HOSTELERIA MIRAMAR BADALONA, SL",hotel,False,484,,,solo_registre,,,,False,municipio
HB-000197,Sant Pancraç,Cerdanyola del Vallès,082665,Vallès Occidental,Plaça,Pi-Bellaterra,2,08193,1 estrella,22,12,B61526315,"HOSTAL SANT PANCRAÇ, SL",hotel,False,444,,,solo_registre,,,,False,municipio
HB-000199,Casa Fonda Europa,Granollers,080961,Vallès Oriental,Carrer,Anselm Clavé,1,08400,3 estrelles,72,37,A58770371,"REUVA, SA",hotel,False,131,,,solo_registre,,,,False,municipio
HB-000208,Balmes,Calella,080351,Maresme,Carrer,Balmes,123,08370,3 estrelles,340,176,A58469255,"HOTELES COSTA DEL MARESME, SA",hotel,False,119,,,solo_registre,,,,False,municipio
HB-000221,Malgrat,Malgrat de Mar,081108,Maresme,Carretera,N-II,"KM 674,2",08380,No aplica,45,24,B60231297,"MOTEL MALGRAT, SL",hotel,False,382,,,solo_registre,,,,False,municipio
HB-000222,Husa Sant Bernat,Montseny,081379,Vallès Oriental,Carretera,BV-5301-Finca el Cot,"KM 20,8",08460,3 estrelles,46,23,A08791790,FAIRMONT REY JUAN CARLOS I,hotel,False,59,,,solo_registre,,,,False,municipio
HB-000225,ESPANYA - 30º HOTELS,Calella,080351,Maresme,Carrer,d' Anselm Clavé 80 / Jovara 152-154,-,08370,3 estrelles,143,80,B66599085,"TRANNA MANAGEMENT, S.L",hotel,False,832,,,solo_registre,,,,False,municipio
HB-000241,Antibes,Barcelona,080193,Barcelonès,Carrer,Diputació,394,08013,2 estrelles,137,69,A59084368,"HOTIBES, SA",hotel,False,140,41.39854480962535,2.1780779539887094,codigo_registro,,,,False,coordenada
HB-000245,HOTEL EL CASTELL,Sant Boi de Llobregat,082009,Baix Llobregat,Carrer,EL CASTELL,1,08830,3 estrelles,77,44,B67177642,HOTELS BY NUMBERS SL,hotel,False,888,,,solo_registre,,,,False,municipio
HB-000249,Garbí,Calella,080351,Maresme,Passeig,Roques,3-5,08370,3 estrelles,308,154,B66616962,GARBI MARESME 2015 S.L.,hotel,False,834,,,solo_registre,,,,False,municipio
HB-000250,Hostal Maricel,Sitges,082704,Garraf,Carrer,Tacó,13,08870,No aplica,20,10,,,hotel,True,,,,solo_registre,,,,False,municipio
HB-000253,Celimar,Sitges,082704,Garraf,Passeig,Ribera,20,08870,3 estrelles,32,24,B60633054,"PICELTUR, S.L.",hotel,False,399,,,solo_registre,,,,False,municipio
HB-000258,Medium Sitges Park,Sitges,082704,Garraf,Carrer,Jesús,16,08870,3 estrelles,165,85,B65573362,TRINER LAND SL,hotel,False,710,,,solo_registre,,,,False,municipio
HB-000268,Normandie,Sitges,082704,Garraf,Carrer,Sant Bartomeu,20,08870,1 estrella,17,16,B62559505,"HOTELES PINOCEL, SL",hotel,False,517,,,solo_registre,,,,False,municipio
HB-000273,IBERSOL SORRA D'OR,Malgrat de Mar,081108,Maresme,Passeig,del Llevant,1,08380,2 estrelles,443,254,B16765588,BUDA SORRA SOCIEDAD LIMITADA,hotel,False,252,,,solo_registre,,,,False,municipio
HB-000276,Tròpic Park,Malgrat de Mar,081108,Maresme,Passeig,Marítim,68,08380,4 estrelles,391,204,A08456964,"CARTAGO NOVA, SA",hotel,False,48,,,solo_registre,,,,False,municipio
HB-000279,Bel-Air,Castelldefels,080569,Baix Llobregat,Passeig,Marítim,169,08860,4 estrelles,86,44,B08179608,"SASOTOVI, S.L.",hotel,False,201,,,solo_registre,,,,False,municipio
HB-000280,Carlets,Castelldefels,080569,Baix Llobregat,Avinguda,Banys,11,08860,1 estrella,31,16,,,hotel,True,,,,solo_registre,,,,False,municipio
HB-000283,HOTEL 153,Castelldefels,080569,Baix Llobregat,Passeig,de la Marina,153,08860,3 estrelles,62,32,B63943971,TRAVEL RENTING SL,hotel,False,616,,,solo_registre,,,,False,municipio
HB-000293,Haromar,Calella,080351,Maresme,Passeig,Roques,32,08370,3 estrelles,206,111,A58489238,"HARO E HIJOS, SA",hotel,False,122,,,solo_registre,,,,False,municipio
HB-000296,HOTEL MARITIM,Calella,080351,Maresme,Passeig,LES ROQUES,s/n,08370,4 estrelles,311,162,A08240525,HOSTOMISA SA,hotel,False,25,,,solo_registre,,,,False,municipio
HB-000301,Sant Jordi,Calella,080351,Maresme,Avinguda,Turisme,80-88,08370,5 estrelles,73,37,A08899866,HOTEL SANT JORDI SA,hotel,False,70,,,solo_registre,,,,False,municipio
HB-000310,Neptuno,Calella,080351,Maresme,Carrer,Sant Josep,82-84,08370,3 estrelles,191,100,B58014382,"MALBA, SL",hotel,False,317,,,solo_registre,,,,False,municipio
HB-000312,Arroyo,Castelldefels,080569,Baix Llobregat,Passeig,Marítim,114,08860,2 estrelles,30,15,,,hotel,True,,,,solo_registre,,,,False,municipio
HB-000317,HCC Hotel Taber,Barcelona,080193,Barcelonès,Carrer,Aragó,256,08007,3 estrelles,169,92,B63508691,HCC TABER S.L.,hotel,False,588,41.39066219821351,2.1631307242099997,codigo_registro,,,,False,coordenada
HB-000319,Cortes,Barcelona,080193,Barcelonès,Carrer,Santa Anna,25,08002,2 estrelles,72,44,B08854986,"IMPLEXSEL IBERIA, SL",hotel,False,228,41.385520512782165,2.171666520341029,codigo_registro,,,,False,coordenada
HB-000320,Goya,Barcelona,080193,Barcelonès,Carrer,Pau Claris,74,08010,No aplica,21,12,,,hotel,True,,,,solo_registre,,,,False,municipio
HB-000328,Hostal El Putxet,Barcelona,080193,Barcelonès,Carrer,Ballester,13,08023,No aplica,24,18,B66068362,DDA HOTEL FUND SL,hotel,False,764,41.40589121638933,2.144640409035982,codigo_registro,,,,False,coordenada
HB-000329,Hesperia Barri Gòtic,Barcelona,080193,Barcelonès,Carrer,Ample,31,08002,3 estrelles,115,71,A59114744,HOTELERA METROPOL SA,hotel,False,142,41.38046232752719,2.179928349935375,codigo_registro,,,,False,coordenada
HB-000336,H Top Pineda Palace,Pineda de Mar,081635,Maresme,Passeig,Marítim,9,08397,4 estrelles superior,388,194,B55014104,"H POINT WORLD TOP HOTELS, S.L.",hotel,False,298,,,solo_registre,,,,False,municipio
HB-000338,HOTEL MERCE,Pineda de Mar,081635,Maresme,Carrer,Reverend Antoni Doltra,2-4,08397,3 estrelles,265,153,B08873861,BUCH FAMILIA S.L.,hotel,False,231,,,solo_registre,,,,False,municipio
HB-000339,FERGUS Club Pineda Splash,Pineda de Mar,081635,Maresme,Carrer,de les puntaires,20,08397,4 estrelles,498,246,B66451402,"FRINGIAN, S.L.",hotel,False,816,,,solo_registre,,,,False,municipio
HB-000348,Madison Bahia,Sitges,082704,Garraf,Carrer,Parellades,31-33,08870,2 estrelles,49,25,,,hotel,True,,,,solo_registre,,,,False,municipio
HB-000358,LITTLE BEACH HOUSE BARCELONA,Sitges,082704,Garraf,Avinguda,de Josep Llorach,1,08871,2 estrelles,41,21,B66519513,"LITTLE BEACH HOUSE BARCELONA,S.L.",hotel,False,825,,,solo_registre,,,,False,municipio
HB-000362,Lima,Barcelona,080193,Barcelonès,Carrer,Fontanella,16,08010,No aplica,6,4,,,hotel,True,,,,solo_registre,,,,False,municipio
HB-000363,Montserrat,Sitges,082704,Garraf,Carrer,Espalter,27,08870,2 estrelles,49,28,J61338752,"HOTEL MONTSERRAT, SCP",hotel,False,1002,,,solo_registre,,,,False,municipio
HB-000364,PLATJADOR,Sitges,082704,Garraf,Passeig,de la Ribera,35,08870,3 estrelles,114,59,B08829871,CANTAMAR S L,hotel,False,224,,,solo_registre,,,,False,municipio
HB-000366,HOTEL UTOPIA,Sitges,082704,Garraf,Carrer,de Socias,22,08870,2 estrelles,68,38,B64202161,BARCELONA GO SL,hotel,False,629,,,solo_registre,,,,False,municipio
HB-000371,jaume I,Barcelona,080193,Barcelonès,Carrer,Jaume I,11,08002,1 estrella,67,39,B66256546,"VINECUA, SL",hotel,False,795,41.38335786031799,2.1778877184083916,codigo_registro,,,,False,coordenada
HB-000372,Eurostars Cristal Palace,Barcelona,080193,Barcelonès,Carrer,Diputació,257,08007,4 estrelles,250,148,A08258857,"LAS INICIATIVAS HOSTELERAS, SA",hotel,False,30,41.38982724010406,2.1660849408702276,codigo_registro,,,,False,coordenada
HB-000381,Alexandra,Sitges,082704,Garraf,Carrer,Rafael Termes,20,08870,1 estrella,32,16,J65926602,"CONTASTIN ET SAIS, SCP",hotel,False,1028,,,solo_registre,,,,False,municipio
HB-000386,Zènit Barcelona,Barcelona,080193,Barcelonès,Carrer,Santaló,8,08021,4 estrelles,118,71,E80601297,"HOTEL ZENIT, CB",hotel,False,978,41.3949438601972,2.1468868053299315,codigo_registro,,,,False,coordenada
HB-000387,Nostre Mar Aparthotel,Pineda de Mar,081635,Maresme,Carrer,Tarragona,2,08397,3 estrelles,62,31,B58109752,"PROMARSOL, SL",hotel,False,320,,,solo_registre,,,,False,municipio
HB-000388,HOTEL SORRABONA,Pineda de Mar,081635,Maresme,Passeig,Marítim,10,08397,4 estrelles,150,75,B08815441,HOTEL SORRABONA SL,hotel,False,222,,,solo_registre,,,,False,municipio
HB-000403,Ciudad de Castelldefels,Castelldefels,080569,Baix Llobregat,Passeig,Marina,212,08860,3 estrelles,300,104,A08193732,"RANCHO HOTEL, S.A.",hotel,False,16,,,solo_registre,,,,False,municipio
HB-000418,HOTEL URPI,Sabadell,081878,Vallès Occidental,Carrer,SANT MATIES,5,08208,3 estrelles,237,121,B61055935,"HOTEL URPI, S.L.",hotel,False,415,,,solo_registre,,,,False,municipio
HB-000421,El Cid,Sitges,082704,Garraf,Carrer,Sant Josep,39 Bis,08870,1 estrella,145,76,E63910020,"HERMANOS GRAU BADIA, CB",hotel,False,973,,,solo_registre,,,,False,municipio
HB-000424,Galeón,Sitges,082704,Garraf,Carrer,Sant Francesc,44-48,08870,3 estrelles,83,47,B08153595,"AMELL, SL",hotel,False,196,,,solo_registre,,,,False,municipio
HB-000428,Rocatel,Canet de Mar,080403,Maresme,Passeig,Maresme,1,08360,1 estrella,76,40,,,hotel,True,,,,solo_registre,,,,False,municipio
HB-000439,Ciudad Condal,Barcelona,080193,Barcelonès,Carrer,Mallorca,255,08008,No aplica,22,14,,,hotel,True,,,,solo_registre,,,,False,municipio
HB-000443,Lourdes,Barcelona,080193,Barcelonès,Carrer,Princesa,14,08003,No aplica,47,27,B62622147,HOTEL CIUTAT DE BARCELONA,hotel,False,526,,,solo_registre,,,,False,municipio
HB-000446,Casa Pince,Barcelona,080193,Barcelonès,Carrer,Ferran,21,08002,2 estrelles,70,38,B16745507,QUINTO HOTEL S.L.,hotel,False,251,41.38116956764499,2.175037990346006,codigo_registro,,,,False,coordenada
HB-000448,Lirio,Barcelona,080193,Barcelonès,Carrer,Nou de Sant Francesc,23-25,08002,No aplica,31,21,,,hotel,True,,,,solo_registre,,,,False,municipio
HB-000454,Barcelona Center Inn,Barcelona,080193,Barcelonès,Carrer,Gran Via Corts Catalanes,688,08010,No aplica,23,13,B63613053,"HOSTAL LAMU, SL",hotel,False,596,,,solo_registre,,,,False,municipio
HB-000456,Capitol,Barcelona,080193,Barcelonès,Carrer,Rambla,138,08002,No aplica,20,11,,,hotel,True,,,,solo_registre,,,,False,municipio
HB-000457,SOM NIT PORT VELL,Barcelona,080193,Barcelonès,Carrer,Reina Cristina,2,08003,No aplica,20,10,B65973042,CHECK-IN BORN SL,hotel,False,750,,,solo_registre,,,,False,municipio
HB-000467,Palmera,Barcelona,080193,Barcelonès,Carrer,Jerusalem,30,08001,No aplica,33,20,B65761025,"DORMDREAM BARCELONA, SL",hotel,False,723,,,solo_registre,,,,False,municipio
HB-000478,Turisol,Barcelona,080193,Barcelonès,Passatge,Escudellers,7,08002,No aplica,27,17,,,hotel,True,,,,solo_registre,,,,False,municipio
HB-000480,Toledano,Barcelona,080193,Barcelonès,Carrer,Rambla,138,08002,1 estrella,30,17,,,hotel,True,,41.38514182378773,2.170638831395403,codigo_registro,,,,True,coordenada
HB-000485,Outsite Barcelona,Barcelona,080193,Barcelonès,Carrer,Simó Oller,1,08002,No aplica,31,18,B04983755,ELITE COLLECTIVE S.L.,hotel,False,190,,,solo_registre,,,,False,municipio
HB-000488,Sense especificar,Barcelona,080193,Barcelonès,Carrer,Pelai,62,08001,2 estrelles,80,52,B65138711,"MIBAL INVEST, S.L.",hotel,False,687,41.3854076552862,2.169683995090584,codigo_registro,,,,False,coordenada
HB-000491,Bienestar,Barcelona,080193,Barcelonès,Carrer,Quintana,3,08002,No aplica,26,16,,,hotel,True,,,,solo_registre,,,,False,municipio
HB-000495,Santa Marta,Barcelona,080193,Barcelonès,Carrer,General Castaños,14,08003,2 estrelles,108,47,B61534897,GOTICO HOTEL SL,hotel,False,445,41.3836820501458,2.185160503910115,codigo_registro,,,,False,coordenada
HB-000502,Hostal Ruta de Francia,Barcelona,080193,Barcelonès,Carrer,Castillejos,204,08013,No aplica,17,13,,,hotel,True,,,,solo_registre,,,,False,municipio
HB-000508,Hostal Rembrandt,Barcelona,080193,Barcelonès,Carrer,Portaferrissa,23,08002,No aplica,42,27,,,hotel,True,,,,solo_registre,,,,False,municipio
HB-000516,som nit triomf,Barcelona,080193,Barcelonès,Carrer,Trafalgar,39,08010,No aplica,20,11,B65973042,CHECK-IN BORN SL,hotel,False,750,,,solo_registre,,,,False,municipio
HB-000558,Ceferino,Vilanova i la Geltrú,083073,Garraf,Passeig,Ribes Roges,2-3,08800,3 estrelles,52,22,J60415197,"DIAZ IBAÑEZ ASOCIADOS, SCP",hotel,False,998,,,solo_registre,,,,False,municipio
HB-000573,Hostal Tres Leones,Vilassar de Mar,082191,Maresme,Carrer,Sant Pau,21,08340,No aplica,10,6,,,hotel,True,,,,solo_registre,,,,False,municipio
HB-000577,HOTEL SUIS,Sant Celoni,082021,Vallès Oriental,Carrer,Major,152,08470,3 estrelles,65,34,B62600648,IRISMILENIUM 2004 SL,hotel,False,521,,,solo_registre,,,,False,municipio
HB-000589,Bonavista,Calella,080351,Maresme,Carrer,Monturiol,155-159,08370,No aplica,54,30,,,hotel,True,,,,solo_registre,,,,False,municipio
HB-000605,Pancheta,Sant Pol de Mar,082359,Maresme,Carrer,Abat Deàs,37,08395,No aplica,18,11,,,hotel,True,,,,solo_registre,,,,False,municipio
HB-000620,Casanovas,"Papiol, el",081580,Baix Llobregat,Carrer,Montserrat,24,08754,No aplica,22,14,J65349391,FONDA CASANOVAS SCP,hotel,False,1018,,,solo_registre,,,,False,municipio
HB-000624,Planamar,Malgrat de Mar,081108,Maresme,Passeig,Marítim,10-12,08380,3 estrelles,309,156,B08256547,"TURHOTEL, S.L.",hotel,False,207,,,solo_registre,,,,False,municipio
HB-000627,Manel,Martorell,081141,Baix Llobregat,Carrer,Pere Puig,74,08760,2 estrelles,51,29,B08869331,"BARTES I COSTA RESTAURACIO, SL",hotel,False,230,,,solo_registre,,,,False,municipio
HB-000633,Can Fisa,Corbera de Llobregat,080728,Baix Llobregat,Carrer,Bellavista,1,08757,2 estrelles,26,16,B60431533,FITEL S.L.,hotel,False,390,,,solo_registre,,,,False,municipio
HB-000655,Mare Nostrum,Cabrera de Mar,080291,Maresme,Carretera,N-II,KM 642,08349,No aplica,16,8,,,hotel,True,,,,solo_registre,,,,False,municipio
HB-000671,Medium Romàntic,Sitges,082704,Garraf,Carrer,Sant Isidre,33,08870,2 estrelles,59,36,B61337838,"JOSEP MANUEL VENDRELL, SL",hotel,False,430,,,solo_registre,,,,False,municipio
HB-000674,TORINO,"Masnou, el",081189,Maresme,Carrer,de Pere Grau,21,08320,1 estrella,19,11,,,hotel,True,,,,solo_registre,,,,False,municipio
HB-000701,GAT RAVAL,Barcelona,080193,Barcelonès,Carrer,de Joaquín Costa,44,08001,No aplica,41,24,B67123976,PLANES MAGICOS S.L.,hotel,False,885,,,solo_registre,,,,False,municipio
HB-000702,Hotel Cèsar,Vilanova i la Geltrú,083073,Garraf,Carrer,d Isaac Peral,6,08800,3 estrelles,49,30,B62067533,ANTIC UNIVERS SL,hotel,False,480,,,solo_registre,,,,False,municipio
HB-000709,HOTEL SORRA DAURADA SPLASH,Malgrat de Mar,081108,Maresme,Passeig,Maritim,6,08380,4 estrelles,500,245,B08205858,SORRADAURADA S.L.,hotel,False,203,,,solo_registre,,,,False,municipio
HB-000710,Rosa Nàutica,Malgrat de Mar,081108,Maresme,Passeig,Marítim,1,08380,3 estrelles,273,142,B08158339,SERRA PALOMO S.L.,hotel,False,199,,,solo_registre,,,,False,municipio
HB-000712,L'Hostalet de Canet,Canet de Mar,080403,Maresme,Torrent,Sant Domènec,5,08360,No aplica,22,12,B64226186,"L'HOSTALET DE CANET, SLU",hotel,False,632,,,solo_registre,,,,False,municipio
HB-000723,Orleans,Barcelona,080193,Barcelonès,Avinguda,Marquès de l'Argentera,13,08003,No aplica,34,17,,,hotel,True,,,,solo_registre,,,,False,municipio
HB-000726,Camarote H,Castelldefels,080569,Baix Llobregat,Passeig,Marítim,176,08860,1 estrella,17,10,B66631524,"CAMAROTE H, SL",hotel,False,838,,,solo_registre,,,,False,municipio
HB-000729,Flora Parc,Castelldefels,080569,Baix Llobregat,Avinguda,Constitució,44,08860,3 estrelles,136,68,B61708699,"CAN-COR 98, S.L.",hotel,False,453,,,solo_registre,,,,False,municipio
HB-000739,Portugal,Barcelona,080193,Barcelonès,Carrer,de Josep Anselm Clavé,27,08002,No aplica,23,16,,,hotel,True,,,,solo_registre,,,,False,municipio
HB-000755,HOSTAL COLIBRI,Calella,080351,Maresme,Carrer,de Sant Joan,101,08370,No aplica,37,21,B04945671,ICEBERG HOST S.L.,hotel,False,189,,,solo_registre,,,,False,municipio
HB-000759,Miami,Calella,080351,Maresme,Carrer,Monturiol,39-43,08370,3 estrelles,282,145,A08893448,"Temavi, s.a.",hotel,False,68,,,solo_registre,,,,False,municipio
HB-000760,Marisol,Calella,080351,Maresme,Carrer,Sant Antoni,268,08370,2 estrelles,147,85,A08369027,"PROPI, SA",hotel,False,40,,,solo_registre,,,,False,municipio
HB-000764,Monteplaya,Malgrat de Mar,081108,Maresme,Passeig,Marítim,50-52,08380,4 estrelles superior,296,168,A60129863,ALSITER SA,hotel,False,152,,,solo_registre,,,,False,municipio
HB-000776,Boutique Barcelona,Barcelona,080193,Barcelonès,Carrer,Pau Claris,145,08009,No aplica,12,6,J65966376,"BOUTIQUE BARCELONA, SCP",hotel,False,1030,,,solo_registre,,,,False,municipio
HB-000780,Sant Marçal,Montseny,081379,Vallès Oriental,Carretera,St. Celoni-Sta. Fe Montseny,s/n,08460,1 estrella,16,8,,,hotel,True,,,,solo_registre,,,,False,municipio
HB-000782,Hostal BCN Ramblas,Barcelona,080193,Barcelonès,Carrer,Rambla,96,08002,No aplica,18,11,B17647678,LAL MOTI SL,hotel,False,263,,,solo_registre,,,,False,municipio
HB-000791,Alegria Maripins,Malgrat de Mar,081108,Maresme,Passeig,Marítim,20,08380,4 estrelles,360,205,B65870156,"GESTI HOTEL MARESME, S.L.",hotel,False,736,,,solo_registre,,,,False,municipio
HB-000801,Hostal Central Barcelona,Barcelona,080193,Barcelonès,Carrer,Diputació,346,08013,No aplica,18,11,,,hotel,True,,,,solo_registre,,,,False,municipio
HB-000838,Aribau,Barcelona,080193,Barcelonès,Carrer,Aribau,37,08011,No aplica,6,3,,,hotel,True,,,,solo_registre,,,,False,municipio
HB-000839,Hotel Everest,Barcelona,080193,Barcelonès,Travessera,de Gràcia,441,08025,2 estrelles,34,17,A58510546,CAMAEN SA,hotel,False,123,41.41131961651871,2.1732896725799096,codigo_registro,,,,False,coordenada
HB-000845,Hostal Santcarlo,Barcelona,080193,Barcelonès,Plaça,Urquinaona,5,08010,No aplica,13,8,,,hotel,True,,,,solo_registre,,,,False,municipio
HB-000855,Amílcar,Barcelona,080193,Barcelonès,Carrer,Amílcar,118-116,08032,1 estrella,85,49,,,hotel,True,,,,solo_registre,,,,False,municipio
HB-000859,Lyon,Barcelona,080193,Barcelonès,Carrer,General Castaños,6,08002,1 estrella,19,15,,,hotel,True,,41.38321993965877,2.1847672630298836,codigo_registro,,,,False,coordenada
HB-000862,Norma,Barcelona,080193,Barcelonès,Carrer,Gran de Gràcia,87,08012,No aplica,27,18,,,hotel,True,,,,solo_registre,,,,False,municipio
HB-000893,San Francisco,Cerdanyola del Vallès,082665,Vallès Occidental,Carrer,Cordelles,36,08290,No aplica,20,10,,,hotel,True,,,,solo_registre,,,,False,municipio
HB-000898,HOTEL VILA,Calella,080351,Maresme,Carrer,"de Sant Josep, 64-70, C. Bruguera, 83-89 i",93-95,08370,3 estrelles,316,164,B64337751,MONTGRISER SL,hotel,False,637,,,solo_registre,,,,False,municipio
HB-000899,Parisien,Barcelona,080193,Barcelonès,Carrer,Rambla,114,08002,No aplica,20,13,,,hotel,True,,,,solo_registre,,,,False,municipio
HB-000930,Hostal Montserrat,Montseny,081379,Vallès Oriental,Passeig,Font,s/n,08469,No aplica,33,19,,,hotel,True,,,,solo_registre,,,,False,municipio
HB-000935,Mimi Las Ramblas,Barcelona,080193,Barcelonès,Carrer,Nou de la Rambla,1,08001,No aplica,10,7,B65885568,"HABLA Y COMUNICA, SL",hotel,False,739,,,solo_registre,,,,False,municipio
HB-000939,Safaja,Sant Quirze Safaja,082397,Moianès,Carretera,Barcelona,6,08189,1 estrella,10,5,J64203656,"VAVI, SCP",hotel,False,1011,,,solo_registre,,,,False,municipio
HB-000947,Annex,Barcelona,080193,Barcelonès,Carrer,Jaume I,8-10,08002,1 estrella,12,8,B58008780,"OBA, S.L.",hotel,False,316,41.38325726026674,2.177936178383138,codigo_registro,,,,False,coordenada
HB-000948,Sumus Hotel Stella & Spa 4*S,Pineda de Mar,081635,Maresme,Carrer,de les Puntaires,1,08397,4 estrelles superior,367,195,B08156705,"HOTEL STELLA, S.L.",hotel,False,198,,,solo_registre,,,,False,municipio
HB-000952,Girona,Barcelona,080193,Barcelonès,Carrer,Girona,24,08010,No aplica,13,9,B63106371,"RESIDENCIA CONFORT GIRONA, SL",hotel,False,565,,,solo_registre,,,,False,municipio
HB-000957,VAGANTO HOTEL S.L.,Barcelona,080193,Barcelonès,Carrer,d'en Fontrodona,1,08004,No aplica,23,18,B61841086,VAGANTO HOTEL S.L.,hotel,False,464,,,solo_registre,,,,False,municipio
HB-000975,Fernando,Barcelona,080193,Barcelonès,Carrer,Ferran,31,08002,No aplica,55,38,B63124994,VIPE HOTELES SL,hotel,False,567,,,solo_registre,,,,False,municipio
HB-001059,Casa d'Àustria,Calella,080351,Maresme,Carrer,Església,350,08370,No aplica,17,9,B61100921,"ASINA Y ALLANA, SL",hotel,False,418,,,solo_registre,,,,False,municipio
HB-001122,Call,Barcelona,080193,Barcelonès,Carrer,Arc de Sant Ramon del Call,4,08002,1 estrella,49,25,A59783514,"ALBEIDA, SA",hotel,False,147,41.382293980195776,2.1757129034720064,codigo_registro,,,,False,coordenada
HB-001130,Hostal Razio Central Station BCN,Barcelona,080193,Barcelonès,Carrer,Hospital,93,08001,No aplica,18,11,,,hotel,True,,,,solo_registre,,,,False,municipio
HB-001131,Albi,Barcelona,080193,Barcelonès,Carrer,Avinyó,58,08002,No aplica,16,11,G63457998,"ALBI, SCP",hotel,False,991,,,solo_registre,,,,False,municipio
HB-001135,Bresus,Barcelona,080193,Barcelonès,Carrer,Sant Pere més Alt,61,08003,No aplica,12,7,,,hotel,True,,,,solo_registre,,,,False,municipio
HB-001137,Canaletas,Barcelona,080193,Barcelonès,Carrer,Rambla,133,08002,No aplica,12,8,,,hotel,True,,,,solo_registre,,,,False,municipio
HB-001151,Gemini,Sitges,082704,Garraf,Carrer,Mare de Déu de Montserrat,4,08870,No aplica,24,12,,,hotel,True,,,,solo_registre,,,,False,municipio
HB-001187,Cerdanya Pensió,Barcelona,080193,Barcelonès,Carrer,Girona,35,08010,No aplica,12,7,,,hotel,True,,,,solo_registre,,,,False,municipio
HB-001199,Colmenero,Barcelona,080193,Barcelonès,Carrer,Petritxol,12,08002,No aplica,9,7,,,hotel,True,,,,solo_registre,,,,False,municipio
HB-001206,Villanueva,Barcelona,080193,Barcelonès,Plaça,Reial,2,08002,No aplica,44,29,A25045204,"EUROAGRICOLA, SA",hotel,False,80,,,solo_registre,,,,False,municipio
HB-001213,RAVAL HOUSE,Barcelona,080193,Barcelonès,Carrer,de l' Hospital,101,08001,3 estrelles,100,55,B67399626,"RAVAL HOUSE, S.L.",hotel,False,904,41.38001981371473,2.169014849771575,codigo_registro,,,,False,coordenada
HB-001216,Solarium,Barcelona,080193,Barcelonès,Carrer,Guàrdia,13,08001,No aplica,33,17,,,hotel,True,,,,solo_registre,,,,False,municipio
HB-001219,Gótico,Barcelona,080193,Barcelonès,Carrer,Jaume I,14,08002,4 estrelles,149,81,B61534897,GOTICO HOTEL SL,hotel,False,445,41.38349181893135,2.1782357567822936,codigo_registro,,,,False,coordenada
HB-001239,Golf Can Rafel,Cervelló,080689,Baix Llobregat,Carretera,de Can Rafael,s/n,08758,4 estrelles,50,25,B62584511,"HOTEL GOLF CAN RAFEL, S.L.",hotel,False,519,,,solo_registre,,,,False,municipio
HB-001241,Montaltmar,Sant Vicenç de Montalt,082649,Maresme,Avinguda,Montaltmar,1,08394,No aplica,18,9,B59969857,MONTALMAR SL,hotel,False,374,,,solo_registre,,,,False,municipio
HB-001276,Coral,Barcelona,080193,Barcelonès,Carrer,Calella,1,08002,No aplica,36,25,B66747650,"HOSTAL CORAL BARCELONA, SL",hotel,False,854,,,solo_registre,,,,False,municipio
HB-001278,Sol y K,Barcelona,080193,Barcelonès,Carrer,Cervantes,2,08002,No aplica,24,14,,,hotel,True,,,,solo_registre,,,,False,municipio
HB-001419,Rey-Mar Playa,Malgrat de Mar,081108,Maresme,Passeig,Marítim,s/n,08380,3 estrelles,392,210,A58288788,"POSEIDON MALGRAT, SA",hotel,False,103,,,solo_registre,,,,False,municipio
HB-001579,PENSION AROSA,Barcelona,080193,Barcelonès,Avinguda,del Portal de l'Àngel,14,08002,No aplica,10,7,B67089185,"RIA LONDON, SL",hotel,False,882,,,solo_registre,,,,False,municipio
HB-001619,Noya,Barcelona,080193,Barcelonès,Carrer,Rambla,133,08002,No aplica,15,8,,,hotel,True,,,,solo_registre,,,,False,municipio
HB-001620,Ciudadela,Barcelona,080193,Barcelonès,Carrer,Comerç,33,08003,No aplica,11,6,,,hotel,True,,,,solo_registre,,,,False,municipio
HB-001650,HOTEL ALEGRIA CARTAGO NOVA,Malgrat de Mar,081108,Maresme,Passeig,Marítim,92,08380,3 estrelles,414,214,B67188052,GESTIHOTELS MIGJORN S.L.,hotel,False,889,,,solo_registre,,,,False,municipio
HB-001665,Hostal Eixample,Barcelona,080193,Barcelonès,Carrer,Ausias Marc,19,08010,No aplica,14,8,B56459589,EIXAMPLE LAGO PARTNER SL,hotel,False,308,,,solo_registre,,,,False,municipio
HB-001678,Benidorm,Barcelona,080193,Barcelonès,Carrer,Rambla,37,08002,No aplica,68,44,E60442910,"HERRERO MATEO, CB",hotel,False,968,,,solo_registre,,,,False,municipio
HB-001690,El Puchi Barcelona,Barcelona,080193,Barcelonès,Carrer,Gran Via Corts Catalanes,576,08011,No aplica,20,12,J66064882,"DOSLTM, SCP",hotel,False,1034,,,solo_registre,,,,False,municipio
HB-001703,HOTEL SANTA MONICA,Calella,080351,Maresme,Avinguda,DEL TURISME,72-78,08370,4 estrelles,392,216,A17021312,"INDUISTRIAS TURISTICAS CALELLA\\, SAU",hotel,False,78,,,solo_registre,,,,False,municipio
HB-001705,Venècia,Barcelona,080193,Barcelonès,Carrer,Junta del Comerç,13,08001,No aplica,18,15,,,hotel,True,,,,solo_registre,,,,False,municipio
HB-001709,Francia,Barcelona,080193,Barcelonès,Carrer,Rera Palau,4,08003,No aplica,20,11,J65454845,"ACTIVIDADES MILISA, SCP",hotel,False,1019,,,solo_registre,,,,False,municipio
HB-001723,Best Western Hotel Mediterráneo,Castelldefels,080569,Baix Llobregat,Passeig,Marítim,294,08860,4 estrelles,89,47,A58604547,"CASTELL HOTELS, SA",hotel,False,125,,,solo_registre,,,,False,municipio
HB-001747,Hostal Mont Thabor,Barcelona,080193,Barcelonès,Carrer,Rambla,86,08002,No aplica,19,12,,,hotel,True,,,,solo_registre,,,,False,municipio
HB-001748,Picasso,Barcelona,080193,Barcelonès,Carrer,Rambla,25,08002,No aplica,24,16,B61828174,"RIQUELME GOMIS, SL",hotel,False,460,,,solo_registre,,,,False,municipio
HB-001753,HOSTAL SANT PERE 70,Sant Pere de Riudebitlles,082325,Alt Penedès,Carrer,de la Carretera,25,08776,No aplica,10,5,,,hotel,True,,,,solo_registre,,,,False,municipio
HB-001755,Nuevo Colón,Barcelona,080193,Barcelonès,Avinguda,Marquès de l'Argentera,19,08003,No aplica,42,24,,,hotel,True,,,,solo_registre,,,,False,municipio
HB-001798,Calípolis,Sitges,082704,Garraf,Avinguda,Sofia,2,08870,4 estrelles,335,170,A08121089,"ITSA HOTEL CALIPOLIS, SA",hotel,False,10,,,solo_registre,,,,False,municipio
HB-001821,Hostal Ambos Mundos,Barcelona,080193,Barcelonès,Plaça,Reial,10,08002,No aplica,23,13,,,hotel,True,,,,solo_registre,,,,False,municipio
HB-001832,Golden Taurus Park Resort,Pineda de Mar,081635,Maresme,Passeig,Marítim,33,08397,4 estrelles,929,439,A08129058,PROHOTELES SA,hotel,False,11,,,solo_registre,,,,False,municipio
HB-001842,L'Hostalet d'Arenys de Mar,Arenys de Mar,080060,Maresme,Carrer,Escolàpies,8,08350,No aplica,22,12,B66545021,PORTAL IGUAZU SL,hotel,False,828,,,solo_registre,,,,False,municipio
HB-001847,Santo Domingo,Barcelona,080193,Barcelonès,Carrer,Sant Domènec del Call,3-5,08002,No aplica,22,16,,,hotel,True,,,,solo_registre,,,,False,municipio
HB-001855,HOTEL LA PAU,Barcelona,080193,Barcelonès,Carrer,JOSEP ANSELM CLAVÉ,17,08002,No aplica,65,42,A08229114,INMOBILIARIA CAMFOR SA,hotel,False,19,41.37754896511456,2.1780011765324376,codigo_registro,,,,False,coordenada
HB-001860,Hostal Solimar,Badalona,080155,Barcelonès,Carrer,Caritat,29,08911,No aplica,58,39,G58446584,"GERMANS ROSES, SCP",hotel,False,982,,,solo_registre,,,,False,municipio
HB-001861,La Costa,Badalona,080155,Barcelonès,Avinguda,Alfons XIII,611,08918,No aplica,34,17,,,hotel,True,,,,solo_registre,,,,False,municipio
HB-001862,Las Flores,Barcelona,080193,Barcelonès,Carrer,Rambla,79,08001,No aplica,19,15,J64915283,"PENSION LAS FLORES, SCP",hotel,False,1012,,,solo_registre,,,,False,municipio
HB-001883,Hostal Apolo,Barcelona,080193,Barcelonès,Carrer,Lafont,1-3,08004,No aplica,32,20,,,hotel,True,,,,solo_registre,,,,False,municipio
HB-001911,Hesperia Presidente,Barcelona,080193,Barcelonès,Avinguda,Diagonal,570,08021,4 estrelles,301,156,B08798837,"DESJUST,S.L.",hotel,False,221,41.39414022868595,2.148991044269223,codigo_registro,,,,False,coordenada
HB-001927,Gaudí,Barcelona,080193,Barcelonès,Carrer,Nou de la Rambla,12,08001,3 estrelles,136,73,B62915335,"HOTEL GAUDI BARCELONA, S.L.",hotel,False,540,41.37895624489913,2.174016697616009,codigo_registro,,,,False,coordenada
HB-001931,Palacio,Barcelona,080193,Barcelonès,Passeig,Isabel II,10,08003,No aplica,12,9,B64270135,"PENSION SAMAYOA SANAHUJA INTERNACIONAL, SL",hotel,False,633,,,solo_registre,,,,False,municipio
HB-001934,Royal,Barcelona,080193,Barcelonès,Carrer,Rambla,117,08002,4 estrelles,226,119,A08286700,"BEDFORD, SA",hotel,False,34,41.384373989160984,2.170584328337652,codigo_registro,,,,False,coordenada
HB-001950,CASA TRAFALGAR,Barcelona,080193,Barcelonès,Ronda,Sant Pere,24,08010,1 estrella,31,18,B10532000,OCEAN PRIVAT SL,hotel,False,238,41.389345214488856,2.1741559288787093,codigo_registro,,,,False,coordenada
HB-001951,Chic  Basic Tallers,Barcelona,080193,Barcelonès,Carrer,Tallers,82,08001,No aplica,25,14,B64054216,Chic and Basic Tallers S.L.U.,hotel,False,620,,,solo_registre,,,,False,municipio
HB-001956,Hostal Santa Gemma,Sant Andreu de Llavaneres,081976,Maresme,Carretera,N-II front Port Balis,KM 652,08392,No aplica,15,8,,,hotel,True,,,,solo_registre,,,,False,municipio
HB-001969,NH Barcelona Stadium,Barcelona,080193,Barcelonès,Travessera,Corts,150,08028,4 estrelles,185,106,B58511882,NH HOTELES ESPAÑA S.A.  ( Hotel NH BARCELONA CENTRO ),hotel,False,336,41.381479374471255,2.1270969524414016,codigo_registro,,,,False,coordenada
HB-001970,Castell de Mata,Mataró,081213,Maresme,Carretera,N-II,KM 649,08304,3 estrelles,101,52,A58800475,"STELGROC, S.A.",hotel,False,132,,,solo_registre,,,,False,municipio
HB-001980,Mont Rosa,Calella,080351,Maresme,Passeig,Roques,13-25,08370,3 estrelles,216,120,A08134454,"IBERICA DE TURISMO E IND., SA",hotel,False,12,,,solo_registre,,,,False,municipio
HB-001996,HOTEL PAPI,Malgrat de Mar,081108,Maresme,Passeig,Marítim,30,08380,3 estrelles,248,132,B63055768,CASAJUANA ( HOTEL PAPI S.L.),hotel,False,561,,,solo_registre,,,,False,municipio
HB-002004,Dani,Barcelona,080193,Barcelonès,Carrer,Tallers,9,08001,No aplica,9,7,,,hotel,True,,,,solo_registre,,,,False,municipio
HB-002007,Best Western Premier Hotel Dante,Barcelona,080193,Barcelonès,Carrer,Mallorca,181,08036,4 estrelles,144,81,B59820951,"DANTE HOTELES, S.L",hotel,False,371,41.38943646417619,2.1565145579298433,codigo_registro,,,,False,coordenada
HB-002018,Gran Sol,Sant Pol de Mar,082359,Maresme,Carretera,Madrid-França,KM 670,08395,3 estrelles,85,44,B08796591,"SOLGRAN, SL",hotel,False,220,,,solo_registre,,,,False,municipio
HB-002034,PENSIÓN MARGARITA,Pineda de Mar,081635,Maresme,Carrer,de la Justícia,26,08397,No aplica,23,14,,,hotel,True,,,,solo_registre,,,,False,municipio
HB-002040,Hostal Felipe II,Barcelona,080193,Barcelonès,Carrer,Mallorca,329,08037,No aplica,17,11,B63046411,"BUSINESS EXPORT ON LINE, SL",hotel,False,559,,,solo_registre,,,,False,municipio
HB-002043,Travesera,Barcelona,080193,Barcelonès,Travessera,Dalt,121-123,08024,2 estrelles,22,16,B61581112,"HOBAIRES, S.L.",hotel,False,448,41.412324492675204,2.1589797507660515,codigo_registro,,,,False,coordenada
HB-002044,Casa de Barca,Barcelona,080193,Barcelonès,Carrer,Girona,4,08010,No aplica,9,7,B65101412,"ZIONUS INVESTMENT, SL",hotel,False,681,,,solo_registre,,,,False,municipio
HB-002057,HCC Hotel Regente,Barcelona,080193,Barcelonès,Rambla,Catalunya,76,08007,4 estrelles,143,78,B63508618,HCC REGENTE S.L.,hotel,False,586,41.392233316747756,2.162192579213957,codigo_registro,,,,False,coordenada
HB-002059,NH Collection Gran Hotel Calderón,Barcelona,080193,Barcelonès,Rambla,Catalunya,26,08007,5 estrelles,503,255,B58511882,NH HOTELES ESPAÑA S.A.  ( Hotel NH BARCELONA CENTRO ),hotel,False,336,41.38936743631295,2.1661144753718227,codigo_registro,,,,False,coordenada
HB-002066,Apartaments Atzavara Hotel Apartament,Calella,080351,Maresme,Carrer,Riera,32,08370,1 estrella,49,19,B24988594,ATZAVARA RENTALS SL,hotel,False,279,,,solo_registre,,,,False,municipio
HB-002081,Mont Palau,Pineda de Mar,081635,Maresme,Carrer,Roig i Jalpí,1,08397,3 estrelles,202,128,B60085172,"HOTELS MONTPALAU,S.L",hotel,False,378,,,solo_registre,,,,False,municipio
HB-002085,Parrots,Sitges,082704,Garraf,Carrer,"Joan Tarrida, 16",16,08870,3 estrelles,48,27,B64202013,"LISTOHOTEL, SL",hotel,False,628,,,solo_registre,,,,False,municipio
HB-002089,Hostal Parada,Viladecans,083015,Baix Llobregat,Carrer,Jaume Balmes,61,08840,No aplica,10,8,,,hotel,True,,,,solo_registre,,,,False,municipio
HB-002097,HOSTAL FINA,Barcelona,080193,Barcelonès,Carrer,de la Portaferrissa,11,08002,No aplica,27,19,B65968307,RAMBLA ALTA SOCIEDAD LIMITADA,hotel,False,748,,,solo_registre,,,,False,municipio
HB-002107,Fonda Neus,Sant Sadurní d'Anoia,082401,Alt Penedès,Carrer,Marc Mir,14-16,08770,No aplica,10,7,,,hotel,True,,,,solo_registre,,,,False,municipio
HB-002108,Alamar,Barcelona,080193,Barcelonès,Carrer,Comtessa de Sobradiel,1,08002,No aplica,15,13,,,hotel,True,,,,solo_registre,,,,False,municipio
HB-002126,DYNAMIC HOTELS CALDETES BARCELONA,Caldes d'Estrac,080327,Maresme,Carrer,Santema,25,08393,3 estrelles,56,30,B66846411,Dynamics Hotels S.L.,hotel,False,863,,,solo_registre,,,,False,municipio
HB-002151,HOSTAL SANTA ANNA,Barcelona,080193,Barcelonès,Carrer,de Santa Anna,23,08002,No aplica,24,15,B72696461,"PEETERS 69, S.L.",hotel,False,930,,,solo_registre,,,,False,municipio
HB-002161,Pensió Bertolin,Barcelona,080193,Barcelonès,Carrer,del Carme,116,08001,No aplica,10,5,,,hotel,True,,,,solo_registre,,,,False,municipio
HB-002168,Express II,Calella,080351,Maresme,Carrer,Riera,25-31,08370,2 estrelles,64,36,B61380424,"ANGLIA-TRES, S.L.",hotel,False,433,,,solo_registre,,,,False,municipio
HB-002186,BAR HOTEL TIBURON,Castelldefels,080569,Baix Llobregat,Passeig,Marítim,120,08860,1 estrella,28,18,B22589378,CLCR HOSPITALITY SL,hotel,False,276,,,solo_registre,,,,False,municipio
HB-002191,Hostal de la Plaça,Cabrils,080305,Maresme,Plaça,Esglesia,32,08348,3 estrelles,17,9,B62673884,RESTAURACIÓ I SERVEIS TAULA SL,hotel,False,528,,,solo_registre,,,,False,municipio
HB-002211,Hosteria Grau,Barcelona,080193,Barcelonès,Carrer,Ramelleres,27,08001,No aplica,35,18,,,hotel,True,,,,solo_registre,,,,False,municipio
HB-002223,Triunfo,Barcelona,080193,Barcelonès,Passeig,Picasso,22,08003,1 estrella,28,16,B58008780,"OBA, S.L.",hotel,False,316,41.38709330231145,2.183497724731481,codigo_registro,,,,False,coordenada
HB-002226,Chavarria,Sant Joan Despí,082172,Baix Llobregat,Carrer,Domènec,41,08970,No aplica,11,9,,,hotel,True,,,,solo_registre,,,,False,municipio
HB-002253,Aneto,Barcelona,080193,Barcelonès,Carrer,Carme,38,08001,1 estrella,28,16,E38206744,Cb Ramos Castillo,hotel,False,964,41.38208176030717,2.169791173399842,codigo_registro,,,,False,coordenada
HB-002264,Càmping Masnou,"Masnou, el",081189,Maresme,Carrer,Camil Fabra,33,08320,No aplica,18,9,B62963475,"CASAS CROSAS, SL",hotel,False,547,,,solo_registre,,,,False,municipio
HB-002275,HOSTAL TERMES S.L.,Sitges,082704,Garraf,Carrer,de Rafael Termes i Junyent,9,08870,No aplica,24,12,B61510798,HOSTAL TERMES S.L.,hotel,False,442,,,solo_registre,,,,False,municipio
HB-002278,Ventura,Montcada i Reixac,081252,Vallès Occidental,Carrer,Àngel Guimerà,18,08110,No aplica,21,13,,,hotel,True,,,,solo_registre,,,,False,municipio
HB-002279,Oasis,Barcelona,080193,Barcelonès,Plaça,Pla del Palau,17,08003,2 estrelles,141,94,B58487570,HOSTELERIA GARM SL,hotel,False,334,41.38275271715371,2.184714161998721,codigo_registro,,,,False,coordenada
HB-002282,La Calma,Barcelona,080193,Barcelonès,Carrer,Lleona,8,08002,No aplica,14,8,B66811985,"BESTLOCATIONBARCELONA, SL",hotel,False,858,,,solo_registre,,,,False,municipio
HB-002286,Hostal Athenas,Sant Adrià de Besòs,081944,Barcelonès,Carrer,Andreu Soler,2,08930,No aplica,41,23,B63044051,"ABRAXAS EMPRESARIAL, SL",hotel,False,558,,,solo_registre,,,,False,municipio
HB-002351,Hostal Parellades,Sitges,082704,Garraf,Carrer,de les Parellades,11,08870,No aplica,12,8,,,hotel,True,,,,solo_registre,,,,False,municipio
HB-002354,Cornellà,Cornellà de Llobregat,080734,Baix Llobregat,Carretera,Esplugues,135,08940,No aplica,29,16,B61227146,"HOSTAL RESTAURANTE CORNELLA, SL",hotel,False,423,,,solo_registre,,,,False,municipio
HB-002357,Hostal Lesseps,Barcelona,080193,Barcelonès,Carrer,Gran de Gràcia,239,08012,No aplica,25,15,,,hotel,True,,,,solo_registre,,,,False,municipio
HB-002362,Terramar,Calella,080351,Maresme,Carrer,Diputació,38-50,08370,3 estrelles,389,210,B60619731,"Casneu, s.l.",hotel,False,397,,,solo_registre,,,,False,municipio
HB-002395,Ginebra,Barcelona,080193,Barcelonès,Rambla,Catalunya,1,08007,1 estrella,19,10,B65986556,"THE HAPPY TOURIST, SL",hotel,False,751,41.38754669720353,2.1680584693791247,codigo_registro,,,,False,coordenada
HB-002396,Hotel Sabiote,Pineda de Mar,081635,Maresme,Carrer,del Reverend Antoni Doltra,15,08397,1 estrella,52,26,B08873861,BUCH FAMILIA S.L.,hotel,False,231,,,solo_registre,,,,False,municipio
HB-002400,Galeón Pavillón,Sitges,082704,Garraf,Carrer,Sant Bartomeu,56,08870,3 estrelles,49,27,B08153595,"AMELL, SL",hotel,False,196,,,solo_registre,,,,False,municipio
HB-002403,Central,Sitges,082704,Garraf,Carrer,Sant Bartomeu,22,08870,1 estrella,45,23,B62559505,"HOTELES PINOCEL, SL",hotel,False,517,,,solo_registre,,,,False,municipio
HB-002406,Nitzs BCN,Barcelona,080193,Barcelonès,Carrer,Calella,1,08002,No aplica,17,12,B65097180,"DORMDENIT, SL",hotel,False,680,,,solo_registre,,,,False,municipio
HB-002459,Serrats,Malgrat de Mar,081108,Maresme,Carrer,Manuel de Falla,3,08380,No aplica,20,10,E61701694,"SERRATS TRIOLA, CB",hotel,False,970,,,solo_registre,,,,False,municipio
HB-002460,Wilson Boutique,Barcelona,080193,Barcelonès,Avinguda,Diagonal,568,08021,4 estrelles,95,52,A08238479,"PROMOCIONES TURISTICAS HOTELERAS, SA",hotel,False,23,41.39439716906904,2.150024939104464,codigo_registro,,,,False,coordenada
HB-002486,Pensió Torrent,Canet de Mar,080403,Maresme,Carrer,Cedró,21,08360,No aplica,36,18,,,hotel,True,,,,solo_registre,,,,False,municipio
HB-002490,Subur Maritim,Sitges,082704,Garraf,Passeig,Marítim,s/n,08870,4 estrelles,90,46,B58661463,GRUP MATAS ARNALOT S.L,hotel,False,342,,,solo_registre,,,,False,municipio
HB-002491,Hostal Sans,Barcelona,080193,Barcelonès,Carrer,Antoni de Capmany,82,08014,No aplica,144,85,A59934117,CAREPO SA,hotel,False,151,,,solo_registre,,,,False,municipio
HB-002532,Turín,Barcelona,080193,Barcelonès,Carrer,Pintor Fortuny,9,08001,3 estrelles,100,60,B62346622,CIVE EXPLOTACION HOTELERA,hotel,False,499,41.38310112516655,2.170178687546506,codigo_registro,,,,False,coordenada
HB-002534,Can Campa,Montornès del Vallès,081363,Vallès Oriental,Carrer,Onze de Setembre,51,08170,1 estrella,24,14,,,hotel,True,,,,solo_registre,,,,False,municipio
HB-002540,Hostal Olimpia,Castelldefels,080569,Baix Llobregat,Carrer,Doctor Ferran,34,08860,No aplica,14,7,,,hotel,True,,,,solo_registre,,,,False,municipio
HB-002546,Santema,Caldes d'Estrac,080327,Maresme,Carrer,Santema,11,08393,No aplica,26,15,,,hotel,True,,,,solo_registre,,,,False,municipio
HB-002568,Solfina,Palafolls,081555,Maresme,Carretera,Trencall Costa Brava,s/n,08389,No aplica,163,94,B58018888,"HOSTAL SOLFINA, SL",hotel,False,318,,,solo_registre,,,,False,municipio
HB-002593,Can Gil,Pineda de Mar,081635,Maresme,Carrer,Puntaires,9,08397,No aplica,38,20,,,hotel,True,,,,solo_registre,,,,False,municipio
HB-002597,Internacional,Calella,080351,Maresme,Carrer,Gaudí,2,08370,2 estrelles,228,120,A58479015,"HOTEL INTERNACIONAL CALELLA, S.L.",hotel,False,121,,,solo_registre,,,,False,municipio
HB-002599,Pensió Vallés,Malgrat de Mar,081108,Maresme,Avinguda,Barcelona (Darrera Hotel Tròpic Park),s/n,08380,No aplica,66,33,,,hotel,True,,,,solo_registre,,,,False,municipio
HB-002600,Lleida,Barcelona,080193,Barcelonès,Carrer,Còrsega,201,08036,No aplica,16,14,B61414199,"ROBLASMAR JEP, SL",hotel,False,434,,,solo_registre,,,,False,municipio
HB-002606,Balmoral,Barcelona,080193,Barcelonès,Via,Augusta,5,08006,4 estrelles,196,103,A08197386,"ESVO, SA",hotel,False,17,41.396207183479504,2.155190161506966,codigo_registro,,,,False,coordenada
HB-002608,Alberdi,Barcelona,080193,Barcelonès,Carrer,Torrent de l' Olla,95,08012,No aplica,16,14,,,hotel,True,,,,solo_registre,,,,False,municipio
HB-002619,Lausanne,Barcelona,080193,Barcelonès,Avinguda,Portal de l'Àngel,24,08002,No aplica,24,17,,,hotel,True,,,,solo_registre,,,,False,municipio
HB-002644,Marina Folch,Barcelona,080193,Barcelonès,Carrer,Mar,16,08003,1 estrella,19,10,B60780459,Marina Folch S.L,hotel,False,404,41.380819068069954,2.1874895443653903,codigo_registro,,,,False,coordenada
HB-002650,Hostal Can Feliu,Santa Susanna,082613,Maresme,Carretera,N-II,"KM 672,5",08398,No aplica,39,20,A08243354,"SALLISERT, SA",hotel,False,27,,,solo_registre,,,,False,municipio
HB-002661,Bon Repòs,Calella,080351,Maresme,Carrer,Vallderoure,17-23,08370,3 estrelles,420,210,A08230245,"FREIXENAL, SA",hotel,False,20,,,solo_registre,,,,False,municipio
HB-002662,Hostal La Terrassa,Barcelona,080193,Barcelonès,Carrer,Junta del Comerç,11,08001,No aplica,64,42,A58741547,"S3G 111, SA",hotel,False,128,,,solo_registre,,,,False,municipio
HB-002670,Ribes Roges,Vilanova i la Geltrú,083073,Garraf,Carrer,Joan d'Àustria,7,08800,2 estrelles,24,12,,,hotel,True,,,,solo_registre,,,,False,municipio
HB-002693,Centro,Sant Feliu de Llobregat,082114,Baix Llobregat,Carrer,Laureà Miró,182,08980,2 estrelles,49,28,B60594793,"FISA I FILLS, SL",hotel,False,396,,,solo_registre,,,,False,municipio
HB-002694,Hostal Cèntric,Barcelona,080193,Barcelonès,Carrer,Casanova,13,08011,No aplica,52,24,B61659595,"CASANOVA 13, S.L.",hotel,False,451,,,solo_registre,,,,False,municipio
HB-002714,Hamsa House Hotel,Barcelona,080193,Barcelonès,Carrer,Nou de Zurbano,4,08002,No aplica,39,29,B66741547,"ROYAL PLAZA BARCELONA, S.L.",hotel,False,853,,,solo_registre,,,,False,municipio
HB-002721,Hostal Hill,Barcelona,080193,Barcelonès,Carrer,Provença,323,08037,No aplica,12,8,B61456232,"CIENTO UN AÑOS CAMPANY, SL",hotel,False,438,,,solo_registre,,,,False,municipio
HB-002726,Del Mar,Barcelona,080193,Barcelonès,Plaça,Pla de Palau,19,08003,3 estrelles,142,72,A08800971,CERTU SA,hotel,False,61,41.38209877451946,2.184042806145207,codigo_registro,,,,False,coordenada
HB-002733,U232,Barcelona,080193,Barcelonès,Carrer,Comte Urgell,232,08036,4 estrelles,186,102,B08236127,"Josel, SLU",hotel,False,205,41.389552632018436,2.1490560076474603,codigo_registro,,,,False,coordenada
HB-002741,Teruel,Barcelona,080193,Barcelonès,Plaça,Bonsuccés,6,08001,No aplica,13,8,,,hotel,True,,,,solo_registre,,,,False,municipio
HB-002743,Fonda Huix,Sabadell,081878,Vallès Occidental,Carrer,Sant Maties,135,08208,No aplica,32,19,B21815311,SORES GESTIONA 2025 S.L.,hotel,False,274,,,solo_registre,,,,False,municipio
HB-002753,HOTEL 139,Castelldefels,080569,Baix Llobregat,Passeig,de la Marina,139,08860,1 estrella,23,16,B63943971,TRAVEL RENTING SL,hotel,False,616,,,solo_registre,,,,False,municipio
HB-002757,H Top Amaika,Calella,080351,Maresme,Carrer,Diputació,2,08370,4 estrelles superior,448,228,B65445348,"BYHTOPHOTELSGROUP, S.L.",hotel,False,704,,,solo_registre,,,,False,municipio
HB-002775,Hostal Barcelona,Barcelona,080193,Barcelonès,Carrer,Roser,40,08004,No aplica,72,58,G61343497,"HITA NAVAL, SCP",hotel,False,986,,,solo_registre,,,,False,municipio
HB-002794,Derby,Barcelona,080193,Barcelonès,Carrer,Loreto,21,08029,4 estrelles,212,117,A08153173,"ESCATRI, S.A",hotel,False,15,41.38980186410714,2.141985641711951,codigo_registro,,,,False,coordenada
HB-002801,El Colorado,Castelldefels,080569,Baix Llobregat,Carrer,Doctor Fleming,13,08860,No aplica,10,6,,,hotel,True,,,,solo_registre,,,,False,municipio
HB-002812,HOTEL CHECKIN CATALONIA,Calella,080351,Maresme,Carrer,Sant Jaume,42-50,08370,3 estrelles,246,130,B72693963,"HOTELES REUNIDOS DE CALELLA, S.L.",hotel,False,929,,,solo_registre,,,,False,municipio
HB-002813,Continental,Calella,080351,Maresme,Carrer,Cervantes,101,08370,2 estrelles,287,147,A08803108,"DANEPI, SA",hotel,False,62,,,solo_registre,,,,False,municipio
HB-002816,Cantón,Barcelona,080193,Barcelonès,Carrer,Nou de Sant Francesc,40,08002,1 estrella,80,47,B65416992,"HOTEL CANTON,S.L.",hotel,False,699,41.3785383572826,2.1780663307951977,codigo_registro,,,,False,coordenada
HB-002835,Laforja,Barcelona,080193,Barcelonès,Carrer,Laforja,63,08021,No aplica,7,4,,,hotel,True,,,,solo_registre,,,,False,municipio
HB-002836,Renaissance,Barcelona,080193,Barcelonès,Carrer,Pau Claris,122,08009,5 estrelles,422,211,B86858602,"QFI DIPLOMATIC SPAIN, S.L.U.",hotel,False,950,41.39278915746396,2.167276383207326,codigo_registro,,,,False,coordenada
HB-002846,Galícia,Cardedeu,080462,Vallès Oriental,Carrer,Riera,27,08440,No aplica,26,19,,,hotel,True,,,,solo_registre,,,,False,municipio
HB-002851,RIO DE CASTRO,Barcelona,080193,Barcelonès,Avinguda,del Paral·lel,119,08004,No aplica,15,12,,,hotel,True,,,,solo_registre,,,,False,municipio
HB-002875,Aris,Barcelona,080193,Barcelonès,Carrer,Fontanella,14,08010,No aplica,11,6,,,hotel,True,,,,solo_registre,,,,False,municipio
HB-002891,Acci,Santa Coloma de Gramenet,082457,Barcelonès,Carrer,Bruc,1-3,08922,No aplica,24,17,,,hotel,True,,,,solo_registre,,,,False,municipio
HB-002895,Elkano,Barcelona,080193,Barcelonès,Carrer,Elkano,78,08004,No aplica,24,14,,,hotel,True,,,,solo_registre,,,,False,municipio
HB-002907,Hostal Conde Guell,Barcelona,080193,Barcelonès,Carrer,Comte de Güell,32,08028,No aplica,30,18,A66081035,HOTELES BESTPRICE SA,hotel,False,164,,,solo_registre,,,,False,municipio
HB-002912,Ramblas Barcelona,Barcelona,080193,Barcelonès,Carrer,Rambla,33,08002,3 estrelles,159,88,B64989098,"RAMBLAS PILAR HOTELES, S.L.",hotel,False,669,41.379049614922494,2.1748916125123254,codigo_registro,,,,False,coordenada
HB-002927,HOTEL BRICK (antigo Hotel Climent),Barcelona,080193,Barcelonès,Gran Via,de les Corts Catalanes,304,08004,1 estrella,56,35,B62601265,VITA PROJECTS SL,hotel,False,522,,,solo_registre,,,,False,municipio
HB-002935,Hostal Ballestero,Barcelona,080193,Barcelonès,Carrer,Manuel Sancho,2,08016,No aplica,34,26,J61624706,HOSTAL BALLESTERO,hotel,False,1004,,,solo_registre,,,,False,municipio
HB-002941,Summer Hotel,Calella,080351,Maresme,Carrer,Montnegre,15,08370,4 estrelles,143,74,B61449542,ECOHOTELS GESTIÓ SL,hotel,False,436,,,solo_registre,,,,False,municipio
HB-002952,KAKTUS PLAYA,Calella,080351,Maresme,Carrer,GAUDI,12,08370,5 estrelles,402,201,A58470022,"KAKTUS PLAYA, S.A.",hotel,False,120,,,solo_registre,,,,False,municipio
HB-002956,MUMM BY PILLOW,Vilanova i la Geltrú,083073,Garraf,Passeig,Marítim,88,08800,2 estrelles,24,12,B67126904,"PILLOW VILANOVA HOTEL,S.L.",hotel,False,886,,,solo_registre,,,,False,municipio
HB-002961,Mozart,Barcelona,080193,Barcelonès,Carrer,Mozart,15,08012,No aplica,19,15,,,hotel,True,,,,solo_registre,,,,False,municipio
HB-002962,Casa Maria,Mollet del Vallès,081249,Vallès Oriental,Carrer,Francesc Macià,67,08100,No aplica,9,7,,,hotel,True,,,,solo_registre,,,,False,municipio
HB-002964,PEDRO III EL GRANDE,Vilafranca del Penedès,083054,Alt Penedès,Plaça,PENEDES,2,08720,3 estrelles,96,51,B66980533,PERE III PENEDES S.L.,hotel,False,870,,,solo_registre,,,,False,municipio
HB-002976,Hotel Alhambra,Santa Susanna,082613,Maresme,Avinguda,del Mar,19,08398,4 estrelles,379,216,A08230286,"SUSANNA, S.A.",hotel,False,22,,,solo_registre,,,,False,municipio
HB-002987,Piccadilly,Sitges,082704,Garraf,Carrer,Espalter,29,08870,3 estrelles,48,28,B60633054,"PICELTUR, S.L.",hotel,False,399,,,solo_registre,,,,False,municipio
HB-002998,Ca La Maria,Tordera,082845,Maresme,Barri,Sant Daniel,99,08490,No aplica,72,36,B59634451,"CA LA MARIA, SL",hotel,False,364,,,solo_registre,,,,False,municipio
HB-003022,Coll,Calella,080351,Maresme,Carrer,Sant Isidre,54,08370,No aplica,10,6,,,hotel,True,,,,solo_registre,,,,False,municipio
HB-003049,Hostal Ramos,Barcelona,080193,Barcelonès,Carrer,Hospital,36,08001,No aplica,43,29,,,hotel,True,,,,solo_registre,,,,False,municipio
HB-003052,Alpí,Granollers,080961,Vallès Oriental,Carrer,Álvarez de Castro,34,08402,No aplica,29,22,J08994196,"PENSIÓ ALPÍ, SCP",hotel,False,994,,,solo_registre,,,,False,municipio
HB-003055,Villa Romero,Granollers,080961,Vallès Oriental,Carretera,Masnou,95,08402,1 estrella,57,30,B62945696,"HOTEL RESIDENCIAL VALLÈS, SL",hotel,False,543,,,solo_registre,,,,False,municipio
HB-003061,Galícia,Canovelles,080410,Vallès Oriental,Carrer,Riera,69,08420,No aplica,20,16,J65981847,"BAR PENSIÓN GALICIA, SCP",hotel,False,1031,,,solo_registre,,,,False,municipio
HB-003063,Turó de l'Home,Santa Maria de Palautordera,082592,Vallès Oriental,Plaça,Major,6,08460,1 estrella,14,8,B61837142,"FONDA HOSTAL TURO DE L' HOME, SL",hotel,False,463,,,solo_registre,,,,False,municipio
HB-003065,LA SANTA MARIA,Sitges,082704,Garraf,Passeig,de la Ribera,52,08870,3 estrelles,62,36,B43666775,Alberts Restauracio S.L.,hotel,False,292,,,solo_registre,,,,False,municipio
HB-003069,Rosita,"Prat de Llobregat, el",081691,Baix Llobregat,Carrer,Gaiter del Llobregat,34,08820,No aplica,18,12,,,hotel,True,,,,solo_registre,,,,False,municipio
HB-003071,CARLOS III,"Prat de Llobregat, el",081691,Baix Llobregat,Carrer,Enric Borràs,50,08820,No aplica,29,18,,,hotel,True,,,,solo_registre,,,,False,municipio
HB-003078,Peiró,Barcelona,080193,Barcelonès,Carrer,Lafont,1-3,08004,No aplica,19,16,,,hotel,True,,,,solo_registre,,,,False,municipio
HB-003092,HOTEL IBERSOL ANTEMARE,Sitges,082704,Garraf,Carrer,d' Enric Morera,16,08870,4 estrelles,223,117,B64515695,"Che Prendi, S.L",hotel,False,645,,,solo_registre,,,,False,municipio
HB-003103,Hostal Els Avets,Sant Celoni,082021,Vallès Oriental,Carrer,Major,63,08470,No aplica,6,4,G59101659,"RESTAURANT ELS AVETS, SCP",hotel,False,983,,,solo_registre,,,,False,municipio
HB-003104,Hostal Bonanza,Sitges,082704,Garraf,Plaça,Doctor Robert,2,08870,No aplica,10,6,G59346650,"HOSTAL BONANZA, SCP",hotel,False,984,,,solo_registre,,,,False,municipio
HB-003116,Casablanca,Barcelona,080193,Barcelonès,Via,Laietana,23,08003,No aplica,14,8,E65475089,"PENSION CASABLANCA, CB",hotel,False,976,,,solo_registre,,,,False,municipio
HB-003122,Illa Cristina,Mataró,081213,Maresme,Plaça,Illa Cristina,1,08303,No aplica,22,12,B66114943,"ESTANCIAS MATARÓ, SL",hotel,False,772,,,solo_registre,,,,False,municipio
HB-003125,HOTEL RIVIERA,Santa Susanna,082613,Maresme,Avinguda,Mar,21,08398,4 estrelles,483,249,A17013731,OREGON SA,hotel,False,76,,,solo_registre,,,,False,municipio
HB-003141,"MY HABITUAL, SL",Malgrat de Mar,081108,Maresme,Carrer,de Mallorca,39,08380,No aplica,49,24,B67062141,My Habitual SL,hotel,False,878,,,solo_registre,,,,False,municipio
HB-003147,Brustar Gòtic,Barcelona,080193,Barcelonès,Ronda,Sant Pere,53,08010,No aplica,9,5,B65632945,"BRUSTARR ENSUITE LODGING, S.L.",hotel,False,716,,,solo_registre,,,,False,municipio
HB-003154,Peninsular,Barcelona,080193,Barcelonès,Carrer,Sant Pau,34,08001,1 estrella,100,59,A58335464,"HERR-CAT, SA",hotel,False,108,41.37962578754925,2.1725113181323525,codigo_registro,,,,False,coordenada
HB-003184,Mar Blau,Calella,080351,Maresme,Avinguda,Valldebanador,23,08370,3 estrelles,440,220,A08241929,"PLANURIA, S.A.",hotel,False,26,,,solo_registre,,,,False,municipio
HB-003201,Calella Park,Calella,080351,Maresme,Carrer,Jovara,257,08370,3 estrelles,103,54,B59785915,"GESTORA Y ADMINISTRADORA DE HOTELES, SL",hotel,False,368,,,solo_registre,,,,False,municipio
HB-003214,Esplai,Calella,080351,Maresme,Carrer,Ramón y Cajal,2-16,08370,3 estrelles,372,198,A08239683,"CORISA, SA",hotel,False,24,,,solo_registre,,,,False,municipio
HB-003216,Solvi,Vilanova i la Geltrú,083073,Garraf,Passeig,Ribes Roges,1,08800,2 estrelles,58,29,B65580037,"VISTAS VILANOVAMAR, SL",hotel,False,712,,,solo_registre,,,,False,municipio
HB-003221,Luna Park,Malgrat de Mar,081108,Maresme,Carrer,Cristobal Colon,12,08380,3 estrelles,281,144,B60506177,HOLU S.L.,hotel,False,394,,,solo_registre,,,,False,municipio
HB-003226,President,Calella,080351,Maresme,Carrer,Valldebanador,37,08370,3 estrelles,609,315,A08249393,CABASPRE SA,hotel,False,28,,,solo_registre,,,,False,municipio
HB-003231,Reymar,Malgrat de Mar,081108,Maresme,Passeig,Marítim,s/n,08380,3 estrelles,395,222,A08230252,"Mavian, SA",hotel,False,21,,,solo_registre,,,,False,municipio
HB-003233,Paradis Park,Pineda de Mar,081635,Maresme,Rambla,Catalunya,40,08397,3 estrelles,87,44,A08335135,HOTELES TURISTICOS SA,hotel,False,37,,,solo_registre,,,,False,municipio
HB-003249,Europark,Barcelona,080193,Barcelonès,Carrer,Aragó 323-325,323,08009,3 estrelles,197,105,B08214595,"EUROPARK, SL",hotel,False,204,41.39633228550639,2.170125055518385,codigo_registro,,,,False,coordenada
HB-003250,Mari Luz Eva,Barcelona,080193,Barcelonès,Carrer,Palau,4,08002,No aplica,18,13,B62868781,"PEIRO HOTELS, S.L. - C.UNIO, 20 - BARCELONA",hotel,False,536,,,solo_registre,,,,False,municipio
HB-003252,Paseo de Gracia,Barcelona,080193,Barcelonès,Passeig,Gràcia,102,08008,1 estrella,62,33,,,hotel,True,,41.39575189818473,2.1610230318551493,codigo_registro,,,,False,coordenada
HB-003272,ARENAS ATIRAM HOTEL,Barcelona,080193,Barcelonès,Carrer,del Capità Arenas,20,08034,4 estrelles,110,59,A08796518,LIHSA HOTELES SA,hotel,False,60,41.390447951286205,2.1262550338590867,codigo_registro,,,,False,coordenada
HB-003276,Volga,Calella,080351,Maresme,Carrer,Jovara,350,08370,4 estrelles,305,164,A08264657,"KAPOLBA, S.A.",hotel,False,31,,,solo_registre,,,,False,municipio
HB-003292,Hostal Drassanes,Barcelona,080193,Barcelonès,Carrer,Ample,7,08002,No aplica,20,13,,,hotel,True,,,,solo_registre,,,,False,municipio
HB-003293,Santa Susanna Resort,Santa Susanna,082613,Maresme,Carretera,N-II,KM 673,08398,3 estrelles,406,215,B62582358,"MARESME HOLLIDAYS, SL",hotel,False,518,,,solo_registre,,,,False,municipio
HB-003296,Bonanova Park,Barcelona,080193,Barcelonès,Carrer,Capità Arenas,51,08034,2 estrelles,102,60,B63031959,HOTEL BONANOVA PARK,hotel,False,554,41.393100552641435,2.1247964347068975,codigo_registro,,,,False,coordenada
HB-003303,H TOP CALELLA PALACE,Calella,080351,Maresme,Carrer,de Maria Cardona,10-40,08370,4 estrelles superior,671,339,B17943168,VEFOS MANAGEMENT SL,hotel,False,268,,,solo_registre,,,,False,municipio
HB-003304,Checkin Pineda,Pineda de Mar,081635,Maresme,Carrer,Església,76,08397,3 estrelles,305,157,B66458191,CHECKIN PINEDA S.L.,hotel,False,817,,,solo_registre,,,,False,municipio
HB-003305,H Top Olympic,Calella,080351,Maresme,Carrer,Benavente,s/n,08370,3 estrelles,1022,517,B17528068,PROYECTO EMPRESARIAL TENA SL,hotel,False,259,,,solo_registre,,,,False,municipio
HB-003319,Hostal la Lluna,Arenys de Mar,080060,Maresme,Carrer,Avall,52,08350,No aplica,17,10,B64559941,"HOSTAL LA LLUNA D'ARENYS, SL",hotel,False,647,,,solo_registre,,,,False,municipio
HB-003321,Hostal Univers,Calella,080351,Maresme,Carrer,Sant Jaume,219 Bis,08370,No aplica,50,25,,,hotel,True,,,,solo_registre,,,,False,municipio
HB-003322,Hostal El Pescador,Badalona,080155,Barcelonès,Carrer,Eduard Maristany,87,08912,No aplica,22,14,,,hotel,True,,,,solo_registre,,,,False,municipio
HB-003324,Siles,"Prat de Llobregat, el",081691,Baix Llobregat,Carretera,Aviació,34,08820,No aplica,43,29,J63192371,"HOSTAL CAL SILES, SCP",hotel,False,1007,,,solo_registre,,,,False,municipio
HB-003336,Hostal River,Barcelona,080193,Barcelonès,Carrer,Sant Pau,15,08001,No aplica,35,24,,,hotel,True,,,,solo_registre,,,,False,municipio
HB-003342,Mercure Barcelona Condor,Barcelona,080193,Barcelonès,Via,AUGUSTA,127,08006,4 estrelles,169,78,B66544511,GESCONDOR 2015 SL,hotel,False,827,41.400007976119575,2.145241473761365,codigo_registro,,,,False,coordenada
HB-003347,L'Avet Blau,Fogars de Montclús,080811,Vallès Oriental,Carretera,Sant Celoni-Sant Marçal,KM 21,08470,No aplica,18,9,J58501305,"DISSOL, S.C.P.",hotel,False,997,,,solo_registre,,,,False,municipio
HB-003356,Sant Antoni Hostal - Sustainable tourism,Barcelona,080193,Barcelonès,Carrer,de Villarroel,47,08011,No aplica,16,10,B65935553,tourism click online slu,hotel,False,744,,,solo_registre,,,,False,municipio
HB-003364,AC Victoria Suites,Barcelona,080193,Barcelonès,Carrer,Beltrán i Rózpide,7-9,08034,4 estrelles,122,58,B08155236,INMOBILIARIA Y PROYECTOS SL,hotel,False,197,41.38920413619536,2.121442473186611,codigo_registro,,,,False,coordenada
HB-003368,Amaraigua,Malgrat de Mar,081108,Maresme,Passeig,Pins,7,08380,4 estrelles,165,88,B61449542,ECOHOTELS GESTIÓ SL,hotel,False,436,,,solo_registre,,,,False,municipio
HB-003372,Solifemar,Castelldefels,080569,Baix Llobregat,Passeig,Marítim,38-42,08860,2 estrelles,88,44,B65004483,"APARTAMENTOS SOLIFEMAR, S.L.",hotel,False,673,,,solo_registre,,,,False,municipio
HB-003375,Bar Pensió Cerdanyola,Cerdanyola del Vallès,082665,Vallès Occidental,Carrer,Nord,3,08290,No aplica,12,9,,,hotel,True,,,,solo_registre,,,,False,municipio
HB-003376,Portbou,Barcelona,080193,Barcelonès,Carrer,Comerç,29,08003,No aplica,9,6,,,hotel,True,,,,solo_registre,,,,False,municipio
HB-003387,Europa Splash,Malgrat de Mar,081108,Maresme,Passeig,Marítim,76,08380,4 estrelles superior,258,137,B65803694,"PERA FINTAX, SL",hotel,False,728,,,solo_registre,,,,False,municipio
HB-003391,Fàtima,Granollers,080961,Vallès Oriental,Carretera,Caldes,40,08403,No aplica,57,38,B64078181,"PENSIO FATIMA, SL",hotel,False,622,,,solo_registre,,,,False,municipio
HB-003398,Gatell,Vilanova i la Geltrú,083073,Garraf,Carrer,Puigcerdà,12-16,08800,1 estrella,81,60,B65994014,INVER OLD 2013 SL,hotel,False,753,,,solo_registre,,,,False,municipio
HB-003405,Miño,Castelldefels,080569,Baix Llobregat,Passeig,Pins,11,08860,1 estrella,36,18,,,hotel,True,,,,solo_registre,,,,False,municipio
HB-003411,Alba,Barcelona,080193,Barcelonès,Carrer,Hospital,83,08001,3 estrelles,20,14,A61401758,"AFLOTE DE ROFLES, SA",hotel,False,157,41.38031962918608,2.1700623712630063,codigo_registro,,,,False,coordenada
HB-003420,El Mesón,Badalona,080155,Barcelonès,Carrer,Víctor Balaguer,23,08910,No aplica,21,15,,,hotel,True,,,,solo_registre,,,,False,municipio
HB-003443,Coronado,Barcelona,080193,Barcelonès,Carrer,Nou de la Rambla,134,08004,1 estrella,60,30,,,hotel,True,,41.373383475582244,2.1682419408357427,codigo_registro,,,,False,coordenada
HB-003451,Hostal Barcelona Rambla,Barcelona,080193,Barcelonès,Carrer,Nou de la Rambla,50,08001,No aplica,42,29,,,hotel,True,,,,solo_registre,,,,False,municipio
HB-003463,Melià Barcelona,Barcelona,080193,Barcelonès,Avinguda,Sarrià,50,08029,5 estrelles,642,333,A78304516,MELIA HOTELS INTERNACIONAL SA,hotel,False,166,41.391069780547305,2.1420082494613,codigo_registro,,,,False,coordenada
HB-003468,Iris,Malgrat de Mar,081108,Maresme,Carrer,Sant Esteve,84,08380,1 estrella,24,12,B61005039,"ALBOCORA 96, SL",hotel,False,413,,,solo_registre,,,,False,municipio
HB-003479,Hostal Bell Sol,Pineda de Mar,081635,Maresme,Passeig,Marítim,46,08397,No aplica,30,15,E58131301,"BELL-SOL DE A Y S TRIAS, CB",hotel,False,966,,,solo_registre,,,,False,municipio
HB-003487,HOTEL SOFIA,Barcelona,080193,Barcelonès,Plaça,de Pius XII,4,08034,Gran luxe,869,466,B96762166,"HOTEL SOFIA BARCELONA OPCO, S.L",hotel,False,962,41.38655957403626,2.123127261001395,codigo_registro,,,,False,coordenada
HB-003505,Xurin,Cardedeu,080462,Vallès Oriental,Avinguda,Rei en Jaume,4,08440,3 estrelles,55,30,B60242252,"HOTEL XURIN, SL",hotel,False,383,,,solo_registre,,,,False,municipio
HB-003542,NH Sants Barcelona,Barcelona,080193,Barcelonès,Carrer,Numància,72-74,08029,4 estrelles,347,203,B58511882,NH HOTELES ESPAÑA S.A.  ( Hotel NH BARCELONA CENTRO ),hotel,False,336,41.384607363201255,2.13783478351816,codigo_registro,,,,False,coordenada
HB-003566,Nou Raval,Barcelona,080193,Barcelonès,Carrer,Hospital,107,08001,No aplica,30,21,,,hotel,True,,,,solo_registre,,,,False,municipio
HB-003580,MOXY BARCELONA,Barcelona,080193,Barcelonès,Carrer,MALLORCA,1-23,08014,4 estrelles,804,414,B08404386,"EXPLOTACION HOTELERA EXPO, S.L.",hotel,False,212,41.379211046363714,2.142944885907326,codigo_registro,,,,False,coordenada
HB-003614,Bellaterra,Cerdanyola del Vallès,082665,Vallès Occidental,Carretera,AP 7 Àrea de Bellaterra,KM 151,08290,3 estrelles,232,116,A08225013,AREAS SAU,hotel,False,18,,,solo_registre,,,,False,municipio
HB-003629,HOTEL OASIS PARK SPLASH,Calella,080351,Maresme,Carrer,MONTNEGRE,54,08370,4 estrelles,422,208,B17017062,"HOTEL KENT, S.L.",hotel,False,255,,,solo_registre,,,,False,municipio
HB-003636,Espalter,Sitges,082704,Garraf,Carrer,Espalter,11,08870,No aplica,32,16,,,hotel,True,,,,solo_registre,,,,False,municipio
HB-003643,Alguer Nou,Barcelona,080193,Barcelonès,Passatge,Pere Rodríguez,20,08028,2 estrelles,59,33,B66649682,HotelAlguer Campnou S.L.U,hotel,False,840,41.37706938368696,2.117890985340077,codigo_registro,,,,False,coordenada
HB-003651,Balmes,Cornellà de Llobregat,080734,Baix Llobregat,Carrer,Martí i Julià,32,08940,No aplica,30,18,,,hotel,True,,,,solo_registre,,,,False,municipio
HB-003653,Residència Rovira,Vilafranca del Penedès,083054,Alt Penedès,Carrer,Marquès d'Alfarràs,19,08720,No aplica,18,12,,,hotel,True,,,,solo_registre,,,,False,municipio
HB-003657,Som Nit Triomf,Barcelona,080193,Barcelonès,Carrer,Trafalgar,39,08010,No aplica,19,11,B65973042,CHECK-IN BORN SL,hotel,False,750,,,solo_registre,,,,False,municipio
HB-003660,Sant Jordi,Cubelles,080749,Garraf,Carrer,Doctor Fleming,16,08880,1 estrella,36,21,G63556252,"GERMANS BELLIDO PONS 2004, SCP",hotel,False,992,,,solo_registre,,,,False,municipio
HB-003662,Miami,Barcelona,080193,Barcelonès,Carrer,Verge,16,08001,No aplica,59,38,B08676090,"HOTELES MIAMI, SL",hotel,False,217,,,solo_registre,,,,False,municipio
HB-003666,NH Les Corts,Barcelona,080193,Barcelonès,Travessera,Corts,292,08029,3 estrelles,155,81,B58511882,NH HOTELES ESPAÑA S.A.  ( Hotel NH BARCELONA CENTRO ),hotel,False,336,41.38753095003239,2.1365081765209517,codigo_registro,,,,False,coordenada
HB-003669,Hostal Baires,Barcelona,080193,Barcelonès,Carrer,Avinyó,37,08002,No aplica,26,17,B66653544,"ALOJAMIENTO EN BARCELONA BAIRES, SL",hotel,False,843,,,solo_registre,,,,False,municipio
HB-003673,Bèjar,Barcelona,080193,Barcelonès,Carrer,Béjar,36-38,08014,No aplica,10,7,,,hotel,True,,,,solo_registre,,,,False,municipio
HB-003687,Eurostars Mitre,Barcelona,080193,Barcelonès,Carrer,Bertran,9-15,08023,3 estrelles,105,57,B61935508,"QUIMERAL HOTELES, SL",hotel,False,472,41.4050416681033,2.1406069958015874,codigo_registro,,,,False,coordenada
HB-003690,Iris,Granollers,080961,Vallès Oriental,Avinguda,Sant Esteve,92,08400,3 estrelles,79,53,,,hotel,True,,,,solo_registre,,,,False,municipio
HB-003693,San Ramón,Barcelona,080193,Barcelonès,Carrer,Sant Ramon,15,08001,No aplica,50,30,,,hotel,True,,,,solo_registre,,,,False,municipio
HB-003712,Augusta,Barcelona,080193,Barcelonès,Carrer,Lincoln,32-34,08006,3 estrelles,90,30,A08747826,"AJHORY PARA TURISMO E INVERSIONES, SA",hotel,False,58,41.401593311527144,2.148305485811022,codigo_registro,,,,False,coordenada
HB-003714,HOTEL LA CARTOIXA,Fogars de Montclús,080811,Vallès Oriental,Carretera,de Palautordera/Seva,PK 9.2,08479,No aplica,28,15,,,hotel,True,,,,solo_registre,,,,False,municipio
HB-003726,Romay,Barcelona,080193,Barcelonès,Carrer,Avinyó,58,08002,No aplica,15,9,,,hotel,True,,,,solo_registre,,,,False,municipio
HB-003728,HOTEL CASA TEVA,Barcelona,080193,Barcelonès,Carrer,del Marquès de Barberà,22,08001,1 estrella,86,54,B72979404,SALOMON 1965 HOSPITALITY HOLDING S.L.,hotel,False,932,41.37781081503087,2.1715572901434474,codigo_registro,,,,False,coordenada
HB-003731,Alegria Mar Mediterània,Santa Susanna,082613,Maresme,Passeig,Marítim,s/n,08398,4 estrelles superior,236,128,B08516973,"SOLVASA, S.L.",hotel,False,215,,,solo_registre,,,,False,municipio
HB-003739,Casa Paco,Santa Margarida i els Monjos,082515,Alt Penedès,Carretera,Cal Rubió,36,08730,No aplica,24,12,B59595546,"FRAMACOR, SL",hotel,False,363,,,solo_registre,,,,False,municipio
HB-003748,Canadiense,Barcelona,080193,Barcelonès,Baixada,Sant Miquel,1,08002,No aplica,15,8,,,hotel,True,,,,solo_registre,,,,False,municipio
HB-003751,Gran Derby,Barcelona,080193,Barcelonès,Carrer,Loreto,28,08029,4 estrelles,86,43,A08687477,"UNION BATRIO, SA",hotel,False,55,41.39004905469853,2.1422574919190187,codigo_registro,,,,False,coordenada
HB-003753,Lorenzo,Terrassa,082798,Vallès Occidental,Carrer,Girona,199,08226,No aplica,12,7,,,hotel,True,,,,solo_registre,,,,False,municipio
HB-003754,Catalonia Mikado,Barcelona,080193,Barcelonès,Passeig,Bonanova,58,08017,3 estrelles,134,68,A08367898,"MIKADO, SA",hotel,False,38,41.40324278618563,2.1271274360697046,codigo_registro,,,,False,coordenada
HB-003757,Catalonia Park Putxet,Barcelona,080193,Barcelonès,Carrer,Putxet,68-74,08023,4 estrelles,288,152,A08368094,PROMOTORA PUTXET S.L.,hotel,False,39,41.407366339470634,2.144194750525623,codigo_registro,,,,False,coordenada
HB-003761,Racó d'en Pepe,Calella,080351,Maresme,Carrer,Vallderoure,33,08370,2 estrelles,104,56,B59122523,"RACÓ D'EN PEPE, SL",hotel,False,351,,,solo_registre,,,,False,municipio
HB-003762,Medium Renaixença,Sitges,082704,Garraf,Carrer,Illa de Cuba,13,08870,1 estrella,16,8,B61337838,"JOSEP MANUEL VENDRELL, SL",hotel,False,430,,,solo_registre,,,,False,municipio
HB-003766,Madrazo,Barcelona,080193,Barcelonès,Carrer,Madrazo,103,08021,No aplica,15,8,,,hotel,True,,,,solo_registre,,,,False,municipio
HB-003771,L'Ou de Reig,Fogars de Montclús,080811,Vallès Oriental,Carretera,Palautordera-Montseny,"KM 11,2",08479,No aplica,13,7,,,hotel,True,,,,solo_registre,,,,False,municipio
HB-003773,Mitus,Canet de Mar,080403,Maresme,Torrent,la Torre,20,08360,1 estrella,21,12,B60644564,"PENSION MITUS, SL",hotel,False,400,,,solo_registre,,,,False,municipio
HB-003775,Pekinaire,Calella,080351,Maresme,Carrer,Colom,57,08370,No aplica,30,18,,,hotel,True,,,,solo_registre,,,,False,municipio
HB-003777,Limehome,Barcelona,080193,Barcelonès,Carrer,de Fontcoberta,4,08034,3 estrelles,53,30,B01609304,LIMEHOME SPAIN S.L.U.,hotel,False,177,,,solo_registre,,,,False,municipio
HB-003778,LA PREMSA,Arenys de Mar,080060,Maresme,Carrer,ESCOLÀPIES,4,08350,No aplica,15,10,B09920331,TURISMO Y SERVICIOS DEL MARESME SL,hotel,False,237,,,solo_registre,,,,False,municipio
HB-003779,Liberty,Sitges,082704,Garraf,Carrer,Illa de Cuba,45,08870,2 estrelles,28,14,B61796454,"LIBERTY SITGES, SL",hotel,False,456,,,solo_registre,,,,False,municipio
HB-003781,Barcelona Gotic,Barcelona,080193,Barcelonès,Carrer,Avinyó,42,08002,No aplica,48,28,B61653044,"HOSTAL AVINYÓ, SL",hotel,False,450,,,solo_registre,,,,False,municipio
HB-003785,Catalonia Castellnou,Barcelona,080193,Barcelonès,Carrer,Castellnou,61,08017,3 estrelles,59,49,B08193534,FREMAN S.L.,hotel,False,202,41.39649229975706,2.1286346704476555,codigo_registro,,,,False,coordenada
HB-003790,Catalonia Park Güell,Barcelona,080193,Barcelonès,Carrer,Mare de Déu del Coll,10,08023,3 estrelles,254,141,A08251613,"VACOR, SA",hotel,False,29,41.41436217194459,2.1448197221746903,codigo_registro,,,,False,coordenada
HB-003791,Catalonia Sagrada Família,Barcelona,080193,Barcelonès,Carrer,"Aragó, 569 bis-579",569 Bis,08026,3 estrelles,337,205,A08283061,"MACANA, S.A.",hotel,False,33,41.40753200245415,2.184991910728208,codigo_registro,,,,False,coordenada
HB-003795,Catalonia Barcelona 505,Barcelona,080193,Barcelonès,Carrer,Muntaner,505,08022,4 estrelles,192,115,B58227877,DUQUES DE BERGARA S.L.U,hotel,False,323,41.4032807207347,2.1372619507525354,codigo_registro,,,,False,coordenada
HB-003797,MONUMENT HOTEL,Barcelona,080193,Barcelonès,Passeig,DE GRACIA,75,08008,Gran luxe,210,109,B66516931,"HOTEL MONUMENT BARCELONA 2015, SL",hotel,False,824,41.39394824496016,2.1622319089518474,codigo_registro,,,,False,coordenada
HB-003800,Barcelona City Seven,Barcelona,080193,Barcelonès,Carrer,Aribau,233-235,08006,No aplica,13,7,,,hotel,True,,,,solo_registre,,,,False,municipio
HB-003801,Mallorca II,Malgrat de Mar,081108,Maresme,Carrer,Mallorca,81,08380,No aplica,14,7,J58460114,"CELMAR, SCP",hotel,False,996,,,solo_registre,,,,False,municipio
HB-003804,Bertran,Barcelona,080193,Barcelonès,Carrer,Bertran,150,08023,3 estrelles,60,30,A58063637,"PROMOTORA BER, S.A.",hotel,False,91,41.410408003866294,2.139743831333812,codigo_registro,,,,False,coordenada
HB-003805,HOTEL REKORD,Barcelona,080193,Barcelonès,Carrer,MUNTANER,352,08021,4 estrelles,26,13,B58500547,"PROXIDA, S.L.",hotel,False,335,41.39856837231797,2.143845119021243,codigo_registro,,,,False,coordenada
HB-003809,Catalonia Atenas,Barcelona,080193,Barcelonès,Avinguda,Meridiana,151,08026,4 estrelles,356,201,A08815037,DOSKASDE SA,hotel,False,63,41.410996268212884,2.1865796585930917,codigo_registro,,,,False,coordenada
HB-003821,HG CITY SUITES BARCELONA,Barcelona,080193,Barcelonès,Via,Augusta,89,08006,4 estrelles,116,58,B66706540,HG CITY SUITES SL,hotel,False,850,41.400865323262096,2.150030176756053,codigo_registro,,,,False,coordenada
HB-003822,Sol i Vi,Subirats,082732,Alt Penedès,Carretera,C-243a Sant Sadurni d'Anoia-Vilafranca del Penedes,KM 4,08739,2 estrelles,47,25,B58870809,RESTAURANTE SOL I VI SL,hotel,False,347,,,solo_registre,,,,False,municipio
HB-003827,ELLA HOSTEL RAMBLAS,Barcelona,080193,Barcelonès,Carrer,dels Tallers,6,08001,No aplica,11,6,B42966788,"WELCOME COMART, SL",hotel,False,289,,,solo_registre,,,,False,municipio
HB-003834,Hostal Sant Llop,Tordera,082845,Maresme,Carrer,d' Hortsavinyà,21,08490,No aplica,9,6,B62615679,HOSTAL SANT LLOP SL,hotel,False,525,,,solo_registre,,,,False,municipio
HB-003838,Les Torres,Sant Esteve Sesrovires,082080,Baix Llobregat,Carrer,Copernic,s/n,08781,No aplica,44,22,B60157518,"DACAR HOTEL, SL",hotel,False,380,,,solo_registre,,,,False,municipio
HB-003839,Trànsit,Barcelona,080193,Barcelonès,Carrer,Rector Triadó,82,08014,1 estrella,40,33,B58487570,HOSTELERIA GARM SL,hotel,False,334,41.37819148848145,2.1430588207123917,codigo_registro,,,,False,coordenada
HB-003841,Radio,Barcelona,080193,Barcelonès,Carrer,Sant Vicenç,39,08001,No aplica,72,36,J65541666,"PENSION RADIO, SCP",hotel,False,1021,,,solo_registre,,,,False,municipio
HB-003842,Don Ángel,Santa Susanna,082613,Maresme,Avinguda,Mar,14,08398,3 estrelles,396,226,A58293895,"ANGE, S.A.",hotel,False,104,,,solo_registre,,,,False,municipio
HB-003845,Florida Park,Santa Susanna,082613,Maresme,Avinguda,Mar,17,08398,4 estrelles,638,354,A58238148,"PERITUR, SA",hotel,False,98,,,solo_registre,,,,False,municipio
HB-003846,Catalonia Plaça Catalunya,Barcelona,080193,Barcelonès,Carrer,Bergara,11,08002,4 estrelles,257,147,B58227877,DUQUES DE BERGARA S.L.U,hotel,False,323,41.38640360214881,2.1684436295077796,codigo_registro,,,,False,coordenada
HB-003847,Pelayo,Barcelona,080193,Barcelonès,Carrer,Pelai,9,08001,1 estrella,22,14,,,hotel,True,,41.38588533316105,2.166547614101155,codigo_registro,,,,False,coordenada
HB-003850,Regàs,Barcelona,080193,Barcelonès,Carrer,Regàs,10-12,08006,No aplica,74,37,A59121830,"PENRAM, S.A.",hotel,False,144,41.39872522496308,2.1521184336205357,codigo_registro,,,,False,coordenada
HB-003851,"ALEXANDRA BARCELONA HOTEL, CURIO COLLECTION BY HILTON",Barcelona,080193,Barcelonès,Carrer,Mallorca,251,08008,4 estrelles superior,226,116,A58377052,"A.HOTELS, S.A.",hotel,False,111,41.393227459906655,2.161545197119747,codigo_registro,,,,False,coordenada
HB-003859,Best Western Alfa Aeropuerto,Barcelona,080193,Barcelonès,Lloc,Franca-carrer K,s/n,08040,4 estrelles,190,99,A58260860,"HOTEL ALFA,S.A.",hotel,False,101,41.32850372104673,2.1131257319079197,codigo_registro,,,,False,coordenada
HB-003860,NH Eixample,Barcelona,080193,Barcelonès,Carrer,València,105-107,08011,3 estrelles,149,81,B58511882,NH HOTELES ESPAÑA S.A.  ( Hotel NH BARCELONA CENTRO ),hotel,False,336,41.38603037541219,2.15424614438744,codigo_registro,,,,False,coordenada
HB-003862,Aqua Hotel Aquamarina  Spa,Santa Susanna,082613,Maresme,Avinguda,Mar,16,08398,4 estrelles,1053,547,A58253816,"HOMARGRUP, S.A.",hotel,False,100,,,solo_registre,,,,False,municipio
HB-003863,Aparthotel Bonanova,Barcelona,080193,Barcelonès,Carrer,Bisbe Sivilla,7,08022,3 estrelles,42,21,B58652090,BONANOVA APARTHOTEL S.L.,hotel,False,341,41.405507023234584,2.136125269204444,codigo_registro,,,,False,coordenada
HB-003865,Gravina,Barcelona,080193,Barcelonès,Carrer,Gravina,12,08001,3 estrelles,142,84,B07603046,"S'ARENAL BLAU, SL",hotel,False,193,41.385448994083006,2.1658289689529493,codigo_registro,,,,False,coordenada
HB-003868,Rosa,Vallirana,082956,Baix Llobregat,Carrer,Major,470-472,08759,No aplica,8,5,,,hotel,True,,,,solo_registre,,,,False,municipio
HB-003869,HOTEL INDALO PARK,Santa Susanna,082613,Maresme,Avinguda,del Mar,19,08398,4 estrelles,616,308,A58349101,SUSAN STELA SA,hotel,False,110,,,solo_registre,,,,False,municipio
HB-003871,Alogar,Barcelona,080193,Barcelonès,Carrer,Laforja,98-100,08021,No aplica,11,6,B63592174,"ALOGAR GESTION RESIDENCIAL, SL",hotel,False,595,,,solo_registre,,,,False,municipio
HB-003872,Bèjar 2,Barcelona,080193,Barcelonès,Carrer,Bèjar,37,08014,No aplica,15,11,,,hotel,True,,,,solo_registre,,,,False,municipio
HB-003873,Catalonia Roma,Barcelona,080193,Barcelonès,Avinguda,Roma,31,08029,3 estrelles,80,49,B58227877,DUQUES DE BERGARA S.L.U,hotel,False,323,41.38190904234011,2.1458681566479894,codigo_registro,,,,False,coordenada
HB-003875,LA FRANÇA TRAVELLERS,Barcelona,080193,Barcelonès,Carrer,de la França Xica,40,08004,2 estrelles,148,74,A59121822,"FRABORI, S.A.",hotel,False,143,,,solo_registre,,,,False,municipio
HB-003877,Serhs Sant Jordi,Santa Susanna,082613,Maresme,Avinguda,Mar,22,08398,3 estrelles,330,175,A59068379,"SANT JORDI 2000, SA",hotel,False,139,,,solo_registre,,,,False,municipio
HB-003878,Rívoli Ramblas,Barcelona,080193,Barcelonès,Carrer,Rambla,128,08002,4 estrelles,241,125,A08949646,"HOTEL RIVOLI DE BARCELONA, SA",hotel,False,75,41.38428896561813,2.171160466628736,codigo_registro,,,,False,coordenada
HB-003881,Caprici,Santa Susanna,082613,Maresme,Passeig,Marítim,s/n,08398,4 estrelles,433,238,A58440769,"MASTER CUATRO, S.A.",hotel,False,117,,,solo_registre,,,,False,municipio
HB-003882,Ronda House,Barcelona,080193,Barcelonès,Carrer,Sant Erasme,19,08001,3 estrelles,147,84,B61324182,"HOTELES RONDAS, S.L.",hotel,False,428,41.38127287509119,2.1640546140368313,codigo_registro,,,,False,coordenada
HB-003883,Hostal La Plaça,Vilanova i la Geltrú,083073,Garraf,Carrer,Pla Lladoners,10,08800,No aplica,34,18,,,hotel,True,,,,solo_registre,,,,False,municipio
HB-003884,Hesperia Sant Just,Sant Just Desvern,082212,Baix Llobregat,Carrer,Frederic Mompou,1,08960,4 estrelles,300,150,A58216664,HOTELERA SANT JUST SA,hotel,False,97,,,solo_registre,,,,False,municipio
HB-003885,Arc La Rambla,Barcelona,080193,Barcelonès,Carrer,Rambla,19,08002,3 estrelles,172,98,B58796145,DEVELCON TRES S.L.,hotel,False,345,41.37816786818198,2.17558533778509,codigo_registro,,,,False,coordenada
HB-003886,Miami Park,Calella,080351,Maresme,Carrer,Monturiol,34,08370,3 estrelles,210,102,A58420167,"INMAC0, SA",hotel,False,114,,,solo_registre,,,,False,municipio
HB-003887,Bernat II,Calella,080351,Maresme,Avinguda,Turisme,42,08370,4 estrelles superior,249,137,B08815904,VALOM SL (HOTEL BERNAT II),hotel,False,223,,,solo_registre,,,,False,municipio
HB-003888,Balmes,Barcelona,080193,Barcelonès,Carrer,"Mallorca, 216",216,08008,4 estrelles,196,111,A58294786,HOTEL BALMES S.A.,hotel,False,106,41.391207128320815,2.15923500979415,codigo_registro,,,,False,coordenada
HB-003889,Barcelona City Street,Barcelona,080193,Barcelonès,Carrer,Dènia,34,08006,No aplica,11,6,,,hotel,True,,,,solo_registre,,,,False,municipio
HB-003891,HCC Hotel St. Moritz,Barcelona,080193,Barcelonès,Carrer,Diputació,262 Bis,08007,4 estrelles,169,91,B63376800,"HCC ST.  MORITZ, S.L.",hotel,False,578,41.391107595844275,2.1681671542016323,codigo_registro,,,,False,coordenada
HB-003892,Hilton Barcelona,Barcelona,080193,Barcelonès,Avinguda,Diagonal,589-591,08014,4 estrelles superior,580,290,B28444594,"HOTELERA DIAGONAL, S.L.",hotel,False,283,41.38889951928566,2.1313819383017742,codigo_registro,,,,False,coordenada
HB-003893,Reding,Barcelona,080193,Barcelonès,Carrer,Gravina,5-7,08001,3 estrelles,86,44,A58377540,HOTEL NOVA SA,hotel,False,112,41.38532836229915,2.1656693493158388,codigo_registro,,,,False,coordenada
HB-003894,La Paloma,Barcelona,080193,Barcelonès,Carrer,Paloma,24-26,08001,No aplica,66,33,A58107889,"LOMASAN, S.A.",hotel,False,94,,,solo_registre,,,,False,municipio
HB-003895,Safari,Calella,080351,Maresme,Carrer,Valldebanador,18-20,08370,2 estrelles,120,60,B60014933,"GESTHOTEL, S.L.",hotel,False,376,,,solo_registre,,,,False,municipio
HB-003896,Guitart Grand Passage,Barcelona,080193,Barcelonès,Carrer,Muntaner,212,08036,4 estrelles superior,98,45,B17092123,GUITART HOTELS SL,hotel,False,257,41.393627560185095,2.150381312096251,codigo_registro,,,,False,coordenada
HB-003898,Mercury,Santa Susanna,082613,Maresme,Avinguda,Mar,2,08398,4 estrelles superior,646,299,B17869835,NEUS CHWANSTEIN S.L.,hotel,False,265,,,solo_registre,,,,False,municipio
HB-003900,San Sebastián Playa,Sitges,082704,Garraf,Carrer,Port Alegre,53,08870,4 estrelles,102,51,B60916699,"SITGES GASTRONOMICO, SL",hotel,False,410,,,solo_registre,,,,False,municipio
HB-003901,Paral.lel,Barcelona,080193,Barcelonès,Carrer,Poeta Cabanyes,5-7,08004,2 estrelles,122,66,B59151852,HOTEL PARAL.LEL SL,hotel,False,352,41.37462023735875,2.1659999978001134,codigo_registro,,,,False,coordenada
HB-003904,Hostal Badalona,Badalona,080155,Barcelonès,Carrer,Coll i Pujol,143,08917,No aplica,14,10,,,hotel,True,,,,solo_registre,,,,False,municipio
HB-003906,HOTEL ALMIRANTE,Barcelona,080193,Barcelonès,Via,Laietana,42,08003,4 estrelles,151,86,B56248081,"ANTURIA XXI, S.L.",hotel,False,305,41.38610140293681,2.1761456151478527,codigo_registro,,,,False,coordenada
HB-003907,Motel Punt 14,Gavà,080898,Baix Llobregat,Carrer,Josep Lluís Sert,48,08850,No aplica,116,58,A58270760,"CASTELLVER, SA",hotel,False,102,,,solo_registre,,,,False,municipio
HB-003909,Catalán,Mollet del Vallès,081249,Vallès Oriental,Carrer,Can Flaquer,30,08100,3 estrelles,126,65,A59059469,SOCIEDAD MEDITERRANEA DE DESARROLLO HOTELERO SA,hotel,False,138,,,solo_registre,,,,False,municipio
HB-003910,URH Ciutat de Mataró,Mataró,081213,Maresme,Camí,Ral,640-648,08302,4 estrelles,242,123,B55199913,GESTHOTEL LAIETANA SL,hotel,False,301,,,solo_registre,,,,False,municipio
HB-003911,Esplugues,Esplugues de Llobregat,080771,Baix Llobregat,Carrer,Ignasi Iglesias,83,08950,2 estrelles,78,43,A59837369,"HOTEL ESPLUGUES, SA",hotel,False,149,,,solo_registre,,,,False,municipio
HB-003913,DOMO,Vilafranca del Penedès,083054,Alt Penedès,Carrer,FRANCESC MACIÀ,4,08720,4 estrelles,88,44,B66313057,"PARNNER PENEDES 2000, S.L.",hotel,False,800,,,solo_registre,,,,False,municipio
HB-003914,Atlantis,Barcelona,080193,Barcelonès,Carrer,Pelai,20,08001,3 estrelles,96,50,A58392366,"PELAYO 20, SA",hotel,False,113,41.385705692044745,2.1663391352924553,codigo_registro,,,,False,coordenada
HB-003915,Hotel Catalonia Boulevard,Barcelona,080193,Barcelonès,Carrer,del Rosselló,249,08008,4 estrelles superior,215,110,B58120775,GALLERY CENTER S.L.,hotel,False,322,41.39493704320259,2.1593057258241517,codigo_registro,,,,False,coordenada
HB-003916,Gran Hotel Havana,Barcelona,080193,Barcelonès,Gran Via,de les Corts Catalanes,647,08010,4 estrelles superior,290,145,A58315458,RCM SAU,hotel,False,107,41.392732367978354,2.172213612138101,codigo_registro,,,,False,coordenada
HB-003917,Médicis,Barcelona,080193,Barcelonès,Carrer,Castillejos,340,08025,2 estrelles,51,29,B66130444,"MEDI HOTEL, S.L.",hotel,False,773,41.410641495579966,2.173117986404865,codigo_registro,,,,False,coordenada
HB-003918,Catalonia Diagonal Centro,Barcelona,080193,Barcelonès,Carrer,Balmes,142-146,08008,4 estrelles,162,84,A08405490,"PROMOTORA KASDE,S.A.",hotel,False,43,41.39390024070434,2.156808319586479,codigo_registro,,,,False,coordenada
HB-003923,Abbot,Barcelona,080193,Barcelonès,Avinguda,Roma,23,08029,4 estrelles,78,42,B63566244,INVERSIONES NARON 2003 SL,hotel,False,593,41.38152977846601,2.145003783714932,codigo_registro,,,,False,coordenada
HB-003924,Delfos,Barcelona,080193,Barcelonès,Ronda,Sant Antoni,61,08011,No aplica,19,12,,,hotel,True,,,,solo_registre,,,,False,municipio
HB-003925,Barcelona City Hotel-Universal,Barcelona,080193,Barcelonès,Carrer,Aragó,281,08009,1 estrella,28,18,B64202690,"FRANQUESA MALAGUTI, SL",hotel,False,630,41.39325283783173,2.1660335395180215,codigo_registro,,,,False,coordenada
HB-003926,AIR PENEDES,Vilafranca del Penedès,083054,Alt Penedès,Carrer,FONT DE LES GRAUS,2,08720,3 estrelles,111,59,B66980558,COSMIC HOTELS S.L.,hotel,False,871,,,solo_registre,,,,False,municipio
HB-003930,Sant Pere II,Rubí,081846,Vallès Occidental,Carrer,Riu Segre,27-31,08191,3 estrelles,32,18,B59431635,"HOTELES Y HOSTALES DE RUBI, SL",hotel,False,360,,,solo_registre,,,,False,municipio
HB-003933,Hotel Claris and Spa,Barcelona,080193,Barcelonès,Carrer,de Pau Claris,150,08009,Gran luxe,244,124,A58105222,"PROMOCION HOTELERA LAIETANA, S.A.",hotel,False,93,41.39449063546727,2.165031162882456,codigo_registro,,,,False,coordenada
HB-003934,Acta City 47,Barcelona,080193,Barcelonès,Carrer,Nicaragua,47,08029,4 estrelles,130,80,B66373580,"ROUND  ROUND GADGETS, SL",hotel,False,808,41.383543117300974,2.140758278268045,codigo_registro,,,,False,coordenada
HB-003937,El Xalet,Sitges,082704,Garraf,Carrer,Illa de Cuba,33-35,08870,2 estrelles,20,11,B59869750,"HR MODERNISTA, SL",hotel,False,373,,,solo_registre,,,,False,municipio
HB-003938,Don Cándido,Terrassa,082798,Vallès Occidental,Rambla,Pare Alegre,98,08224,4 estrelles superior,246,126,A41390022,"NORTIA HOTELS & RESORTS, S.A.",hotel,False,86,,,solo_registre,,,,False,municipio
HB-003939,Catalonia Albéniz,Barcelona,080193,Barcelonès,Carrer,Aragó,591-593,08026,3 estrelles,86,47,B46043238,VALENCIANA HOTELERA SL,hotel,False,296,41.408175800067006,2.1858472636212793,codigo_registro,,,,False,coordenada
HB-003940,INTERCONTINENTAL BARCELONA,Barcelona,080193,Barcelonès,Avinguda,Rius i Taulet,1-3,08004,5 estrelles,546,273,A61691739,"HOTEL FIRA, S.A.",hotel,False,158,41.37273240481753,2.154561805336506,codigo_registro,,,,False,coordenada
HB-003942,HOTEL CATALONIA SABADELL,Sabadell,081878,Vallès Occidental,Plaça,de Catalunya,10,08206,4 estrelles,218,110,B08367898,MIKADO SL,hotel,False,210,,,solo_registre,,,,False,municipio
HB-003943,Gimón,Barcelona,080193,Barcelonès,Carrer,Mallorca,537,08026,No aplica,13,10,,,hotel,True,,,,solo_registre,,,,False,municipio
HB-003944,Azul,Barcelona,080193,Barcelonès,Carrer,Gran Via Corts Catalanes,327,08014,3 estrelles,90,39,A58980889,"AREIR, SA",hotel,False,137,41.37301587166661,2.145987172189599,codigo_registro,,,,False,coordenada
HB-003945,Melià Sitges,Sitges,082704,Garraf,Carrer,Joan Salvat Papasseit,38,08870,4 estrelles,609,307,A28103182,HOTEL MELIA SITGES,hotel,False,82,,,solo_registre,,,,False,municipio
HB-003946,Campanile,Barberà del Vallès,082520,Vallès Occidental,Carretera,"Barcelona,8-parc",B4,08210,3 estrelles,424,212,A58242223,"HOTEL GRILL BARBERA, S.A.",hotel,False,99,,,solo_registre,,,,False,municipio
HB-003947,NH Sant'Angelo,Barcelona,080193,Barcelonès,Carrer,Consell de Cent,74,08015,3 estrelles,71,50,B60416898,"FONOPISO, SL",hotel,False,389,41.37927026629753,2.1501616512525086,codigo_registro,,,,False,coordenada
HB-003949,Novotel Barcelona Sant Cugat,Sant Cugat del Vallès,082055,Vallès Occidental,Plaça,Xavier Cugat,s/n,08190,4 estrelles,300,150,A08371346,"Essendi Hospitality Spain, S.A.",hotel,False,41,,,solo_registre,,,,False,municipio
HB-003951,Silken Ramblas,Barcelona,080193,Barcelonès,Carrer,Pintor Fortuny,13,08001,4 estrelles,210,105,B64585474,HOTELERA FORCINO SLU,hotel,False,650,41.38300582600392,2.1700337407342327,codigo_registro,,,,False,coordenada
HB-003952,HOTEL CONDES DE BARCELONA,Barcelona,080193,Barcelonès,Passeig,DE GRÀCIA,73,08008,4 estrelles,143,74,B56983893,PG73 HOTEL OPCO SL,hotel,False,312,41.39358463996283,2.162684406282639,codigo_registro,,,,False,coordenada
HB-003953,Top Royal Sun,Santa Susanna,082613,Maresme,Passeig,Marítim,s/n,08398,4 estrelles,408,216,B17166414,"TORONTO, SL",hotel,False,258,,,solo_registre,,,,False,municipio
HB-003954,Barceló Sants,Barcelona,080193,Barcelonès,Plaça,Països Catalans,s/n,08014,4 estrelles,754,377,A07738933,BARCELO CONDAL HOTELES S.A.,hotel,False,4,41.379556967903945,2.1408179856438947,codigo_registro,,,,False,coordenada
HB-003955,Vila de Caldes,Caldes de Montbui,080333,Vallès Oriental,Plaça,Àngel,5,08140,4 estrelles,60,30,A58437724,"HOTEL BB, SA",hotel,False,116,,,solo_registre,,,,False,municipio
HB-003956,Can Barrina,Montseny,081379,Vallès Oriental,Carretera,Palautordera-Montseny,"KM 12,6",08469,2 estrelles,21,11,B58526591,"CAN BARRINA, S.L.",hotel,False,337,,,solo_registre,,,,False,municipio
HB-003957,GRAN HOTEL VERDI,Sabadell,081878,Vallès Occidental,Avinguda,de Francesc Macià,62,08208,4 estrelles,336,172,B08367898,MIKADO SL,hotel,False,210,,,solo_registre,,,,False,municipio
HB-003960,Hostal Mare Nostrum,Barcelona,080193,Barcelonès,Carrer,Sant Pau,2,08001,No aplica,59,30,,,hotel,True,,,,solo_registre,,,,False,municipio
HB-003961,Hotel Gran Melià Torre Melina,Barcelona,080193,Barcelonès,Avinguda,Diagonal,661-671,08028,5 estrelles,866,432,A58744913,"BARCELONA PROJECTS, S.A.",hotel,False,129,41.38348913494405,2.1096645797823563,codigo_registro,,,,False,coordenada
HB-003965,H10 Catalunya Plaza,Barcelona,080193,Barcelonès,Plaça,Catalunya,7,08002,3 estrelles,74,46,A59813493,CATALUNYA PLAZA SA,hotel,False,148,41.3870134395621,2.168580579042271,codigo_registro,,,,False,coordenada
HB-003966,Hotel Augusta Barcelona Valles,Vilanova del Vallès,089024,Vallès Oriental,Carretera,AP - 7 Granollers Sortida,13,08410,4 estrelles,197,102,B61374252,VALLES 222 SL,hotel,False,432,,,solo_registre,,,,False,municipio
HB-003967,Catalonia Barcelona Plaza,Barcelona,080193,Barcelonès,Plaça,Espanya,6-8,08014,4 estrelles,658,347,B58875048,SABEL DE SERVICIO SLU,hotel,False,348,41.375403114560584,2.1483405861545544,codigo_registro,,,,False,coordenada
HB-003969,Gran Hotel Barcino,Barcelona,080193,Barcelonès,Carrer,JAUME I,6,08002,4 estrelles,116,61,B08857237,"SUIZO HOTEL, SL",hotel,False,229,41.383145746925344,2.177788494005563,codigo_registro,,,,False,coordenada
HB-003970,Century Park,Barcelona,080193,Barcelonès,Carrer,València,154,08011,3 estrelles,68,47,A61307369,"GESTION HOTELERA BALLESTER, SA",hotel,False,155,41.38617801370477,2.154815844377651,codigo_registro,,,,False,coordenada
HB-003971,Ònix Fira,Barcelona,080193,Barcelonès,Carrer,Llançà,30,08015,3 estrelles,150,80,A08504631,"ICYESA CORNELLÀ, S.A.",hotel,False,50,41.37697686038284,2.149845033494451,codigo_registro,,,,False,coordenada
HB-003972,HOTEL ENTENZA,Barcelona,080193,Barcelonès,Carrer,Equador,20,08029,3 estrelles,91,48,B21725387,BOHEMIAN HOSPITALITY SL,hotel,False,273,41.385718825476424,2.1405185976328425,codigo_registro,,,,False,coordenada
HB-003973,Husa L'Illa,Barcelona,080193,Barcelonès,Avinguda,Diagonal,555,08029,4 estrelles,204,103,B87209789,"HOTEL PROYECT CINCUENTA, S.L.",hotel,False,953,41.38974559970474,2.1353959606306443,codigo_registro,,,,False,coordenada
HB-003974,Iznajar,Barcelona,080193,Barcelonès,Carrer,Carme,38,08001,No aplica,13,8,,,hotel,True,,,,solo_registre,,,,False,municipio
HB-003976,Eurostars Parc del Vallès,Cerdanyola del Vallès,082665,Vallès Occidental,Carrer,Artesans,2-8,08290,4 estrelles,164,82,B61802377,"NATURHOTEL CATALUNYA, SL",hotel,False,457,,,solo_registre,,,,False,municipio
HB-003977,Aqua Hotel Promenade,Pineda de Mar,081635,Maresme,Passeig,Marítim,7,08397,4 estrelles,358,172,A59307934,"H. PROMENADE-INICIATIVES NOVA PINEDA, S.A.",hotel,False,146,,,solo_registre,,,,False,municipio
HB-003980,Granollers,Granollers,080961,Vallès Oriental,Avinguda,Francesc Macià,300,08401,3 estrelles,134,72,B59681726,HOTEL GRANOLLERS,hotel,False,365,,,solo_registre,,,,False,municipio
HB-003981,Ciutat de Granollers,Granollers,080961,Vallès Oriental,Carrer,Turó d'en Bruguet,2,08402,4 estrelles,218,111,B59381194,"FONDESE, SL",hotel,False,359,,,solo_registre,,,,False,municipio
HB-003983,Pensió Sant Just,Santa Coloma de Gramenet,082457,Barcelonès,Carrer,Sant Just,13,08922,No aplica,58,44,B21815311,SORES GESTIONA 2025 S.L.,hotel,False,274,,,solo_registre,,,,False,municipio
HB-003984,Arts Barcelona,Barcelona,080193,Barcelonès,Carrer,Marina,19-21,08005,Gran luxe,1012,494,B61242368,"R C SPAIN, SLU",hotel,False,425,41.387082822574044,2.1965599785366923,codigo_registro,,,,False,coordenada
HB-003985,NH Podium,Barcelona,080193,Barcelonès,Carrer,Bailèn,4-6,08010,4 estrelles,280,145,A59875864,"NH MARIN, S.A.",hotel,False,150,41.39174743833108,2.177699871910969,codigo_registro,,,,False,coordenada
HB-003986,Can Parera,Parets del Vallès,081593,Vallès Oriental,Carrer,Sant Joan Bosco,6-8,08150,No aplica,32,16,B61337481,"PARETS RESTAURACIO, SL",hotel,False,429,,,solo_registre,,,,False,municipio
HB-003988,Barcelona Apolo Affiliated by Melia,Barcelona,080193,Barcelonès,Avinguda,Paral·lel,57-59,08004,4 estrelles,614,314,A78304516,MELIA HOTELS INTERNACIONAL SA,hotel,False,166,41.374782332271344,2.170335682261541,codigo_registro,,,,False,coordenada
HB-003989,H Top BCN City,Barcelona,080193,Barcelonès,Travessera,Gràcia,380-384,08025,1 estrella,75,40,B66184334,H.TOP CITY HOTELS SL,hotel,False,783,41.410969645684084,2.173190122938874,codigo_registro,,,,False,coordenada
HB-003990,Sant Joan,Martorell,081141,Baix Llobregat,Carrer,Sant Joan,12,08760,No aplica,33,23,,,hotel,True,,,,solo_registre,,,,False,municipio
HB-003991,Atenea Barcelona Aparthotel,Barcelona,080193,Barcelonès,Carrer,Joan Güell,207-211,08028,4 estrelles,210,105,B58456161,COMERCIAL BONANOVA SL,hotel,False,331,41.386265679203696,2.129507954550707,codigo_registro,,,,False,coordenada
HB-003992,Citadines,Barcelona,080193,Barcelonès,Carrer,Rambla,122,08002,3 estrelles,262,131,A79703153,EURIMEG ESPAÑA S.A.,hotel,False,167,41.38387005517167,2.171462635664817,codigo_registro,,,,False,coordenada
HB-003994,Montmeló,Montmeló,081350,Vallès Oriental,Carrer,Nou,1,08160,2 estrelles,47,30,B08152456,"GRUP DE SERVEIS I COMB. MONTMELO, SL",hotel,False,195,,,solo_registre,,,,False,municipio
HB-003995,Xarau,Cerdanyola del Vallès,082665,Vallès Occidental,Carrer,Santa Anna,73,08290,No aplica,38,28,B59329714,ALDA DEL VALLES SL,hotel,False,355,,,solo_registre,,,,False,municipio
HB-003996,Hostal Lami,Esplugues de Llobregat,080771,Baix Llobregat,Carrer,Laureà Miró,278,08950,No aplica,125,67,B58671421,"INVERSIONES ALFARO, SL",hotel,False,343,,,solo_registre,,,,False,municipio
HB-003998,Estela Barcelona-Hotel del Arte,Sitges,082704,Garraf,Avinguda,Port d'Aiguadolç,8,08870,4 estrelles,132,57,B65993446,"SETURHOST, SL",hotel,False,752,,,solo_registre,,,,False,municipio
HB-003999,PENSION MIRAMAR,Viladecans,083015,Baix Llobregat,Carrer,de la Rosa,17,08840,No aplica,16,10,,,hotel,True,,,,solo_registre,,,,False,municipio
HB-004002,Caledonian,Barcelona,080193,Barcelonès,Carrer,Gran Via Corts Catalanes,574,08011,3 estrelles,98,57,B59341784,"JAMALDA, S.L.",hotel,False,356,41.3842914812135,2.161858180414201,codigo_registro,,,,False,coordenada
HB-004003,Atlàntida,Sant Celoni,082021,Vallès Oriental,Carretera,C-251,s/n,08470,2 estrelles,34,17,B58829953,"CENTRE CIAL INDUSTRIAL DE SANT CELONI, SL",hotel,False,346,,,solo_registre,,,,False,municipio
HB-004004,Madison,Sitges,082704,Garraf,Carrer,de Sant Bartomeu,9,08870,No aplica,22,12,B66999590,HOSTAL MADISON S.L.,hotel,False,875,,,solo_registre,,,,False,municipio
HB-004005,HOSTAL SOFIA,Barcelona,080193,Barcelonès,Avinguda,de Roma,1-3,08029,No aplica,20,12,B67347658,SURVIVE GESTION S.L.,hotel,False,900,,,solo_registre,,,,False,municipio
HB-004007,Quintasol,Malgrat de Mar,081108,Maresme,Passeig,Marítim,s/n,08380,1 estrella,48,24,A58294414,"QUINTASOL, SA",hotel,False,105,,,solo_registre,,,,False,municipio
HB-004010,HOTEL ALIMARA BARCELONA,Barcelona,080193,Barcelonès,Carrer,de Berruguete,126,08035,4 estrelles,312,156,B58354713,INTEGRAL EN TURISME I HOTELERIA S.L.,hotel,False,328,41.43378489117596,2.147351984381241,codigo_registro,,,,False,coordenada
HB-004011,Catalonia Bristol,Sant Andreu de la Barca,081960,Baix Llobregat,Via,de l'Esport,4,08740,3 estrelles,98,57,A08405490,"PROMOTORA KASDE,S.A.",hotel,False,43,,,solo_registre,,,,False,municipio
HB-004012,Glòries,Barcelona,080193,Barcelonès,Carrer,Padilla,173,08013,3 estrelles,94,67,B61861134,"HOTEL GLORIES, SL",hotel,False,466,41.401167267780885,2.18299201887239,codigo_registro,,,,False,coordenada
HB-004013,Acacia Aparthotel,Barcelona,080193,Barcelonès,Carrer,Comte Urgell,194,08036,4 estrelles,52,26,B58652090,BONANOVA APARTHOTEL S.L.,hotel,False,341,41.38795068669856,2.1511859180839137,codigo_registro,,,,False,coordenada
HB-004015,Aqua Hotel Silhouette  Spa,Malgrat de Mar,081108,Maresme,Carrer,Roger de Flor,s/n,08380,4 estrelles,596,301,A58008186,SILHOETTE TOURISTIC SERVICE SA,hotel,False,88,,,solo_registre,,,,False,municipio
HB-004018,Vila de Premià,Premià de Mar,081727,Maresme,Camí,Ral,69,08330,2 estrelles,36,22,B60365806,Varadero De Premia Sl,hotel,False,386,,,solo_registre,,,,False,municipio
HB-004021,HLG City Park Terranova,Rubí,081846,Vallès Occidental,Polígon,Can Rosés-Handbol,1-9,08191,2 estrelles,68,39,A08705584,HORIZON CITY PARK SA,hotel,False,56,,,solo_registre,,,,False,municipio
HB-004023,Aqua Hotel Montagut Suites,Santa Susanna,082613,Maresme,Carrer,Torrentó de Can Gelat,s/n,08398,4 estrelles superior,371,186,A60890050,"PROSER-MARESME, SA",hotel,False,154,,,solo_registre,,,,False,municipio
HB-004024,Hesperia Sant Joan,Sant Joan Despí,082172,Baix Llobregat,Carrer,Josep Trueta,2,08970,3 estrelles,272,128,B08798837,"DESJUST,S.L.",hotel,False,221,,,solo_registre,,,,False,municipio
HB-004025,ANGLI-78,Barcelona,080193,Barcelonès,Carrer,d' Anglí,74-78,08017,2 estrelles,22,10,B62118815,"LACKANTON EDIFICACIONES, S.L.",hotel,False,487,41.40461603273179,2.1216805328216366,codigo_registro,,,,False,coordenada
HB-004026,Flor Parks,Barcelona,080193,Barcelonès,Carrer,Rambla,70,08002,3 estrelles,37,26,B63026538,"NORMEVI, SL",hotel,False,552,41.380730127971475,2.173945708810752,codigo_registro,,,,False,coordenada
HB-004027,Turó de Vilana,Barcelona,080193,Barcelonès,Carrer,Vilana,7,08017,4 estrelles,36,20,B61691036,TURO DE VILANA SL,hotel,False,452,41.404913486886464,2.1288425994189195,codigo_registro,,,,False,coordenada
HB-004028,Lazza,Barcelona,080193,Barcelonès,Carrer,Indústria,81,08025,No aplica,10,6,,,hotel,True,,,,solo_registre,,,,False,municipio
HB-004030,APARTHOTEL NÀPOLS**,Barcelona,080193,Barcelonès,Carrer,de Nàpols,116,08013,2 estrelles,100,39,A58886987,HERLER SAU,hotel,False,133,41.39542029617384,2.1795854259820118,codigo_registro,,,,False,coordenada
HB-004033,Hostal Can Missé,Collbató,080692,Baix Llobregat,Carrer,Amadeu Vives,9,08293,2 estrelles,17,10,B61522413,"CAN MISSE, SL",hotel,False,443,,,solo_registre,,,,False,municipio
HB-004034,H Top Royal Sun Suites,Santa Susanna,082613,Maresme,Carrer,Marina,1,08398,4 estrelles superior,252,106,B17528092,INICIATIVAS ENEIDA SL,hotel,False,260,,,solo_registre,,,,False,municipio
HB-004036,Catalonia Portal de l'Angel,Barcelona,080193,Barcelonès,Avinguda,Portal de l'Àngel,15-17,08002,3 estrelles,159,83,A38405841,"FARBEBLAU, SA",hotel,False,84,41.385604131533405,2.172957914254088,codigo_registro,,,,False,coordenada
HB-004037,L'EUROPEU,Parets del Vallès,081593,Vallès Oriental,Carrer,del Congost,0,08150,1 estrella,9,5,,,hotel,True,,,,solo_registre,,,,False,municipio
HB-004038,Comte,Barcelona,080193,Barcelonès,Carrer,Diputació,142,08015,2 estrelles,70,42,B64563869,"HOTEL DEL COMTE, SL",hotel,False,649,41.382698982577146,2.156996606873641,codigo_registro,,,,False,coordenada
HB-004039,Hostal Eden,Barcelona,080193,Barcelonès,Carrer,Balmes,55,08007,No aplica,16,12,B62441514,"HOSTAL EDEN, SL",hotel,False,508,,,solo_registre,,,,False,municipio
HB-004041,Cim Vallès,Santa Perpètua de Mogoda,082606,Vallès Occidental,Polígon,"CIM Vallès, sector A - Calderí",1,08130,3 estrelles,137,78,B59329714,ALDA DEL VALLES SL,hotel,False,355,,,solo_registre,,,,False,municipio
HB-004043,Hostal Porta de Ferro,Sant Boi de Llobregat,082009,Baix Llobregat,Carrer,Miquel,10,08830,No aplica,8,4,,,hotel,True,,,,solo_registre,,,,False,municipio
HB-004044,Tahití Playa,Santa Susanna,082613,Maresme,Passeig,Maritim,s/n,08398,4 estrelles superior,820,459,A08139339,"EDIFICACIONES DEL LITORAL, S.A.",hotel,False,13,,,solo_registre,,,,False,municipio
HB-004046,HOTEL SANT PAU,Barcelona,080193,Barcelonès,Carrer,SANT ANTONI M CLARET,173,08041,3 estrelles,177,93,B61945119,ERMA PLUS HOTELS SL,hotel,False,473,41.414013868313845,2.177880075735898,codigo_registro,,,,False,coordenada
HB-004050,Acta Splendid,Barcelona,080193,Barcelonès,Carrer,Muntaner,2,08011,3 estrelles,78,40,B61829628,"HOTEL SPLENDID BCN, SL",hotel,False,461,41.38405393847892,2.1630462799097723,codigo_registro,,,,True,coordenada
HB-004054,Sant Gervasi,Barcelona,080193,Barcelonès,Carrer,Sant Gervasi de Cassoles,26-30,08022,3 estrelles,124,63,A63766018,HOTEL RECAREDO S.A.U.,hotel,False,163,41.40468222114898,2.1388126829189114,codigo_registro,,,,False,coordenada
HB-004057,Ibis Barcelona Fira de Cornellà,Cornellà de Llobregat,080734,Baix Llobregat,Carrer,Albert Einstein,53-55,08940,2 estrelles,244,122,A08371346,"Essendi Hospitality Spain, S.A.",hotel,False,41,,,solo_registre,,,,False,municipio
HB-004058,Midmost,Barcelona,080193,Barcelonès,Carrer,Pelai,14,08001,4 estrelles,98,56,B60861168,MAJESTIC SPORT SL,hotel,False,408,41.385740590399095,2.1659518396428186,codigo_registro,,,,False,coordenada
HB-004060,CASA SUSANNA,Palau-solità i Plegamans,081568,Vallès Occidental,Carrer,Can Cortés,11,08184,No aplica,8,4,,,hotel,True,,,,solo_registre,,,,False,municipio
HB-004061,PENSIÓ CAMI REIAL,Palau-solità i Plegamans,081568,Vallès Occidental,Carrer,del Camí Reial,53A,08184,No aplica,8,4,,,hotel,True,,,,solo_registre,,,,False,municipio
HB-004063,Hotel Kimpton Vividora,Barcelona,080193,Barcelonès,Carrer,DUC,15,08002,5 estrelles,276,156,B71103691,"ACTUACIONES INTRAMUROS, S.L.",hotel,False,927,41.3847223933667,2.172925170937131,codigo_registro,,,,False,coordenada
HB-004065,Canal Olímpic,Castelldefels,080569,Baix Llobregat,Carrer,Ginesta,13,08860,3 estrelles,92,48,B09469594,"FABARTEL 507, SL",hotel,False,233,,,solo_registre,,,,False,municipio
HB-004066,Tàrrega,Terrassa,082798,Vallès Occidental,Carrer,Tàrrega,17,08227,2 estrelles,20,12,E59659763,"HOSTAL TARREGA, CB",hotel,False,967,,,solo_registre,,,,False,municipio
HB-004068,AC Som,"Hospitalet de Llobregat, l'",081017,Barcelonès,Carrer,Arquitectura,1-3,08908,4 estrelles,204,102,A07030125,"AC SOM HOTEL BY MARRIOTT / HOTELES TRINIDAD, S.A.",hotel,False,2,,,solo_registre,,,,False,municipio
HB-004069,Park Sedó,Rubí,081846,Vallès Occidental,Carrer,Països Catalans,13-15,08191,3 estrelles,87,45,A08523540,"COMERCIAL BB, SA",hotel,False,52,,,solo_registre,,,,False,municipio
HB-004071,Viladomat,Barcelona,080193,Barcelonès,Carrer,Viladomat,197,08015,3 estrelles,162,81,B50883958,"Promociones Hoteleras Viladomat, SL",hotel,False,297,41.38369635783948,2.1518530491218733,codigo_registro,,,,False,coordenada
HB-004073,Masferrer,Gualba,080977,Vallès Oriental,Carrer,Hotel Masferrer,s/n,08474,4 estrelles,21,11,B61869327,REPOS I REPAS SL,hotel,False,467,,,solo_registre,,,,False,municipio
HB-004074,Guillermo Tell,Barcelona,080193,Barcelonès,Carrer,Guillem Tell,49,08006,4 estrelles,119,61,B61186011,"LINCOLN 33, SL",hotel,False,422,41.40178493638491,2.1477633499258744,codigo_registro,,,,False,coordenada
HB-004075,LIHSA HOTELES SA,Barcelona,080193,Barcelonès,Carrer,de Calatrava,32,08017,3 estrelles,108,56,A08796518,LIHSA HOTELES SA,hotel,False,60,41.39993108536729,2.1299971158177406,codigo_registro,,,,False,coordenada
HB-004077,Brustar Sant Pau Aristol,Barcelona,080193,Barcelonès,Carrer,Cartagena,369,08025,3 estrelles,44,22,B65632945,"BRUSTARR ENSUITE LODGING, S.L.",hotel,False,716,,,solo_registre,,,,False,municipio
HB-004078,HOTEL ABBA SANTS,Barcelona,080193,Barcelonès,Carrer,de Numància,32,08029,4 estrelles,265,140,B01548569,"HOTELAMA, S.L.",hotel,False,176,41.38259938483807,2.140037535310247,codigo_registro,,,,False,coordenada
HB-004080,Hostalet de Barcelona,Barcelona,080193,Barcelonès,Carrer,Casanova,155,08036,No aplica,10,9,J65090201,"HOSTALET DE BARCELONA, SCP",hotel,False,1016,,,solo_registre,,,,False,municipio
HB-004081,checkin sirius,Santa Susanna,082613,Maresme,Avinguda,Mar,18,08398,4 estrelles superior,302,161,B66794793,CHECKINVEST 2020 SL,hotel,False,857,,,solo_registre,,,,False,municipio
HB-004082,Ibis Castelldefels,Castelldefels,080569,Baix Llobregat,Avinguda,Ferrocarril,342,08860,2 estrelles,148,74,B55138770,HOTEL ECONOMIQUE CATALUNYA SL,hotel,False,299,,,solo_registre,,,,False,municipio
HB-004083,Petit,Barcelona,080193,Barcelonès,Carrer,Laforja,67,08021,No aplica,7,4,F62686670,"PETIT HOTEL, SCCL",hotel,False,980,,,solo_registre,,,,False,municipio
HB-004084,The Moods Oasis,Barcelona,080193,Barcelonès,Travessera,de Gràcia,72,08006,3 estrelles,65,36,B66762006,THE MOODS OASIS SL,hotel,False,855,41.39716047631681,2.1514145555775768,codigo_registro,,,,False,coordenada
HB-004086,Sansi Pedralbes,Barcelona,080193,Barcelonès,Avinguda,Pearson,1-3,08034,4 estrelles,115,64,B25582313,"SANSI PONS, SL",hotel,False,280,41.39369966517085,2.1115669344893933,codigo_registro,,,,False,coordenada
HB-004087,Marvi,Barcelona,080193,Barcelonès,Carrer,Pelai,6,08001,2 estrelles,56,30,A08847758,"HOTEL MARVI, SA",hotel,False,66,41.385813263172665,2.165137191742496,codigo_registro,,,,False,coordenada
HB-004088,Hcc Hotel Montblanc,Barcelona,080193,Barcelonès,Via,Laietana,61,08003,3 estrelles,307,157,B63508675,"HCC MONTBLANC, S.L.",hotel,False,587,41.38776233552521,2.1735706643202626,codigo_registro,,,,False,coordenada
HB-004089,La Pinta,Sitges,082704,Garraf,Passeig,Ribera,58-59,08870,3 estrelles,30,17,B60783248,RESTAURANTE HOTEL LA SANTA MARIA SL,hotel,False,405,,,solo_registre,,,,False,municipio
HB-004090,Sense especificar,Barcelona,080193,Barcelonès,Carrer,de Cabanes,34,08004,2 estrelles,56,40,B65578940,HOTEL NUEVO TRIUNFO SL,hotel,False,711,41.37319805341738,2.1699840575806006,codigo_registro,,,,False,coordenada
HB-004091,Blauet,"Prat de Llobregat, el",081691,Baix Llobregat,Avinguda,Onze de Setembre,156,08820,1 estrella,39,29,E62357777,"ROSELL-CHERTA, CB",hotel,False,971,,,solo_registre,,,,False,municipio
HB-004092,Goya Principal,Barcelona,080193,Barcelonès,Carrer,Pau Claris,74,08010,No aplica,13,7,,,hotel,True,,,,solo_registre,,,,False,municipio
HB-004093,Aqua Hotel Onabrava  Spa,Santa Susanna,082613,Maresme,Avinguda,Mar,6,08398,4 estrelles superior,697,350,A60890043,"ONABRAVA, SA",hotel,False,153,,,solo_registre,,,,False,municipio
HB-004094,Catalonia La Pedrera,Barcelona,080193,Barcelonès,Carrer,Còrsega,368,08037,4 estrelles,128,79,B17085622,"HOCATSASEIS, SL",hotel,False,256,41.39872149598455,2.1623928970808004,codigo_registro,,,,False,coordenada
HB-004095,TERRASSA CONFORT,Terrassa,082798,Vallès Occidental,Avinguda,de Santa Eulàlia,236,08223,3 estrelles,133,74,B61953378,PARC VALLES SEGLE XXI SL,hotel,False,475,,,solo_registre,,,,False,municipio
HB-004096,HOTEL SERCOTEL CORNELLA,Cornellà de Llobregat,080734,Baix Llobregat,Avinguda,de Can Corts,11-13,08940,3 estrelles,156,78,B66541319,"SERCOTEL OPERADORA, S.L.U",hotel,False,826,,,solo_registre,,,,False,municipio
HB-004097,Roger de Lluria,Barcelona,080193,Barcelonès,Carrer,Roger de Llúria,28,08010,4 estrelles,87,48,B61912465,ROGER DE LLURIA S.L.U,hotel,False,469,41.39110060804099,2.171776299153139,codigo_registro,,,,False,coordenada
HB-004099,Barcelona Aeropuerto Affiliated by Melia,"Prat de Llobregat, el",081691,Baix Llobregat,Plaça,Pla de l'Estany-Parc de Negocis Mas Blau II,1,08820,4 estrelles,404,205,A78304516,MELIA HOTELS INTERNACIONAL SA,hotel,False,166,,,solo_registre,,,,False,municipio
HB-004100,Novotel Sant Joan Despí,Sant Joan Despí,082172,Baix Llobregat,Carrer,TV3,2,08970,4 estrelles,322,161,A08371346,"Essendi Hospitality Spain, S.A.",hotel,False,41,,,solo_registre,,,,False,municipio
HB-004101,HOTEL EXE LAIETANA PALACE,Barcelona,080193,Barcelonès,Via,Laietana,17,08003,4 estrelles,95,62,B64562747,BERADAR HOTELS SL,hotel,False,648,41.383411899463084,2.1793367675769977,codigo_registro,,,,False,coordenada
HB-004102,Continental Palacete,Barcelona,080193,Barcelonès,Rambla,Catalunya,30-32,08007,3 estrelles,24,19,A08027963,HOTEL CONTINENTAL S.A.,hotel,False,6,41.389758375212566,2.1655838001642036,codigo_registro,,,,False,coordenada
HB-004103,HOTEL FOUR POINTS BY SHERATON BARCELONA DIAGONAL,Barcelona,080193,Barcelonès,Avinguda,Diagonal,161,08018,4 estrelles,308,154,B61945119,ERMA PLUS HOTELS SL,hotel,False,473,41.405374423317205,2.1961909501081034,codigo_registro,,,,False,coordenada
HB-004104,Que Tal,Barcelona,080193,Barcelonès,Carrer,Mallorca,290,08037,No aplica,23,13,J64924590,"QUE TAL COLLECTION, SCP",hotel,False,1013,,,solo_registre,,,,False,municipio
HB-004105,Sant Celoni,Sant Celoni,082021,Vallès Oriental,Carrer,Girona,68,08470,3 estrelles,28,20,B62278874,"HOTEL SANT CELONI, S.L.",hotel,False,497,,,solo_registre,,,,False,municipio
HB-004106,Atenea Valles,Granollers,080961,Vallès Oriental,Carrer,Magallanes-Aragó,s/n,08400,4 estrelles,161,77,A58468844,"COMERCIAL BERLIN, SA",hotel,False,118,,,solo_registre,,,,False,municipio
HB-004107,BCN Condal Apartments,Barcelona,080193,Barcelonès,Carrer,de Còrsega,546,08025,No aplica,16,8,,,hotel,True,,,,solo_registre,,,,False,municipio
HB-004111,Joan Marina,Subirats,082732,Alt Penedès,Carrer,Doctor Bofill,s/n,08739,No aplica,17,9,,,hotel,True,,,,solo_registre,,,,False,municipio
HB-004112,Praktik Rambla,Barcelona,080193,Barcelonès,Rambla,Catalunya,27,08007,No aplica,70,37,B63965974,Budget Hotels S.L.,hotel,False,617,,,solo_registre,,,,False,municipio
HB-004113,B B HOTEL Barcelona Mollet Porta de Gallecs,Mollet del Vallès,081249,Vallès Oriental,Carrer,"GALLECS, LOCAL 1",68,08100,3 estrelles,104,64,B66209693,B B HOSPITALITY ESPAÑA SL,hotel,False,786,,,solo_registre,,,,False,municipio
HB-004114,Barcelona Universal,Barcelona,080193,Barcelonès,Avinguda,Paral.lel,76-80,08001,4 estrelles,334,167,B08236127,"Josel, SLU",hotel,False,205,41.3751889339732,2.1683138995370026,codigo_registro,,,,False,coordenada
HB-004115,Rocapins,Calella,080351,Maresme,Carretera,N-II-La Petona,KM 666,08370,No aplica,30,16,,,hotel,True,,,,solo_registre,,,,False,municipio
HB-004116,Hostal del Palau,Barcelona,080193,Barcelonès,Carrer,Sant Pere Mes Alt,6,08003,No aplica,13,7,B67378802,LASARTE GLOBAL SERVICES S.L.,hotel,False,902,,,solo_registre,,,,False,municipio
HB-004117,Colors,Barcelona,080193,Barcelonès,Carrer,Campoamor,79,08031,1 estrella,45,25,B65907792,"PODO LIGA CONSULTING, SL",hotel,False,742,41.435333715684706,2.153860582109364,codigo_registro,,,,False,coordenada
HB-004118,L'Hostalet,Cabrils,080305,Maresme,Carrer,de la Maria Teresa,5,08348,No aplica,8,4,B61131504,"TRASTENTO, SLU",hotel,False,420,,,solo_registre,,,,False,municipio
HB-004119,Torre Vermella,Cerdanyola del Vallès,082665,Vallès Occidental,Carrer,Santa Marcel·lina,13,08290,1 estrella,56,28,B62410279,"HOTEL PARQUE DE SANT RAMON, SL",hotel,False,506,,,solo_registre,,,,False,municipio
HB-004120,Hostal Eden II,Barcelona,080193,Barcelonès,Carrer,Balmes,55,08007,No aplica,11,6,B62441514,"HOSTAL EDEN, SL",hotel,False,508,,,solo_registre,,,,False,municipio
HB-004121,Banys Orientals,Barcelona,080193,Barcelonès,Carrer,Argenteria,37,08003,3 estrelles,82,43,B61961355,"ALLOTJAMENTS TURÍSTICS 2000, SL",hotel,False,476,41.38379933297751,2.180066620137655,codigo_registro,,,,False,coordenada
HB-004122,MOTHERN BYPILLOW,Barcelona,080193,Barcelonès,Ronda,de Sant Pere,15,08010,3 estrelles,87,64,B42929059,PAULTON INVEST S.L.,hotel,False,288,41.38877012728022,2.1717574973605895,codigo_registro,,,,False,coordenada
HB-004124,Can Martinet,Abrera,080018,Baix Llobregat,Carrer,Florida,2,08630,1 estrella,39,24,A59091272,"HOTEL CAN MARTINET, SA",hotel,False,141,,,solo_registre,,,,False,municipio
HB-004125,Milenium,Santa Margarida i els Monjos,082515,Alt Penedès,Passeig,Fluvial,30,08730,No aplica,34,17,B59595546,"FRAMACOR, SL",hotel,False,363,,,solo_registre,,,,False,municipio
HB-004126,Girona,Barcelona,080193,Barcelonès,Carrer,Girona,24,08010,No aplica,15,10,B63106371,"RESIDENCIA CONFORT GIRONA, SL",hotel,False,565,,,solo_registre,,,,False,municipio
HB-004127,Basic Hotel,Olèrdola,081458,Alt Penedès,Polígon,Clot de Moja-Trepat,5,08734,2 estrelles,112,72,B63098438,"CENTREX HOSTELERIA, SL",hotel,False,563,,,solo_registre,,,,False,municipio
HB-004128,STANDBYME RAMBLAS,Barcelona,080193,Barcelonès,Carrer,rambla,100,08002,No aplica,31,18,B05430996,FUERTE CORP1 SL,hotel,False,192,,,solo_registre,,,,False,municipio
HB-004129,Llobera,Sant Antoni de Vilamajor,081982,Vallès Oriental,Avinguda,Alfons I,22,08459,No aplica,16,8,G63009039,"FONDA LLOBERA, SCP",hotel,False,989,,,solo_registre,,,,False,municipio
HB-004130,Neri,Barcelona,080193,Barcelonès,Carrer,Sant Sever,5,08002,5 estrelles,44,22,A08520876,ANIMUA SA,hotel,False,51,41.38322770631599,2.1755026408898988,codigo_registro,,,,False,coordenada
HB-004131,Hotel Kalima,Caldes d'Estrac,080327,Maresme,Passeig,de les Moreres,7,08393,No aplica,19,11,B67078170,AM21 ACCIONES PATRIMONIALES,hotel,False,881,,,solo_registre,,,,False,municipio
HB-004134,DWO Les Palmeres,Calella,080351,Maresme,Carrer,Diputació,1-21,08370,4 estrelles,184,96,B72693963,"HOTELES REUNIDOS DE CALELLA, S.L.",hotel,False,929,,,solo_registre,,,,False,municipio
HB-004135,Mediterráneo Plaza,Castelldefels,080569,Baix Llobregat,Passeig,Marina,251,08860,4 estrelles,36,20,A58604547,"CASTELL HOTELS, SA",hotel,False,125,,,solo_registre,,,,False,municipio
HB-004138,Constanza,Barcelona,080193,Barcelonès,Carrer,Bruc,33,08010,2 estrelles,87,46,B60458411,"HOTEL CONSTANZA, S.L.",hotel,False,392,41.391625305801135,2.172968114848732,codigo_registro,,,,False,coordenada
HB-004139,Porta d'Alella,Alella,080039,Maresme,Carrer,Sant Mateu,5,08328,4 estrelles,18,11,B64921489,"LES TERRASSES D'ALELLA, SL",hotel,False,664,,,solo_registre,,,,False,municipio
HB-004140,Luna Club,Malgrat de Mar,081108,Maresme,Avinguda,Cristobal Colon,12,08380,4 estrelles superior,251,128,B60506177,HOLU S.L.,hotel,False,394,,,solo_registre,,,,False,municipio
HB-004144,Hostal Poble Nou,Barcelona,080193,Barcelonès,Carrer,Taulat,30,08005,No aplica,11,6,,,hotel,True,,,,solo_registre,,,,False,municipio
HB-004145,ILUNION LES CORTS SPA,Barcelona,080193,Barcelonès,Carrer,CARRER DEL CARDENAL REIG,11,08028,4 estrelles,392,213,A80546088,"ILUNION HOTELS, S.A.",hotel,False,170,41.37701761496102,2.1138532534292875,codigo_registro,,,,False,coordenada
HB-004147,Duquesa de Cardona,Barcelona,080193,Barcelonès,Passeig,Colom,12,08002,4 estrelles superior,128,64,B61948360,"TRAVIL 98,S.L.",hotel,False,474,41.37987687800618,2.1805893026700027,codigo_registro,,,,False,coordenada
HB-004148,Hostal del Carmen,Terrassa,082798,Vallès Occidental,Carretera,Rubí-Terrassa,441,08228,No aplica,18,11,B66911744,LA FOSCA 2017 SL,hotel,False,866,,,solo_registre,,,,False,municipio
HB-004149,Front Maritim,Barcelona,080193,Barcelonès,Passeig,Garcia Faria,69,08019,4 estrelles,235,177,B82988825,"INVERSORA DE HOTELES URBANOS, SL",hotel,False,941,41.40406420436568,2.214109065509765,codigo_registro,,,,False,coordenada
HB-004150,HOSTAL SOFIA2,Barcelona,080193,Barcelonès,Avinguda,de Roma,1,08029,No aplica,6,5,B67347658,SURVIVE GESTION S.L.,hotel,False,900,,,solo_registre,,,,False,municipio
HB-004151,H10 Itaca,Barcelona,080193,Barcelonès,Avinguda,Roma,22,08015,4 estrelles,146,97,B61914883,"APOLO, S.L.",hotel,False,470,41.38119396449098,2.1454585925837777,codigo_registro,,,,False,coordenada
HB-004152,HOSTAL CENTRO,Barcelona,080193,Barcelonès,Carrer,de Balmes,83,08008,No aplica,8,4,B65005035,HABITATGE TUTELAT BCN SL,hotel,False,674,,,solo_registre,,,,False,municipio
HB-004153,America,Barcelona,080193,Barcelonès,Carrer,Provença,195,08008,4 estrelles,78,59,B62119037,"NEW MILLENIUM HOTELS, S.L.",hotel,False,488,41.39185422254023,2.157308317484884,codigo_registro,,,,False,coordenada
HB-004154,Abba Garden,Esplugues de Llobregat,080771,Baix Llobregat,Carrer,Santa Rosa,33,08950,4 estrelles,271,138,B01538214,"HOTEL ZIRI, S.L.",hotel,False,175,,,solo_registre,,,,False,municipio
HB-004155,Eurostars Grand Marina Hotel,Barcelona,080193,Barcelonès,Carrer,Moll de Barcelona,s/n,08039,Gran luxe,576,288,B62133384,WORLD TRADE CENTER HOTEL SL,hotel,False,489,41.372956920075445,2.1800722140573696,codigo_registro,,,,False,coordenada
HB-004156,Cactus Residencial,Castelldefels,080569,Baix Llobregat,Carrer,Manresa,2,08860,2 estrelles,24,12,B62980925,"CACTUS RESIDENCIAL, SL",hotel,False,548,,,solo_registre,,,,False,municipio
HB-004157,Mil.lenni,Barcelona,080193,Barcelonès,Ronda,Sant Pau,14,08001,4 estrelles,82,45,A17027186,"FAGACA, S.A.",hotel,False,79,41.37601607509099,2.166969888839461,codigo_registro,,,,False,coordenada
HB-004159,Ibis Meridiana,Barcelona,080193,Barcelonès,Passeig,Andreu Nin,31,08016,2 estrelles,282,143,A08371346,"Essendi Hospitality Spain, S.A.",hotel,False,41,41.43543328264804,2.1816323632441477,codigo_registro,,,,False,coordenada
HB-004160,Serhs Carlit,Barcelona,080193,Barcelonès,Carrer,Diputació,383,08013,3 estrelles,71,38,B65870909,"NUPESOL HOTELERA, SL",hotel,False,737,41.39716834363273,2.1758631715778107,codigo_registro,,,,False,coordenada
HB-004161,Hotel Catalonia Barcelona Beach (ab Hotel Hesperia del Mar),Barcelona,080193,Barcelonès,Carrer,d Espronceda,6,08005,4 estrelles,150,84,B20673893,"CATALONIA BARCELONA BEACH, S.L.",hotel,False,272,41.401596709479406,2.21007561017675,codigo_registro,,,,False,coordenada
HB-004162,Onix Rambla,Barcelona,080193,Barcelonès,Rambla,Catalunya,24,08007,3 estrelles,80,40,A08504631,"ICYESA CORNELLÀ, S.A.",hotel,False,50,41.38920601219498,2.166337919700029,codigo_registro,,,,False,coordenada
HB-004163,Novotel Barcelona Cornella,Cornellà de Llobregat,080734,Baix Llobregat,Avinguda,Maresme,78,08940,4 estrelles,306,153,A08371346,"Essendi Hospitality Spain, S.A.",hotel,False,41,,,solo_registre,,,,False,municipio
HB-004164,H10 Racó del Pi,Barcelona,080193,Barcelonès,Carrer,Pi,7,08002,3 estrelles,63,37,B61914883,"APOLO, S.L.",hotel,False,470,41.383352442603865,2.1739531000240064,codigo_registro,,,,False,coordenada
HB-004165,SERCOTEL PORTA BARCELONA,Sant Just Desvern,082212,Baix Llobregat,Avinguda,DE LA GENERALITAT DE CATALUNYA,2-6,08960,3 estrelles,184,99,B66541319,"SERCOTEL OPERADORA, S.L.U",hotel,False,826,,,solo_registre,,,,False,municipio
HB-004166,Llagotel,"Llagosta, la",081056,Vallès Oriental,Carrer,Anselm Clavé,15,08120,No aplica,12,8,B60447638,S.L. DE VIVENDES I PARKINGS,hotel,False,391,,,solo_registre,,,,False,municipio
HB-004168,Hostal Arianel·la de Can Coral,Torrelles de Foix,082883,Alt Penedès,Avinguda,Can Coral,s/n,08737,No aplica,12,6,,,hotel,True,,,,solo_registre,,,,False,municipio
HB-004170,SERCOTEL ARRAHONA,Sabadell,081878,Vallès Occidental,Carretera,de Barcelona,446,08203,3 estrelles,206,88,B63566244,INVERSIONES NARON 2003 SL,hotel,False,593,,,solo_registre,,,,False,municipio
HB-004171,Betrés,Barcelona,080193,Barcelonès,Carrer,Breda,3-5,08029,No aplica,18,9,B63103212,"ESMASA H BREDA, SL",hotel,False,564,,,solo_registre,,,,False,municipio
HB-004172,Eurostars Barberà Parc,Barberà del Vallès,082520,Vallès Occidental,Carretera,"N-150, km 6,7-Sector Baricentro",SOLAR B-1,08210,4 estrelles,240,120,B62818703,"BARBERA PARC, SL",hotel,False,533,,,solo_registre,,,,False,municipio
HB-004174,Ibis Budget Barcelona Sant Andreu de la Barca,Sant Andreu de la Barca,081960,Baix Llobregat,Carrer,Energía,1,08740,2 estrelles,140,72,A08371346,"Essendi Hospitality Spain, S.A.",hotel,False,41,,,solo_registre,,,,False,municipio
HB-004176,HOTEL NOUCENTISTA,Sitges,082704,Garraf,Carrer,de l Illa de Cuba,21,08870,2 estrelles,19,11,,,hotel,True,,,,solo_registre,,,,False,municipio
HB-004177,Vilamarí,Barcelona,080193,Barcelonès,Carrer,VILAMARÍ,34-36,08015,2 estrelles,158,90,B58469826,HOTEL VILAMARI,hotel,False,333,41.376707056595,2.1524537675316493,codigo_registro,,,,False,coordenada
HB-004178,Caprici Verd,Santa Susanna,082613,Maresme,Avinguda,Mar,3,08398,4 estrelles superior,489,266,B62487335,"Hotelera Master Cinco, s.l.",hotel,False,512,,,solo_registre,,,,False,municipio
HB-004182,SERCOTEL CASPE,Barcelona,080193,Barcelonès,Carrer,Casp,103-109,08013,4 estrelles,282,141,B63118012,ALCOTAS HOTELES SL,hotel,False,566,41.396106080084934,2.179481225396938,codigo_registro,,,,False,coordenada
HB-004183,Evenia Rosselló,Barcelona,080193,Barcelonès,Carrer,Rosselló,191,08036,4 estrelles,164,94,B62470695,"PROYECTOS LAURAM, SL",hotel,False,511,41.392434558929324,2.154985585974796,codigo_registro,,,,False,coordenada
HB-004184,HOTEL SANT CUGAT,Sant Cugat del Vallès,082055,Vallès Occidental,Carrer,de Cèsar Martinell,2,08172,4 estrelles superior,194,97,A08520876,ANIMUA SA,hotel,False,51,,,solo_registre,,,,False,municipio
HB-004185,Colón,Caldes d'Estrac,080327,Maresme,Plaça,Barques,s/n,08393,4 estrelles,168,84,A58800475,"STELGROC, S.A.",hotel,False,132,,,solo_registre,,,,False,municipio
HB-004186,Portofino,Arenys de Mar,080060,Maresme,Carrer,Josep  Anselm Clavé,4,08350,No aplica,12,6,,,hotel,True,,,,solo_registre,,,,False,municipio
HB-004187,Les Torres,Sant Esteve Sesrovires,082080,Baix Llobregat,Carrer,Copernic,s/n,08635,3 estrelles,80,40,B62216551,"DACAR HOTEL, SL",hotel,False,493,,,solo_registre,,,,False,municipio
HB-004189,ACEVI VILLARROEL,Barcelona,080193,Barcelonès,Carrer,villarroel,106,08011,4 estrelles,168,84,B62851423,YEICABARNA SL,hotel,False,535,41.385365431537544,2.156786869481321,codigo_registro,,,,False,coordenada
HB-004190,H10 Marina Barcelona,Barcelona,080193,Barcelonès,Avinguda,Bogatell,64-68,08005,4 estrelles,440,235,B62385067,"HOTELERA MARINA BARCELONA, S.L.",hotel,False,502,41.393097069182915,2.192423387549554,codigo_registro,,,,False,coordenada
HB-004191,HOSTAL BALER SCP,Barcelona,080193,Barcelonès,Carrer,Torre den Damians,11,08014,No aplica,19,15,J63374581,HOSTAL BALER SCP,hotel,False,1008,,,solo_registre,,,,False,municipio
HB-004192,Hostal Centro 2,Barcelona,080193,Barcelonès,Carrer,Balmes,83,08036,No aplica,11,6,,,hotel,True,,,,solo_registre,,,,False,municipio
HB-004193,Barcelona City Centre,Barcelona,080193,Barcelonès,Carrer,Balmes,60,08007,No aplica,20,10,,,hotel,True,,,,solo_registre,,,,False,municipio
HB-004194,Sansi Diputació,Barcelona,080193,Barcelonès,Carrer,Diputació,234-236,08007,4 estrelles,97,55,B63163810,"SANSI HOTELES, SL",hotel,False,569,41.388356811968315,2.1645014310312756,codigo_registro,,,,False,coordenada
HB-004195,Rafael Diagonal Port,Barcelona,080193,Barcelonès,Carrer,Lope de Vega,4,08005,4 estrelles,230,115,A80239007,"RAFAEL HOTELES, SAU",hotel,False,169,41.400680471055345,2.2088335117523843,codigo_registro,,,,False,coordenada
HB-004196,Barna Hostal,Barcelona,080193,Barcelonès,Rambla,Catalunya,102,08008,No aplica,16,8,B66400748,MERCAGRANOLLERS SL,hotel,False,811,,,solo_registre,,,,False,municipio
HB-004197,Evenia Rocafort,Barcelona,080193,Barcelonès,Carrer,Rocafort,23-25,08015,3 estrelles,79,51,B62439161,"KILON PLUS, SL",hotel,False,507,41.37626400901892,2.1571850375481807,codigo_registro,,,,False,coordenada
HB-004198,Absolut,Barcelona,080193,Barcelonès,Carrer,de Casanova,72,08011,No aplica,8,4,,,hotel,True,,,,solo_registre,,,,False,municipio
HB-004199,Prestige Congres,"Hospitalet de Llobregat, l'",081017,Barcelonès,Carrer,José Agustin Goytisolo,9-11,08908,4 estrelles,320,160,B76003771,"Hotel Fira Congress / Rovinka XXI, SL",hotel,False,937,,,solo_registre,,,,False,municipio
HB-004200,Sixtytwo Barcelona,Barcelona,080193,Barcelonès,Passeig,Gràcia,62,08007,4 estrelles,84,45,B65163941,WINDE FRIENDLY HOTELS S.L.,hotel,False,688,41.39295484694663,2.164494179716713,codigo_registro,,,,False,coordenada
HB-004201,Sagrada Família,Barcelona,080193,Barcelonès,Carrer,Còrsega,541,08025,3 estrelles,141,86,B62610936,HOTEL SAGRADA FAMILIA,hotel,False,523,41.40591097677745,2.1715805115555398,codigo_registro,,,,False,coordenada
HB-004202,Hilton Diagonal Mar,Barcelona,080193,Barcelonès,Passeig,Taulat,262-264,08019,4 estrelles,862,431,B28061976,HILTON OF SPAIN S.L.,hotel,False,281,41.40827149175515,2.218377295428622,codigo_registro,,,,False,coordenada
HB-004203,Ciutat de Sant Adrià,Sant Adrià de Besòs,081944,Barcelonès,Carrer,Santa Caterina,38,08930,2 estrelles,24,24,B62505664,"HOTEL SLEEP C32, SL",hotel,False,515,,,solo_registre,,,,False,municipio
HB-004204,Barceló Hotel Atenea Mar,Barcelona,080193,Barcelonès,Passeig,Garcia Faria,37-47,08019,4 estrelles,346,191,A07738933,BARCELO CONDAL HOTELES S.A.,hotel,False,4,41.4024533163308,2.211829316746771,codigo_registro,,,,False,coordenada
HB-004205,Ciutat Martorell,Martorell,081141,Baix Llobregat,Avinguda,Pau Claris,s/n,08760,3 estrelles,184,92,B87171740,EYE STAR SL,hotel,False,952,,,solo_registre,,,,False,municipio
HB-004206,Hostal Eden III,Barcelona,080193,Barcelonès,Carrer,Balmes,55,08007,No aplica,8,6,B62441514,"HOSTAL EDEN, SL",hotel,False,508,,,solo_registre,,,,False,municipio
HB-004207,"The Hoxton, Poblenou",Barcelona,080193,Barcelonès,Avinguda,Diagonal,205,08018,4 estrelles,480,240,B87011052,MIDDLEBURY INVEST SL,hotel,False,951,41.40393173856846,2.1903273937000427,codigo_registro,,,,False,coordenada
HB-004208,Palou,Sant Pere de Ribes,082310,Garraf,Carrer,Palou,15-17,08810,3 estrelles,20,10,B63271555,"ATYC SUBUR, SL",hotel,False,574,,,solo_registre,,,,False,municipio
HB-004209,Casa Camper,Barcelona,080193,Barcelonès,Carrer,Elisabets,11,08001,4 estrelles,50,25,B57101974,"Caimari Med, S.L",hotel,False,313,41.38329847544325,2.1685101370536484,codigo_registro,,,,False,coordenada
HB-004210,HOTEL CATALONIA LA MAQUINISTA,Barcelona,080193,Barcelonès,Carrer,de la Ciutat d'Asunción,35,08030,4 estrelles,180,92,A38385712,"AMHUDE, S.A.U.",hotel,False,83,41.43929677845805,2.199877157601278,codigo_registro,,,,False,coordenada
HB-004211,H10 Universitat,Barcelona,080193,Barcelonès,Ronda,Universitat,21,08007,4 estrelles,156,94,B62385067,"HOTELERA MARINA BARCELONA, S.L.",hotel,False,502,41.38685374561615,2.16664300883231,codigo_registro,,,,False,coordenada
HB-004212,HOTEL LEONARDO GRAN VIA,Barcelona,080193,Barcelonès,Carrer,DIPUTACIO,100,08015,3 estrelles,200,100,B87576732,LEONARDO HOTELS OPCO MADRID SL.,hotel,False,958,41.38112756977953,2.1548907267364816,codigo_registro,,,,False,coordenada
HB-004213,HOTEL PULITZER,Barcelona,080193,Barcelonès,Carrer,Bergara,8,08002,4 estrelles superior,178,91,B63031710,CONTROLLER ALT SL,hotel,False,553,41.38615564886564,2.1683742623160835,codigo_registro,,,,False,coordenada
HB-004214,Zenit Borrell,Barcelona,080193,Barcelonès,Carrer,Comte Borrell,208,08029,4 estrelles,101,74,E82947987,HOTEL ZENIT CONDE DE BORRELL C.B.,hotel,False,979,41.38599346732167,2.151445135952773,codigo_registro,,,,False,coordenada
HB-004215,HOSTAL ROC BLANC,Terrassa,082798,Vallès Occidental,Carrer,de la Carretera d'Olesa,0,08224,No aplica,13,10,B64394257,TITO 2006 SL,hotel,False,639,,,solo_registre,,,,False,municipio
HB-004217,Castell de l'Oliver,Sant Vicenç de Montalt,082649,Maresme,Cases,Can Milans,s/n,08394,4 estrelles,14,7,B63560619,"RELAI CASTELL, SL",hotel,False,592,,,solo_registre,,,,False,municipio
HB-004218,HOTEL EUROSTARS SITGES,Sitges,082704,Garraf,Camí,MIRALPEIX,12,08870,5 estrelles,523,263,B72765241,VICELO HOTELS SL,hotel,False,931,,,solo_registre,,,,False,municipio
HB-004219,Casa Fuster,Barcelona,080193,Barcelonès,Passeig,Gràcia,132,08008,Gran luxe,210,105,B19629344,HOTEL CAS FUSTER SLU,hotel,False,270,41.39801599366713,2.158025884692545,codigo_registro,,,,False,coordenada
HB-004220,Silken Concordia,Barcelona,080193,Barcelonès,Avinguda,Paral.lel,115,08004,4 estrelles,176,88,B63425292,"BCN HOTEL CONCORDIA 2003, S.L.",hotel,False,579,41.37483551026784,2.161173954583217,codigo_registro,,,,False,coordenada
HB-004222,"Inn Ninot Barcelona, S.L.",Barcelona,080193,Barcelonès,Carrer,de Muntaner,175,08036,No aplica,12,8,B67557231,"Inn Ninot Barcelona, S.L.",hotel,False,913,,,solo_registre,,,,False,municipio
HB-004223,Leonardo Royal Hotel Barcelona Forum,Barcelona,080193,Barcelonès,Passeig,Taulat,278,08019,4 estrelles,736,368,B83246934,"BARDIOMAR, SL",hotel,False,943,41.410204014174376,2.21869540018755,codigo_registro,,,,False,coordenada
HB-004224,EUROHOTEL GRAN VIA FIRA,"Hospitalet de Llobregat, l'",081017,Barcelonès,Carrer,de Miguel Hernández,130,08908,4 estrelles,216,116,B65234999,"DOLINA TRADING, SL",hotel,False,691,,,solo_registre,,,,False,municipio
HB-004225,Barcelona Center Inn,Barcelona,080193,Barcelonès,Carrer,Bailèn,47,08010,No aplica,10,6,B63613053,"HOSTAL LAMU, SL",hotel,False,596,,,solo_registre,,,,False,municipio
HB-004226,Hesperia Tower,"Hospitalet de Llobregat, l'",081017,Barcelonès,Carrer,Gran Via,144,08907,5 estrelles,562,281,B08798837,"DESJUST,S.L.",hotel,False,221,,,solo_registre,,,,False,municipio
HB-004227,Jazz,Barcelona,080193,Barcelonès,Carrer,Pelai,3,08001,3 estrelles,216,108,B58586991,"GRAN CHEF, SL",hotel,False,338,41.38594482150712,2.165871871325046,codigo_registro,,,,False,coordenada
HB-004228,KALMA SITGES HOTEL,Sitges,082704,Garraf,Passeig,DE LA RIBERA,65-68,08870,4 estrelles,61,46,B63566244,INVERSIONES NARON 2003 SL,hotel,False,593,,,solo_registre,,,,False,municipio
HB-004229,Sunway Playa Golf,Sitges,082704,Garraf,Passeig,Marítim,92-94,08870,4 estrelles,443,122,B08370827,SUNWAY SL,hotel,False,211,,,solo_registre,,,,False,municipio
HB-004230,Aranea,Barcelona,080193,Barcelonès,Carrer,Consell de Cent,444,08013,3 estrelles,140,84,A08052441,"CAFES ESPAÑOL OLIMIPA, S.A.",hotel,False,7,41.398539783459846,2.1757825400899513,codigo_registro,,,,False,coordenada
HB-004231,Cram,Barcelona,080193,Barcelonès,Carrer,Aribau,54,08011,4 estrelles,134,67,,,hotel,True,,41.3880747357833,2.159984736019471,codigo_registro,,,,False,coordenada
HB-004232,Raval Rooms,Barcelona,080193,Barcelonès,Carrer,Hospital,149-155,08001,No aplica,48,31,B63733281,PURMOIJET S.L.,hotel,False,605,,,solo_registre,,,,False,municipio
HB-004233,Pere IV,Barcelona,080193,Barcelonès,Carrer,Pallars,128-130,08018,4 estrelles,353,191,A58953506,"EROLES, SA",hotel,False,134,41.39703348538714,2.1923892777719374,codigo_registro,,,,False,coordenada
HB-004235,Ciutat del Prat,"Prat de Llobregat, el",081691,Baix Llobregat,Avinguda,Remolar,46,08820,4 estrelles,228,130,A58953506,"EROLES, SA",hotel,False,134,,,solo_registre,,,,False,municipio
HB-004236,Citypark Pelai,Barcelona,080193,Barcelonès,Carrer,Pelai,1,08001,2 estrelles,69,47,A58664764,NEBOR SA,hotel,False,127,41.385984347232885,2.165454650325526,codigo_registro,,,,False,coordenada
HB-004237,HLG Citypark Sant Just,Sant Just Desvern,082212,Baix Llobregat,Avinguda,Riera,2,08960,4 estrelles,228,120,A08705584,HORIZON CITY PARK SA,hotel,False,56,,,solo_registre,,,,False,municipio
HB-004239,Granados 83,Barcelona,080193,Barcelonès,Carrer,Enric Granados,83,08008,4 estrelles superior,135,77,B62235908,"EDIFICIO ENRIQUE GRANADOS 83, S.L.",hotel,False,495,41.39188397012157,2.1568454879910175,codigo_registro,,,,False,coordenada
HB-004240,Hostal Sant Sadurní,Sant Sadurní d'Anoia,082401,Alt Penedès,Carrer,Sant Antoni,99,08770,No aplica,16,10,,,hotel,True,,,,solo_registre,,,,False,municipio
HB-004241,Fashion House,Barcelona,080193,Barcelonès,Carrer,Bruc,13,08010,No aplica,16,8,J65047532,"BCN FASHION HOUSE, SCP",hotel,False,1015,,,solo_registre,,,,False,municipio
HB-004243,Amister,Barcelona,080193,Barcelonès,Avinguda,Roma,93-95,08029,4 estrelles,118,59,B61273371,"CLOSA HOSTELERIA Y RESTAURACION, SL",hotel,False,426,41.384358086929325,2.15149492306307,codigo_registro,,,,False,coordenada
HB-004245,Hostal LK Barcelona,Barcelona,080193,Barcelonès,Carrer,Consell de Cent,30,08014,No aplica,24,13,B65955916,"YOUNG  YOUNG LK BARCELONA, SL",hotel,False,746,,,solo_registre,,,,False,municipio
HB-004246,Montemar Marítim,Santa Susanna,082613,Maresme,Avinguda,Mar,5,08398,4 estrelles,371,187,B17706649,MOMA HOTEL S.L.,hotel,False,264,,,solo_registre,,,,False,municipio
HB-004247,SB Icària Barcelona Hotel,Barcelona,080193,Barcelonès,Avinguda,Icària,195,08005,4 estrelles,298,180,B43067172,"SB HOTELS SPAIN\\, S.L.",hotel,False,290,41.39354882137261,2.1993876749895045,codigo_registro,,,,False,coordenada
HB-004248,La Ciudadela,Barcelona,080193,Barcelonès,Passeig,de Lluís Companys,2,08018,1 estrella,28,18,B60902608,"CAMA-SEC, SL",hotel,False,409,41.38955284988465,2.1836142474250586,codigo_registro,,,,False,coordenada
HB-004249,Catalonia Eixample 1864,Barcelona,080193,Barcelonès,Carrer,Roger de Lluria,60,08009,4 estrelles,242,124,B58227877,DUQUES DE BERGARA S.L.U,hotel,False,323,41.39361699600464,2.1684463036144446,codigo_registro,,,,False,coordenada
HB-004250,MEDICAL HOME BARCELONA MADRID SL,Barcelona,080193,Barcelonès,Gran Via,de les Corts Catalanes,660,08010,No aplica,16,10,,,hotel,True,,,,solo_registre,,,,False,municipio
HB-004251,Montserrat Hotel Training  Center,Collbató,080692,Baix Llobregat,Carrer,Querol,s/n,08293,3 estrelles,223,113,G08902645,FUNDACIO PRIVADA UNIVERSITARIA EADA (ESCOLA D'ALTA DIRECCIO I ADMINISTRACIO),hotel,False,981,,,solo_registre,,,,False,municipio
HB-004252,Dolce Barcelona Resort by Wyndham,Sant Esteve Sesrovires,082080,Baix Llobregat,Carretera,Martorell a Capellades,"19,5",08635,4 estrelles superior,300,150,B75521609,HCI GESTORA DE ACTIVOS S.L.,hotel,False,934,,,solo_registre,,,,False,municipio
HB-004253,Mar Blava Apart-Hotel,Cubelles,080749,Garraf,Avinguda,Jaume I,201-203,08880,2 estrelles,30,15,B61964961,RESISER 2021 SL,hotel,False,477,,,solo_registre,,,,False,municipio
HB-004254,Mar Blava 2 Apart-Hotel,Cubelles,080749,Garraf,Avinguda,Jaume I,189-191,08880,2 estrelles,30,15,B43683184,"JOSI SPORTS, SL",hotel,False,293,,,solo_registre,,,,False,municipio
HB-004255,Luxtal,Barcelona,080193,Barcelonès,Carrer,Tarragona,177,08014,No aplica,10,5,B63828487,"LUXTAL 177, SL",hotel,False,611,,,solo_registre,,,,False,municipio
HB-004256,Holiday Inn Express Molins de Rei,Molins de Rei,081234,Baix Llobregat,Carrer,Primer de Maig,9,08750,3 estrelles,222,111,B62345616,CONTINENTAL HOTELS HISPANIA S.L.,hotel,False,498,,,solo_registre,,,,False,municipio
HB-004258,HOTEL IBIS MONTMELÓ,Granollers,080961,Vallès Oriental,Camí,de Can Gordi,1,08403,2 estrelles,200,100,B55138770,HOTEL ECONOMIQUE CATALUNYA SL,hotel,False,299,,,solo_registre,,,,False,municipio
HB-004259,Ilunion Bel Art,Barcelona,080193,Barcelonès,Carrer,Lepant,406,08025,4 estrelles,165,94,A80546088,ILUNION HOTELS SA,hotel,False,170,41.41016647281284,2.169515153338363,codigo_registro,,,,False,coordenada
HB-004261,Molí de la Torre,Bigues i Riells del Fai del Fai,080235,Vallès Oriental,Carrer,Camí de la Torre,s/n,08415,3 estrelles,26,13,B63247720,BARCONS I HENRY S.L.,hotel,False,573,,,solo_registre,,,,False,municipio
HB-004263,GRAN HOTEL LA FLORIDA,Barcelona,080193,Barcelonès,Carretera,DE VALLVIDRERA AL TIBIDABO,83-93,08035,Gran luxe,140,70,B13886783,SUNSET HOTEL BARCELONA SLU,hotel,False,248,41.42565250707581,2.1212427361500685,codigo_registro,,,,False,coordenada
HB-004264,Hostal Ciudad Condal 2,Barcelona,080193,Barcelonès,Carrer,Mallorca,253,08008,No aplica,11,6,G63562367,"HOSTAL CIUDAD CONDAL, SCP",hotel,False,993,,,solo_registre,,,,False,municipio
HB-004265,La Violeta,Castellterçol,080641,Moianès,Carretera,Barcelona,2,08183,4 estrelles,12,6,B64199169,"LA VIOLETA BARESHOT, SL",hotel,False,627,,,solo_registre,,,,False,municipio
HB-004266,Hostal Badaloni,Badalona,080155,Barcelonès,Carrer,Baldomer Sola,57,08912,No aplica,22,11,B63554901,"HOSTAL BADALONI, SL",hotel,False,591,,,solo_registre,,,,False,municipio
HB-004267,IBIS BARCELONA MOLINS DE REI,Molins de Rei,081234,Baix Llobregat,Avinguda,Caldes,60,08750,2 estrelles,208,104,A08371346,"Essendi Hospitality Spain, S.A.",hotel,False,41,,,solo_registre,,,,False,municipio
HB-004268,BCN-Montjuic Servicios Inmobiliarios,Barcelona,080193,Barcelonès,Carrer,Sant Fructuós,64-74,08004,3 estrelles,114,57,B36009611,ROBECO INVEST SL,hotel,False,285,41.37014880241207,2.14414786098601,codigo_registro,,,,False,coordenada
HB-004269,Calasanz,Molins de Rei,081234,Baix Llobregat,Avinguda,Barcelona,36-38,08750,3 estrelles,36,24,B62369301,"HOTEL CALASANZ, SL",hotel,False,501,,,solo_registre,,,,False,municipio
HB-004270,Atrium Palace,Barcelona,080193,Barcelonès,Carrer,Gran Via Corts Catalanes,656,08010,4 estrelles,134,67,B62754346,Hotel Grava d'Oca SL,hotel,False,530,41.390947459353654,2.1707177028670186,codigo_registro,,,,False,coordenada
HB-004271,HOTEL BARCELONA CATEDRAL,Barcelona,080193,Barcelonès,Carrer,dels Sagristans,2,08002,4 estrelles superior,160,80,B58589425,Hotel Barcelona Catedral,hotel,False,339,41.38481520145631,2.1750576014458023,codigo_registro,,,,False,coordenada
HB-004272,SERCOTEL SANT BOI,Sant Boi de Llobregat,082009,Baix Llobregat,Carrer,de la Mare de Déu de Núria,20,08830,3 estrelles,248,124,B66541319,"SERCOTEL OPERADORA, S.L.U",hotel,False,826,,,solo_registre,,,,False,municipio
HB-004273,SiR Victor Hotel,Barcelona,080193,Barcelonès,Carrer,ROSELLO,265,08008,5 estrelles,182,91,B67144931,"RALEIGH SPAIN, S.L.",hotel,False,887,41.3962267388646,2.160986828869708,codigo_registro,,,,False,coordenada
HB-004278,SUNOTEL JUNIOR,Barcelona,080193,Barcelonès,Avinguda,SARRIA,9,08029,2 estrelles,44,34,B62180187,SUNOTEL BCN SL,hotel,False,491,41.389839073738685,2.1473509838197553,codigo_registro,,,,False,coordenada
HB-004280,GRAND HOTEL CENTRAL,Barcelona,080193,Barcelonès,Via,Laietana,30,08003,5 estrelles,272,147,B65256877,GRAND HOTEL CENTRAL,hotel,False,693,41.38494628095664,2.177669150538514,codigo_registro,,,,False,coordenada
HB-004282,BB Hotel Barcelona Mollet,Mollet del Vallès,081249,Vallès Oriental,Avinguda,dels Rabassaires,46,08100,1 estrella,160,80,B84679935,"WEI ALICANTE, S.L.U.",hotel,False,945,,,solo_registre,,,,False,municipio
HB-004283,Ilunion Auditori,Barcelona,080193,Barcelonès,Carrer,Sicilia,166,08013,3 estrelles,216,108,A66283144,"ILUNION HOTELS CATALUNYA, S.A.",hotel,False,165,41.39592129793331,2.18119263000691,codigo_registro,,,,False,coordenada
HB-004284,Masia Mas Trader,Cubelles,080749,Garraf,Carrer,Dalia,26,08880,1 estrella,23,12,B81179574,"LEZACA, SL",hotel,False,939,,,solo_registre,,,,False,municipio
HB-004285,GRACIA GARDEN,Barcelona,080193,Barcelonès,Carrer,Gran de Gràcia,14,08012,No aplica,24,12,B66619081,Daniela 2011 Gestión Hotelera SLU,hotel,False,835,,,solo_registre,,,,False,municipio
HB-004286,HOTEL VINCCI MARÍTIMO,Barcelona,080193,Barcelonès,Carrer,de Llull,340,08019,4 estrelles,288,144,A82919945,VINCCI HOTELES SA,hotel,False,172,41.4081108740704,2.212527298257556,codigo_registro,,,,False,coordenada
HB-004287,NH COLLECTION CONSTANZA,Barcelona,080193,Barcelonès,Carrer,DEU I MATA,69-99,08029,4 estrelles,618,308,A58511882,NH HOTELES ESPAÑA S.A.,hotel,False,124,41.388934202612596,2.136308559177166,codigo_registro,,,,False,coordenada
HB-004288,Barcelona City North,Barcelona,080193,Barcelonès,Carrer,Saragossa,95-97,08006,No aplica,18,9,B64202690,"FRANQUESA MALAGUTI, SL",hotel,False,630,,,solo_registre,,,,False,municipio
HB-004289,AC Gavà Mar,Gavà,080898,Baix Llobregat,Carrer,Tellinaires,33-35,08850,4 estrelles,138,69,B82945445,"AC HOTEL GAVA, S.L.",hotel,False,940,,,solo_registre,,,,False,municipio
HB-004290,Actual,Barcelona,080193,Barcelonès,Carrer,Rosselló,238,08008,3 estrelles,70,35,A58973587,ADEY SA,hotel,False,136,41.39604936987211,2.161124615504911,codigo_registro,,,,False,coordenada
HB-004291,Mas de Baix,Cabrils,080305,Maresme,Passeig,Tolrà,1,08348,4 estrelles,17,9,B63793913,MAS DE BAIX CABRILS SL,hotel,False,608,,,solo_registre,,,,False,municipio
HB-004292,Hostal Agua Alegre,Barcelona,080193,Barcelonès,Carrer,Roger de Lluria,47,08009,No aplica,13,7,,,hotel,True,,,,solo_registre,,,,False,municipio
HB-004293,L'Hostalet de la Merceria,Figaró-Montmany,081347,Vallès Oriental,Carrer,Major,49,08590,2 estrelles,5,3,,,hotel,True,,,,solo_registre,,,,False,municipio
HB-004295,HOTEL SB BCN EVENTS,Castelldefels,080569,Baix Llobregat,Ronda,de Can Rabadà,22,08860,4 estrelles superior,736,323,B43067172,"SB HOTELS SPAIN\\, S.L.",hotel,False,290,,,solo_registre,,,,False,municipio
HB-004296,Barcelona Center,Barcelona,080193,Barcelonès,Carrer,Balmes,103-105,08008,4 estrelles,262,132,B19629443,"HOTEL NOGA BARCELONA, S.L.U.",hotel,False,271,41.39174920826254,2.1592763481264403,codigo_registro,,,,False,coordenada
HB-004297,Barcelona Airport,"Prat de Llobregat, el",081691,Baix Llobregat,Polígon,Mas Blau I- Pl.Volateria,3,08820,4 estrelles,501,259,B62365820,"JORSU CATALANA, SL",hotel,False,500,,,solo_registre,,,,False,municipio
HB-004298,SUNOTEL ASTON,Barcelona,080193,Barcelonès,Carrer,de París,101 - 107,08029,3 estrelles,137,80,B62180187,SUNOTEL BCN SL,hotel,False,491,41.3894153824004,2.1474311194472757,codigo_registro,,,,False,coordenada
HB-004300,Eurostars Anglí,Barcelona,080193,Barcelonès,Carrer,Anglí,60,08017,4 estrelles,96,48,B63906911,"EUROSTARS BONANOVA,S.L.U.",hotel,False,613,41.4031284407866,2.1231335759874757,codigo_registro,,,,False,coordenada
HB-004301,Holiday In Express Granollers,Granollers,080961,Vallès Oriental,Camí,Can Gordi,15,08403,3 estrelles,200,100,B62345616,CONTINENTAL HOTELS HISPANIA S.L.,hotel,False,498,,,solo_registre,,,,False,municipio
HB-004302,Barcelona Princess,Barcelona,080193,Barcelonès,Avinguda,Diagonal,1,08019,4 estrelles,728,364,B61809307,"BARCELONA RESORT, S.L.",hotel,False,458,41.4110045090144,2.218573600631514,codigo_registro,,,,False,coordenada
HB-004303,Serhs del Port,Barcelona,080193,Barcelonès,Avinguda,Paral.lel,40,08001,3 estrelles,77,48,A08477713,"HOTEL COLIBRI, S.A.",hotel,False,49,41.37502470594311,2.172491156193394,codigo_registro,,,,False,coordenada
HB-004304,AC Irla,Barcelona,080193,Barcelonès,Carrer,Calvet,40-42,08021,3 estrelles,63,36,A58431693,"SANT GERVASI INMOBILIARIA, SA",hotel,False,115,41.394843835098754,2.1434923809957,codigo_registro,,,,False,coordenada
HB-004305,Madanis,"Hospitalet de Llobregat, l'",081017,Barcelonès,Carrer,Onze de Setembre,1,08903,4 estrelles,60,30,B62461256,"COLLBLANC SEGLE XXI, S.L.",hotel,False,510,,,solo_registre,,,,False,municipio
HB-004307,Hostal HMB,Barcelona,080193,Barcelonès,Carrer,Francisco Giner,5,08012,No aplica,40,28,B64160005,"HOSTEL MANAGEMENT BERNABE 2005, SL",hotel,False,625,,,solo_registre,,,,False,municipio
HB-004308,Petit Palace Museum,Barcelona,080193,Barcelonès,Carrer,Diputació,250,08007,4 estrelles,122,61,A82756610,"HIGH TECH HOTELS & RESORTS, S.A.",hotel,False,171,41.38892315462137,2.1652548921021864,codigo_registro,,,,False,coordenada
HB-004309,Petit Palace BCN,Barcelona,080193,Barcelonès,Carrer,Roger de Llúria,21,08010,4 estrelles,67,37,A82756610,"HIGH TECH HOTELS & RESORTS, S.A.",hotel,False,171,41.391037505589516,2.1714827736630458,codigo_registro,,,,False,coordenada
HB-004310,Petit Palace Opera Garden,Barcelona,080193,Barcelonès,Carrer,Boqueria,10,08002,4 estrelles,189,103,A82756610,"HIGH TECH HOTELS & RESORTS, S.A.",hotel,False,171,41.381421796071585,2.1739577408033917,codigo_registro,,,,False,coordenada
HB-004311,TRAVELODGE BARCELONA CORNELLÁ FIRA,Cornellà de Llobregat,080734,Baix Llobregat,Avinguda,MARESME,7,08940,3 estrelles,276,138,B83028456,TRAVELODGE HOTELES ESPAÑA SL,hotel,False,942,,,solo_registre,,,,False,municipio
HB-004312,BCN Port,Barcelona,080193,Barcelonès,Avinguda,Paral.lel,15,08004,No aplica,56,32,B63534218,"HOSTAL DRASSANES, SL",hotel,False,590,,,solo_registre,,,,False,municipio
HB-004313,Ilunion Barcelona,Barcelona,080193,Barcelonès,Carrer,Ramon Turró,196-198,08005,4 estrelles,448,224,A66283144,"ILUNION HOTELS CATALUNYA, S.A.",hotel,False,165,41.39879429127325,2.202607059469988,codigo_registro,,,,False,coordenada
HB-004314,HOTEL INDIGO BARCELONA PLAZA ESPAÑA,Barcelona,080193,Barcelonès,Gran Via,de les Corts Catalanes,322,08004,4 estrelles,360,189,B56488554,FST BARCELONA NEWCO SL,hotel,False,309,41.3733165097944,2.1472832541315308,codigo_registro,,,,False,coordenada
HB-004316,Suitesbarcelona,Barcelona,080193,Barcelonès,Rambla,Catalunya,103,08008,No aplica,14,7,B63509335,"NEGOCIOS INMOBILIARIOS LAND, SL",hotel,False,589,,,solo_registre,,,,False,municipio
HB-004317,Romaní,Caldes d'Estrac,080327,Maresme,Carrer,"Sant Josep, 17-Santa Teresa",1,08393,No aplica,7,4,,,hotel,True,,,,solo_registre,,,,False,municipio
HB-004318,Sofitel Skipper Barcelona,Barcelona,080193,Barcelonès,Avinguda,Litoral,10,08005,5 estrelles,482,241,B85616357,"MARKDALE, S.L.",hotel,False,948,41.38605535022618,2.1947558032935275,codigo_registro,,,,False,coordenada
HB-004319,B-hotel,Barcelona,080193,Barcelonès,Carrer,Gran Via Corts Catalanes,389-391,08015,3 estrelles,168,84,B08236127,"Josel, SLU",hotel,False,205,41.37653339269045,2.1505627650478845,codigo_registro,,,,False,coordenada
HB-004320,Fonda Neus 2,Sant Sadurní d'Anoia,082401,Alt Penedès,Carrer,Pelegrí Torelló,1,08770,1 estrella,18,10,,,hotel,True,,,,solo_registre,,,,False,municipio
HB-004321,Abac restaurant  hotel,Barcelona,080193,Barcelonès,Avinguda,Tibidabo,1,08022,Gran luxe,30,15,B58082108,HORECA SL,hotel,False,319,41.410687165714535,2.136538939015184,codigo_registro,,,,False,coordenada
HB-004322,Ibis Budget Barcelona Aeropuerto Viladecans,Viladecans,083015,Baix Llobregat,Carretera,Barcelona,82,08840,No aplica,198,99,A08371346,"Essendi Hospitality Spain, S.A.",hotel,False,41,,,solo_registre,,,,False,municipio
HB-004323,IBIS BARCELONA AEROPUERTO VILADECANS,Viladecans,083015,Baix Llobregat,Carretera,de Barcelona,84,08840,1 estrella,204,102,A08371346,ESSENDI HOSPITALITY SPAIN SA,hotel,False,41,,,solo_registre,,,,False,municipio
HB-004324,Cal Batlle,Sant Celoni,082021,Vallès Oriental,Carretera,Sant Martí de Montnegre,s/n,08470,4 estrelles,22,12,B64931850,"TWIN INVERSIONES 2008, SL",hotel,False,665,,,solo_registre,,,,False,municipio
HB-004325,Holiday Inn Express Barcelona City 22@,Barcelona,080193,Barcelonès,Carrer,Pallars,203,08005,3 estrelles,372,186,B62345616,CONTINENTAL HOTELS HISPANIA S.L.,hotel,False,498,41.40158259154649,2.1979046757940526,codigo_registro,,,,False,coordenada
HB-004326,Mariano Cubí,Barcelona,080193,Barcelonès,Carrer,Marià Cubí,62-64,08006,4 estrelles,134,67,B62073234,"APARTHOTEL MARIANO CUBI, SL",hotel,False,481,41.398196625069225,2.149429914329515,codigo_registro,,,,False,coordenada
HB-004327,Axel,Barcelona,080193,Barcelonès,Carrer,Aribau,33,08011,4 estrelles,195,105,B62895867,"HOTEL AXEL, S.L.U.",hotel,False,539,41.387490427552414,2.1603936374778963,codigo_registro,,,,False,coordenada
HB-004328,H10 Montcada,Barcelona,080193,Barcelonès,Via,Laietana,24,08003,3 estrelles,95,79,B61914883,"APOLO, S.L.",hotel,False,470,41.38435696745752,2.1784505942478236,codigo_registro,,,,False,coordenada
HB-004329,Villa Emilia,Barcelona,080193,Barcelonès,Carrer,Calabria,115-117,08015,4 estrelles,106,53,B63442206,HOTEL VILLA EMILIA S.L.,hotel,False,580,41.38028439778812,2.154115367780378,codigo_registro,,,,False,coordenada
HB-004330,Hesperia Fira Suites,"Hospitalet de Llobregat, l'",081017,Barcelonès,Carrer,Mare de Deu de Bellvitge,3,08907,5 estrelles,104,52,B08798837,"DESJUST,S.L.",hotel,False,221,,,solo_registre,,,,False,municipio
HB-004333,ONIX LICEO,Barcelona,080193,Barcelonès,Carrer,Nou de la Rambla,36,08001,3 estrelles,83,45,A08504631,YCIESA CORNELLA SA,hotel,False,50,41.378059246159346,2.17308711223,codigo_registro,,,,False,coordenada
HB-004335,AC Sants,Barcelona,080193,Barcelonès,Passeig,Sant Antoni,36-40,08014,4 estrelles,140,78,B58298035,MAS VILANOVA SL,hotel,False,326,41.377530266461655,2.138753603551999,codigo_registro,,,,False,coordenada
HB-004337,Barceló Raval,Barcelona,080193,Barcelonès,Rambla,Raval,17-21,08001,4 estrelles superior,372,186,B57311433,"BARCELÓ RAVAL, S.L.",hotel,False,314,41.378995850230304,2.1694615473557786,codigo_registro,,,,False,coordenada
HB-004338,Rondas Lesseps,Barcelona,080193,Barcelonès,Carrer,Ballester,77-81,08023,4 estrelles,112,59,B59809145,TORRESTA SL,hotel,False,370,41.408747045341556,2.1478692995945443,codigo_registro,,,,False,coordenada
HB-004339,Eurostars Ramblas Boqueria,Barcelona,080193,Barcelonès,Carrer,Rambla,91-93,08002,3 estrelles,54,30,B65132144,"HOTEL RAMBLAS BOQUERIA, S.L.",hotel,False,686,41.3821801293001,2.1721576087440453,codigo_registro,,,,False,coordenada
HB-004340,Attica21 Barcelona Mar,Barcelona,080193,Barcelonès,Carrer,Provençals,10,08019,4 estrelles,150,75,B70201553,"ATTICA21 HOTELES, SL",hotel,False,922,41.4054241634595,2.212212839257979,codigo_registro,,,,False,coordenada
HB-004343,QGAT Vallès,Sant Cugat del Vallès,082055,Vallès Occidental,Via,Augusta-La Guinardera,51,08174,4 estrelles,98,33,B08945602,"MARCOVE INDUSTRIAL, S.L.",hotel,False,232,,,solo_registre,,,,False,municipio
HB-004344,Hostal Central,Barcelona,080193,Barcelonès,Ronda,Universitat,11,08011,No aplica,12,8,B62487863,"HOSTAL CENTRAL BARCELONA, SL",hotel,False,513,,,solo_registre,,,,False,municipio
HB-004345,Pestana Arena Barcelona,Barcelona,080193,Barcelonès,Carrer,Consell de Cent,51-53,08014,4 estrelles,168,84,A83992404,"DESARROLLOS HOTELEROS BARCELONA 2004, SA",hotel,False,174,41.376795061952784,2.146045971839959,codigo_registro,,,,False,coordenada
HB-004346,Catalonia Rigoletto,Barcelona,080193,Barcelonès,Carrer,Sabino de Arana,22-24,08028,4 estrelles,127,65,B58875048,SABEL DE SERVICIO SLU,hotel,False,348,41.38559578892902,2.1252974604201382,codigo_registro,,,,False,coordenada
HB-004348,Sunotel Central,Barcelona,080193,Barcelonès,Carrer,Gran Via Corts Catalanes,570-572,08002,4 estrelles,119,80,B62180187,SUNOTEL BCN SL,hotel,False,491,41.38420406769885,2.16174738288558,codigo_registro,,,,False,coordenada
HB-004349,1898,Barcelona,080193,Barcelonès,Carrer,La Rambla,109,08002,4 estrelles superior,329,169,B08236127,"Josel, SLU",hotel,False,205,41.38351958772667,2.1712028468782907,codigo_registro,,,,False,coordenada
HB-004350,HOTEL NOBU BARCELONA,Barcelona,080193,Barcelonès,Avinguda,DE ROMA,2-4,08014,Gran luxe,518,259,B01756139,"Suniva Investments, SL",hotel,False,179,41.37973333279287,2.1423819685594436,codigo_registro,,,,False,coordenada
HB-004352,Eurostars Lex,"Hospitalet de Llobregat, l'",081017,Barcelonès,Carrer,Buenos Aires,49-51,08902,4 estrelles,92,46,B65132128,"EXPLOTADORA CIUDAD JUDICIAL, S.L.",hotel,False,685,,,solo_registre,,,,False,municipio
HB-004353,GRAN HOTEL MEDINACELI,Barcelona,080193,Barcelonès,Plaça,Medinaceli,7-8,08002,4 estrelles superior,147,74,B63306773,GRAN HOTEL MEDINACELI SL,hotel,False,576,41.37820361812157,2.178662335514303,codigo_registro,,,,False,coordenada
HB-004354,TOC HOTEL LAS RAMBLAS,Barcelona,080193,Barcelonès,Carrer,del Carme,25,08001,1 estrella,32,24,B44704385,"TOC BOQUERÍA, S.L.",hotel,False,294,41.382353495881745,2.1705067337945483,codigo_registro,,,,False,coordenada
HB-004355,Hostal Caballero San Juan - Ramblas Rooms,Barcelona,080193,Barcelonès,Passeig,Sant Joan,1,08010,No aplica,11,6,B63306526,BACKSWING SL,hotel,False,575,,,solo_registre,,,,False,municipio
HB-004356,Can Mora de Dalt,Sant Vicenç de Montalt,082649,Maresme,Barri,Font Mitjana,3,08394,3 estrelles,19,11,,,hotel,True,,,,solo_registre,,,,False,municipio
HB-004358,Melia Barcelona Sky,Barcelona,080193,Barcelonès,Carrer,Pere IV,272-286,08005,4 estrelles superior,318,162,A78304516,MELIA HOTELS INTERNACIONAL SA,hotel,False,166,41.40625060425398,2.2005898552861654,codigo_registro,,,,False,coordenada
HB-004360,Market,Barcelona,080193,Barcelonès,Passatge,Sant Antoni Abad,10,08015,3 estrelles,36,20,B63465793,Hotel del Passatge Sant Antoni S.L.,hotel,False,582,41.379258633085314,2.160584026300663,codigo_registro,,,,False,coordenada
HB-004361,Martina,Barcelona,080193,Barcelonès,Carrer,Bailen,42,08010,No aplica,7,4,B63047468,"BADIA BARRERRO, SL",hotel,False,560,,,solo_registre,,,,False,municipio
HB-004363,H10 Casanova,Barcelona,080193,Barcelonès,Carrer,Gran Via Corts Catalanes,559,08011,4 estrelles,241,124,B61914883,"APOLO, S.L.",hotel,False,470,41.38425728199812,2.160937711962806,codigo_registro,,,,False,coordenada
HB-004365,LIMONAIA 1,Barcelona,080193,Barcelonès,Carrer,Rosselló,242,08008,No aplica,10,5,J60691581,"INPREDA, SCP",hotel,False,1000,,,solo_registre,,,,False,municipio
HB-004366,Limonaia 2,Barcelona,080193,Barcelonès,Carrer,Rosselló,242,08008,No aplica,12,6,B61095857,NOU OCEA SL,hotel,False,417,,,solo_registre,,,,False,municipio
HB-004367,LIMONAIA 3,Barcelona,080193,Barcelonès,Carrer,Rosselló,242,08008,No aplica,12,6,,,hotel,True,,,,solo_registre,,,,False,municipio
HB-004368,Hostal Plaza Goya Bcn 1,Barcelona,080193,Barcelonès,Carrer,Sepúlveda,187,08011,No aplica,12,6,J66300146,"HOSTAL GOYA, S.C.P.",hotel,False,1038,,,solo_registre,,,,False,municipio
HB-004369,HOTEL CATALONIA LA BOQUERIA,Barcelona,080193,Barcelonès,Carrer,de l Hospital,26,08001,3 estrelles,130,70,B67967901,"SAHARA RAMBLAS BCN, S.L.U.",hotel,False,921,41.38098411334437,2.1721225368019317,codigo_registro,,,,False,coordenada
HB-004370,Miramar,Barcelona,080193,Barcelonès,Plaça,Carlos Ibañez,3,08038,Gran luxe,150,75,A62618780,"HOTEL MIRAMAR BARCELONA, SA",hotel,False,160,41.37082533668786,2.171029603858893,codigo_registro,,,,False,coordenada
HB-004371,HOTEL 54 BARCELONETA,Barcelona,080193,Barcelonès,Passeig,Joan de Borbó,54,08003,3 estrelles,36,20,B66658329,"IBERUS ENTERPRISE, S.L. UNIPERSONAL",hotel,False,844,41.37708405152949,2.1888146866302938,codigo_registro,,,,False,coordenada
HB-004372,Ibis Barcelona Plaça Glories 22@,Barcelona,080193,Barcelonès,Carrer,Ciudad de Granada,99,08005,2 estrelles,294,147,A08371346,"Essendi Hospitality Spain, S.A.",hotel,False,41,41.40109113013275,2.194353048792864,codigo_registro,,,,False,coordenada
HB-004373,NAITLY BARCELONA POBLENOU,Barcelona,080193,Barcelonès,Carrer,Carrer de Sancho de Ávila,32,08018,4 estrelles,194,97,B95953683,"LIBERE HOSPITALITY, S.L.",hotel,False,961,41.397756260768254,2.188884986209947,codigo_registro,,,,False,coordenada
HB-004374,Hotel Casa Sagnier,Barcelona,080193,Barcelonès,Carrer,Rambla Catalunya,104,08008,5 estrelles,93,51,A08376543,"TRAMO,S.A.",hotel,False,42,41.39409023435555,2.159638847196222,codigo_registro,,,,False,coordenada
HB-004375,Atlas,Barcelona,080193,Barcelonès,Carrer,Cardenal Casañas,11,08002,3 estrelles,36,20,B17929944,"GREEN AND GREEN 2007, SL",hotel,False,267,41.3819937601075,2.173411024440062,codigo_registro,,,,False,coordenada
HB-004376,Room Mate Carla,Barcelona,080193,Barcelonès,Carrer,Mallorca,288,08037,4 estrelles,155,88,B10569978,SAMI ITG SL,hotel,False,240,41.39637793333202,2.1660971468880654,codigo_registro,,,,False,coordenada
HB-004377,Barcelona Hotel Colonial,Barcelona,080193,Barcelonès,Via,Layetana,3,08003,4 estrelles,161,82,A58663691,"PEÑA TELERA TURISTICA, S.A.",hotel,False,126,41.382391407459735,2.18068485341705,codigo_registro,,,,False,coordenada
HB-004378,Hotel Barcelona Condal Mar,Barcelona,080193,Barcelonès,Carrer,CristÃ³bal de Moura,138,08019,4 estrelles,356,178,A78304516,MELIA HOTELS INTERNACIONAL SA,hotel,False,166,41.41267591709274,2.2091044174393395,codigo_registro,,,,False,coordenada
HB-004379,Catalonia Ramblas,Barcelona,080193,Barcelonès,Carrer,Pelai,28,08001,4 estrelles superior,433,221,B58227877,DUQUES DE BERGARA S.L.U,hotel,False,323,41.38565439662025,2.166874143773639,codigo_registro,,,,False,coordenada
HB-004380,Abba Rambla Hotel,Barcelona,080193,Barcelonès,Rambla,Raval,4C,08001,3 estrelles,98,49,A01386044,"ABBA RAMBLA, SA",hotel,False,1,41.37947176507622,2.1679054930159682,codigo_registro,,,,False,coordenada
HB-004381,Llagotel II,"Llagosta, la",081056,Vallès Oriental,Carrer,Sant Josep,33,08120,No aplica,6,3,B60447638,S.L. DE VIVENDES I PARKINGS,hotel,False,391,,,solo_registre,,,,False,municipio
HB-004382,Llagotel III,"Llagosta, la",081056,Vallès Oriental,Carrer,Anselm Clavé,11,08120,1 estrella,32,20,B60447638,S.L. DE VIVENDES I PARKINGS,hotel,False,391,,,solo_registre,,,,False,municipio
HB-004383,Hotel  Spa Villa Olimpic@ Suites,Barcelona,080193,Barcelonès,Carrer,Pallars,121-125,08018,4 estrelles,288,150,B12668950,RESIDENCIAL CIUDAD DIAGONAL,hotel,False,244,41.39724415106169,2.1923020609167057,codigo_registro,,,,False,coordenada
HB-004385,Hostal Rambla,Sant Boi de Llobregat,082009,Baix Llobregat,Rambla,Rafael Casanova,9,08830,No aplica,19,11,B63131981,"PATRIMONIAL JEL, SL",hotel,False,568,,,solo_registre,,,,False,municipio
HB-004386,The Praktik,Barcelona,080193,Barcelonès,Carrer,Diputació,325,08009,No aplica,69,42,B63965974,Budget Hotels S.L.,hotel,False,617,,,solo_registre,,,,False,municipio
HB-004387,SB Diagonal Zero,Barcelona,080193,Barcelonès,Avinguda,Eduard Maristany,1,08019,4 estrelles superior,524,262,B43067172,"SB HOTELS SPAIN\\, S.L.",hotel,False,290,41.41180220577746,2.2193500158438,codigo_registro,,,,False,coordenada
HB-004388,Blanc Guesthouse,Barcelona,080193,Barcelonès,Carrer,Tuset,27,08006,No aplica,20,11,J65544710,"PLANET  BAUSA, SCP",hotel,False,1022,,,solo_registre,,,,False,municipio
HB-004389,Olivia Plaza,Barcelona,080193,Barcelonès,Plaça,Catalunya,19,08002,4 estrelles,218,113,A58768151,"OLIVIA HOTELS, SA",hotel,False,130,41.386275500391726,2.171019099523615,codigo_registro,,,,False,coordenada
HB-004390,Barcelona Gate,Sant Joan Despí,082172,Baix Llobregat,Carrer,Maria Tarrida,6-7,08970,4 estrelles,180,90,B65030496,"HOTEL INVESTMENT PARTNERSHIP, S.L.",hotel,False,675,,,solo_registre,,,,False,municipio
HB-004392,Hostal Serra,Montmeló,081350,Vallès Oriental,Carrer,Major,1,08160,No aplica,11,7,,,hotel,True,,,,solo_registre,,,,False,municipio
HB-004393,Denit,Barcelona,080193,Barcelonès,Carrer,Estruc,24-26,08002,3 estrelles,63,36,B60861168,MAJESTIC SPORT SL,hotel,False,408,41.38703349318344,2.17258962486306,codigo_registro,,,,False,coordenada
HB-004394,Travelodge L'Hospitalet,"Hospitalet de Llobregat, l'",081017,Barcelonès,Carrer,Botànica,25-27,08908,3 estrelles,154,83,B83028456,HOTEL TRAVELODGE BCN CORNELLÁ FIRA,hotel,False,942,,,solo_registre,,,,False,municipio
HB-004396,CAMPUS LA MOLA,Terrassa,082798,Vallès Occidental,Camí,DELS PLANS DE CAN BONVILAR,s/n,08227,4 estrelles,372,186,A63440200,CHATEAUFORM ESPAÑA S.A.,hotel,False,162,,,solo_registre,,,,False,municipio
HB-004397,APARTHOTEL BARDON,Castelldefels,080569,Baix Llobregat,Passeig,DE LA TRAMONTANA,39,08860,1 estrella,24,12,B66963745,ANTHOPHILA BCN 2017 S.L.,hotel,False,868,,,solo_registre,,,,False,municipio
HB-004398,Ciutat Vella,Barcelona,080193,Barcelonès,Carrer,Tallers,66,08001,3 estrelles,75,40,B58929340,HOTEL LLEO SL,hotel,False,349,41.38503996792919,2.166563720114081,codigo_registro,,,,False,coordenada
HB-004399,Holiday Inn Express Barcelona-Sant Cugat,Cerdanyola del Vallès,082665,Vallès Occidental,Avinguda,Can Fatjó dels Aurons- Parc Empresarial,A7,08290,3 estrelles,220,110,B62345616,CONTINENTAL HOTELS HISPANIA S.L.,hotel,False,498,,,solo_registre,,,,False,municipio
HB-004400,AS Porta de Barcelona,Castellbisbal,080543,Vallès Occidental,Carretera,AP-7,KM 165,08755,2 estrelles,98,50,A08225013,AREAS SAU,hotel,False,18,,,solo_registre,,,,False,municipio
HB-004401,LGSono,"Garriga, la",080885,Vallès Oriental,Avinguda,Tremolencs,34,08530,2 estrelles,38,19,,,hotel,True,,,,solo_registre,,,,False,municipio
HB-004402,Somnio Hostel,Barcelona,080193,Barcelonès,Carrer,Diputació,251,08007,No aplica,14,9,B64490097,"SOMNIO HOSTELS, SL",hotel,False,644,,,solo_registre,,,,False,municipio
HB-004403,Mandarin Oriental Barcelona,Barcelona,080193,Barcelonès,Passeig,Gracia,36-38-40,08008,Gran luxe,240,120,B63627368,TRIVALOR XXI - Mandarin Oriental Hotel Group,hotel,False,597,41.39118287294969,2.1666436977534316,codigo_registro,,,,False,coordenada
HB-004404,HOTEL LAS VEGAS,Calella,080351,Maresme,Carrer,SANT JAUME,1-11,08370,4 estrelles,205,110,B63032163,CAPVESPRE RESORT S.L.,hotel,False,555,,,solo_registre,,,,False,municipio
HB-004407,HOTEL ALENTI SITGES,Sitges,082704,Garraf,Carrer,del Primer de Maig,19,08870,4 estrelles,45,23,B65049702,ALENTI SITGES S L,hotel,False,677,,,solo_registre,,,,False,municipio
HB-004408,Frontair Congress,Sant Boi de Llobregat,082009,Baix Llobregat,Carrer,Albaredes,16,08830,4 estrelles,478,239,A62636907,PACTA INVERSIONES SA,hotel,False,161,,,solo_registre,,,,False,municipio
HB-004409,Oliveta,Barcelona,080193,Barcelonès,Carrer,Poeta Cabanyes,16-18,08004,No aplica,10,6,,,hotel,True,,,,solo_registre,,,,False,municipio
HB-004410,Catalonia Born,Barcelona,080193,Barcelonès,Carrer,Rec Comtal,16-18,08003,4 estrelles,157,90,B17597121,ARC DE TRIOMF SL,hotel,False,262,41.389772222549574,2.1799417919562463,codigo_registro,,,,False,coordenada
HB-004411,W Barcelona,Barcelona,080193,Barcelonès,Plaça,Rosa dels Vents,1,08039,Gran luxe,954,477,B28127835,CIGAHOTELS ESPAÑA SL,hotel,False,282,41.36833946653336,2.1899130685524613,codigo_registro,,,,False,coordenada
HB-004412,Soho,Barcelona,080193,Barcelonès,Carrer,Gran Via Corts Catalanes,543-545,08011,3 estrelles,102,51,B08236127,"Josel, SLU",hotel,False,205,41.38348034132375,2.1599074577043234,codigo_registro,,,,False,coordenada
HB-004413,Antonio Moreno,Barcelona,080193,Barcelonès,Carrer,Valencia,583,08026,No aplica,5,4,,,hotel,True,,,,solo_registre,,,,False,municipio
HB-004414,Novotel Barcelona City,Barcelona,080193,Barcelonès,Avinguda,Diagonal,201,08018,4 estrelles,528,264,A08371346,"Essendi Hospitality Spain, S.A.",hotel,False,41,41.40411334876118,2.1911051109272464,codigo_registro,,,,False,coordenada
HB-004415,HOTEL IBIS RIPOLLET,Ripollet,081803,Vallès Occidental,Carrer,de Can Masachs,18-E,08291,2 estrelles,200,100,,,hotel,True,,,,solo_registre,,,,False,municipio
HB-004416,Luxor BCN,Barcelona,080193,Barcelonès,Carrer,Teodora Lamadrid,4,08022,No aplica,9,5,B65130825,"AMBAR NIT, SL",hotel,False,684,,,solo_registre,,,,False,municipio
HB-004417,Ibis Mataró,Mataró,081213,Maresme,Carrer,Tordera,2,08302,2 estrelles,212,106,A08371346,"Essendi Hospitality Spain, S.A.",hotel,False,41,,,solo_registre,,,,False,municipio
HB-004419,Sa Voga,Arenys de Mar,080060,Maresme,Carrer,Rial Sa Clavella,10-12,08350,4 estrelles,17,9,B64816218,BERT I GRI SL,hotel,False,661,,,solo_registre,,,,False,municipio
HB-004420,Hostal Manel,Pineda de Mar,081635,Maresme,Carrer,Comtal,35,08397,No aplica,16,9,J64965304,"HOSTAL MANEL, SCP",hotel,False,1014,,,solo_registre,,,,False,municipio
HB-004421,Grupotel Gran Via 678,Barcelona,080193,Barcelonès,Carrer,Gran Via Corts Catalanes,678,08010,4 estrelles,175,98,B07603046,"S'ARENAL BLAU, SL",hotel,False,193,41.392479497029186,2.1727626167524394,codigo_registro,,,,False,coordenada
HB-004422,Marina 54,Castelldefels,080569,Baix Llobregat,Passeig,Marina,54,08860,1 estrella,49,27,B62991526,SANTIVERI TURISME S.L.,hotel,False,549,,,solo_registre,,,,False,municipio
HB-004423,Eurostars Executive,Barberà del Vallès,082520,Vallès Occidental,Carrer,Marie Curie,2,08210,4 estrelles,236,118,B64472293,"HOTEL BARBERA MOLI, S.L.",hotel,False,643,,,solo_registre,,,,False,municipio
HB-004425,CAN CASADELLÀ,Premià de Dalt,082303,Maresme,Carrer,de la Cisa,53,08338,No aplica,10,5,B75534057,"CAN CASADELLA, S.L.",hotel,False,935,,,solo_registre,,,,False,municipio
HB-004426,Vilassar,Vilassar de Mar,082191,Maresme,Avinguda,Carles III,15-21,08340,4 estrelles,46,25,B62948344,"CEHL QUATRO, S.L.",hotel,False,544,,,solo_registre,,,,False,municipio
HB-004427,HOTEL DESITGES,Sant Pere de Ribes,082310,Garraf,Carrer,del Xarel·lo,2,08812,4 estrelles,80,43,B09836701,PATRON HOTEL MANAGEMENT S.L.,hotel,False,236,,,solo_registre,,,,False,municipio
HB-004428,ALLEGRO BARCELONA,Barcelona,080193,Barcelonès,Carrer,del Rosselló,205,08008,3 estrelles,112,56,A07738933,BARCELO CONDAL HOTELES S.A.,hotel,False,4,41.39274455380809,2.156399091968028,codigo_registro,,,,False,coordenada
HB-004429,Sant Antoni,Barcelona,080193,Barcelonès,Carrer,Consell de Cent,476,08013,3 estrelles,79,45,B61082657,"MOLSAN INMOBILIARIA 2000, SL",hotel,False,416,41.399804759362915,2.177472066279761,codigo_registro,,,,False,coordenada
HB-004430,Catalonia Avinyó,Barcelona,080193,Barcelonès,Carrer,Lleona,12,08002,3 estrelles,145,83,A38405841,"FARBEBLAU, SA",hotel,False,84,41.38115079355082,2.1762702074956777,codigo_registro,,,,False,coordenada
HB-004432,Catalonia Port,Barcelona,080193,Barcelonès,Carrer,Ample,1,08002,4 estrelles,82,41,B58227877,DUQUES DE BERGARA S.L.U,hotel,False,323,41.37876625360919,2.178756260833569,codigo_registro,,,,False,coordenada
HB-004434,Ibis Mollet,Mollet del Vallès,081249,Vallès Oriental,Carrer,Nicaragua,5,08100,2 estrelles,236,118,A08371346,"Essendi Hospitality Spain, S.A.",hotel,False,41,,,solo_registre,,,,False,municipio
HB-004435,Cal Músic,Premià de Dalt,082303,Maresme,Camí,de la Font,24,08338,No aplica,10,5,,,hotel,True,,,,solo_registre,,,,False,municipio
HB-004437,Eurostars BCN Design,Barcelona,080193,Barcelonès,Passeig,Gracia,29-31,08007,5 estrelles,124,65,A08452567,"HOTELES TURISTICOS UNIDOS, S.A.",hotel,False,47,41.390828486977725,2.166082515145233,codigo_registro,,,,False,coordenada
HB-004439,BB Hotel Barcelona Granollers,"Franqueses del Vallès, les",080863,Vallès Oriental,Carrer,Valldoriolf,1,08520,2 estrelles,144,96,B84679935,"WEI ALICANTE, S.L.U.",hotel,False,945,,,solo_registre,,,,False,municipio
HB-004440,Bagués,Barcelona,080193,Barcelonès,Carrer,Rambla,105,08001,5 estrelles,59,31,B64045545,DERBY BAGUES SL,hotel,False,619,41.382830858805015,2.1715851978752343,codigo_registro,,,,False,coordenada
HB-004441,L'Hotelet,Sant Celoni,082021,Vallès Oriental,Carretera,C-35,"KM 57,2",08470,No aplica,16,10,B63058200,"LA TAVERNA DEL MONTSENY, SL",hotel,False,562,,,solo_registre,,,,False,municipio
HB-004442,Verti,"Franqueses del Vallès, les",080863,Vallès Oriental,Carretera,Ribes,5,08520,2 estrelles,28,17,B61228631,"ACTIUS PATRIMONIALS LES FRANQUESES, SL",hotel,False,424,,,solo_registre,,,,False,municipio
HB-004443,Eos,Barcelona,080193,Barcelonès,Carrer,Gran Via Corts Catalanes,575,08011,No aplica,6,4,J6590421,"PENSION EOS, SCP",hotel,False,1027,,,solo_registre,,,,False,municipio
HB-004446,Aramunt,Barcelona,080193,Barcelonès,Carrer,Muntaner,60,08011,3 estrelles,50,25,A08276479,ARAMUNT S.A.,hotel,False,32,41.38692296153267,2.1592589542910208,codigo_registro,,,,False,coordenada
HB-004448,APARTHOTEL ATTICA 21 VALLÉS,Sabadell,081878,Vallès Occidental,Carrer,MILENA JESENSKA,40-60,08206,3 estrelles,248,119,B70201553,"ATTICA21 HOTELES, SL",hotel,False,922,,,solo_registre,,,,False,municipio
HB-004449,HOTEL 170,Castelldefels,080569,Baix Llobregat,Passeig,del Pitort 170-172 cantonada c/ Manresa 31,-,08860,2 estrelles,43,24,B63943971,TRAVEL RENTING SL,hotel,False,616,,,solo_registre,,,,False,municipio
HB-004450,CASA ELLIOT,Barcelona,080193,Barcelonès,Carrer,SEPULVEDA,180,08011,4 estrelles,67,38,B62497698,"NAMIEL, SL",hotel,False,514,41.38331075291595,2.1628344673130586,codigo_registro,,,,False,coordenada
HB-004451,OHLA BARCELONA,Barcelona,080193,Barcelonès,Carrer,Via Laietana,49,08003,5 estrelles,148,74,B64161201,"CENTCLAUS, SL",hotel,False,626,41.387089359953364,2.1743517783955917,codigo_registro,,,,False,coordenada
HB-004452,Chic  Basic Born,Barcelona,080193,Barcelonès,Carrer,Princesa,50,08003,3 estrelles,55,31,B64054265,"CHIC  BASIC BORN, SL",hotel,False,621,41.386838059129204,2.182539978196907,codigo_registro,,,,False,coordenada
HB-004453,HOTEL BB BARCELONA RUBI,Rubí,081846,Vallès Occidental,Carretera,Molins de Rei,81,08191,3 estrelles,174,87,B63825095,"PROMOCIONES ALZAMORA, SL",hotel,False,610,,,solo_registre,,,,False,municipio
HB-004454,Hotel Venture Sant Cugat,Sant Cugat del Vallès,082055,Vallès Occidental,Carrer,de Vic,19,08173,3 estrelles,154,83,B66004946,HOTEL SANT CUGAT SL,hotel,False,755,,,solo_registre,,,,False,municipio
HB-004455,Leonardo Boutique Hotel Sagrada Familia,Barcelona,080193,Barcelonès,Carrer,Mallorca,606,08026,3 estrelles,117,59,B87236188,PAIMAC Investments SLU,hotel,False,955,41.411053558718855,2.1856608397435298,codigo_registro,,,,False,coordenada
HB-004456,HOTEL CIUTAT DE BARCELONA,Barcelona,080193,Barcelonès,Carrer,de la Princesa,33,08003,3 estrelles,147,78,B65326902,DESMERA XXI SL,hotel,False,695,41.38590868033259,2.1810501422453368,codigo_registro,,,,False,coordenada
HB-004457,Barcelona House,Barcelona,080193,Barcelonès,Carrer,Escudellers,19,08002,3 estrelles,100,57,B60996253,"P TARRASON, SL",hotel,False,412,,,solo_registre,,,,False,municipio
HB-004458,La Creu,Sabadell,081878,Vallès Occidental,Passatge,Santa Isabel,3,08204,No aplica,8,6,,,hotel,True,,,,solo_registre,,,,False,municipio
HB-004459,Laumon,Barcelona,080193,Barcelonès,Carrer,Monlau,8-10,08027,3 estrelles,42,26,B64517048,"HOTEL LAUMON, S.L.",hotel,False,646,41.42323301864309,2.190591894128539,codigo_registro,,,,False,coordenada
HB-004461,Crestabocs,Subirats,082732,Alt Penedès,Carrer,Farigola,14,08739,No aplica,8,4,B64867567,"OLIVELLA ALEGRE, SL",hotel,False,663,,,solo_registre,,,,False,municipio
HB-004462,Cal Pla,Sant Llorenç Savall,082233,Vallès Occidental,Avinguda,Catalunya,56,08212,No aplica,11,6,,,hotel,True,,,,solo_registre,,,,False,municipio
HB-004463,Mímic,Barcelona,080193,Barcelonès,Carrer,Arc del Teatre,58,08001,2 estrelles,138,92,B63740716,"INVERSIONS RIERA DE SANT MIQUEL, SL",hotel,False,607,41.375537820374774,2.1729667610950627,codigo_registro,,,,False,coordenada
HB-004464,Hostemplo,Barcelona,080193,Barcelonès,Carrer,Sicília,276,08013,No aplica,18,10,,,hotel,True,,,,solo_registre,,,,False,municipio
HB-004465,Alma Barcelona,Barcelona,080193,Barcelonès,Carrer,MALLORCA,269,08008,Gran luxe,144,72,B64302516,"ECAMED BARCELONA,S.L.",hotel,False,635,41.394535633208605,2.1632774766159972,codigo_registro,,,,False,coordenada
HB-004466,NH DIAGONAL CENTER,Barcelona,080193,Barcelonès,Carrer,Álaba,94-96,08018,4 estrelles,258,129,A59875864,NH MARIN SA,hotel,False,150,41.39796101226249,2.1921605345716757,codigo_registro,,,,False,coordenada
HB-004468,Acta Bcn 40,Barcelona,080193,Barcelonès,Carrer,Joaquim Costa,40,08001,2 estrelles,66,42,B64650765,"VALLDOCAM, SL",hotel,False,653,41.382662928864086,2.1657822832691145,codigo_registro,,,,False,coordenada
HB-004469,Monrooms Barcelona,Barcelona,080193,Barcelonès,Carrer,Mare de Deu del Coll,14,08023,No aplica,15,8,B66358268,"MONROOMS BARCELONA, SL",hotel,False,806,,,solo_registre,,,,False,municipio
HB-004470,ANBA,Barcelona,080193,Barcelonès,Ronda,de Sant Pere,27,08010,No aplica,14,7,B16733982,"TRIUNFO BCN HOTELES, S.L.",hotel,False,250,,,solo_registre,,,,False,municipio
HB-004471,Madanis Liceo,"Hospitalet de Llobregat, l'",081017,Barcelonès,Carrer,Francesc Layret,2,08903,3 estrelles,40,23,B62461256,"COLLBLANC SEGLE XXI, S.L.",hotel,False,510,,,solo_registre,,,,False,municipio
HB-004472,Vilassar,Vilassar de Mar,082191,Maresme,Carrer,Colon,20,08340,2 estrelles,18,9,B62948344,"CEHL QUATRO, S.L.",hotel,False,544,,,solo_registre,,,,False,municipio
HB-004473,Ibai,Sant Pere de Ribes,082310,Garraf,Carretera,Canyelles,1,08810,3 estrelles,28,14,B61735825,"EUSKAL BASEA, SL",hotel,False,454,,,solo_registre,,,,False,municipio
HB-004474,Q,Barcelona,080193,Barcelonès,Ronda,Sant Pere,22,08010,No aplica,42,21,B58609678,"VALLDONZELLA, S.L.",hotel,False,340,,,solo_registre,,,,False,municipio
HB-004475,ELLA HOSTEL GRAN VIA,Barcelona,080193,Barcelonès,Carrer,de Girona,39,08010,No aplica,16,9,B42966788,"WELCOME COMART, SL",hotel,False,289,,,solo_registre,,,,False,municipio
HB-004476,HOTEL PORTA FIRA,"Hospitalet de Llobregat, l'",081017,Barcelonès,Plaça,Europa,45,08908,4 estrelles superior,598,311,B02826881,"H SANTOS D, SL",hotel,False,187,,,solo_registre,,,,False,municipio
HB-004478,Eurostars Monumental,Barcelona,080193,Barcelonès,Carrer,Consell de Cent,498-500,08013,4 estrelles,79,45,B18500157,"BLANTOUR HOTELES, SL",hotel,False,269,41.40063473117331,2.178578140968594,codigo_registro,,,,False,coordenada
HB-004479,Hostal Muntaner II,Barcelona,080193,Barcelonès,Carrer,Muntaner,175,08036,No aplica,8,4,,,hotel,True,,,,solo_registre,,,,False,municipio
HB-004480,Golf Apart-Hotel,Sant Cugat del Vallès,082055,Vallès Occidental,Carrer,Eduard M. Ballcells,43,08172,3 estrelles,144,47,B61570107,TAFECSADOS S.L,hotel,False,447,,,solo_registre,,,,False,municipio
HB-004481,Atenea Port de Mataró,Mataró,081213,Maresme,Passeig,"Marítim,",324,08302,4 estrelles,210,105,B58456161,COMERCIAL BONANOVA SL,hotel,False,331,,,solo_registre,,,,False,municipio
HB-004482,Vincci Bit,Barcelona,080193,Barcelonès,Carrer,Josep Pla,69,08019,4 estrelles,354,177,A82919945,VINCCI HOTELES SA,hotel,False,172,41.41157790549181,2.2119803428791114,codigo_registro,,,,False,coordenada
HB-004483,Circa 1905,Barcelona,080193,Barcelonès,Carrer,Provença,286-288,08008,No aplica,18,9,B65334518,"COCOONING CONCEPT, SLU",hotel,False,696,,,solo_registre,,,,False,municipio
HB-004484,Ibis Barcelona Santa Coloma,Santa Coloma de Gramenet,082457,Barcelonès,Avinguda,Pallaresa,75-77,08924,2 estrelles,292,146,A08371346,"Essendi Hospitality Spain, S.A.",hotel,False,41,,,solo_registre,,,,False,municipio
HB-004485,House,Barcelona,080193,Barcelonès,Carrer,Constitució,36,08014,No aplica,12,8,B59549105,"RENTHAUS, SL",hotel,False,362,,,solo_registre,,,,False,municipio
HB-004486,Hostal BCN46,Barcelona,080193,Barcelonès,Carrer,Roger de Llúria,46,08009,No aplica,19,10,B17647678,LAL MOTI SL,hotel,False,263,,,solo_registre,,,,False,municipio
HB-004487,Luxtal 1-23,Barcelona,080193,Barcelonès,Carrer,Mallorca,1-23,08014,No aplica,10,5,B64991284,"LUXTELO 1-23, SL",hotel,False,670,,,solo_registre,,,,False,municipio
HB-004488,Andante,Barcelona,080193,Barcelonès,Avinguda,Drassanes,23-25,08001,3 estrelles,253,134,B65326902,DESMERA XXI SL,hotel,False,695,41.37670366639929,2.1726214959777024,codigo_registro,,,,False,coordenada
HB-004489,Plaza de Goya 2,Barcelona,080193,Barcelonès,Carrer,Sepúlveda,187,08011,No aplica,16,4,J66300146,"HOSTAL GOYA, S.C.P.",hotel,False,1038,,,solo_registre,,,,False,municipio
HB-004490,The Mirror Barcelona,Barcelona,080193,Barcelonès,Carrer,Corsega,255,08036,4 estrelles superior,126,63,B65420606,"IO HOTEL, SL",hotel,False,700,41.3930692285982,2.1545439788943157,codigo_registro,,,,False,coordenada
HB-004491,Can Cuch Hotel****s,Cànoves i Samalús,080425,Vallès Oriental,Edifici,Can Cuch de Muntanya,35,08445,4 estrelles superior,22,11,B64620438,"SOTA EL SUI, S.L.",hotel,False,651,,,solo_registre,,,,False,municipio
HB-004492,Renaissance Barcelona Fira,"Hospitalet de Llobregat, l'",081017,Barcelonès,Plaça,Europa,50,08902,4 estrelles superior,714,357,A08815037,DOSKASDE SA,hotel,False,63,,,solo_registre,,,,False,municipio
HB-004493,Edifici La República,Barcelona,080193,Barcelonès,Carrer,de Pujades,120,08005,4 estrelles,26,13,B60970407,ESTUDIOS Y LOFTS SL,hotel,False,411,41.397889322879784,2.195854798278474,codigo_registro,,,,False,coordenada
HB-004495,Martinval,Barcelona,080193,Barcelonès,Carrer,Bruc,117,08009,No aplica,19,10,J64924590,"QUE TAL COLLECTION, SCP",hotel,False,1013,,,solo_registre,,,,False,municipio
HB-004496,Barcelona Centro,Barcelona,080193,Barcelonès,Carrer,Pau Clarís,104,08009,No aplica,16,8,J65469710,"HOSTAL BARCELONA CENTRO, SCP",hotel,False,1020,,,solo_registre,,,,False,municipio
HB-004497,Hostalin Barcelona,Barcelona,080193,Barcelonès,Carrer,Diputació,346,08013,No aplica,8,4,B64810286,"KE MAS 2007, S.L.",hotel,False,660,,,solo_registre,,,,False,municipio
HB-004498,El Petit Mirador,Torrelles de Llobregat,082896,Baix Llobregat,Carrer,Cirerers,15-25,08629,3 estrelles,20,6,B66006057,"EL PETIT PARADOR, SL",hotel,False,756,,,solo_registre,,,,False,municipio
HB-004499,Barcelona House,Barcelona,080193,Barcelonès,Carrer,Escudellers,19,08002,3 estrelles,102,57,B60996253,"P TARRASON, SL",hotel,False,412,41.37945168120545,2.176150150421485,codigo_registro,,,,False,coordenada
HB-004501,Hostal Ric,Sabadell,081878,Vallès Occidental,Carretera,Terrassa,114,08206,2 estrelles,18,10,B63459895,"HOSTAL SABADELL, SL",hotel,False,581,,,solo_registre,,,,False,municipio
HB-004502,Dalia Ramblas,Barcelona,080193,Barcelonès,Carrer,Sant Pau,22,08001,3 estrelles,48,28,B65857344,DALIA RAMBLES SL,hotel,False,734,41.38016798202287,2.1728584699115583,codigo_registro,,,,False,coordenada
HB-004503,FRONT ARC,Barcelona,080193,Barcelonès,Ronda,de Sant Pere,53,08010,No aplica,7,4,B64961071,PROSERJO SL,hotel,False,667,,,solo_registre,,,,False,municipio
HB-004504,Mercer Barcelona,Barcelona,080193,Barcelonès,Carrer,Lledó,7,08002,Gran luxe,56,27,B65773996,"MERCER BARCELONA, SL",hotel,False,725,41.382651164188815,2.1789334889424303,codigo_registro,,,,False,coordenada
HB-004505,Brustar Centric,Barcelona,080193,Barcelonès,Ronda,Sant Pere,60,08010,2 estrelles,16,9,B65632945,"BRUSTARR ENSUITE LODGING, S.L.",hotel,False,716,41.39080648029321,2.1780619495114393,codigo_registro,,,,False,coordenada
HB-004506,Khronos,Barcelona,080193,Barcelonès,Carrer,Mallorca,285,08037,No aplica,18,9,J66090036,"BRITANNIA TRAVEL, SCP",hotel,False,1035,,,solo_registre,,,,False,municipio
HB-004507,AinB,Barcelona,080193,Barcelonès,Carrer,Muntaner,4,08011,2 estrelles,11,6,B61903712,VENPRE SL,hotel,False,468,41.38405393847892,2.1630462799097723,codigo_registro,,,,True,coordenada
HB-004508,Arai,Barcelona,080193,Barcelonès,Carrer,Avinyo,30,08001,4 estrelles superior,64,31,B62869961,"TUINCLOS, SL",hotel,False,537,41.380856502025104,2.1773491271715457,codigo_registro,,,,False,coordenada
HB-004509,The 8 BedBreakfast Barcelona,Barcelona,080193,Barcelonès,Carrer,Aragó,281,08009,No aplica,13,8,B65620528,"KETGRUPP, SL",hotel,False,715,,,solo_registre,,,,False,municipio
HB-004510,Sercotel Ciutat de Montcada,Montcada i Reixac,081252,Vallès Occidental,Carrer,Verdi,12,08110,4 estrelles,210,105,B63566244,INVERSIONES NARON 2003 SL,hotel,False,593,,,solo_registre,,,,False,municipio
HB-004511,Violeta Boutique,Barcelona,080193,Barcelonès,Carrer,Casp,38,08010,No aplica,8,4,J65136897,"GI39, SCP",hotel,False,1017,,,solo_registre,,,,False,municipio
HB-004512,Hostal Acropolis,Barcelona,080193,Barcelonès,Carrer,Verdi,254,08024,No aplica,13,8,,,hotel,True,,,,solo_registre,,,,False,municipio
HB-004513,Sercotel Rosellón,Barcelona,080193,Barcelonès,Carrer,del Rosselló,390,08025,4 estrelles,186,105,B63118012,ALCOTAS HOTELES SL,hotel,False,566,41.4048252039104,2.1728056433625107,codigo_registro,,,,False,coordenada
HB-004514,Travelodg Barcelona Poblenou,Barcelona,080193,Barcelonès,Carrer,Llull,170-176,08005,1 estrella,500,250,B83028456,HOTEL TRAVELODGE BCN CORNELLÁ FIRA,hotel,False,942,41.40004381920567,2.2010556723124446,codigo_registro,,,,False,coordenada
HB-004515,Catalonia Catedral,Barcelona,080193,Barcelonès,Carrer,Arcs,10,08002,4 estrelles,128,71,B46043238,VALENCIANA HOTELERA SL,hotel,False,296,41.384733356978394,2.1744744411202506,codigo_registro,,,,False,coordenada
HB-004516,HOTEL HP CASTELLDEFELS,Castelldefels,080569,Baix Llobregat,Carrer,Cinc,41,08860,2 estrelles,21,12,B56893506,GROVE CRYSTAL SL,hotel,False,310,,,solo_registre,,,,False,municipio
HB-004517,Thesuites,Barcelona,080193,Barcelonès,Carrer,Pau Claris,72,08010,No aplica,16,8,B62613450,"INGENIERIA,REVESTIMIENTOS CONSTRUCCION, SL",hotel,False,524,,,solo_registre,,,,False,municipio
HB-004518,HOUSE BY PILLOW,Barcelona,080193,Barcelonès,Carrer,Rubio i Ors,3,08041,1 estrella,10,4,B65447351,"MD MANAGEMENT 2010, SL",hotel,False,705,41.42093143630598,2.1788294222954296,codigo_registro,,,,False,coordenada
HB-004519,Hotel Vasanta,Barcelona,080193,Barcelonès,Carrer,Casp,31,08010,No aplica,42,16,B02792307,SIPONI TRADE SL,hotel,False,184,,,solo_registre,,,,False,municipio
HB-004520,Rafaelhoteles Badalona,Badalona,080155,Barcelonès,Avinguda,Navarra,6-8,08911,4 estrelles,273,142,A80239007,"RAFAEL HOTELES, SAU",hotel,False,169,,,solo_registre,,,,False,municipio
HB-004521,Teatre Auditori,Barcelona,080193,Barcelonès,Carrer,Ribes,71,08013,3 estrelles,94,47,B64354590,HOTEL DEL TEATRO BARCELONA MIL·LENIUM S.L,hotel,False,638,41.39989717267387,2.184044711655818,codigo_registro,,,,False,coordenada
HB-004522,Hostal Can Nofre,Santa Maria de Palautordera,082592,Vallès Oriental,Carrer,Quarter Temple,64,08460,No aplica,6,3,J65937559,CAN NOFRE SCP,hotel,False,1029,,,solo_registre,,,,False,municipio
HB-004523,Portofino 2,Arenys de Mar,080060,Maresme,Torrent,Bisbe Pol,2-4,08350,No aplica,8,4,,,hotel,True,,,,solo_registre,,,,False,municipio
HB-004524,CATALONIA GRAN VÍA BCN,Barcelona,080193,Barcelonès,Gran Via,CORTS CATALANES,550,08011,4 estrelles,121,63,B46043238,VALENCIANA HOTELERA SL,hotel,False,296,41.38320399223042,2.1604157237214276,codigo_registro,,,,False,coordenada
HB-004525,Generator Barcelona,Barcelona,080193,Barcelonès,Carrer,Còrsega,373,08037,1 estrella,81,40,B65374811,"GENERATOR BCN 1, S.L.",hotel,False,698,,,solo_registre,,,,False,municipio
HB-004526,Ako Suite,Barcelona,080193,Barcelonès,Carrer,Diputació,195,08011,4 estrelles,56,28,B58652090,BONANOVA APARTHOTEL S.L.,hotel,False,341,41.38600997447113,2.161013203724434,codigo_registro,,,,False,coordenada
HB-004527,Apartamentos Ramblas 108,Barcelona,080193,Barcelonès,Carrer,Rambla,106-108,08002,3 estrelles,44,18,E62978770,"PEÑA FERNANDEZ JUAN Y CIA, CB",hotel,False,972,,,solo_registre,,,,False,municipio
HB-004530,Hotel Do Plaça Reial,Barcelona,080193,Barcelonès,Plaça,Reial,1,08002,Gran luxe,34,18,B67115923,"Mika Land Hotel Management Company, SL",hotel,False,884,41.380048955253265,2.174894312160892,codigo_registro,,,,False,coordenada
HB-004531,Room Mate Pau,Barcelona,080193,Barcelonès,Carrer,Fontanella,7,08010,3 estrelles,129,66,B10569978,SAMI ITG SL,hotel,False,240,41.38747167832432,2.1717409423756218,codigo_registro,,,,False,coordenada
HB-004532,The Level at Melia Barcelona Sky,Barcelona,080193,Barcelonès,Carrer,Pere IV,272,08005,5 estrelles,198,99,A78304516,MELIA HOTELS INTERNACIONAL SA,hotel,False,166,41.40624733873394,2.2010195187104546,codigo_registro,,,,False,coordenada
HB-004533,Ecozentric,Barcelona,080193,Barcelonès,Carrer,Balmes,23,08007,No aplica,15,9,J65775769,"BALMES 23, SCP",hotel,False,1025,,,solo_registre,,,,False,municipio
HB-004535,Catalonia Passeig de Gràcia,Barcelona,080193,Barcelonès,Carrer,Gran Via Corts Catalanes,644,08007,4 estrelles superior,142,74,B58875048,SABEL DE SERVICIO SLU,hotel,False,348,41.3901736959137,2.1696899022087894,codigo_registro,,,,False,coordenada
HB-004536,The5rooms,Barcelona,080193,Barcelonès,Carrer,Pau Claris,72,08010,No aplica,8,4,B17557141,"KIOF MANAGEMENT, SL",hotel,False,261,,,solo_registre,,,,False,municipio
HB-004537,Exprés,Barcelona,080193,Barcelonès,Carrer,Riera Sant Miquel,74,08006,No aplica,2,2,B66068362,DDA HOTEL FUND SL,hotel,False,764,,,solo_registre,,,,False,municipio
HB-004538,Musik Boutique Hotel,Barcelona,080193,Barcelonès,Carrer,Sant Pere Més Baix,62,08003,3 estrelles,36,23,B65046427,"DEMCHENKO INTERNATIONAL GROUP, SL",hotel,False,676,41.38804504980169,2.1784203838118956,codigo_registro,,,,False,coordenada
HB-004539,Ciutadella Barcelona,Barcelona,080193,Barcelonès,Avinguda,Marquès de l'Argentera,4,08003,4 estrelles,118,59,A08800971,CERTU SA,hotel,False,61,41.38387359887313,2.1846590429037516,codigo_registro,,,,False,coordenada
HB-004540,Pillow Ramblas,Barcelona,080193,Barcelonès,Passatge,Banca,2-4,08002,No aplica,20,10,B65798977,"RHMD MANAGEMENT, SL",hotel,False,726,,,solo_registre,,,,False,municipio
HB-004541,Roc Vallès,Terrassa,082798,Vallès Occidental,Carrer,Bailén,66,08224,No aplica,33,22,B64999303,"HOSTAL ROC VALLES, SL",hotel,False,671,,,solo_registre,,,,False,municipio
HB-004542,Umma Barcelona BedBreakfast Boutique,Barcelona,080193,Barcelonès,Avinguda,Diagonal,433B,08036,No aplica,14,7,B65766669,"UMMA HOTELES, SL",hotel,False,724,,,solo_registre,,,,False,municipio
HB-004543,CEFERINO II,Vilanova i la Geltrú,083073,Garraf,Passeig,de Ribes Roges,9,08800,3 estrelles,32,15,,,hotel,True,,,,solo_registre,,,,False,municipio
HB-004545,Royal Passeig de Gràcia,Barcelona,080193,Barcelonès,Passeig,Gràcia,84,08008,4 estrelles,248,124,B65952509,HOTEL PG 84 S.L.,hotel,False,745,41.394602616035385,2.1624485304693875,codigo_registro,,,,False,coordenada
HB-004546,La Casita Amarilla,Barcelona,080193,Barcelonès,Carrer,Padua,83,08006,No aplica,16,8,B65248726,"SEMPERE MALDONADO, SL",hotel,False,692,,,solo_registre,,,,False,municipio
HB-004547,Ofelias,Barcelona,080193,Barcelonès,Carrer,Llança,24,08015,4 estrelles superior,88,44,B59785915,"GESTORA Y ADMINISTRADORA DE HOTELES, SL",hotel,False,368,41.37678944721752,2.150095600328655,codigo_registro,,,,False,coordenada
HB-004548,Violeta Boutique 2,Barcelona,080193,Barcelonès,Carrer,Casp,38,08010,No aplica,10,4,J65136897,"GI39, SCP",hotel,False,1017,,,solo_registre,,,,False,municipio
HB-004549,Hostalín Barcelona,Barcelona,080193,Barcelonès,Carrer,Gran Via Corts Catalanes,657,08010,No aplica,19,10,B64810286,"KE MAS 2007, S.L.",hotel,False,660,,,solo_registre,,,,False,municipio
HB-004550,Cien,Barcelona,080193,Barcelonès,Carrer,Consell de Cent,278,08007,No aplica,16,8,B65869836,"CIEN HOTEL, SL",hotel,False,735,,,solo_registre,,,,False,municipio
HB-004551,Sumidors,Sant Pere de Ribes,082310,Garraf,Carretera,Vilafranca,"KM 4,2",08810,No aplica,20,9,,,hotel,True,,,,solo_registre,,,,False,municipio
HB-004552,4 Barcelona,Barcelona,080193,Barcelonès,Carrer,Doctor Trueta,164,08005,4 estrelles,261,142,B82988825,"INVERSORA DE HOTELES URBANOS, SL",hotel,False,941,41.39623780627737,2.20052762737597,codigo_registro,,,,False,coordenada
HB-004553,BacHome Terrace BB,Barcelona,080193,Barcelonès,Carrer,Bruc,14,08010,No aplica,19,10,B65591851,"THE GOLDEN YEARS PROJECT, SL",hotel,False,713,,,solo_registre,,,,False,municipio
HB-004554,INDIGO BARCELONA,Barcelona,080193,Barcelonès,Gran Via,de les Corts Catalanes,629,08010,4 estrelles superior,119,63,B85480002,"CASA DE LENGUAS, SL",hotel,False,947,41.39126868391207,2.1702706997519603,codigo_registro,,,,False,coordenada
HB-004555,IKONIK RAMBLAS,Barcelona,080193,Barcelonès,Carrer,La Rambla,22,08002,4 estrelles,110,55,B65233413,HYDRA HOTELS SL,hotel,False,690,41.378118252094154,2.176192334248011,codigo_registro,,,,False,coordenada
HB-004556,Les Suites,Santa Maria de Palautordera,082592,Vallès Oriental,Avinguda,Bruguers,8,08460,No aplica,12,6,,,hotel,True,,,,solo_registre,,,,False,municipio
HB-004557,LIBERE BARCELONA SANT ANTONI,Barcelona,080193,Barcelonès,Ronda,de Sant Antoni,49,08011,2 estrelles,114,38,B95953683,"LIBERE HOSPITALITY, S.L.",hotel,False,961,41.38316499424978,2.1635192734302136,codigo_registro,,,,False,coordenada
HB-004558,Barcelona Rooms 294,Barcelona,080193,Barcelonès,Carrer,Roger de Flor,294,08025,No aplica,8,4,,,hotel,True,,,,solo_registre,,,,False,municipio
HB-004559,Cava  Hotel Mas Tinell,Vilafranca del Penedès,083054,Alt Penedès,Carretera,Vilafranca del Penedès-Sant Marti de Sarroca,KM 95,08720,5 estrelles,21,11,,,hotel,True,,,,solo_registre,,,,False,municipio
HB-004560,Casa Bella Gracia,Barcelona,080193,Barcelonès,Carrer,de Sant Agustí,4,08012,No aplica,20,11,B63735203,Aspasion Short Rentals SL,hotel,False,606,,,solo_registre,,,,False,municipio
HB-004564,Sunotel Club Central,Barcelona,080193,Barcelonès,Carrer,València,157-159,08011,4 estrelles,155,88,B62180187,SUNOTEL BCN SL,hotel,False,491,41.387992248632834,2.1568595683161,codigo_registro,,,,False,coordenada
HB-004566,Cal Manescal,Sant Martí Sarroca,082270,Alt Penedès,Carrer,Ferran Muñoz Gasco,10,08731,No aplica,5,3,J63509988,"CAL MANESCAL, SCP",hotel,False,1010,,,solo_registre,,,,False,municipio
HB-004568,H10 Port Vell,Barcelona,080193,Barcelonès,Carrer,Pas de Sota Muralla,9,08003,4 estrelles superior,108,58,A38453395,"SANFE 1997, S.A.",hotel,False,85,41.381597964066735,2.1838501705888365,codigo_registro,,,,False,coordenada
HB-004569,Bella Lola,Barcelona,080193,Barcelonès,Passeig,Gràcia,115,08008,No aplica,19,11,J66001017,"BELLA LOLA, SCP",hotel,False,1033,,,solo_registre,,,,False,municipio
HB-004570,La Casa Gran BedBreakfast,Barcelona,080193,Barcelonès,Avinguda,Diagonal,439,08036,No aplica,8,4,B66699836,"LA CASA GRAN. GUEST HOUSE, SL",hotel,False,849,,,solo_registre,,,,False,municipio
HB-004571,Mihlton Barcelona,Barcelona,080193,Barcelonès,Carrer,Rosselló,231,08008,No aplica,19,12,B66232497,"MIHLTON BARCELONA, SL",hotel,False,791,,,solo_registre,,,,False,municipio
HB-004572,Center Gran Via,Barcelona,080193,Barcelonès,Carrer,Gran Via Corts Catalanes,573,08011,1 estrella,23,15,B63613053,"HOSTAL LAMU, SL",hotel,False,596,41.38511320563923,2.1620788861295885,codigo_registro,,,,False,coordenada
HB-004573,Can Mora BedBreakfast,Vilassar de Mar,082191,Maresme,Carrer,Santa Coloma,65,08340,No aplica,6,2,J65773640,"CAN MORA, SCP",hotel,False,1024,,,solo_registre,,,,False,municipio
HB-004574,Petit Príncep,Barcelona,080193,Barcelonès,Avinguda,Diagonal,578,08021,No aplica,19,11,J65899676,"ISABELLE ALEXANDRA, SCP",hotel,False,1026,,,solo_registre,,,,False,municipio
HB-004575,Som Nit Born,Barcelona,080193,Barcelonès,Carrer,Reina Cristina,13,08003,No aplica,27,11,B65973042,CHECK-IN BORN SL,hotel,False,750,,,solo_registre,,,,False,municipio
HB-004576,AMRA,Barcelona,080193,Barcelonès,Carrer,CASPE,28,08010,No aplica,19,11,B65462145,CUMEX TRAVEL SL,hotel,False,707,,,solo_registre,,,,False,municipio
HB-004577,Can Vila,Sant Esteve de Palautordera,082074,Vallès Oriental,Carretera,Montseny,"KM 7,5",08461,3 estrelles,16,7,J66256769,"HOTEL CAN VILA, SCP",hotel,False,1037,,,solo_registre,,,,False,municipio
HB-004578,SB Plaza Europa,"Hospitalet de Llobregat, l'",081017,Barcelonès,Carrer,Ciències,11-13,08908,4 estrelles,536,243,B43067172,"SB HOTELS SPAIN\\, S.L.",hotel,False,290,,,solo_registre,,,,False,municipio
HB-004579,Picasso K + K,Barcelona,080193,Barcelonès,Passeig,Picasso,26-30,08003,4 estrelles superior,161,92,B65102782,K Y K HOTELES SL,hotel,False,682,41.38661574805019,2.1840909009125733,codigo_registro,,,,False,coordenada
HB-004580,Campus,Cerdanyola del Vallès,082665,Vallès Occidental,Grup,Campus Universitat Autònoma de Barcelona-Ed.Blanc,s/n,08290,4 estrelles,208,104,B64472293,"HOTEL BARBERA MOLI, S.L.",hotel,False,643,,,solo_registre,,,,False,municipio
HB-004581,Grums Barcelona,Barcelona,080193,Barcelonès,Carrer,Palaudaries,26,08004,4 estrelles,164,78,B62943089,FOXEN BUILDING SL,hotel,False,542,41.37282309088774,2.172077005791581,codigo_registro,,,,False,coordenada
HB-004584,Barcelona Fifteen,Barcelona,080193,Barcelonès,Carrer,Fontrodona,15,08004,No aplica,20,11,B63888651,"APSYLOS 22, SL",hotel,False,612,,,solo_registre,,,,False,municipio
HB-004585,Hotel Restaurante Llar de Capitans,"Masnou, el",081189,Maresme,Passeig,de Prat de la Riba,48,08320,3 estrelles,12,6,,,hotel,True,,,,solo_registre,,,,False,municipio
HB-004586,Zoorooms,Barcelona,080193,Barcelonès,Carrer,Mallorca,209,08036,No aplica,8,4,,,hotel,True,,,,solo_registre,,,,False,municipio
HB-004587,Can Galvany,Vallromanes,082969,Vallès Oriental,Avinguda,Can Galvany,11,08188,4 estrelles,82,43,B65432312,"ANTAI TRADING, SL",hotel,False,702,,,solo_registre,,,,False,municipio
HB-004588,LeMar,Barcelona,080193,Barcelonès,Carrer,d' Enric Granados,44,08008,No aplica,16,8,B63735203,Aspasion Short Rentals SL,hotel,False,606,,,solo_registre,,,,False,municipio
HB-004589,Hostalin Barcelona 2,Barcelona,080193,Barcelonès,Carrer,Gran Via Corts Catalanes,657,08010,No aplica,6,3,B64810286,"KE MAS 2007, S.L.",hotel,False,660,,,solo_registre,,,,False,municipio
HB-004590,Hostal Live Barcelona,Barcelona,080193,Barcelonès,Carrer,Gran Via Corts Catalanes,547,08004,No aplica,19,12,B66033366,POSADA 1975 SL,hotel,False,760,,,solo_registre,,,,False,municipio
HB-004591,H10 Urquinaona Plaza,Barcelona,080193,Barcelonès,Plaça,Urquinaona,2,08010,4 estrelles,140,80,B61914883,"APOLO, S.L.",hotel,False,470,41.38922726628015,2.1725880150437122,codigo_registro,,,,False,coordenada
HB-004592,Vincci Gala,Barcelona,080193,Barcelonès,Ronda,Sant Pere,32,08010,4 estrelles,156,78,A82919945,VINCCI HOTELES SA,hotel,False,172,41.38957303812844,2.1747659179376098,codigo_registro,,,,False,coordenada
HB-004593,Ibis Barcelona Centro,Barcelona,080193,Barcelonès,Carrer,Nàpols,230,08013,2 estrelles,155,80,A08371346,"Essendi Hospitality Spain, S.A.",hotel,False,41,41.400790438876726,2.1724925670371014,codigo_registro,,,,False,coordenada
HB-004594,Natura Barcelona,Barcelona,080193,Barcelonès,Carrer,Roger de Lluria,33,08009,No aplica,13,7,,,hotel,True,,,,solo_registre,,,,False,municipio
HB-004595,BB Hotel Barcelona Viladecans,Viladecans,083015,Baix Llobregat,Avinguda,Olof Palme,24,08840,3 estrelles,432,216,B84679935,"WEI ALICANTE, S.L.U.",hotel,False,945,,,solo_registre,,,,False,municipio
HB-004596,Catalonia Square,Barcelona,080193,Barcelonès,Ronda,Sant Pere,9,08010,4 estrelles superior,116,58,B46043238,VALENCIANA HOTELERA SL,hotel,False,296,41.388600459144996,2.1713015344133066,codigo_registro,,,,False,coordenada
HB-004598,HOTEL LUGANO,Barcelona,080193,Barcelonès,Avinguda,del Paral·lel,172,08015,3 estrelles,133,70,B72979404,SALOMON 1965 HOSPITALITY HOLDING S.L.,hotel,False,932,41.37522043634626,2.155666678528093,codigo_registro,,,,False,coordenada
HB-004599,Green House Hotel,Barcelona,080193,Barcelonès,Carrer,de Lepant,143,08013,2 estrelles,37,19,B55667364,ALPIS BARCELONA 2015 SOCIEDAD LIMITADA,hotel,False,304,41.39839579751485,2.1844562976552124,codigo_registro,,,,False,coordenada
HB-004600,Sitges,Sitges,082704,Garraf,Avinguda,Nostra Senyora del Vinyet,63,08870,1 estrella,55,31,B64202161,"Barcelona Go, SL",hotel,False,629,,,solo_registre,,,,False,municipio
HB-004601,Hostal Aslyp 114,Barcelona,080193,Barcelonès,Avinguda,Josep Tarradellas,114,08029,No aplica,19,11,,,hotel,True,,,,solo_registre,,,,False,municipio
HB-004602,Exprés 1,Barcelona,080193,Barcelonès,Carrer,Riera Sant Miquel,74,08006,No aplica,5,3,B66068362,DDA HOTEL FUND SL,hotel,False,764,,,solo_registre,,,,False,municipio
HB-004603,Exprés 2,Barcelona,080193,Barcelonès,Carrer,Riera Sant Miquel,74,08006,No aplica,4,2,B66068362,DDA HOTEL FUND SL,hotel,False,764,,,solo_registre,,,,False,municipio
HB-004604,Exprés 3,Barcelona,080193,Barcelonès,Carrer,Riera Sant Miquel,74,08006,No aplica,4,3,B66068362,DDA HOTEL FUND SL,hotel,False,764,,,solo_registre,,,,False,municipio
HB-004605,Exprés 4,Barcelona,080193,Barcelonès,Carrer,Riera Sant Miquel,74,08006,No aplica,3,3,B66068362,DDA HOTEL FUND SL,hotel,False,764,,,solo_registre,,,,False,municipio
HB-004606,Praktik Bakery,Barcelona,080193,Barcelonès,Carrer,Provença,279,08037,1 estrella,148,74,B65799082,"HOTEL PROVENÇA 279, S.L.",hotel,False,727,41.396247449301235,2.163275438666188,codigo_registro,,,,False,coordenada
HB-004607,Olivia Balmes,Barcelona,080193,Barcelonès,Carrer,Balmes,115-117,08008,4 estrelles superior,256,128,A58768151,"OLIVIA HOTELS, SA",hotel,False,130,41.392184277892646,2.158701217286061,codigo_registro,,,,False,coordenada
HB-004608,Izara,Barcelona,080193,Barcelonès,Ronda,Sant Pere,7,08010,No aplica,16,8,J66175563,"IZARA HOTELS, SCP",hotel,False,1036,,,solo_registre,,,,False,municipio
HB-004609,Somlom Salut,Sant Esteve de Palautordera,082074,Vallès Oriental,Carrer,Oratge,11,08461,3 estrelles,16,8,B61348272,"Carpe VITAM, SL",hotel,False,431,,,solo_registre,,,,False,municipio
HB-004610,Argó 305,Barcelona,080193,Barcelonès,Carrer,Valencia,305,08010,No aplica,16,13,B66168311,"ARGO 305, SL",hotel,False,778,,,solo_registre,,,,False,municipio
HB-004611,Urgell Premium 18,Barcelona,080193,Barcelonès,Carrer,Comte Urgell,18,08011,No aplica,13,7,B66221425,"URGELL PREMIUM 18, SL",hotel,False,787,,,solo_registre,,,,False,municipio
HB-004612,L'Esquella,Aiguafreda,080142,Osona,Carrer,Major,15,08591,No aplica,15,9,,,hotel,True,,,,solo_registre,,,,False,municipio
HB-004615,Laramond Barcelona Rooms,Barcelona,080193,Barcelonès,Carrer,de Malgrat,40,08016,No aplica,11,5,B62806278,C G N STATE AGENTS RUSTIC SL,hotel,False,531,,,solo_registre,,,,False,municipio
HB-004616,H10 Art Gallery,Barcelona,080193,Barcelonès,Carrer,Enric Granados,62,08008,4 estrelles superior,165,91,A58191800,INDUSTRIAL PORTAMAR SA,hotel,False,96,41.391985361774545,2.157022449902387,codigo_registro,,,,False,coordenada
HB-004617,Casa Balmes,Barcelona,080193,Barcelonès,Carrer,Balmes,60,08007,No aplica,8,4,,,hotel,True,,,,solo_registre,,,,False,municipio
HB-004618,Casa Balmes 2,Barcelona,080193,Barcelonès,Carrer,Balmes,60,08007,No aplica,6,3,,,hotel,True,,,,solo_registre,,,,False,municipio
HB-004621,Casp Green house,Barcelona,080193,Barcelonès,Carrer,de Casp,39,08010,No aplica,8,4,B55667364,ALPIS BARCELONA 2015 SOCIEDAD LIMITADA,hotel,False,304,,,solo_registre,,,,False,municipio
HB-004622,The Moods,Barcelona,080193,Barcelonès,Rambla,Catalunya,84,08008,No aplica,24,12,B65296535,"THINK BIG CAPITAL, S.L.",hotel,False,694,,,solo_registre,,,,False,municipio
HB-004623,Pillow Rooms,Barcelona,080193,Barcelonès,Ronda,Sant Pere,70,08010,No aplica,12,6,B66011578,"PILLOW ROOMS, SL",hotel,False,757,41.39113772377422,2.178949501420592,codigo_registro,,,,False,coordenada
HB-004625,H10 Metropolitan,Barcelona,080193,Barcelonès,Rambla,Catalunya,7-9,08007,4 estrelles superior,167,85,A38453395,"SANFE 1997, S.A.",hotel,False,85,41.38779377905228,2.167667651752243,codigo_registro,,,,False,coordenada
HB-004626,Barcelona 226,Barcelona,080193,Barcelonès,Carrer,Aribau,226,08006,No aplica,23,12,A08329419,"REYAN, S.A",hotel,False,36,,,solo_registre,,,,False,municipio
HB-004627,Yurbban Trafalgar,Barcelona,080193,Barcelonès,Carrer,Trafalgar,30,08010,3 estrelles,100,56,B65120453,SOGAMAN T26 SL,hotel,False,683,41.3889804296877,2.1760490100888408,codigo_registro,,,,False,coordenada
HB-004628,HOTEL PRAKTIK VINOTECA,Barcelona,080193,Barcelonès,Carrer,de Balmes,51,08007,1 estrella,128,64,B01928241,"CALLE BALMES 51, S.L.",hotel,False,182,41.389361473506,2.1624325821186856,codigo_registro,,,,False,coordenada
HB-004629,Toc,Barcelona,080193,Barcelonès,Carrer,Gran Via Corts Catalanes,580,08011,1 estrella,42,21,B66224668,"MAURO GRAN VIA, S.L.U",hotel,False,789,41.384782705706805,2.162504549676391,codigo_registro,,,,False,coordenada
HB-004630,Aviles Sabadell,Sabadell,081878,Vallès Occidental,Carrer,Bergueda,119,08207,2 estrelles,16,10,,,hotel,True,,,,solo_registre,,,,False,municipio
HB-004631,Hostalin Barcelona Passeig de Gràcia,Barcelona,080193,Barcelonès,Passeig,Gràcia,78,08008,No aplica,16,9,B64810286,"KE MAS 2007, S.L.",hotel,False,660,,,solo_registre,,,,False,municipio
HB-004632,Sorli Emocions,Vilassar de Dalt,082140,Maresme,Carrer,Lluís Jordà Cardona,2,08339,4 estrelles,66,33,A08586539,"SUPERFICIES DE ALIMENTACIÓN, SA",hotel,False,53,,,solo_registre,,,,False,municipio
HB-004633,Hostal Barcelona Travel,Barcelona,080193,Barcelonès,Carrer,Aragó,224,08011,No aplica,16,8,,,hotel,True,,,,solo_registre,,,,False,municipio
HB-004634,Calabria,"Garriga, la",080885,Vallès Oriental,Carrer,Calabria,56,08530,2 estrelles,14,7,,,hotel,True,,,,solo_registre,,,,False,municipio
HB-004635,Casa Llimona,Barcelona,080193,Barcelonès,Carrer,de Roger de Llúria,42,08009,2 estrelles,18,6,B67580050,GESTIO LLURIA S.L.,hotel,False,915,41.392162332990836,2.1703701211751545,codigo_registro,,,,False,coordenada
HB-004636,Bestprice Diagonal,Barcelona,080193,Barcelonès,Avinguda,Diagonal,70,08019,1 estrella,61,32,B66081035,HOTELES BESTPRICE,hotel,False,765,41.409609115510854,2.209645895246691,codigo_registro,,,,False,coordenada
HB-004637,Mim Sitges Hotel Boutique  Spa,Sitges,082704,Garraf,Avinguda,Sofia,12,08870,4 estrelles superior,154,77,B66996372,EXPLOTACIONES ROSOTEL SLU,hotel,False,874,,,solo_registre,,,,False,municipio
HB-004638,Bruc,Barcelona,080193,Barcelonès,Carrer,BRUC,65,08009,No aplica,8,4,,,hotel,True,,,,solo_registre,,,,False,municipio
HB-004639,Casa Maca Guest House 3,Barcelona,080193,Barcelonès,Carrer,Bruc,146,08037,1 estrella,8,4,B66174079,"CANTILES METIDERRANEO BCN, SL",hotel,False,780,41.39735489190897,2.165750098645877,codigo_registro,,,,True,coordenada
HB-004640,Casa Maca Guest House 4,Barcelona,080193,Barcelonès,Carrer,Bruc,146,08037,1 estrella,8,4,B66174079,"CANTILES METIDERRANEO BCN, SL",hotel,False,780,41.39735489190897,2.165750098645877,codigo_registro,,,,True,coordenada
HB-004641,Casa Maca Guest House,Barcelona,080193,Barcelonès,Carrer,Bruc,146,08037,1 estrella,8,4,B66376922,"MAMEYES, SL",hotel,False,809,41.39735489190897,2.165750098645877,codigo_registro,,,,True,coordenada
HB-004642,AMRA BARCELONA GRAN VIA,Barcelona,080193,Barcelonès,Gran Via,CORTS CATALANES,682,08010,No aplica,19,10,B66603325,JORDAN BCN CAPITAL SL,hotel,False,833,,,solo_registre,,,,False,municipio
HB-004643,Ortigosa,Sant Esteve Sesrovires,082080,Baix Llobregat,Carrer,Montserrat,31,08635,No aplica,7,4,B62084454,"RESTAURANTE ORTIGOSA, SL",hotel,False,483,,,solo_registre,,,,False,municipio
HB-004644,Ally's Guest House Barcelona,Barcelona,080193,Barcelonès,Carrer,Bruc,150,08037,No aplica,8,4,B65451866,"ALLY'S GUEST HOUSE BARCELONA, SL",hotel,False,706,,,solo_registre,,,,False,municipio
HB-004645,Hotel Primero Primera,Barcelona,080193,Barcelonès,Carrer,Doctor Carulla,25,08017,5 estrelles,58,29,A17015892,COFISAN S.A.,hotel,False,77,41.40030213525328,2.1298279060862613,codigo_registro,,,,False,coordenada
HB-004646,The Corner 592,Barcelona,080193,Barcelonès,Carrer,Gran Via Corts Catalanes,592,08007,No aplica,8,4,E64282742,"BOLET  DURAN, CB",hotel,False,974,,,solo_registre,,,,False,municipio
HB-004647,The Serras,Barcelona,080193,Barcelonès,Passeig,Colom,9,08002,Gran luxe,56,28,B65807455,HOSPITALITY EVENTS SL,hotel,False,729,41.38019303589606,2.1808444039450916,codigo_registro,,,,False,coordenada
HB-004648,Casa Saltor,Barcelona,080193,Barcelonès,Carrer,Gran Via Corts Catalanes,558,08011,2 estrelles,7,2,A58017781,"BCN CITY APARTMENT, SA",hotel,False,89,41.38344663163486,2.160738850889616,codigo_registro,,,,False,coordenada
HB-004649,Avenida,Vilafranca del Penedès,083054,Alt Penedès,Carrer,Eugeni d'Ors,48,08720,No aplica,8,5,,,hotel,True,,,,solo_registre,,,,False,municipio
HB-004650,Hostal de Caldes,Caldes de Montbui,080333,Vallès Oriental,Carrer,Major,56,08140,No aplica,8,5,,,hotel,True,,,,solo_registre,,,,False,municipio
HB-004651,Jardinets Guest House,Barcelona,080193,Barcelonès,Carrer,Bruc,84,08009,1 estrella,8,4,B66174079,"CANTILES METIDERRANEO BCN, SL",hotel,False,780,,,solo_registre,,,,False,municipio
HB-004652,New Hotel Colon,Mataró,081213,Maresme,Carrer,Colon,6,08301,3 estrelles,87,48,B66164674,"HOTEL ILURO, S.L.",hotel,False,777,,,solo_registre,,,,False,municipio
HB-004653,The Grand Margot House,Barcelona,080193,Barcelonès,Passeig,Gràcia,46,08007,3 estrelles,17,9,B66288135,"THE GRAND MARGOT HOUSE, S.L.",hotel,False,799,41.39186568479032,2.1658443401402576,codigo_registro,,,,False,coordenada
HB-004654,Good-Home,Barcelona,080193,Barcelonès,Carrer,Rosselló,254,08037,No aplica,14,4,B62850045,"FENROSA, SL",hotel,False,534,,,solo_registre,,,,False,municipio
HB-004655,HOTEL B&B BARCELONA SANT CUGAT,Sant Cugat del Vallès,082055,Vallès Occidental,Camí,Can Camps,11,08174,4 estrelles,192,96,B84680024,WE I VALENCIA SAN LUIS HOTEL SL,hotel,False,946,,,solo_registre,,,,False,municipio
HB-004656,THE STREETS,Barcelona,080193,Barcelonès,Carrer,del Consell de Cent,322,08009,No aplica,8,3,B63677272,RECTOR CENTER SL,hotel,False,603,,,solo_registre,,,,False,municipio
HB-004657,Allada,Barcelona,080193,Barcelonès,Carrer,Allada Vermell,6-8,08003,3 estrelles,28,17,B60970407,"ESTUDIOS Y LOFTS, SL",hotel,False,411,41.386954534481205,2.1807150933616155,codigo_registro,,,,False,coordenada
HB-004658,Hostal Live Barcelona 2,Barcelona,080193,Barcelonès,Carrer,Gran Via Corts Catalanes,547,08004,No aplica,10,5,B66033366,POSADA 1975 SL,hotel,False,760,,,solo_registre,,,,False,municipio
HB-004659,Smart Room Barcelona,Barcelona,080193,Barcelonès,Carrer,Olzinelles,56-58,08014,No aplica,122,55,B64964190,LOW COST HOTELING S.L.,hotel,False,668,,,solo_registre,,,,False,municipio
HB-004660,Brustar Sagrada Família,Barcelona,080193,Barcelonès,Carrer,Roger de Flor,215,08025,No aplica,8,4,B66424417,"JUST ROOMS, SL",hotel,False,813,,,solo_registre,,,,False,municipio
HB-004662,Edelweis,"Garriga, la",080885,Vallès Oriental,Carrer,Roselló d'Amunt,9,08530,3 estrelles,8,4,B55215800,"HOTEL Y CENTRO NEGOCIOS EDELWEISS, S.L.",hotel,False,302,,,solo_registre,,,,False,municipio
HB-004663,Ca la Maria Barcelona BedBreakfast,Barcelona,080193,Barcelonès,Carrer,Corsega,284,08008,No aplica,8,4,,,hotel,True,,,,solo_registre,,,,False,municipio
HB-004665,Hostalin Barcelona Diputació 2,Barcelona,080193,Barcelonès,Carrer,Diputació,346,08013,No aplica,8,4,B64810286,"KE MAS 2007, S.L.",hotel,False,660,,,solo_registre,,,,False,municipio
HB-004666,La Casa de Antonio,Barcelona,080193,Barcelonès,Carrer,Gran Via Corts Catalanes,584,08011,No aplica,13,7,B65825499,"Medical Home Barcelona Madrid, S.L.",hotel,False,732,,,solo_registre,,,,False,municipio
HB-004667,Mas Salagros,Vallromanes,082969,Vallès Oriental,Cases,Can Sala Gros,s/n,08188,5 estrelles,108,54,B65693947,"SALAGROS 1497, S.L.",hotel,False,720,,,solo_registre,,,,False,municipio
HB-004668,Hotel Brummell,Barcelona,080193,Barcelonès,Carrer,Nou de la Rambla,174,08004,4 estrelles,35,20,B66018706,NOU LARIBAL SL,hotel,False,759,41.37168239763194,2.166478732584708,codigo_registro,,,,True,coordenada
HB-004669,Àmbit Barcelona,Barcelona,080193,Barcelonès,Carrer,Roger de Llúria,17,08010,4 estrelles,68,36,B65822041,"RIUDARENES INNOVA, SLU",hotel,False,731,41.39082112660419,2.1717688902759247,codigo_registro,,,,False,coordenada
HB-004670,The Conica Deluxe Bed  Breakfast,Barcelona,080193,Barcelonès,Carrer,Corsèga,271,08008,No aplica,8,4,B55225346,"SUITES 4 PAX, SL",hotel,False,303,,,solo_registre,,,,False,municipio
HB-004672,CASA GRACIA APARTHOTEL,Barcelona,080193,Barcelonès,Passeig,de Gràcia,114,08008,1 estrella,60,26,B63672315,ENCAZESHEM SL,hotel,False,602,41.39711176809929,2.1593354055350797,codigo_registro,,,,False,coordenada
HB-004673,"Dreamkeys, Apartments  Suites",Barcelona,080193,Barcelonès,Avinguda,Diagonal,578,08021,3 estrelles,19,12,B66448176,KIWI BARCELONA GROUP SL,hotel,False,815,41.39393974173925,2.148213200212615,codigo_registro,,,,False,coordenada
HB-004674,Murmuri Residence,Barcelona,080193,Barcelonès,Passatge,Concepció,13,08008,2 estrelles,14,5,B64716269,MURMURI RAMBLA SL,hotel,False,658,41.39444358647955,2.1600028001118003,codigo_registro,,,,False,coordenada
HB-004675,Lumine Luxury Suites,Barcelona,080193,Barcelonès,Carrer,Balmes,129,08008,No aplica,8,4,B66465477,"TECLASI URBAN HOTELS, S.L.U.",hotel,False,818,,,solo_registre,,,,False,municipio
HB-004676,Masia Casa del Mar,Sant Pere de Ribes,082310,Garraf,Camí,Colls,s/n,08810,5 estrelles,11,6,B66050345,MASIA CASA DEL MAR SL,hotel,False,761,,,solo_registre,,,,False,municipio
HB-004677,Consell,Barcelona,080193,Barcelonès,Carrer,Consell de Cent,185,08015,No aplica,8,4,B66137050,"FERLUE 2015, SL",hotel,False,774,,,solo_registre,,,,False,municipio
HB-004678,Hostal Cubelles Barcelona,Cubelles,080749,Garraf,Avinguda,Països Catalans,6,08880,No aplica,13,10,,,hotel,True,,,,solo_registre,,,,False,municipio
HB-004679,DON FABRIZZIO,Barcelona,080193,Barcelonès,Gran Via,CORTS CATALANES,435,08015,No aplica,12,4,B66275850,FABRIZZIOBCN S.L.,hotel,False,797,,,solo_registre,,,,False,municipio
HB-004680,Casa Torner i Güell,Vilafranca del Penedès,083054,Alt Penedès,Rambla,Sant Francesc,26,08720,4 estrelles,34,17,B65507097,"MERCER VILAFRANCA, SL",hotel,False,709,,,solo_registre,,,,False,municipio
HB-004681,1881 Barcelona Gran Rosellón Hotel,Barcelona,080193,Barcelonès,Carrer,Rosellón,174,08036,4 estrelles,120,60,B64301708,"1881 HOTELS,SLU",hotel,False,634,41.39214235736549,2.1559834879243445,codigo_registro,,,,False,coordenada
HB-004682,Casa Gràcia,Barcelona,080193,Barcelonès,Passeig,Gràcia,116 Bis,08008,1 estrella,23,11,B63672315,ENCAZESHEM SL,hotel,False,602,,,solo_registre,,,,False,municipio
HB-004683,Hostal Excellence,Barcelona,080193,Barcelonès,Carrer,Santa Anna,27,08002,No aplica,11,7,B66103508,"PRENSUMAT, SL",hotel,False,770,,,solo_registre,,,,False,municipio
HB-004684,Hostal BCN Llúria,Barcelona,080193,Barcelonès,Carrer,Roger de Llúria,46,08009,No aplica,14,4,B17647678,LAL MOTI SL,hotel,False,263,,,solo_registre,,,,False,municipio
HB-004686,Boutique Hostemplo,Barcelona,080193,Barcelonès,Passatge,Gaiolà,19,08013,3 estrelles,28,14,B65924268,HOTEL PASAJE GAIOLA SL,hotel,False,743,41.401245991816396,2.1733802173074936,codigo_registro,,,,False,coordenada
HB-004687,Casa Vilaró,Barcelona,080193,Barcelonès,Avinguda,Coll del Portell,67,08024,No aplica,8,4,,,hotel,True,,,,solo_registre,,,,False,municipio
HB-004688,Two by Axel,Barcelona,080193,Barcelonès,Carrer,Calàbria,90-92,08015,4 estrelles superior,168,87,b63667943,TWO BY AXEL BARCELONA SL,hotel,False,1041,41.37906515224888,2.1560491919505824,codigo_registro,,,,False,coordenada
HB-004690,Brummell,Barcelona,080193,Barcelonès,Carrer,Nou de la Rambla,176,08004,No aplica,4,2,B66018706,NOU LARIBAL SL,hotel,False,759,41.37168239763194,2.166478732584708,codigo_registro,,,,True,coordenada
HB-004691,Cotton House,Barcelona,080193,Barcelonès,Carrer,Gran Via Corts Catalanes,670,08010,5 estrelles,162,83,B65618407,HOTEL GV670 SL,hotel,False,714,41.391785729674645,2.171836296038712,codigo_registro,,,,False,coordenada
HB-004693,HOSTAL NOVA BARCELONA,Barcelona,080193,Barcelonès,Rambla,de Badal,65,08014,No aplica,27,9,B67683177,JACANA HOSTELERIA SL,hotel,False,920,,,solo_registre,,,,False,municipio
HB-004694,Omnium,Barcelona,080193,Barcelonès,Carrer,Bruc,42,08010,2 estrelles,36,21,A08815185,COMERCIAL TEXTIL ALSARO SA,hotel,False,64,41.39182378856561,2.173072735813292,codigo_registro,,,,False,coordenada
HB-004695,BacHome Barcelona BB,Barcelona,080193,Barcelonès,Carrer,Bruc,96,08009,No aplica,14,7,B66093139,"OLIVE ROOMS BARCELONA, SL",hotel,False,768,,,solo_registre,,,,False,municipio
HB-004696,H10 CUBIK,Barcelona,080193,Barcelonès,Via,Laietana,69,08003,4 estrelles superior,191,101,B58463175,"CORPORACION QUALITAT, S.L.",hotel,False,332,41.388090051656846,2.173137991613635,codigo_registro,,,,False,coordenada
HB-004697,Forget Me Not Plus 1,Barcelona,080193,Barcelonès,Carrer,Balmes,129 Bis,08008,No aplica,14,7,B66493099,BCN FORTY FOUR SL,hotel,False,820,,,solo_registre,,,,False,municipio
HB-004698,Forget Me Not Plus 2,Barcelona,080193,Barcelonès,Carrer,Balmes,129 Bis,08008,No aplica,14,7,B66493099,BCN FORTY FOUR SL,hotel,False,820,,,solo_registre,,,,False,municipio
HB-004699,Negresco Princess,Barcelona,080193,Barcelonès,Carrer,Roger de Lluria,16,08010,4 estrelles superior,257,129,B66176561,"BCN LLURIA, S.L.",hotel,False,781,41.39041833001992,2.1726318290941244,codigo_registro,,,,False,coordenada
HB-004700,FEELATHOME CASA BERTRAND,Barcelona,080193,Barcelonès,Carrer,del Consell de Cent,276,08007,No aplica,14,7,B63907869,"QUALITUR CONSULTING, S.L.",hotel,False,614,,,solo_registre,,,,False,municipio
HB-004701,Ally's Guest House III,Barcelona,080193,Barcelonès,Carrer,Bruc,150,08037,No aplica,7,4,B65451866,"ALLY'S GUEST HOUSE BARCELONA, SL",hotel,False,706,,,solo_registre,,,,False,municipio
HB-004703,Casa Bonay,Barcelona,080193,Barcelonès,Carrer,Gran Via Corts Catalanes,700,08010,4 estrelles,124,67,B66093964,"MY BED, S.L.",hotel,False,769,41.39363075012316,2.174292114308535,codigo_registro,,,,False,coordenada
HB-004704,Serennia Exclusive Rooms,Barcelona,080193,Barcelonès,Ronda,Universitat,9,08007,2 estrelles,8,4,B60127156,EURO ALQUILER SL,hotel,False,379,41.38641596849567,2.1654750128093854,codigo_registro,,,,True,coordenada
HB-004705,BAILEN GREEN HOUSE,Barcelona,080193,Barcelonès,Carrer,Bailèn,188,08037,No aplica,8,4,,,hotel,True,,,,solo_registre,,,,False,municipio
HB-004706,RETROME,Barcelona,080193,Barcelonès,Carrer,de Girona,85,08009,No aplica,14,7,B65694267,"RETRO BARCELONA, SL",hotel,False,721,,,solo_registre,,,,False,municipio
HB-004707,RETROME,Barcelona,080193,Barcelonès,Carrer,de Girona,81,08009,No aplica,8,4,B65694267,"RETRO BARCELONA, SL",hotel,False,721,,,solo_registre,,,,False,municipio
HB-004708,RETROME,Barcelona,080193,Barcelonès,Carrer,de Girona,81,08009,No aplica,8,4,B65694267,"RETRO BARCELONA, SL",hotel,False,721,,,solo_registre,,,,False,municipio
HB-004709,Canigó,Barcelona,080193,Barcelonès,Passatge,Flaugier,31,08041,No aplica,17,9,,,hotel,True,,,,solo_registre,,,,False,municipio
HB-004711,Duquesa Suites,Barcelona,080193,Barcelonès,Plaça,Antoni Lopez,5,08002,4 estrelles,40,20,B60825767,PROMOCIONS INMOBILIARIES ECO-LLAR 97 SL,hotel,False,406,41.381149025191895,2.1814827761745215,codigo_registro,,,,False,coordenada
HB-004713,Hostal Ginebra Lux,Barcelona,080193,Barcelonès,Rambla,Catalunya,1,08007,No aplica,10,4,B65986556,"THE HAPPY TOURIST, SL",hotel,False,751,,,solo_registre,,,,False,municipio
HB-004714,Hostal Ginebra Superior,Barcelona,080193,Barcelonès,Rambla,Catalunya,1,08007,No aplica,6,3,B65986556,"THE HAPPY TOURIST, SL",hotel,False,751,,,solo_registre,,,,False,municipio
HB-004715,Bed  Break,Barcelona,080193,Barcelonès,Carrer,Diputació,327,08009,No aplica,8,4,B65893497,"CLOSE TO PEDRERA B&B, S.L.",hotel,False,740,,,solo_registre,,,,False,municipio
HB-004716,Upper Diagonal,Barcelona,080193,Barcelonès,Passeig,Manuel Girona,7,08034,4 estrelles,78,39,B66169731,THE BOX PARTNERS SL,hotel,False,779,41.3904938099033,2.121661575643535,codigo_registro,,,,False,coordenada
HB-004717,Vila Arenys,Arenys de Mar,080060,Maresme,Carrer,Riera Bisbe Pol,89,08350,4 estrelles,32,16,B66231887,"VILA ARENYS HOTEL, SL",hotel,False,790,,,solo_registre,,,,False,municipio
HB-004718,Ohla Eixample,Barcelona,080193,Barcelonès,Carrer,Còrsega,289-291,08008,5 estrelles,188,94,B66093048,ESPAITUR BCN SL,hotel,False,767,41.39448527637071,2.156445196720727,codigo_registro,,,,False,coordenada
HB-004719,Bestprice Gracia,Barcelona,080193,Barcelonès,Carrer,Martí,122,08024,1 estrella,49,24,B66081035,HOTELES BESTPRICE,hotel,False,765,41.40972898359826,2.160847193639739,codigo_registro,,,,False,coordenada
HB-004722,Casa Mathilda,Barcelona,080193,Barcelonès,Carrer,Roger de Lluria,125,08037,No aplica,20,12,B65966004,MATHILDA HOTELS S.L.,hotel,False,747,,,solo_registre,,,,False,municipio
HB-004724,MASD MERDITERRANEO,Castelldefels,080569,Baix Llobregat,Passeig,Maritim,50,08860,4 estrelles,90,45,B63912596,MASD ENTERTAINING SL,hotel,False,615,,,solo_registre,,,,False,municipio
HB-004725,Arrey Alella,Alella,080039,Maresme,Carrer,Charles Rivel,6-8,08328,4 estrelles,66,37,B66627092,EL TEMPS DE LA VINYA SL,hotel,False,837,,,solo_registre,,,,False,municipio
HB-004726,Sense especificar,Barcelona,080193,Barcelonès,Carrer,Ausias March,25,08010,2 estrelles,18,9,B56376783,MESTATE S.L.,hotel,False,306,41.39110484766716,2.175084805023442,codigo_registro,,,,False,coordenada
HB-004727,Catalonia Magdalenes,Barcelona,080193,Barcelonès,Carrer,Magdelenes,13-15,08002,4 estrelles,122,61,B17597121,ARC DE TRIOMF SL,hotel,False,262,41.38612320758982,2.174603157517087,codigo_registro,,,,False,coordenada
HB-004728,Ibis Styles Barcelona Centre,Barcelona,080193,Barcelonès,Carrer,Provença,340,08037,2 estrelles,162,84,B55186787,SOCIETE HOTELIERE ROGER DE LLURIA SLU,hotel,False,300,41.39779877488071,2.1657075901127345,codigo_registro,,,,False,coordenada
HB-004730,The Wittmore,Barcelona,080193,Barcelonès,Carrer,Riudarenes,7,08002,Gran luxe,40,22,B64413826,BILTMORE INVERSIONES SL,hotel,False,640,41.38100409728876,2.179708405633575,codigo_registro,,,,False,coordenada
HB-004731,WellCome Boutique Hotel,Barcelona,080193,Barcelonès,Carrer,Girona,158,08037,4 estrelles,78,44,B66065251,BELTXARLOQUI SL,hotel,False,763,41.399165115522926,2.165612980595935,codigo_registro,,,,False,coordenada
HB-004732,Sono House,"Garriga, la",080885,Vallès Oriental,Carrer,Torrent dels Murris,2,08530,No aplica,8,4,B66676883,"AVENSO 2016, S.L.",hotel,False,846,,,solo_registre,,,,False,municipio
HB-004733,Room Mate Anna,Barcelona,080193,Barcelonès,Carrer,Aragó,271,08007,4 estrelles,146,81,B10569978,SAMI ITG SL,hotel,False,240,41.39286578560716,2.165518703308214,codigo_registro,,,,False,coordenada
HB-004734,LA MER HOTEL,Cabrera de Mar,080291,Maresme,Carrer,del Camí de Santa Elena,30,08349,3 estrelles,12,6,B10865301,LA MER HOTEL  EVENTS S.L.,hotel,False,243,,,solo_registre,,,,False,municipio
HB-004735,Flats Rent Store,Barcelona,080193,Barcelonès,Avinguda,Diagonal,320 Bis,08013,1 estrella,8,2,B64686157,"FLATS RENT STORE, SL",hotel,False,655,,,solo_registre,,,,False,municipio
HB-004736,Chi,Barcelona,080193,Barcelonès,Carrer,Gran Via Corts Catalanes,455,08015,3 estrelles,96,48,B59341784,"JAMALDA, S.L.",hotel,False,356,41.37926527915932,2.1542979481893445,codigo_registro,,,,False,coordenada
HB-004737,The Corner,Barcelona,080193,Barcelonès,Carrer,Muntaner,110,08036,4 estrelles,144,72,A08426421,"NN RENTA, S.A.",hotel,False,44,41.389208084139995,2.1565850044832446,codigo_registro,,,,False,coordenada
HB-004738,murmuri residence mercader,Barcelona,080193,Barcelonès,Passatge,mercader,13,08008,4 estrelles,54,14,B64716269,MURMURI RAMBLA SL,hotel,False,658,41.39245184284078,2.160095605473392,codigo_registro,,,,False,coordenada
HB-004739,H10 Casa Mimosa,Barcelona,080193,Barcelonès,Carrer,Pau Claris,179,08037,4 estrelles superior,90,45,B66158460,"IKEBANA INVESTMENTS, S.L.",hotel,False,776,41.39632576156087,2.1622346806892065,codigo_registro,,,,False,coordenada
HB-004740,Magatzem 128,Barcelona,080193,Barcelonès,Carrer,Calàbria,128,08015,No aplica,28,16,B66585399,CALAB128 BCN SL,hotel,False,831,,,solo_registre,,,,False,municipio
HB-004741,MY PILLOW GUESTHOUSE,Barcelona,080193,Barcelonès,Carrer,de Malgrat,40,08016,No aplica,9,5,,,hotel,True,,,,solo_registre,,,,False,municipio
HB-004742,Ibis Styles Barcelona City Bogatell,Barcelona,080193,Barcelonès,Carrer,Llull,71,08005,2 estrelles,426,213,B66265943,"SOCIETE HOTELIERE BARCELONE, S.L.",hotel,False,796,41.39471834982292,2.193417187038185,codigo_registro,,,,False,coordenada
HB-004743,Baldiri,Sant Boi de Llobregat,082009,Baix Llobregat,Carrer,Baldiri Deu i Priu,31-35,08830,2 estrelles,22,11,B66255480,JECC SYNERGY SL,hotel,False,794,,,solo_registre,,,,False,municipio
HB-004744,Led Sitges,Sitges,082704,Garraf,Carrer,Sant Pere,17,08870,3 estrelles,11,6,B62387782,"HOTEL LED SITGES, SL",hotel,False,503,,,solo_registre,,,,False,municipio
HB-004745,The One Barcelona,Barcelona,080193,Barcelonès,Carrer,Provença,277,08037,Gran luxe,178,89,B08122871,"INMOBILIARIA MANVI, S.L.",hotel,False,194,41.39616692342456,2.163175165083871,codigo_registro,,,,False,coordenada
HB-004747,wander,Barcelona,080193,Barcelonès,Carrer,Montserrat,13,08001,No aplica,16,8,B65798977,"RHMD MANAGEMENT, SL",hotel,False,726,,,solo_registre,,,,False,municipio
HB-004748,Casa Vilella,Sitges,082704,Garraf,Passeig,Marítim,21,08870,4 estrelles superior,44,14,B08710402,NINGLEE SL,hotel,False,218,,,solo_registre,,,,False,municipio
HB-004749,El Hotelito,"Hospitalet de Llobregat, l'",081017,Barcelonès,Travessera,Collblanc,19,08904,2 estrelles,6,3,B66819503,"INVERSIONES TURISTICAS CANALAN, SL",hotel,False,860,,,solo_registre,,,,False,municipio
HB-004750,soho house,Barcelona,080193,Barcelonès,Plaça,"Duc de Medinaceli (Ps. Colom, 20)",4,08002,5 estrelles,114,57,B65650400,"MIRADOR BARCEL, S.L.",hotel,False,717,41.37847340463965,2.179352287617746,codigo_registro,,,,False,coordenada
HB-004751,Odissea Park Aparthotel,Santa Susanna,082613,Maresme,Carrer,Pla de Torres,s/n,08398,4 estrelles,144,65,B66937988,"ODISSEA PARK GRUP, SL",hotel,False,867,,,solo_registre,,,,False,municipio
HB-004752,Gerard,Barcelona,080193,Barcelonès,Carrer,Ausias March,34,08010,4 estrelles,132,66,B10569978,SAMI ITG SL,hotel,False,240,41.39164480735702,2.176179963865457,codigo_registro,,,,False,coordenada
HB-004753,THE MOODS CATEDRAL,Barcelona,080193,Barcelonès,Plaça,de Ramon Berenguer el Gran,2,08002,No aplica,32,17,B65878191,STELLASKI SL,hotel,False,738,,,solo_registre,,,,False,municipio
HB-004754,Sitges Royal Rooms,Sitges,082704,Garraf,Carrer,Francesc Gumà,17,08870,2 estrelles,15,8,B61436879,"SERVEIS, REPRESENTACIONS I RECOLOCACIONS, SL",hotel,False,435,,,solo_registre,,,,False,municipio
HB-004755,Yurbban Passage,Barcelona,080193,Barcelonès,Carrer,Trafalgar,26,08010,4 estrelles superior,122,60,A08747800,LAEBON S.A.,hotel,False,57,41.38885039744969,2.175895414191437,codigo_registro,,,,False,coordenada
HB-004756,Niu Barcelona,Barcelona,080193,Barcelonès,Rambla,Raval,8,08001,3 estrelles,48,27,B66013251,"HADI INVESTMENTS AND ASSETS, S.L.",hotel,False,758,41.37882515023729,2.168754430325625,codigo_registro,,,,False,coordenada
HB-004757,ZT The Golden Hotel Barcelona,Barcelona,080193,Barcelonès,Carrer,Avila,135,08018,4 estrelles,293,158,B12970729,HOTELERA GLORIES PARC SL,hotel,False,246,41.40020540586961,2.190991263312167,codigo_registro,,,,False,coordenada
HB-004758,Bcn NiceCozy,Barcelona,080193,Barcelonès,Carrer,Chapí,83-85,08031,No aplica,8,4,,,hotel,True,,,,solo_registre,,,,False,municipio
HB-004759,Masia Can Calet,"Franqueses del Vallès, les",080863,Vallès Oriental,Carrer,Can Calet,s/n,08520,1 estrella,6,2,,,hotel,True,,,,solo_registre,,,,False,municipio
HB-004760,Sb Glow,Barcelona,080193,Barcelonès,Carrer,Badajoz,148-154,08018,4 estrelles superior,486,235,B43067172,"SB HOTELS SPAIN\\, S.L.",hotel,False,290,41.40214569463325,2.1910365479757883,codigo_registro,,,,False,coordenada
HB-004761,Arya Hotel,Barcelona,080193,Barcelonès,Carrer,Sants,383-385,08028,3 estrelles,115,61,B66087339,VIDGITA S.L.,hotel,False,766,41.3755350091031,2.1246647576021394,codigo_registro,,,,False,coordenada
HB-004762,Od Barcelona,Barcelona,080193,Barcelonès,Carrer,Aragó,300,08009,5 estrelles,196,98,B57689648,MAP BEACH GESTION S.L.,hotel,False,315,41.393828705850446,2.167334035650646,codigo_registro,,,,False,coordenada
HB-004763,Parets Els Pins,Parets del Vallès,081593,Vallès Oriental,Avinguda,Catalunya,2,08150,1 estrella,23,12,A62325543,"HOTEL PARETS ELS PINS, SA",hotel,False,159,,,solo_registre,,,,False,municipio
HB-004765,Donna,Castelldefels,080569,Baix Llobregat,Passeig,Marítim,171,08860,4 estrelles superior,76,38,B62991526,SANTIVERI TURISME S.L.,hotel,False,549,,,solo_registre,,,,False,municipio
HB-004766,Hostal Oliveta,Barcelona,080193,Barcelonès,Carrer,Poeta Cabanyes,18,08004,No aplica,10,6,B66336892,"HOSTAL LA OLIVETA 2014, SL",hotel,False,803,,,solo_registre,,,,False,municipio
HB-004767,Hotel Boutique 2015,Barcelona,080193,Barcelonès,Ronda,Universitat,9,08007,2 estrelles,8,4,B59845982,HOTEL BOUTIQUE 2015 SL,hotel,False,372,41.38641596849567,2.1654750128093854,codigo_registro,,,,True,coordenada
HB-004768,Le Palacete by Sweet,Barcelona,080193,Barcelonès,Carrer,Legalitat,10,08024,3 estrelles,20,10,B66500349,SWEET ACCOMMODATION INN SPAIN SL,hotel,False,823,41.407683199528215,2.159575795661155,codigo_registro,,,,False,coordenada
HB-004769,rec,Barcelona,080193,Barcelonès,Carrer,Rec Comtal,17-19,08003,3 estrelles,198,99,B08236127,"Josel, SLU",hotel,False,205,41.386151941935545,2.1822517443494616,codigo_registro,,,,False,coordenada
HB-004770,"RADISSON BLU 1882 HOTEL, BARCELONA SAGRADA FAMILIA",Barcelona,080193,Barcelonès,Carrer,CORSEGA (480-492),480-49,08025,4 estrelles,364,182,B65075178,"RADISSON HOTEL MADRID, S.L.U.",hotel,False,679,41.40398466309082,2.1694052821596284,codigo_registro,,,,False,coordenada
HB-004802,ONA MOSAIC,Barcelona,080193,Barcelonès,Rambla,de Catalunya,84,08007,No aplica,93,53,B61502035,CLUBOTEL LA DORADA SL,hotel,False,441,41.39263442789897,2.1615855784992792,codigo_registro,,,,False,coordenada
HB-004803,Torre Barcelona,Sant Cugat del Vallès,082055,Vallès Occidental,Avinguda,de Ramon Escayola,45,08197,No aplica,14,9,,,hotel,True,,,,solo_registre,,,,False,municipio
HB-004805,45 Times Barcelona Hotel,Barcelona,080193,Barcelonès,Plaça,CATALUNYA,10 - 11,08002,4 estrelles superior,238,119,B16810178,"GESTION URBANA ONLY YOU, S.L.",hotel,False,254,41.38786991751789,2.169354802486356,direccion,0.0,,,False,coordenada
HB-004806,ALMANAC,Barcelona,080193,Barcelonès,Avinguda,GRAN VIA DE LES CORTS CATALANES,619-621,08007,Gran luxe,184,91,B65969792,ALMANAC HOTEL - GRAN VÍA HOTEL BARCELONA S.L.,hotel,False,749,41.390568745983586,2.1693587360128537,codigo_registro,,,,False,coordenada
HB-004807,H10 MADISON,Barcelona,080193,Barcelonès,Carrer,DOCTOR JOAQUIM POU,2-4-6,08002,4 estrelles superior,198,101,B64033145,"INVERSIONES SAMOS MEDITERRANEO, S.L.",hotel,False,618,41.38614093263978,2.175467284308261,codigo_registro,,,,False,coordenada
HB-004810,HOTEL RADHA,"Hospitalet de Llobregat, l'",081017,Barcelonès,Carrer,de l'arquitectura,14-18,08908,3 estrelles,34,13,B67076133,"GOODHOSTELS CHASKA 2021, SL",hotel,False,880,,,solo_registre,,,,False,municipio
HB-004815,MAS BARCELÓ,Gelida,080919,Alt Penedès,Camí,DEL CASTELL,24,08790,No aplica,4,2,B66282336,OMNIA HOME SL,hotel,False,798,,,solo_registre,,,,False,municipio
HB-004821,Hotelito Boutique Mercat de Collblanc,"Hospitalet de Llobregat, l'",081017,Barcelonès,Carrer,d' Estruch,14,08904,2 estrelles,14,7,B66819053,"INVERSIONES TURISTICAS CANALAN, S.L.",hotel,False,859,,,solo_registre,,,,False,municipio
HB-004822,MOTEL ONE BARCELONA CIUTADELLA,Barcelona,080193,Barcelonès,Passeig,de Pujades,11,08018,1 estrella,602,301,B66989773,"MOTEL ONE SPAIN, S.L.",hotel,False,873,41.3901446312642,2.184642301079106,codigo_registro,,,,False,coordenada
HB-004828,EXE PLAZA CATALUNYA,Barcelona,080193,Barcelonès,Ronda,de la Universitat,18,08007,5 estrelles,193,107,B66651043,"CLEON HOTELS, S.L.",hotel,False,841,41.386839939302114,2.167463268055395,codigo_registro,,,,False,coordenada
HB-004835,Hotelito Boutique Cinca,"Hospitalet de Llobregat, l'",081017,Barcelonès,Carrer,del Cinca,14,08904,2 estrelles,8,4,B66819053,"INVERSIONES TURISTICAS CANALAN, S.L.",hotel,False,859,,,solo_registre,,,,False,municipio
HB-004836,Hotelito Boutique Badalona,Badalona,080155,Barcelonès,Carrer,de Ribas i Perdigó,3,08911,2 estrelles,10,5,B66819053,"INVERSIONES TURISTICAS CANALAN, S.L.",hotel,False,859,,,solo_registre,,,,False,municipio
HB-004837,The Barcelona EDITION,Barcelona,080193,Barcelonès,Avinguda,de Frances Cambó,14,08003,Gran luxe,200,100,B66150426,BARCELONA HTL PROJECT SL,hotel,False,775,41.386019379559194,2.177749636087513,codigo_registro,,,,False,coordenada
HB-004841,EASYHOTEL BARCELONA,"Hospitalet de Llobregat, l'",081017,Barcelonès,Avinguda,GRAN VIA DE L'HOSPITALET,22,08902,1 estrella,432,204,B87408068,"EASY HOTEL SPAIN, S.L.",hotel,False,957,,,solo_registre,,,,False,municipio
HB-004844,COOLROOMS MALDA,Barcelona,080193,Barcelonès,Carrer,DEL PI,5,08002,No aplica,28,14,B83859868,COOL ROOMS GESTION S.L.,hotel,False,944,,,solo_registre,,,,False,municipio
HB-004847,Hostal Avenida de Madrid,Terrassa,082798,Vallès Occidental,Avinguda,de Madrid,104,08227,No aplica,13,11,B65842205,LA FOSCA 2016 SL,hotel,False,733,,,solo_registre,,,,False,municipio
HB-004854,OLALA THE HOTEL,"Hospitalet de Llobregat, l'",081017,Barcelonès,Carrer,del Montseny,72,08903,1 estrella,7,4,B66483223,RGMP PROPERTIES BARCELONA SL,hotel,False,819,,,solo_registre,,,,False,municipio
HB-004855,HOTEL LA CASA DEL SOL,Barcelona,080193,Barcelonès,Carrer,de Maspons,11,08012,3 estrelles,32,18,B66106972,"BEIT ASHAMS BARCELONA, SL",hotel,False,771,41.4012123348651,2.156375357836128,codigo_registro,,,,False,coordenada
HB-004857,HOTEL PRAKTIK ÈSSENS,Barcelona,080193,Barcelonès,Passeig,Passeig de Gràcia,24,08007,2 estrelles,74,37,B66831868,"L'ULTIM HOTEL PG, S.L.",hotel,False,862,41.390203699064784,2.167911790980987,codigo_registro,,,,False,coordenada
HB-004858,US URBAN SABADELL,Sabadell,081878,Vallès Occidental,Ronda,ZAMENHOF,21,08201,No aplica,11,7,B67284141,Establecimientos Turisticos Zamenhof SL,hotel,False,897,,,solo_registre,,,,False,municipio
HB-004859,ALBERGUE DELFOS,Barcelona,080193,Barcelonès,Ronda,de Sant Antoni,61,08011,No aplica,10,6,,,hotel,True,,,,solo_registre,,,,False,municipio
HB-004863,668 HOTEL,Santa Coloma de Gramenet,082457,Barcelonès,Carrer,MILA I FONTANALS,71,08922,No aplica,16,10,B67304733,"668 HOTEL\\, S.L. UNIPERSONAL",hotel,False,898,,,solo_registre,,,,False,municipio
HB-004865,RESTAURANTE TROPICAL GAVA MAR S.L.,Gavà,080898,Baix Llobregat,Carrer,de Tellinaires,17,08850,4 estrelles superior,26,13,B66986597,RESTAURANTE TROPICAL GAVA MAR S.L.,hotel,False,872,,,solo_registre,,,,False,municipio
HB-004867,CAMI,Barcelona,080193,Barcelonès,Carrer,de Casp,22,08010,No aplica,8,4,,,hotel,True,,,,solo_registre,,,,False,municipio
HB-004869,HOTEL MONTCADA,Montcada i Reixac,081252,Vallès Occidental,Carrer,Beat Oriol,s/n,08110,1 estrella,88,44,A08901258,TAFEC SA,hotel,False,72,,,solo_registre,,,,False,municipio
HB-004879,HOTEL PAPI BLAU,Malgrat de Mar,081108,Maresme,Passeig,Marítim,30,08380,4 estrelles,180,92,B63055768,CASAJUANA ( HOTEL PAPI S.L.),hotel,False,561,,,solo_registre,,,,False,municipio
HB-004883,CASA VOLVER,Barcelona,080193,Barcelonès,Carrer,La Rambla,129,08002,1 estrella,79,43,E66972688,Hesavi C.B.,hotel,False,977,41.385065518149254,2.1700624205420556,codigo_registro,,,,False,coordenada
HB-004887,Hotelito Boutique Carrer del mar,Badalona,080155,Barcelonès,Carrer,de Mar,110,08911,2 estrelles,9,4,B66819053,"INVERSIONES TURISTICAS CANALAN, S.L.",hotel,False,859,,,solo_registre,,,,False,municipio
HB-004890,Cal Roig,Olèrdola,081458,Alt Penedès,Carrer,de la Germandat,13,08734,No aplica,12,4,B67575886,SAP SL,hotel,False,914,,,solo_registre,,,,False,municipio
HB-004892,HOTEL SEVENTY,Barcelona,080193,Barcelonès,Carrer,de Còrsega,344,08037,4 estrelles superior,304,152,B08236127,"Josel, SLU",hotel,False,205,41.39802836842931,2.161479199538445,codigo_registro,,,,False,coordenada
HB-004893,HOTEL ACTA VORAPORT,Barcelona,080193,Barcelonès,Carrer,RAMON TURRO,169 Bis,08005,2 estrelles,626,313,B63723415,FG ACTA GROUP SL,hotel,False,604,41.399176057604166,2.2021543339735774,codigo_registro,,,,False,coordenada
HB-004902,BB Sant Pol,Sant Pol de Mar,082359,Maresme,Carrer,de Santa Clara,5,08395,No aplica,14,6,,,hotel,True,,,,solo_registre,,,,False,municipio
HB-004905,"BARCELO CONDAL HOTELES, S.A. Occidental Barcelona 1929",Barcelona,080193,Barcelonès,Carrer,de la Diputació,2,08014,3 estrelles,304,152,A07738933,BARCELO CONDAL HOTELES S.A.,hotel,False,4,41.375305205604995,2.1476799951129335,codigo_registro,,,,False,coordenada
HB-004907,SERENNIA FIRA GRAN VIA,"Hospitalet de Llobregat, l'",081017,Barcelonès,Carrer,BUENOS AIRES,37,08902,2 estrelles,34,16,B58381682,"EURO SPAIN COMERCIAL, S.L.",hotel,False,329,,,solo_registre,,,,False,municipio
HB-004908,COVELOCALS,Sant Cugat del Vallès,082055,Vallès Occidental,Carrer,Victor Hugo,6,08172,4 estrelles,96,48,B65054967,COVELOCALS SL,hotel,False,678,,,solo_registre,,,,False,municipio
HB-004910,HOTEL CASA LUZ,Barcelona,080193,Barcelonès,Ronda,Universitat,1,08007,2 estrelles,127,65,B22744502,NEOGAMO TRADE SL,hotel,False,277,,,solo_registre,,,,False,municipio
HB-004911,OCCIDENTAL 414 DIAGONAL,Barcelona,080193,Barcelonès,Avinguda,DIAGONAL,414,08037,4 estrelles superior,204,100,B62919485,"414 DIAGONAL, S.L.",hotel,False,541,41.39809916902943,2.1648319861554346,codigo_registro,,,,False,coordenada
HB-004913,BELVILLAGE,Barcelona,080193,Barcelonès,Carrer,Diputació,453,08013,No aplica,49,25,B66222878,BARCELONA SMART INVEST SLU,hotel,False,788,,,solo_registre,,,,False,municipio
HB-004917,Bed  stayup Gràcia,Barcelona,080193,Barcelonès,Carrer,Gran de Gràcia,26,08012,No aplica,7,4,,,hotel,True,,,,solo_registre,,,,False,municipio
HB-004919,CAL PAU CRUSET,Torrelles de Foix,082883,Alt Penedès,Cases,CAL PAU CRUSET,s/n,08737,3 estrelles,25,8,B64625205,CHRISTIAANSE VENTURES SL,hotel,False,652,,,solo_registre,,,,False,municipio
HB-004923,Mas els Igols,Torrelles de Foix,082883,Alt Penedès,Barri,la Berna-Masia Magí Po,s/n,08737,No aplica,12,6,,,hotel,True,,,,solo_registre,,,,False,municipio
HB-004925,BURRIAC,Argentona,080095,Maresme,Avinguda,de Burriac,7,08310,No aplica,11,6,,,hotel,True,,,,solo_registre,,,,False,municipio
HB-004926,CASA NANIT,"Hospitalet de Llobregat, l'",081017,Barcelonès,Carrer,del rosselló,107,08903,No aplica,16,6,B63324115,DENCON 2003 BCN S.L.,hotel,False,577,,,solo_registre,,,,False,municipio
HB-004927,Villa Naranja,Sant Cugat del Vallès,082055,Vallès Occidental,Carrer,de la Llebre,5,08197,No aplica,24,7,B66495755,JAMITI MOOIE TOEKOMST SL,hotel,False,821,,,solo_registre,,,,False,municipio
HB-004930,HOTEL 6 BIS,Castelldefels,080569,Baix Llobregat,Carrer,6 BIS,6,08860,2 estrelles,32,17,B01899053,"ACTUAL MEDITERRANEO, SLU",hotel,False,181,,,solo_registre,,,,False,municipio
HB-004939,Casa Filomena,Barcelona,080193,Barcelonès,Carrer,Major de Sarrià,95,08017,No aplica,6,2,,,hotel,True,,,,solo_registre,,,,False,municipio
HB-004941,PAXTON BARCELONA,Barcelona,080193,Barcelonès,Carrer,de Llull,160,08005,4 estrelles superior,306,153,B67392993,"GEST PAXTON BARCELONE, S.L.",hotel,False,903,41.39940049697517,2.2002208616410277,codigo_registro,,,,False,coordenada
HB-004943,Termes La Garriga,"Garriga, la",080885,Vallès Oriental,Carrer,dels Banys,23,08530,4 estrelles,44,22,B67525378,GESTIÓ INTEGRAL FURIÓFURIÓ,hotel,False,908,,,solo_registre,,,,False,municipio
HB-004944,Barcelona Urban Boutique,"Hospitalet de Llobregat, l'",081017,Barcelonès,Carrer,de Terra Baixa,66,08901,No aplica,8,4,B66620212,"Apartholiday, S.L.",hotel,False,836,,,solo_registre,,,,False,municipio
HB-004948,MIRLO BARCELONA HOTEL,Barcelona,080193,Barcelonès,Avinguda,"del Tibidabo, 32 (Roman Macaya,7)",32,08022,5 estrelles,32,16,B66337031,"ZEROONETIBIDABO32,S.L.",hotel,False,804,41.41358309122107,2.1347889441149417,codigo_registro,,,,False,coordenada
HB-004949,APARTHOTEL CURAZAO,Castelldefels,080569,Baix Llobregat,Carrer,de la Dàlia,11,08860,3 estrelles,12,5,B67586719,Odriozola2020 S.L.U.,hotel,False,916,,,solo_registre,,,,False,municipio
HB-004950,Global Apartments,"Hospitalet de Llobregat, l'",081017,Barcelonès,Carrer,Rambla Catalana,27,08903,2 estrelles,18,9,B64690464,GLOBAL MARKETING SYSTEM SL,hotel,False,657,,,solo_registre,,,,False,municipio
HB-004954,HOSTAL DIAGONAL,Barcelona,080193,Barcelonès,Avinguda,Diagonal,369,08037,No aplica,10,4,B67319533,MORANPAPLAN 18 SL,hotel,False,899,,,solo_registre,,,,False,municipio
HB-004955,HOTEL ME BARCELONA,Barcelona,080193,Barcelonès,Carrer,CASP,1-13,08010,5 estrelles,328,164,B66348293,"CASP 1-13 BARCELONA, SL",hotel,False,805,41.388986113064114,2.1699973675495325,codigo_registro,,,,False,coordenada
HB-004959,CASA GRAN 1771,Font-rubí,080850,Alt Penedès,Carrer,de l' Avellà,11,08736,5 estrelles,16,8,A08930208,"HERETAT MONT-RUBI,S.A.",hotel,False,73,,,solo_registre,,,,False,municipio
HB-004962,Hampton by Hilton Barcelona Fira Gran Via,"Hospitalet de Llobregat, l'",081017,Barcelonès,Carrer,de les Ciències,72,08908,3 estrelles,482,241,B67246827,"BOREALIS  BARCELONA HOTELS I, S.L.",hotel,False,893,,,solo_registre,,,,False,municipio
HB-004964,LIMEHOME BARCELONA,Barcelona,080193,Barcelonès,Carrer,Besalú,82,08026,3 estrelles,42,21,B01609304,LIMEHOME SPAIN S.L.U.,hotel,False,177,,,solo_registre,,,,False,municipio
HB-004966,HOTEL ORANGINE,"Hospitalet de Llobregat, l'",081017,Barcelonès,Carrer,JOVENTUT,55-59,08904,4 estrelles,100,47,B87932612,"ASTORG PLUS IBERICA, SL",hotel,False,960,,,solo_registre,,,,False,municipio
HB-004968,HOLIDAY INN BARCELONA - SANT CUGAT,Sant Cugat del Vallès,082055,Vallès Occidental,Avinguda,d' Europa,25,08174,4 estrelles,416,208,B65820698,"EUROPA-CENTER GRUPO INMOBILIARIO IBERIA,SL",hotel,False,730,,,solo_registre,,,,False,municipio
HB-004970,APARTA HOTEL,"Masnou, el",081189,Maresme,Carrer,de Montgat,21,08320,2 estrelles,12,5,B65650772,NUEVO SILK ROAD SL,hotel,False,718,,,solo_registre,,,,False,municipio
HB-004976,ANTIGA CASA BUENAVISTA,Barcelona,080193,Barcelonès,Ronda,de Sant Antoni,84,08001,4 estrelles superior,86,43,B62111059,"RONDA SAN ANTONIO 84\\, SL",hotel,False,486,41.38376584459595,2.163974947423502,direccion,1.0,,,False,coordenada
HB-004981,SITGES BEACH HOTELS,Sitges,082704,Garraf,Carrer,del Doctor Bartomeu Robert,1,08870,No aplica,9,5,B66057498,"SUNSITGES SERVICES, S. L.",hotel,False,762,,,solo_registre,,,,False,municipio
HB-004982,The Social Hub Barcelona Poblenou,Barcelona,080193,Barcelonès,Carrer,Cristóbal de Moura,49,08019,4 estrelles,450,293,B67502146,TSH BARCELONA CRISTOBAL DE MOURA OPCO S.L.,hotel,False,907,41.40989422285269,2.2046513689178853,codigo_registro,,,,False,coordenada
HB-004984,Can Mir Badalona,Badalona,080155,Barcelonès,Passatge,DE VENTOS MIR,9,08912,No aplica,15,8,B10856805,"HRC 2022, SLU",hotel,False,242,,,solo_registre,,,,False,municipio
HB-004985,Sabàtic Sitges Hotel,Sitges,082704,Garraf,Avinguda,de Sofia,56,08870,4 estrelles superior,230,90,B09762758,SABATIC HOTELS RESORTS SLU,hotel,False,235,,,solo_registre,,,,False,municipio
HB-004989,HEYROOMS,Cerdanyola del Vallès,082665,Vallès Occidental,Avinguda,d'Adam i Eva,9A,08290,No aplica,28,12,B67600163,HEY LEISURE COMPANY S.L.,hotel,False,918,,,solo_registre,,,,False,municipio
HB-004990,LLAGOTEL IV,"Llagosta, la",081056,Vallès Oriental,Carrer,de Sant Josep,31,08120,No aplica,10,6,B60447638,S.L. DE VIVENDES I PARKINGS,hotel,False,391,,,solo_registre,,,,False,municipio
HB-004993,SALLES HOTELS MARINA BADALONA,Badalona,080155,Barcelonès,Carrer,d' Eduard Maristany,226,08912,4 estrelles,362,181,A58953506,"EROLES, SA",hotel,False,134,,,solo_registre,,,,False,municipio
HB-004996,"Vía Sants Hotel Barcelona, Tapestry Collection by Hilton",Barcelona,080193,Barcelonès,Carrer,de Nicaragua,5,08029,4 estrelles,100,50,B98782030,Inversiones HBS S21 S.L,hotel,False,963,,,solo_registre,,,,False,municipio
HB-004998,Hotel Boutique Casa Vidal,Sitges,082704,Garraf,Carrer,Bonaire,23,08870,2 estrelles,16,9,B66639774,HOTEL LES BRUIXES SL,hotel,False,839,,,solo_registre,,,,False,municipio
HB-004999,Barcelona Corona Hostal,Badalona,080155,Barcelonès,Avinguda,Alfons XIII,568,08913,No aplica,20,10,,,hotel,True,,,,solo_registre,,,,False,municipio
HB-005002,ARCELON HOTEL,Barcelona,080193,Barcelonès,Carrer,MALLORCA,661,08027,4 estrelles,142,71,B58266784,CAUBERA SL,hotel,False,325,,,solo_registre,,,,False,municipio
HB-005005,HOTEL BOUTIQUE FONT DE LA CANYA,Avinyonet del Penedès,080137,Alt Penedès,Camí,D'AVINYO,12,08793,4 estrelles,14,7,B10844983,"MASIA LA BLAYETA, S.L.",hotel,False,241,,,solo_registre,,,,False,municipio
HB-005007,HOTEL C 31,Castelldefels,080569,Baix Llobregat,Avinguda,de Catalunya,4-8,08860,2 estrelles,55,28,B67271213,PURNICSON 5000 SLU,hotel,False,895,,,solo_registre,,,,False,municipio
HB-005008,HOTEL PETIT LUXE,Terrassa,082798,Vallès Occidental,Carrer,del Teatre,3,08221,2 estrelles,18,9,B04985008,PETIT LUXE SL,hotel,False,191,,,solo_registre,,,,False,municipio
HB-005010,Atzavara Hotel & Spa *****,Santa Susanna,082613,Maresme,Avinguda,DEL MAR,8-12,08398,5 estrelles,934,465,B58794314,VIPTUR S.L.,hotel,False,344,,,solo_registre,,,,False,municipio
HB-005011,Don ángel sport spa & congress center,Santa Susanna,082613,Maresme,Avinguda,del Mar,13,08398,4 estrelles superior,100,50,A58293895,"ANGE, S.A.",hotel,False,104,,,solo_registre,,,,False,municipio
HB-005029,HOTEL CAN PANYELLA,Gelida,080919,Alt Penedès,Camí,de Can Valls,0,08790,3 estrelles,16,7,B66327917,HOTEL CAN PANYELLA SL,hotel,False,802,,,solo_registre,,,,False,municipio
HB-005030,HOTEL LINCOLN LOUNGE,Barcelona,080193,Barcelonès,Carrer,de Lincoln,13,08006,3 estrelles,19,12,B62237359,"GALVAN-LEVIN, S.L.",hotel,False,496,,,solo_registre,,,,False,municipio
HB-005031,AB BOUTIQUE HOTEL,Sant Vicenç de Montalt,082649,Maresme,Passeig,DEL MARQUES DE CASA RIERA,7,08394,4 estrelles superior,18,10,W0432250I,"BARREAL,S.L.U.",hotel,False,1040,,,solo_registre,,,,False,municipio
HB-005032,El Molí de Cardedeu,Cardedeu,080462,Vallès Oriental,Carretera,de Cànoves,106,08440,3 estrelles,12,5,,,hotel,True,,,,solo_registre,,,,False,municipio
HB-005036,"Labtwentytwo Barcelona, a Tribute Portfolio Hotel",Barcelona,080193,Barcelonès,Carrer,del Perú,102,08018,4 estrelles superior,350,185,B67552257,ODYSSEY CALLE DE PERU S.L.,hotel,False,912,,,solo_registre,,,,False,municipio
HB-005037,DORMSY,Arenys de Mar,080060,Maresme,Carrer,de l' Església,65,08350,No aplica,8,4,,,hotel,True,,,,solo_registre,,,,False,municipio
HB-005038,TEMBO BARCELONA,Sant Adrià de Besòs,081944,Barcelonès,Carrer,Ramon Llull,479-487,08930,4 estrelles superior,770,280,B66383092,TEMBO HOSPITALITY MANAGEMENT SL,hotel,False,810,,,solo_registre,,,,False,municipio
HB-005045,CAM MARESME,"Masnou, el",081189,Maresme,Carrer,de Sant Cristòfol,34,08320,2 estrelles,7,2,B70876735,CAM MARESME S.L.,hotel,False,924,,,solo_registre,,,,False,municipio
HB-005046,Urban Sabadell,Sabadell,081878,Vallès Occidental,Passatge,de Joan XXIII,5,08201,No aplica,11,6,B67284141,Establecimientos Turisticos Zamenhof SL,hotel,False,897,,,solo_registre,,,,False,municipio
HB-005048,FOUR POINTS BY SHERATON BARCELONA AIRPORT,Viladecans,083015,Baix Llobregat,Carrer,de la Tecnologia,15,08840,4 estrelles,436,202,B42743385,MHM AIRPORT BCN SL,hotel,False,286,,,solo_registre,,,,False,municipio
HB-005049,APARTAM GRANOLLERS,Granollers,080961,Vallès Oriental,Carrer,de Ramon Llull,4,08401,1 estrella,4,1,A08898405,ALNU SA,hotel,False,69,,,solo_registre,,,,False,municipio
HB-005054,HOTEL SB WIN,Sant Feliu de Llobregat,082114,Baix Llobregat,Carrer,de Joana Raspall,21,08980,4 estrelles superior,366,177,B43067172,"SB HOTELS SPAIN\\, S.L.",hotel,False,290,,,solo_registre,,,,False,municipio
HB-005057,Montroig 5,Sitges,082704,Garraf,Carrer,Marquès de Montroig,5,08870,2 estrelles,11,4,B72566763,VALLE BOSCH S.L,hotel,False,928,,,solo_registre,,,,False,municipio
HB-005059,Leonardo Royal Hotel Barcelona Fira,Barcelona,080193,Barcelonès,Carrer,dels Alts Forns,40,08038,4 estrelles superior,408,204,B87793774,"Cedrela Investments, SLU",hotel,False,959,,,solo_registre,,,,False,municipio
HB-005060,One shot Arago,Barcelona,080193,Barcelonès,Carrer,d Aragó,257,08007,3 estrelles,97,49,B86125812,OIKOS HOTELS S.L.,hotel,False,949,,,solo_registre,,,,False,municipio
HB-005068,EL BARCO APARTA HOTEL,"Hospitalet de Llobregat, l'",081017,Barcelonès,Carrer,de Sant Francesc Xavier,21,08905,1 estrella,10,3,B70959325,"EL BARCO APARTA HOTEL, S.L.",hotel,False,926,,,solo_registre,,,,False,municipio
HB-005071,HOTEL PLINI,"Hospitalet de Llobregat, l'",081017,Barcelonès,Carrer,de Plini,1,08901,2 estrelles,16,10,B67434050,HOTEL L1 & L9 METRO SL,hotel,False,905,,,solo_registre,,,,False,municipio
HB-005073,SLS BARCELONA,Sant Adrià de Besòs,081944,Barcelonès,Carrer,de la Pau,2,08930,5 estrelles,942,471,B87291530,"GELATI INVESTMENTS, S.L.U.",hotel,False,956,,,solo_registre,,,,False,municipio
HB-005074,HOTEL MYO CASTELLDEFELS,Castelldefels,080569,Baix Llobregat,Avinguda,Banys,27,08860,1 estrella,40,20,B02793685,Hotelier services ibérica S.L,hotel,False,185,,,solo_registre,,,,False,municipio
HB-005079,BARCELONA TOUCH APARTMENTS - CAMPALANS,"Hospitalet de Llobregat, l'",081017,Barcelonès,Carrer,de Rafael Campalans,9 BIS,08903,2 estrelles,5,2,B67536995,MALBEC2019 S.L.,hotel,False,910,,,solo_registre,,,,False,municipio
HB-005080,OLALA HOMES,"Hospitalet de Llobregat, l'",081017,Barcelonès,Carrer,BÒBILES,40B,08901,No aplica,12,5,B66483223,RGMP PROPERTIES BARCELONA SL,hotel,False,819,,,solo_registre,,,,False,municipio
HB-005081,EASYHOTEL BARCELONA LA SAGRERA,Barcelona,080193,Barcelonès,Carrer,dels Bofarull,4,08027,1 estrella,150,75,B02797991,"EASYHOTEL SPAIN PROPERTY 1, SL",hotel,False,186,41.41502871206004,2.1878356689141407,codigo_registro,,,,False,coordenada
HB-005084,NERI PROPERTIES SL,Canet de Mar,080403,Maresme,Carrer,de la Caldeta,15,08360,1 estrella,6,3,B22438097,"NERI PROPERTIES, SL",hotel,False,275,,,solo_registre,,,,False,municipio
HB-005090,BOADA RIERA APARTMENTS,Terrassa,082798,Vallès Occidental,Carrer,de Sant Pere,22,08221,1 estrella,12,6,B63208532,DELICAIMMOBLES SL,hotel,False,571,,,solo_registre,,,,False,municipio
HB-005093,Aerohotel,"Prat de Llobregat, el",081691,Baix Llobregat,Carrer,Vila de Begur,2,08820,1 estrella,50,28,B67272500,ONASSIS CAPITAL SL,hotel,False,896,,,solo_registre,,,,False,municipio
HB-005095,Villa Margallo,Olivella,081483,Garraf,Ronda,Sud,11,08818,No aplica,8,4,,,hotel,True,,,,solo_registre,,,,False,municipio
HB-005096,PENSIÓ,Badalona,080155,Barcelonès,Carrer,Madrid,10,08913,No aplica,48,22,B56436413,"ALFA INVERSIONES SEGURAS, SL",hotel,False,307,,,solo_registre,,,,False,municipio
HB-005097,aparto Diagonal Suites,Esplugues de Llobregat,080771,Baix Llobregat,Avinguda,Ahrensburg,37-39,08950,1 estrella,798,526,B67469767,"CORPORUM INVESTMENTS, SL",hotel,False,906,,,solo_registre,,,,False,municipio
HB-005098,Sercotel Barcelona El Prat,"Prat de Llobregat, el",081691,Baix Llobregat,Carrer,de Lo Gaiter del Llobregat,100-110,08820,4 estrelles,194,97,B66541319,SERCOTEL OPERADORA SL,hotel,False,826,,,solo_registre,,,,False,municipio
HB-005099,HOSTELERIA CAL DURAN S.L.,Esparreguera,080765,Baix Llobregat,Carrer,de Montserrat,13,08292,No aplica,18,7,,,hotel,True,,,,solo_registre,,,,False,municipio
HB-005100,HOTEL APARTAMENT,"Hospitalet de Llobregat, l'",081017,Barcelonès,Carrer,de la Joventut,14,08904,1 estrella,16,2,B64214588,"PROMOCIONES DANI-ANDREU-06, SL",hotel,False,631,,,solo_registre,,,,False,municipio
HB-005102,Hotel BESTPRICE Maragall,Barcelona,080193,Barcelonès,Carrer,SEGLE XX,3,08041,1 estrella,62,29,A66081035,HOTELES BESTPRICE SA,hotel,False,164,,,solo_registre,,,,False,municipio
HB-005105,APARTHOTEL SERIVA,Pallejà,081574,Baix Llobregat,Plaça,de Joan Lluís Francesc Cerdà,4,08780,1 estrella,17,8,B66883166,OLSON TRADE S.L.,hotel,False,865,,,solo_registre,,,,False,municipio
HB-005107,HOLIDAY INN EXPRESS & SUITES SABADELL,Sabadell,081878,Vallès Occidental,Carrer,Vall Moranta,2,08205,3 estrelles,260,130,A83056911,"GESTION T3 HOTELES, S.A.",hotel,False,173,,,solo_registre,,,,False,municipio
HB-005108,Hotel Bypillow Maragall,Barcelona,080193,Barcelonès,Passeig,Maragall,103,08041,2 estrelles,90,36,B60858024,Port Avinyon SL,hotel,False,407,,,solo_registre,,,,False,municipio
HB-005109,1900BB,Terrassa,082798,Vallès Occidental,Carrer,Pantà,33,08221,1 estrella,14,7,,,hotel,True,,,,solo_registre,,,,False,municipio
HB-005110,MEININGER HOTEL BARCELONA FIRA GRAN VIA,"Hospitalet de Llobregat, l'",081017,Barcelonès,Carrer,Botànica,41,08908,1 estrella,516,162,B75853135,"MEININGER HOTELS SPAIN, SL",hotel,False,936,,,solo_registre,,,,False,municipio
HB-005111,Sun & Moon ApartHotel,"Prat de Llobregat, el",081691,Baix Llobregat,Carrer,Coronel Sanfeliu,22,08820,1 estrella,18,9,B66182858,DHANIMUL 2014 S.L.,hotel,False,782,,,solo_registre,,,,False,municipio
HB-005112,BE CASA SANT CUGAT,Sant Cugat del Vallès,082055,Vallès Occidental,Carrer,RAMON LLULL,45,08173,3 estrelles,992,400,B16784035,"ELIA ITG, S.L.",hotel,False,253,,,solo_registre,,,,False,municipio
HB-005113,HOSTAL ESTUDIOS,Badalona,080155,Barcelonès,Carrer,Torras i Bages,117,08912,No aplica,45,14,,,hotel,True,,,,solo_registre,,,,False,municipio
HB-005114,LUXURY CUBELLES APARTHOTEL,Cubelles,080749,Garraf,Carrer,Josep Andre (Charlie Rivel),52,08880,3 estrelles,29,8,B13943071,DM Gry Building S.L,hotel,False,249,,,solo_registre,,,,False,municipio
HB-005115,EL SERRAL HOTEL & SPA,Santa Margarida i els Monjos,082515,Alt Penedès,Camí,DEL FONDO,S/N,08730,4 estrelles superior,28,14,B63824841,BUXUS GESTIO S.L.,hotel,False,609,,,solo_registre,,,,False,municipio
HB-005118,CAN MILA APARTAMENTS,Sitges,082704,Garraf,Carrer,LOLA ANGLADA,10,08870,4 estrelles,218,80,B70629555,CAN MILA HOSPITALITY S.L.,hotel,False,923,,,solo_registre,,,,False,municipio
HCC-000136,Torres,Manlleu,081120,Osona,Passeig,Sant Joan,40-42,08560,1 estrella,32,17,,,hotel,True,,,,solo_registre,,,,False,municipio
HCC-000172,La Cerdanya,"Pobla de Lillet, la",081666,Berguedà,Plaça,Fort,5,08696,No aplica,12,8,,,hotel,True,,,,solo_registre,,,,False,municipio
HCC-000173,Robert,"Pobla de Claramunt, la",081653,Anoia,Avinguda,Catalunya,1,08787,2 estrelles,64,35,B60690856,"HOTEL ROBERT, SL",hotel,False,403,,,solo_registre,,,,False,municipio
HCC-000219,Bayona,Montmaneu,081332,Anoia,Carretera,N-II,KM 532,08717,No aplica,45,25,A08864712,SA HOTEL BAYONA,hotel,False,67,,,solo_registre,,,,False,municipio
HCC-000233,Cuatro Carreteras,Tona,082830,Osona,Carretera,Barcelona-Puigcerdà,KM 58,08551,2 estrelles,43,22,B59308791,"FIDORMA, SL",hotel,False,354,,,solo_registre,,,,False,municipio
HCC-000272,América,Igualada,081022,Anoia,Avinguda,Mestre Muntaner,44,08700,3 estrelles,85,49,A08436677,"GERONIMO CAROL, SA",hotel,False,46,,,solo_registre,,,,False,municipio
HCC-000356,HOTEL HOSTAL ABAT CISNEROS,Monistrol de Montserrat,081271,Bages,Plaça,MONESTIR,s/n,08199,3 estrelles,147,82,A28059483,"L¿Agrícola Regional, S.A (L¿ARSA)",hotel,False,81,,,solo_registre,,,,False,municipio
HCC-000574,HOSTAL ESTRELLA,Rupit i Pruit,089019,Osona,Plaça,del Bisbe,1,08569,No aplica,30,15,B61282562,HOSTAL ESTRELLA SL,hotel,False,427,,,solo_registre,,,,False,municipio
HCC-000652,Les Fonts,Castellar de N'Hug,080522,Berguedà,Carretera,Castellar,KM 8,08696,No aplica,42,16,E60652518,Josep Orriols Orriols i Cia. CB,hotel,False,969,,,solo_registre,,,,False,municipio
HCC-000767,HOSTAL SANTA MARIA,Santa Maria d'Oló,082589,Moianès,Avinguda,de Manuel López,6,08273,No aplica,20,11,,,hotel,True,,,,solo_registre,,,,False,municipio
HCC-000788,Aloha,Tona,082830,Osona,Carretera,Manresa,6,08551,3 estrelles,50,36,B60375201,"BOUSI, SL",hotel,False,388,,,solo_registre,,,,False,municipio
HCC-001047,Collsacabra,"Esquirol, l'",082541,Osona,Passeig,Gorgues,8,08511,No aplica,20,10,,,hotel,True,,,,solo_registre,,,,False,municipio
HCC-001415,Manila,Manresa,081136,Bages,Carrer,Sant Andreu,9,08240,No aplica,19,12,,,hotel,True,,,,solo_registre,,,,False,municipio
HCC-001734,Ca L'Amagat,Bagà,080168,Berguedà,Carrer,Clota,4,08695,1 estrella,33,18,,,hotel,True,,,,solo_registre,,,,False,municipio
HCC-002220,La Pineda,Bagà,080168,Berguedà,Carrer,Raval,50,08695,1 estrella,28,16,B61463725,"BAGA LA PINEDA, SL",hotel,False,439,,,solo_registre,,,,False,municipio
HCC-002370,Hostal Pericas,"Pobla de Lillet, la",081666,Berguedà,Carrer,Furrioles Altes,2,08696,No aplica,33,17,,,hotel,True,,,,solo_registre,,,,False,municipio
HCC-002425,Fanxicó,Castellar de N'Hug,080522,Berguedà,Plaça,Major,1,08696,No aplica,14,7,,,hotel,True,,,,solo_registre,,,,False,municipio
HCC-002463,Canaletes,Igualada,081022,Anoia,Avinguda,Mestre Muntaner,60,08700,No aplica,100,54,B60543816,"NEXETOL, SL",hotel,False,395,,,solo_registre,,,,False,municipio
HCC-002479,La Riba,Vilanova de Sau,083036,Osona,Carrer,Hotel la Riba,s/n,08519,3 estrelles,24,13,,,hotel,True,,,,solo_registre,,,,False,municipio
HCC-002570,Sant Cristòfol,Santa Maria de Merlès,082554,Berguedà,Carretera,de Vic,KM 37,08517,No aplica,7,4,,,hotel,True,,,,solo_registre,,,,False,municipio
HCC-002718,Marsal,Rupit i Pruit,089019,Osona,Carrer,Manyà,3,08569,No aplica,18,9,B60208527,"FONDA MARSAL, SL",hotel,False,381,,,solo_registre,,,,False,municipio
HCC-002745,INSOMNIA HOTEL,Berga,080229,Berguedà,Carrer,DRECERA DE QUERALT (cal nen),s/n,08600,1 estrella,19,10,B67267104,"HAUNTED HOUSE, SL",hotel,False,894,,,solo_registre,,,,False,municipio
HCC-002802,Fonda Can Xaran,Manlleu,081120,Osona,Carrer,Vendrell,15,08560,No aplica,24,14,,,hotel,True,,,,solo_registre,,,,False,municipio
HCC-002843,Peremiquel,Castellar de N'Hug,080522,Berguedà,Plaça,MAJOR,s/n,08696,No aplica,16,8,,,hotel,True,,,,solo_registre,,,,False,municipio
HCC-002868,Hostal Pedraforca,Saldes,081901,Berguedà,Carrer,Barri Massanes,s/n,08697,2 estrelles,42,24,A58032277,"HOSTAL PEDRAFORCA, SA",hotel,False,90,,,solo_registre,,,,False,municipio
HCC-002888,La Muntanya,Castellar de N'Hug,080522,Berguedà,Plaça,Major,4,08696,No aplica,9,5,,,hotel,True,,,,solo_registre,,,,False,municipio
HCC-002953,Fonda Ca la Irene,Sant Vicenç de Castellet,082628,Bages,Carrer,Creixell,29,08295,No aplica,7,4,,,hotel,True,,,,solo_registre,,,,False,municipio
HCC-002994,Cal General,Saldes,081901,Berguedà,Carrer,Afores,s/n,08697,No aplica,15,8,,,hotel,True,,,,solo_registre,,,,False,municipio
HCC-003028,Alpens,Alpens,080044,Lluçanès,Carrer,Placeta,4,08587,No aplica,12,6,,,hotel,True,,,,solo_registre,,,,False,municipio
HCC-003048,Hostal Sant Jordi,Roda de Ter,081831,Osona,Carrer,Ramon Martí,9,08510,No aplica,12,7,,,hotel,True,,,,solo_registre,,,,False,municipio
HCC-003051,Bruc,"Bruc, el",080253,Anoia,Carretera,A2,KM 570,08294,3 estrelles,125,67,B08595068,"HOTEL BRUC, SL",hotel,False,216,,,solo_registre,,,,False,municipio
HCC-003146,CA LA MANYANA,Sant Julià de Vilatorta,082205,Osona,Avinguda,de Nostra Senyora de Montserrat,38,08504,No aplica,36,19,B60689270,CA LA MANYANA SL,hotel,False,402,,,solo_registre,,,,False,municipio
HCC-003205,Fonda Sala,Olost,081496,Lluçanès,Plaça,Major,17,08519,No aplica,23,13,,,hotel,True,,,,solo_registre,,,,False,municipio
HCC-003265,Hostal La Devesa,Rupit i Pruit,089019,Osona,Carretera,d'Olot,KM 34,08569,No aplica,34,18,B63643027,"HOSTALERIA CROVI, SL",hotel,False,598,,,solo_registre,,,,False,municipio
HCC-003363,La Barca,Monistrol de Montserrat,081271,Bages,Carretera,Manresa-Abrera,KM 13,08691,No aplica,12,6,B60632593,"HOSTAL LA BARCA, S.L.",hotel,False,398,,,solo_registre,,,,False,municipio
HCC-003383,Ca la Maria,Avinyó,080121,Bages,Carrer,Sant Antoni,1,08279,No aplica,18,9,B62752597,"RESTAURANT-FONDA CA LA MARIA, SL",hotel,False,529,,,solo_registre,,,,False,municipio
HCC-003412,Soler,Sant Joan de Vilatorrada,082188,Bages,Carrer,Major,87,08250,No aplica,20,17,B62094693,RESTAURACIO MAJOR 87 SL.,hotel,False,485,,,solo_registre,,,,False,municipio
HCC-003431,Els Avets d'en Nandu,"Masies de Voltregà, les",081173,Osona,Carrer,Barcelona,1,08519,No aplica,8,4,,,hotel,True,,,,solo_registre,,,,False,municipio
HCC-003441,L'Hostal de Centelles,Centelles,080673,Osona,Carrer,Descatllar,11,08540,No aplica,24,14,J65982233,"L'HOSTAL DE CENTELLES, SCP",hotel,False,1032,,,solo_registre,,,,False,municipio
HCC-003453,Can Marginet,"Nou de Berguedà, la",081424,Berguedà,Cases,Can Marginet,s/n,08699,No aplica,28,14,,,hotel,True,,,,solo_registre,,,,False,municipio
HCC-003454,Camprubí,"Nou de Berguedà, la",081424,Berguedà,Carrer,Malanyeu,s/n,08699,No aplica,10,6,,,hotel,True,,,,solo_registre,,,,False,municipio
HCC-003471,Cal Batista,Bagà,080168,Berguedà,Carrer,Raval,s/n,08695,No aplica,24,14,B62228820,"ROC TIRAVAL, SL",hotel,False,494,,,solo_registre,,,,False,municipio
HCC-003489,Alt Llobregat,Castellar de N'Hug,080522,Berguedà,Carrer,Portell,s/n,08696,No aplica,18,9,G62743265,"ROIM, SCP",hotel,False,987,,,solo_registre,,,,False,municipio
HCC-003534,Fonda Urgell,Roda de Ter,081831,Osona,Carrer,Bac de Roda,44,08510,No aplica,22,13,,,hotel,True,,,,solo_registre,,,,False,municipio
HCC-003591,Cardener,Cardona,080478,Bages,Carretera,Solsona,"KM 64,300",08261,No aplica,12,7,,,hotel,True,,,,solo_registre,,,,False,municipio
HCC-003624,Hostal Osona,Vic,082981,Osona,Carrer,Remei,3,08500,No aplica,28,15,J65747990,"HOSTAL OSONA VIC, SCP",hotel,False,1023,,,solo_registre,,,,False,municipio
HCC-003689,Antiga Casa Marxando,Sant Jaume de Frontanyà,082166,Berguedà,Cases,Marxandó,s/n,08607,No aplica,8,4,,,hotel,True,,,,solo_registre,,,,False,municipio
HCC-003706,LA MASIA,Manresa,081136,Bages,Carrer,de la Baixada dels Drets,3,08241,No aplica,6,6,,,hotel,True,,,,solo_registre,,,,False,municipio
HCC-003756,Estel,Berga,080229,Berguedà,Carretera,Sant Fruitós,39,08600,2 estrelles,66,37,B62451315,"FIGOLS ACTIVITATS TURÍSTIQUES, SL",hotel,False,509,,,solo_registre,,,,False,municipio
HCC-003769,Can Pamplona,Vic,082981,Osona,Carrer,Eix Onze de Setembre,10,08500,3 estrelles,66,34,B58110438,CAN PAMPLONA SL,hotel,False,321,,,solo_registre,,,,False,municipio
HCC-003786,Muntané,Navarcles,081402,Bages,Carrer,Fortià Sola,3,08270,No aplica,38,23,B60015823,"HOSTAL P. MUNTANE, SL",hotel,False,377,,,solo_registre,,,,False,municipio
HCC-003837,Els Noguers,Manresa,081136,Bages,Avinguda,Països Catalans,167,08243,No aplica,20,12,B59521559,"HOSTELERIA MANRESANA, SL",hotel,False,361,,,solo_registre,,,,False,municipio
HCC-003890,Can Nogué,Tavertet,082802,Osona,Passeig,Diputació,1,08511,No aplica,12,6,,,hotel,True,,,,solo_registre,,,,False,municipio
HCC-003905,Nou de Baviera,Navarcles,081402,Bages,Plaça,Doctor Fleming,s/n,08270,No aplica,22,14,J62125018,"BAVIERA, SCP",hotel,False,1006,,,solo_registre,,,,False,municipio
HCC-003912,UP ROOMS VIC,Vic,082981,Osona,Passatge,Can Mastrot,s/n,08500,4 estrelles,66,33,A58969783,UP ROOMS VIC S.A.U,hotel,False,135,,,solo_registre,,,,False,municipio
HCC-003948,La Neu,Castellar de N'Hug,080522,Berguedà,Carrer,Font,s/n,08696,No aplica,12,6,,,hotel,True,,,,solo_registre,,,,False,municipio
HCC-003987,Hotel Arumi,Santa Eugènia de Berga,082460,Osona,Carretera,d' Arbúcies,1,08507,3 estrelles,42,21,B01887777,ARKA RH 2020 SL,hotel,False,180,,,solo_registre,,,,False,municipio
HCC-003997,Montanyà Hotel  Lodge,Seva,082690,Osona,Urbanització,El Montanyà,s/n,08553,4 estrelles,229,98,A08941221,MONTANYÀ HOTEL RESORTS S.A.,hotel,False,74,,,solo_registre,,,,False,municipio
HCC-004000,Cal Violí,Cardona,080478,Bages,Carretera,Manresa,12,08261,No aplica,14,7,,,hotel,True,,,,solo_registre,,,,False,municipio
HCC-004006,Hostal Sant Martí,Puig-reig,081751,Berguedà,Carrer,Sant Jordi,14,08692,No aplica,16,10,,,hotel,True,,,,solo_registre,,,,False,municipio
HCC-004022,Trèvol,Torelló,082858,Osona,Carrer,Sant Bartomeu,34,08570,No aplica,11,6,,,hotel,True,,,,solo_registre,,,,False,municipio
HCC-004045,La Serra del Pla,"Espunyola, l'",080787,Berguedà,Carretera,Solsona-Berga C-26,KM 139,08614,1 estrella,12,6,B61813895,"CENTRE SALUT BERGUEDA, SL",hotel,False,459,,,solo_registre,,,,False,municipio
HCC-004047,Toll,Collsuspina,080706,Moianès,Carrer,Raval Picanyol,28,08178,1 estrella,32,16,B59368720,"Motel Toll, S.L.",hotel,False,357,,,solo_registre,,,,False,municipio
HCC-004048,Hostal Cal Majoral,"Espunyola, l'",080787,Berguedà,Carretera,C-26 Solsona-Berga,KM 134,08614,2 estrelles,7,5,G63113476,"CAL MAJORAL, SCP",hotel,False,990,,,solo_registre,,,,False,municipio
HCC-004049,Els Casals,Sagàs,081884,Berguedà,Carrer,Els Casals,s/n,08517,3 estrelles,18,10,B61489001,"MASIA ELS CASALS, S. L.",hotel,False,440,,,solo_registre,,,,False,municipio
HCC-004051,Hotel l'Oreneta,Gironella,080924,Berguedà,Carretera,dels Bassacs,60,08680,2 estrelles,22,12,,,hotel,True,,,,solo_registre,,,,False,municipio
HCC-004053,Mas de la Sala,Sallent,081918,Bages,Carretera,C-16,KM 59,08650,4 estrelles,46,26,B60650736,"MAS NOU SALLENT, SL",hotel,False,401,,,solo_registre,,,,False,municipio
HCC-004055,Santuari de Falgars,"Pobla de Lillet, la",081666,Berguedà,Carrer,Santuari de Falgars,s/n,08696,No aplica,32,16,B64668684,HOSTATGERIA FALGARS SL,hotel,False,654,,,solo_registre,,,,False,municipio
HCC-004062,Balmes Vic,Vic,082981,Osona,Carrer,Francesc Pla el Vigatà,6,08500,3 estrelles,90,50,A61378733,HOTEL COMTAT DE VIC,hotel,False,156,,,solo_registre,,,,False,municipio
HCC-004064,Els Noguers I,Manresa,081136,Bages,Avinguda,Països Catalans,167,08243,2 estrelles,53,30,B59521559,"HOSTELERIA MANRESANA, SL",hotel,False,361,,,solo_registre,,,,False,municipio
HCC-004070,Prats Jardí,"Prats de Rei, els",081705,Anoia,Carrer,Prats Jardí,5,08281,No aplica,10,5,B62585971,"UNIVERSAL FLEETWOOD, SL",hotel,False,520,,,solo_registre,,,,False,municipio
HCC-004079,Seva,Seva,082690,Osona,Carrer,Roures,2,08553,2 estrelles,46,23,B62197389,"ELS ROURES DE SEVA, SL",hotel,False,492,,,solo_registre,,,,False,municipio
HCC-004098,Hostal Restaurant Guilleumes,Monistrol de Montserrat,081271,Bages,Carrer,Guilleumes,3,08691,No aplica,22,11,B66663592,"GUILLEUMES MONTSERRAT, SL",hotel,False,845,,,solo_registre,,,,False,municipio
HCC-004132,EL VILAR DE LA DUQUESSA,Cardona,080478,Bages,Camí,DE LOURDES (Barri Tresserres),1,08261,3 estrelles,198,99,B61948360,TRAVIL 98 SL,hotel,False,474,,,solo_registre,,,,False,municipio
HCC-004137,Ciutat d'Igualada,Igualada,081022,Anoia,Passeig,Verdaguer,167,08700,4 estrelles,126,67,B62405824,"HOTEL CIUTAT D'IGUALADA, SL",hotel,False,505,,,solo_registre,,,,False,municipio
HCC-004141,Cal Segudet,Castellnou de Bages,080620,Bages,Cases,Cal Segudet,s/n,08251,3 estrelles,20,5,,,hotel,True,,,,solo_registre,,,,False,municipio
HCC-004142,Torre Martí,Sant Julià de Vilatorta,082205,Osona,Carrer,Ramon Llull,11,08504,3 estrelles,15,8,B62954748,"HOTEL TORRE MARTI, SL",hotel,False,546,,,solo_registre,,,,False,municipio
HCC-004167,La Primitiva,Lluçà,081094,Lluçanès,Plaça,Església,s/n,08589,No aplica,8,4,,,hotel,True,,,,solo_registre,,,,False,municipio
HCC-004173,Casa Duaner,Guardiola de Berguedà,080996,Berguedà,Plaça,Farga,10,08694,1 estrella,24,13,B61548186,"CAL GUARDIOLA, SL",hotel,False,446,,,solo_registre,,,,False,municipio
HCC-004175,Sant Quirze de Besora,Sant Quirze de Besora,082378,Osona,Carretera,Berga,2,08580,3 estrelles,28,14,B63588982,"MARTINEZ GUILLEM HOTELES, SL",hotel,False,594,,,solo_registre,,,,False,municipio
HCC-004221,Bremon,Cardona,080478,Bages,Carrer,Cambres,15,08261,3 estrelles,35,18,B61753356,"RAEG 15, SL",hotel,False,455,,,solo_registre,,,,False,municipio
HCC-004234,Mas Albereda,Sant Julià de Vilatorta,082205,Osona,Avinguda,Sant Llorenç,68,08504,4 estrelles,40,20,B63667059,"ALBAREDA DE SANT JULIÀ, S.L.",hotel,False,601,,,solo_registre,,,,False,municipio
HCC-004238,Alta Segarra,Calaf,080312,Anoia,Carrer,Passeig Santa Calamanda,20,08280,2 estrelles,20,10,,,hotel,True,,,,solo_registre,,,,False,municipio
HCC-004242,Berga Park,Berga,080229,Berguedà,Carretera,Solsona,1,08600,3 estrelles,111,56,B62895321,"INBERGA TUR, SL",hotel,False,538,,,solo_registre,,,,False,municipio
HCC-004244,Restaurant Ramon Park Hotel,Santpedor,081923,Bages,Camí,Juncadella,s/n,08251,4 estrelles,64,32,B63476683,RESTAURANT RAMON PARKHOTEL,hotel,False,584,,,solo_registre,,,,False,municipio
HCC-004257,La Pedra,Pujalt,081764,Anoia,Carretera,Cervera,3,08282,3 estrelles,12,6,,,hotel,True,,,,solo_registre,,,,False,municipio
HCC-004260,Hotelet,Prats de Lluçanès,081712,Lluçanès,Carrer,Sant Jordi,2,08513,1 estrella,18,11,B64152192,"GRUP DE GESTIÓ ECONÒMICA EMPRESARIAL CAL PEY, SL",hotel,False,624,,,solo_registre,,,,False,municipio
HCC-004262,El Montanyà II,Seva,082690,Osona,Urbanització,El Montanyà,s/n,08553,4 estrelles,284,142,A08941221,MONTANYÀ HOTEL RESORTS S.A.,hotel,False,74,,,solo_registre,,,,False,municipio
HCC-004276,Hotel l'Indret,Saldes,081901,Berguedà,Carretera,de lObaga - Ca lAndreu,S/N,08697,3 estrelles,16,6,B13803234,"Immovila 2023, SL",hotel,False,247,,,solo_registre,,,,False,municipio
HCC-004277,Niu Descans,Bagà,080168,Berguedà,Carrer,Gaudí,9,08695,1 estrella,14,7,,,hotel,True,,,,solo_registre,,,,False,municipio
HCC-004279,El Blat,Bagà,080168,Berguedà,Carrer,Berga,67-69,08695,3 estrelles,60,32,B62652813,BARA DE PINOS HOTEL EL BLAT,hotel,False,527,,,solo_registre,,,,False,municipio
HCC-004281,Piscines El Roquet,Tavèrnoles,082750,Osona,Cases,Mas El Roquet,s/n,08519,No aplica,19,11,B64439557,"L'INICI RESTAURACIÓ, SL",hotel,False,641,,,solo_registre,,,,False,municipio
HCC-004331,Cal Marçal Apart-hotel,Puig-reig,081751,Berguedà,Carretera,Berga,8-9,08692,3 estrelles,18,9,B61125076,"SAYOS CAL MARÇAL, SL",hotel,False,419,,,solo_registre,,,,False,municipio
HCC-004332,1948 Manresa,Manresa,081136,Bages,Carretera,Santpedor,54-58,08243,3 estrelles,12,8,,,hotel,True,,,,solo_registre,,,,False,municipio
HCC-004341,PENSIÓ CA LA CARME,"Pobla de Lillet, la",081666,Berguedà,Carrer,Verger,7,08696,No aplica,11,9,,,hotel,True,,,,solo_registre,,,,False,municipio
HCC-004347,Ca L'Agustinet-El Racó dels Àngels,Vallcebre,082938,Berguedà,Carretera,B-400,"KM 7,300",08699,3 estrelles,18,9,J61669149,"DANDROS, SCP",hotel,False,1005,,,solo_registre,,,,False,municipio
HCC-004357,Urbisol,Calders,080348,Moianès,Carretera,N-141C Manresa-Vic,KM 20,08275,4 estrelles,24,13,B08411233,Restaurant Urbisol SL,hotel,False,213,,,solo_registre,,,,False,municipio
HCC-004359,Hostal Restaurant Cal Fuster,Viver i Serrateix,083089,Berguedà,Cases,Cal Fuster,s/n,08679,No aplica,10,6,,,hotel,True,,,,solo_registre,,,,False,municipio
HCC-004364,Molí Blanc,Jorba,081038,Anoia,Carretera,C-241-c,"KM 0,9",08719,3 estrelles,24,12,,,hotel,True,,,,solo_registre,,,,False,municipio
HCC-004405,LA GARRIGA DE CASTELLADRAL,Navàs,081419,Bages,Carretera,B-423 de Súria a Castelladral,5,08670,4 estrelles,39,20,B08719122,"LA GARRIGA DE CASTELLADRAL, S.L.",hotel,False,219,,,solo_registre,,,,False,municipio
HCC-004418,HOSTAL SOMNIS,Súria,082747,Bages,Carrer,de la Diputació,8,08260,No aplica,12,6,B67593988,"LUX NUI, S.L.U.",hotel,False,917,,,solo_registre,,,,False,municipio
HCC-004431,Hotel Santa Bàrbara,Cercs,082687,Berguedà,Plaça,Sant Romà,s/n,08698,2 estrelles,25,14,,,hotel,True,,,,solo_registre,,,,False,municipio
HCC-004433,Can Enric,Sant Sadurní d'Osormort,082418,Osona,Carretera,"C-25,Eix transversal,sortida 194 Prtge.La Cantina",s/n,08504,No aplica,33,18,B61614913,"PATRIMUNDI, SL",hotel,False,449,,,solo_registre,,,,False,municipio
HCC-004436,Hostal Rural Espais,Avià,080116,Berguedà,Carretera,"C-26, km 142.5 -Casa Sobrestrada",s/n,08610,No aplica,16,10,B62518055,"PARAPENT BERGUEDÀ, SL",hotel,False,516,,,solo_registre,,,,False,municipio
HCC-004438,Can Bonastre Wine Resort,Masquefa,081192,Anoia,Disseminat,Can Bonastre de Santa Magdalena,s/n,08783,1 estrella,24,12,B62037726,"BODEGA CAN BONASTRE, SL",hotel,False,478,,,solo_registre,,,,False,municipio
HCC-004440,Estació del Nord,Vic,082981,Osona,Plaça,de l'Estació,4,08500,3 estrelles,24,14,B65194425,"Serveis Hotelers Vila Dot, S.L.",hotel,False,689,,,solo_registre,,,,False,municipio
HCC-004441,Hotel Món,Sant Fruitós de Bages,082135,Bages,Camí,de Sant Benet,1,08272,4 estrelles superior,174,87,B64093610,MON SANT BENET SL,hotel,False,623,,,solo_registre,,,,False,municipio
HCC-004443,La Font de Dalt,Castellar de N'Hug,080522,Berguedà,Carrer,Barcelona,s/n,08696,No aplica,10,5,,,hotel,True,,,,solo_registre,,,,False,municipio
HCC-004444,L'Avenc de Tavertet,Tavertet,082802,Osona,Camí,L'Avenc de Tavertet,s/n,08511,3 estrelles,40,17,B01661057,"L'Avenc Benestar Rural, SL",hotel,False,178,,,solo_registre,,,,False,municipio
HCC-004446,Ca la Irene,Sant Vicenç de Castellet,082628,Bages,Carrer,Creixell,33,08295,No aplica,14,11,,,hotel,True,,,,solo_registre,,,,False,municipio
HCC-004448,Turó de la Torre,Manresa,081136,Bages,Polígon,Els Dolors- Sallent,s/n,08243,No aplica,8,4,B63645766,"TURÓ DE L'OLIVERA, S.L.",hotel,False,599,,,solo_registre,,,,False,municipio
HCC-004449,El Jou,Guardiola de Berguedà,080996,Berguedà,Lloc,El Jou,s/n,08694,3 estrelles,41,21,,,hotel,True,,,,solo_registre,,,,False,municipio
HCC-004450,Hostal Montví de Baix,Moià,081385,Moianès,Carretera,Estany,KM 2,08180,No aplica,23,12,J58150608,"MONTVI DE BAIX, SCP",hotel,False,995,,,solo_registre,,,,False,municipio
HCC-004451,1888,Gironella,080924,Berguedà,Avinguda,Catalunya,14,08680,No aplica,8,4,J66679747,Masies Santmarco SCP,hotel,False,1039,,,solo_registre,,,,False,municipio
HCC-004452,Masia del Sola,Monistrol de Calders,081287,Moianès,Carretera,Sabadell-Prats,KM 32,08275,No aplica,16,8,B65003360,MASIA EL SOLA SL,hotel,False,672,,,solo_registre,,,,False,municipio
HCC-004455,hostal restaurant montserrat,Tona,082830,Osona,Carrer,Antoni Figueras,78,08551,No aplica,8,4,,,hotel,True,,,,solo_registre,,,,False,municipio
HCC-004457,Cabrerés Hostal de Muntanya,"Esquirol, l'",082541,Osona,Carrer,Major,26,08511,No aplica,20,10,,,hotel,True,,,,solo_registre,,,,False,municipio
HCC-004458,Mas Blanc,Sant Martí de Centelles,082248,Osona,Carretera,C-1413-B,10,08592,No aplica,14,6,B66327412,"HOSTAL RURAL MAS BALNC, S.L.U.",hotel,False,801,,,solo_registre,,,,False,municipio
HCC-004461,Emphasis,Casserres,080497,Berguedà,Carrer,Creu,61,08693,No aplica,8,4,B66367863,Hostatgeria del Lleure integral SL,hotel,False,807,,,solo_registre,,,,False,municipio
HCC-004463,Els Roures,Castellar del Riu,080500,Berguedà,Carretera,Rasos de Peguera,KM 4-22,08618,1 estrella,14,5,B61139358,"ELS ROURES ESPINALVET, SL",hotel,False,421,,,solo_registre,,,,False,municipio
HCC-004464,Cal Barbut,Fígols,080804,Berguedà,Cases,Cal Barbut,s/n,08698,No aplica,8,4,,,hotel,True,,,,solo_registre,,,,False,municipio
HCC-004466,Can Carol,Capellades,080446,Anoia,Carrer,Font de la Reina,5,08786,No aplica,13,7,B66968298,"Momento Singular 73, SL",hotel,False,869,,,solo_registre,,,,False,municipio
HCC-004468,Can Alemany,Santa Margarida de Montbui,082508,Anoia,Carretera,Valls C-37,KM 60,08710,3 estrelles,32,11,B62810403,"REDIC BLAU, S.L.",hotel,False,532,,,solo_registre,,,,False,municipio
HCC-004470,L'HOTELET - CASA PADRÓ 1914,Manresa,081136,Bages,Passeig,PERE III,38,08242,2 estrelles,14,7,B66734609,PR58 SERVEIS GLOBALS SL,hotel,False,852,,,solo_registre,,,,False,municipio
HCC-004471,cal capità,Sora,082726,Osona,Carrer,cussons,s/n,08588,4 estrelles,20,10,B66653395,"Cal Capità, S.L.",hotel,False,842,,,solo_registre,,,,False,municipio
HCC-004472,La Roda,Avià,080116,Berguedà,Carretera,"C-26, km 143,225-Casa Sobrestrada",s/n,08610,No aplica,20,11,,,hotel,True,,,,solo_registre,,,,False,municipio
HCC-004473,L'Espintalt,Santa Maria d'Oló,082589,Moianès,Carrer,Masia Aíllada,s/n,08273,3 estrelles,10,4,B08261968,PLINSA SL,hotel,False,208,,,solo_registre,,,,False,municipio
HCC-004813,Hotel La Sagrera,Sant Fruitós de Bages,082135,Bages,Avinguda,de Bertrand i Serra,2,08272,2 estrelles,16,8,B75343004,HOTEL LA SEGRERA 2024 S.L.,hotel,False,933,,,solo_registre,,,,False,municipio
HCC-004839,Hotel Les Clarisses,Vic,082981,Osona,Plaça,de Malla,1,08500,4 estrelles superior,52,24,B70907746,"EL JARDI DEL CONVENT VIC 2024, S.L.",hotel,False,925,,,solo_registre,,,,False,municipio
HCC-004861,Somiatruites,Igualada,081022,Anoia,Baixada,SANT NICOLAU,12,08700,4 estrelles,14,7,B65895161,SOMIATRUITES DREAMING OMELETTES SL,hotel,False,741,,,solo_registre,,,,False,municipio
HCC-004870,LA CAPELLETA DE LERMITÀ S.L.,Sant Pere de Torelló,082331,Osona,Camí,de Bellmunt,s/n,08572,No aplica,20,11,B67003467,LA CAPELLETA DE L'HERMITÀ SL,hotel,False,876,,,solo_registre,,,,False,municipio
HCC-004951,Cal Roure,Igualada,081022,Anoia,Plaça,de l' Ajuntament,11,08700,2 estrelles,8,4,B66794603,"CAL ROURE D'IGUALADA, S.L.",hotel,False,856,,,solo_registre,,,,False,municipio
HCC-004952,HOSTAL DEL BUC,Castellnou de Bages,080620,Bages,Carrer,Arquitecte Joan Miras,1,08251,No aplica,14,6,B66192139,"SUVAL 2012, S.L.",hotel,False,784,,,solo_registre,,,,False,municipio
HCC-004983,HOTEL LA CABANA,Berga,080229,Berguedà,Carretera,"C1411Z PQ 79,5",s/n,08600,4 estrelles,6,3,B63037949,LA CABANA BERGA SL,hotel,False,557,,,solo_registre,,,,False,municipio
HCC-004992,CA LA GRÀCIA,Sallent,081918,Bages,Plaça,la Plaça,5,08650,No aplica,8,4,B67230706,ALEXIANA RENT SL,hotel,False,891,,,solo_registre,,,,False,municipio
HCC-005016,EL CELLER DE LA GUARDIA,"Bruc, el",080253,Anoia,Carrer,SANT PAU DE LA GUARDIA,S/N,08294,No aplica,18,7,B62161062,RESTAURACION ESLAVA SL,hotel,False,490,,,solo_registre,,,,False,municipio
HCC-005027,Can Farrés,"Bruc, el",080253,Anoia,Disseminat,Can Farrés,sn,08294,3 estrelles,32,12,B63011415,"Jovicais, SL",hotel,False,550,,,solo_registre,,,,False,municipio
HCC-005034,La Masia,Manresa,081136,Bages,Carrer,Baixada dels drets,3,08241,No aplica,14,8,B22765051,COMODITAT I DESCANS PRS S.L.,hotel,False,278,,,solo_registre,,,,False,municipio
HCC-005094,Be 1960,Bagà,080168,Berguedà,Carrer,Font del Sofre,4,08695,2 estrelles,19,4,B67236612,Bussines Entropy S.L.,hotel,False,892,,,solo_registre,,,,False,municipio
HCC-009901,Parador Nacional Vic-Sau,"Masies de Roda, les",081167,Osona,Carretera,BV-5213de Tavèrnoles,KM 10,08510,4 estrelles,66,36,A79855201,PARADORES DE TURISMO DE ESPAÑA SME SA,hotel,False,168,,,solo_registre,,,,False,municipio
HCC-009902,Parador de Cardona,Cardona,080478,Bages,Carrer,Castell de Cardona,s/n,08261,4 estrelles,106,54,A79855201,PARADORES DE TURISMO DE ESPAÑA SME SA,hotel,False,168,,,solo_registre,,,,False,municipio
OPENDATA-99400784517,Hotel Ibis Budget Barcelona Center,Barcelona,,,,Carrer d'Àvila,66,,,,,,,,,,41.39694524865053,2.1955987295086024,solo_opendata,,,,False,coordenada
