fuente,serie,unidad,anyo,periodo,provisional,fecha,valor,mes
viajeros_pernoctaciones,Nacional. Pernoctaciones. Barcelona. Residentes en España.,Pernoctaciones,2020,M08,False,2020-07-31 22:00:00+00:00,65207.0,2020-07
viajeros_pernoctaciones,Nacional. Pernoctaciones. Barcelona. Residentes en España.,Pernoctaciones,2020,M09,False,2020-08-31 22:00:00+00:00,77362.0,2020-08
viajeros_pernoctaciones,Nacional. Pernoctaciones. Barcelona. Residentes en España.,Pernoctaciones,2020,M10,False,2020-09-30 22:00:00+00:00,74309.0,2020-09
viajeros_pernoctaciones,Nacional. Pernoctaciones. Barcelona. Residentes en España.,Pernoctaciones,2020,M11,False,2020-10-31 23:00:00+00:00,57784.0,2020-10
viajeros_pernoctaciones,Nacional. Pernoctaciones. Barcelona. Residentes en España.,Pernoctaciones,2020,M12,False,2020-11-30 23:00:00+00:00,79668.0,2020-11
viajeros_pernoctaciones,Nacional. Pernoctaciones. Barcelona. Residentes en España.,Pernoctaciones,2021,M01,False,2020-12-31 23:00:00+00:00,75385.0,2020-12
viajeros_pernoctaciones,Nacional. Pernoctaciones. Barcelona. Residentes en España.,Pernoctaciones,2021,M02,False,2021-01-31 23:00:00+00:00,89137.0,2021-01
viajeros_pernoctaciones,Nacional. Pernoctaciones. Barcelona. Residentes en España.,Pernoctaciones,2021,M03,False,2021-02-28 23:00:00+00:00,106209.0,2021-02
viajeros_pernoctaciones,Nacional. Pernoctaciones. Barcelona. Residentes en España.,Pernoctaciones,2021,M04,False,2021-03-31 22:00:00+00:00,107864.0,2021-03
viajeros_pernoctaciones,Nacional. Pernoctaciones. Barcelona. Residentes en España.,Pernoctaciones,2021,M05,False,2021-04-30 22:00:00+00:00,137286.0,2021-04
viajeros_pernoctaciones,Nacional. Pernoctaciones. Barcelona. Residentes en España.,Pernoctaciones,2021,M06,False,2021-05-31 22:00:00+00:00,177967.0,2021-05
viajeros_pernoctaciones,Nacional. Pernoctaciones. Barcelona. Residentes en España.,Pernoctaciones,2021,M07,False,2021-06-30 22:00:00+00:00,218128.0,2021-06
viajeros_pernoctaciones,Nacional. Pernoctaciones. Barcelona. Residentes en España.,Pernoctaciones,2021,M08,False,2021-07-31 22:00:00+00:00,216048.0,2021-07
viajeros_pernoctaciones,Nacional. Pernoctaciones. Barcelona. Residentes en España.,Pernoctaciones,2021,M09,False,2021-08-31 22:00:00+00:00,208946.0,2021-08
viajeros_pernoctaciones,Nacional. Pernoctaciones. Barcelona. Residentes en España.,Pernoctaciones,2021,M10,False,2021-09-30 22:00:00+00:00,276263.0,2021-09
viajeros_pernoctaciones,Nacional. Pernoctaciones. Barcelona. Residentes en España.,Pernoctaciones,2021,M11,False,2021-10-31 23:00:00+00:00,236149.0,2021-10
viajeros_pernoctaciones,Nacional. Pernoctaciones. Barcelona. Residentes en España.,Pernoctaciones,2021,M12,False,2021-11-30 23:00:00+00:00,279824.0,2021-11
viajeros_pernoctaciones,Nacional. Pernoctaciones. Barcelona. Residentes en España.,Pernoctaciones,2022,M01,False,2021-12-31 23:00:00+00:00,198346.0,2021-12
viajeros_pernoctaciones,Nacional. Pernoctaciones. Barcelona. Residentes en España.,Pernoctaciones,2022,M02,False,2022-01-31 23:00:00+00:00,232949.0,2022-01
viajeros_pernoctaciones,Nacional. Pernoctaciones. Barcelona. Residentes en España.,Pernoctaciones,2022,M03,False,2022-02-28 23:00:00+00:00,272810.0,2022-02
viajeros_pernoctaciones,Nacional. Pernoctaciones. Barcelona. Residentes en España.,Pernoctaciones,2022,M04,False,2022-03-31 22:00:00+00:00,293694.0,2022-03
viajeros_pernoctaciones,Nacional. Pernoctaciones. Barcelona. Residentes en España.,Pernoctaciones,2022,M05,False,2022-04-30 22:00:00+00:00,254042.0,2022-04
viajeros_pernoctaciones,Nacional. Pernoctaciones. Barcelona. Residentes en España.,Pernoctaciones,2022,M06,False,2022-05-31 22:00:00+00:00,238186.0,2022-05
viajeros_pernoctaciones,Nacional. Pernoctaciones. Barcelona. Residentes en España.,Pernoctaciones,2022,M07,False,2022-06-30 22:00:00+00:00,273044.0,2022-06
viajeros_pernoctaciones,Nacional. Pernoctaciones. Barcelona. Residentes en España.,Pernoctaciones,2022,M08,False,2022-07-31 22:00:00+00:00,212788.0,2022-07
viajeros_pernoctaciones,Nacional. Pernoctaciones. Barcelona. Residentes en España.,Pernoctaciones,2022,M09,False,2022-08-31 22:00:00+00:00,239336.0,2022-08
viajeros_pernoctaciones,Nacional. Pernoctaciones. Barcelona. Residentes en España.,Pernoctaciones,2022,M10,False,2022-09-30 22:00:00+00:00,282814.0,2022-09
viajeros_pernoctaciones,Nacional. Pernoctaciones. Barcelona. Residentes en España.,Pernoctaciones,2022,M11,False,2022-10-31 23:00:00+00:00,284750.0,2022-10
viajeros_pernoctaciones,Nacional. Pernoctaciones. Barcelona. Residentes en España.,Pernoctaciones,2022,M12,False,2022-11-30 23:00:00+00:00,284731.0,2022-11
viajeros_pernoctaciones,Nacional. Pernoctaciones. Barcelona. Residentes en España.,Pernoctaciones,2023,M01,False,2022-12-31 23:00:00+00:00,266069.0,2022-12
viajeros_pernoctaciones,Nacional. Pernoctaciones. Barcelona. Residentes en España.,Pernoctaciones,2023,M02,False,2023-01-31 23:00:00+00:00,270990.0,2023-01
viajeros_pernoctaciones,Nacional. Pernoctaciones. Barcelona. Residentes en España.,Pernoctaciones,2023,M03,False,2023-02-28 23:00:00+00:00,303453.0,2023-02
viajeros_pernoctaciones,Nacional. Pernoctaciones. Barcelona. Residentes en España.,Pernoctaciones,2023,M04,False,2023-03-31 22:00:00+00:00,255754.0,2023-03
viajeros_pernoctaciones,Nacional. Pernoctaciones. Barcelona. Residentes en España.,Pernoctaciones,2023,M05,False,2023-04-30 22:00:00+00:00,266579.0,2023-04
viajeros_pernoctaciones,Nacional. Pernoctaciones. Barcelona. Residentes en España.,Pernoctaciones,2023,M06,False,2023-05-31 22:00:00+00:00,233725.0,2023-05
viajeros_pernoctaciones,Nacional. Pernoctaciones. Barcelona. Residentes en España.,Pernoctaciones,2023,M07,False,2023-06-30 22:00:00+00:00,280103.0,2023-06
viajeros_pernoctaciones,Nacional. Pernoctaciones. Barcelona. Residentes en España.,Pernoctaciones,2023,M08,False,2023-07-31 22:00:00+00:00,197239.0,2023-07
viajeros_pernoctaciones,Nacional. Pernoctaciones. Barcelona. Residentes en España.,Pernoctaciones,2023,M09,False,2023-08-31 22:00:00+00:00,212875.0,2023-08
viajeros_pernoctaciones,Nacional. Pernoctaciones. Barcelona. Residentes en España.,Pernoctaciones,2023,M10,False,2023-09-30 22:00:00+00:00,256947.0,2023-09
viajeros_pernoctaciones,Nacional. Pernoctaciones. Barcelona. Residentes en España.,Pernoctaciones,2023,M11,False,2023-10-31 23:00:00+00:00,262792.0,2023-10
viajeros_pernoctaciones,Nacional. Pernoctaciones. Barcelona. Residentes en España.,Pernoctaciones,2023,M12,False,2023-11-30 23:00:00+00:00,268926.0,2023-11
viajeros_pernoctaciones,Nacional. Pernoctaciones. Barcelona. Residentes en España.,Pernoctaciones,2024,M01,False,2023-12-31 23:00:00+00:00,234746.0,2023-12
viajeros_pernoctaciones,Nacional. Pernoctaciones. Barcelona. Residentes en España.,Pernoctaciones,2024,M02,False,2024-01-31 23:00:00+00:00,231328.0,2024-01
viajeros_pernoctaciones,Nacional. Pernoctaciones. Barcelona. Residentes en España.,Pernoctaciones,2024,M03,False,2024-02-29 23:00:00+00:00,252606.0,2024-02
viajeros_pernoctaciones,Nacional. Pernoctaciones. Barcelona. Residentes en España.,Pernoctaciones,2024,M04,False,2024-03-31 22:00:00+00:00,216176.0,2024-03
viajeros_pernoctaciones,Nacional. Pernoctaciones. Barcelona. Residentes en España.,Pernoctaciones,2024,M05,False,2024-04-30 22:00:00+00:00,220472.0,2024-04
viajeros_pernoctaciones,Nacional. Pernoctaciones. Barcelona. Residentes en España.,Pernoctaciones,2024,M06,False,2024-05-31 22:00:00+00:00,214759.0,2024-05
viajeros_pernoctaciones,Nacional. Pernoctaciones. Barcelona. Residentes en España.,Pernoctaciones,2024,M07,False,2024-06-30 22:00:00+00:00,227924.0,2024-06
viajeros_pernoctaciones,Nacional. Pernoctaciones. Barcelona. Residentes en España.,Pernoctaciones,2024,M08,False,2024-07-31 22:00:00+00:00,171978.0,2024-07
viajeros_pernoctaciones,Nacional. Pernoctaciones. Barcelona. Residentes en España.,Pernoctaciones,2024,M09,False,2024-08-31 22:00:00+00:00,210566.0,2024-08
viajeros_pernoctaciones,Nacional. Pernoctaciones. Barcelona. Residentes en España.,Pernoctaciones,2024,M10,False,2024-09-30 22:00:00+00:00,234269.0,2024-09
viajeros_pernoctaciones,Nacional. Pernoctaciones. Barcelona. Residentes en España.,Pernoctaciones,2024,M11,False,2024-10-31 23:00:00+00:00,250489.0,2024-10
viajeros_pernoctaciones,Nacional. Pernoctaciones. Barcelona. Residentes en España.,Pernoctaciones,2024,M12,False,2024-11-30 23:00:00+00:00,270624.0,2024-11
viajeros_pernoctaciones,Nacional. Pernoctaciones. Barcelona. Residentes en España.,Pernoctaciones,2025,M01,False,2024-12-31 23:00:00+00:00,227238.0,2024-12
viajeros_pernoctaciones,Nacional. Pernoctaciones. Barcelona. Residentes en España.,Pernoctaciones,2025,M02,False,2025-01-31 23:00:00+00:00,227146.0,2025-01
viajeros_pernoctaciones,Nacional. Pernoctaciones. Barcelona. Residentes en España.,Pernoctaciones,2025,M03,False,2025-02-28 23:00:00+00:00,235520.0,2025-02
viajeros_pernoctaciones,Nacional. Pernoctaciones. Barcelona. Residentes en España.,Pernoctaciones,2025,M04,False,2025-03-31 22:00:00+00:00,201588.0,2025-03
viajeros_pernoctaciones,Nacional. Pernoctaciones. Barcelona. Residentes en España.,Pernoctaciones,2025,M05,False,2025-04-30 22:00:00+00:00,205816.0,2025-04
viajeros_pernoctaciones,Nacional. Pernoctaciones. Barcelona. Residentes en España.,Pernoctaciones,2025,M06,False,2025-05-31 22:00:00+00:00,203702.0,2025-05
viajeros_pernoctaciones,Nacional. Pernoctaciones. Barcelona. Residentes en España.,Pernoctaciones,2025,M07,False,2025-06-30 22:00:00+00:00,258221.0,2025-06
viajeros_pernoctaciones,Nacional. Pernoctaciones. Barcelona. Residentes en España.,Pernoctaciones,2025,M08,True,2025-07-31 22:00:00+00:00,190968.0,2025-07
viajeros_pernoctaciones,Nacional. Pernoctaciones. Barcelona. Residentes en España.,Pernoctaciones,2025,M09,True,2025-08-31 22:00:00+00:00,208644.0,2025-08
viajeros_pernoctaciones,Nacional. Pernoctaciones. Barcelona. Residentes en España.,Pernoctaciones,2025,M10,True,2025-09-30 22:00:00+00:00,223883.0,2025-09
viajeros_pernoctaciones,Nacional. Pernoctaciones. Barcelona. Residentes en España.,Pernoctaciones,2025,M11,True,2025-10-31 23:00:00+00:00,249440.0,2025-10
viajeros_pernoctaciones,Nacional. Pernoctaciones. Barcelona. Residentes en España.,Pernoctaciones,2025,M12,True,2025-11-30 23:00:00+00:00,245770.0,2025-11
viajeros_pernoctaciones,Nacional. Pernoctaciones. Barcelona. Residentes en España.,Pernoctaciones,2026,M01,True,2025-12-31 23:00:00+00:00,248759.0,2025-12
viajeros_pernoctaciones,Nacional. Pernoctaciones. Barcelona. Residentes en España.,Pernoctaciones,2026,M02,True,2026-01-31 23:00:00+00:00,265941.0,2026-01
viajeros_pernoctaciones,Nacional. Pernoctaciones. Barcelona. Residentes en España.,Pernoctaciones,2026,M03,True,2026-02-28 23:00:00+00:00,278549.0,2026-02
viajeros_pernoctaciones,Nacional. Pernoctaciones. Barcelona. Residentes en España.,Pernoctaciones,2026,M04,True,2026-03-31 22:00:00+00:00,264703.0,2026-03
viajeros_pernoctaciones,Nacional. Pernoctaciones. Barcelona. Residentes en España.,Pernoctaciones,2026,M05,True,2026-04-30 22:00:00+00:00,247095.0,2026-04
viajeros_pernoctaciones,Nacional. Pernoctaciones. Barcelona. Residentes en España.,Pernoctaciones,2026,M06,True,2026-05-31 22:00:00+00:00,235296.0,2026-05
viajeros_pernoctaciones,Nacional. Pernoctaciones. Barcelona. Residentes en España.,Pernoctaciones,2026,M07,True,2026-06-30 22:00:00+00:00,209672.0,2026-06
viajeros_pernoctaciones,Nacional. Pernoctaciones. Barcelona. Residentes en el extranjero.,Pernoctaciones,2020,M08,False,2020-07-31 22:00:00+00:00,163049.0,2020-07
viajeros_pernoctaciones,Nacional. Pernoctaciones. Barcelona. Residentes en el extranjero.,Pernoctaciones,2020,M09,False,2020-08-31 22:00:00+00:00,97273.0,2020-08
viajeros_pernoctaciones,Nacional. Pernoctaciones. Barcelona. Residentes en el extranjero.,Pernoctaciones,2020,M10,False,2020-09-30 22:00:00+00:00,77994.0,2020-09
viajeros_pernoctaciones,Nacional. Pernoctaciones. Barcelona. Residentes en el extranjero.,Pernoctaciones,2020,M11,False,2020-10-31 23:00:00+00:00,34744.0,2020-10
viajeros_pernoctaciones,Nacional. Pernoctaciones. Barcelona. Residentes en el extranjero.,Pernoctaciones,2020,M12,False,2020-11-30 23:00:00+00:00,54362.0,2020-11
viajeros_pernoctaciones,Nacional. Pernoctaciones. Barcelona. Residentes en el extranjero.,Pernoctaciones,2021,M01,False,2020-12-31 23:00:00+00:00,49018.0,2020-12
viajeros_pernoctaciones,Nacional. Pernoctaciones. Barcelona. Residentes en el extranjero.,Pernoctaciones,2021,M02,False,2021-01-31 23:00:00+00:00,51982.0,2021-01
viajeros_pernoctaciones,Nacional. Pernoctaciones. Barcelona. Residentes en el extranjero.,Pernoctaciones,2021,M03,False,2021-02-28 23:00:00+00:00,74868.0,2021-02
viajeros_pernoctaciones,Nacional. Pernoctaciones. Barcelona. Residentes en el extranjero.,Pernoctaciones,2021,M04,False,2021-03-31 22:00:00+00:00,103099.0,2021-03
viajeros_pernoctaciones,Nacional. Pernoctaciones. Barcelona. Residentes en el extranjero.,Pernoctaciones,2021,M05,False,2021-04-30 22:00:00+00:00,223626.0,2021-04
viajeros_pernoctaciones,Nacional. Pernoctaciones. Barcelona. Residentes en el extranjero.,Pernoctaciones,2021,M06,False,2021-05-31 22:00:00+00:00,374538.0,2021-05
viajeros_pernoctaciones,Nacional. Pernoctaciones. Barcelona. Residentes en el extranjero.,Pernoctaciones,2021,M07,False,2021-06-30 22:00:00+00:00,740851.0,2021-06
viajeros_pernoctaciones,Nacional. Pernoctaciones. Barcelona. Residentes en el extranjero.,Pernoctaciones,2021,M08,False,2021-07-31 22:00:00+00:00,1086940.0,2021-07
viajeros_pernoctaciones,Nacional. Pernoctaciones. Barcelona. Residentes en el extranjero.,Pernoctaciones,2021,M09,False,2021-08-31 22:00:00+00:00,852758.0,2021-08
viajeros_pernoctaciones,Nacional. Pernoctaciones. Barcelona. Residentes en el extranjero.,Pernoctaciones,2021,M10,False,2021-09-30 22:00:00+00:00,1022409.0,2021-09
viajeros_pernoctaciones,Nacional. Pernoctaciones. Barcelona. Residentes en el extranjero.,Pernoctaciones,2021,M11,False,2021-10-31 23:00:00+00:00,885525.0,2021-10
viajeros_pernoctaciones,Nacional. Pernoctaciones. Barcelona. Residentes en el extranjero.,Pernoctaciones,2021,M12,False,2021-11-30 23:00:00+00:00,696756.0,2021-11
viajeros_pernoctaciones,Nacional. Pernoctaciones. Barcelona. Residentes en el extranjero.,Pernoctaciones,2022,M01,False,2021-12-31 23:00:00+00:00,539941.0,2021-12
viajeros_pernoctaciones,Nacional. Pernoctaciones. Barcelona. Residentes en el extranjero.,Pernoctaciones,2022,M02,False,2022-01-31 23:00:00+00:00,818848.0,2022-01
viajeros_pernoctaciones,Nacional. Pernoctaciones. Barcelona. Residentes en el extranjero.,Pernoctaciones,2022,M03,False,2022-02-28 23:00:00+00:00,1164234.0,2022-02
viajeros_pernoctaciones,Nacional. Pernoctaciones. Barcelona. Residentes en el extranjero.,Pernoctaciones,2022,M04,False,2022-03-31 22:00:00+00:00,1501096.0,2022-03
viajeros_pernoctaciones,Nacional. Pernoctaciones. Barcelona. Residentes en el extranjero.,Pernoctaciones,2022,M05,False,2022-04-30 22:00:00+00:00,1644076.0,2022-04
viajeros_pernoctaciones,Nacional. Pernoctaciones. Barcelona. Residentes en el extranjero.,Pernoctaciones,2022,M06,False,2022-05-31 22:00:00+00:00,1709992.0,2022-05
viajeros_pernoctaciones,Nacional. Pernoctaciones. Barcelona. Residentes en el extranjero.,Pernoctaciones,2022,M07,False,2022-06-30 22:00:00+00:00,1797494.0,2022-06
viajeros_pernoctaciones,Nacional. Pernoctaciones. Barcelona. Residentes en el extranjero.,Pernoctaciones,2022,M08,False,2022-07-31 22:00:00+00:00,1880748.0,2022-07
viajeros_pernoctaciones,Nacional. Pernoctaciones. Barcelona. Residentes en el extranjero.,Pernoctaciones,2022,M09,False,2022-08-31 22:00:00+00:00,1612731.0,2022-08
viajeros_pernoctaciones,Nacional. Pernoctaciones. Barcelona. Residentes en el extranjero.,Pernoctaciones,2022,M10,False,2022-09-30 22:00:00+00:00,1661552.0,2022-09
viajeros_pernoctaciones,Nacional. Pernoctaciones. Barcelona. Residentes en el extranjero.,Pernoctaciones,2022,M11,False,2022-10-31 23:00:00+00:00,1232499.0,2022-10
viajeros_pernoctaciones,Nacional. Pernoctaciones. Barcelona. Residentes en el extranjero.,Pernoctaciones,2022,M12,False,2022-11-30 23:00:00+00:00,1065230.0,2022-11
viajeros_pernoctaciones,Nacional. Pernoctaciones. Barcelona. Residentes en el extranjero.,Pernoctaciones,2023,M01,False,2022-12-31 23:00:00+00:00,1072502.0,2022-12
viajeros_pernoctaciones,Nacional. Pernoctaciones. Barcelona. Residentes en el extranjero.,Pernoctaciones,2023,M02,False,2023-01-31 23:00:00+00:00,1216079.0,2023-01
viajeros_pernoctaciones,Nacional. Pernoctaciones. Barcelona. Residentes en el extranjero.,Pernoctaciones,2023,M03,False,2023-02-28 23:00:00+00:00,1429513.0,2023-02
viajeros_pernoctaciones,Nacional. Pernoctaciones. Barcelona. Residentes en el extranjero.,Pernoctaciones,2023,M04,False,2023-03-31 22:00:00+00:00,1693523.0,2023-03
viajeros_pernoctaciones,Nacional. Pernoctaciones. Barcelona. Residentes en el extranjero.,Pernoctaciones,2023,M05,False,2023-04-30 22:00:00+00:00,1708104.0,2023-04
viajeros_pernoctaciones,Nacional. Pernoctaciones. Barcelona. Residentes en el extranjero.,Pernoctaciones,2023,M06,False,2023-05-31 22:00:00+00:00,1697687.0,2023-05
viajeros_pernoctaciones,Nacional. Pernoctaciones. Barcelona. Residentes en el extranjero.,Pernoctaciones,2023,M07,False,2023-06-30 22:00:00+00:00,1865161.0,2023-06
viajeros_pernoctaciones,Nacional. Pernoctaciones. Barcelona. Residentes en el extranjero.,Pernoctaciones,2023,M08,False,2023-07-31 22:00:00+00:00,1985042.0,2023-07
viajeros_pernoctaciones,Nacional. Pernoctaciones. Barcelona. Residentes en el extranjero.,Pernoctaciones,2023,M09,False,2023-08-31 22:00:00+00:00,1713579.0,2023-08
viajeros_pernoctaciones,Nacional. Pernoctaciones. Barcelona. Residentes en el extranjero.,Pernoctaciones,2023,M10,False,2023-09-30 22:00:00+00:00,1705990.0,2023-09
viajeros_pernoctaciones,Nacional. Pernoctaciones. Barcelona. Residentes en el extranjero.,Pernoctaciones,2023,M11,False,2023-10-31 23:00:00+00:00,1357448.0,2023-10
viajeros_pernoctaciones,Nacional. Pernoctaciones. Barcelona. Residentes en el extranjero.,Pernoctaciones,2023,M12,False,2023-11-30 23:00:00+00:00,1150931.0,2023-11
viajeros_pernoctaciones,Nacional. Pernoctaciones. Barcelona. Residentes en el extranjero.,Pernoctaciones,2024,M01,False,2023-12-31 23:00:00+00:00,1130976.0,2023-12
viajeros_pernoctaciones,Nacional. Pernoctaciones. Barcelona. Residentes en el extranjero.,Pernoctaciones,2024,M02,False,2024-01-31 23:00:00+00:00,1311219.0,2024-01
viajeros_pernoctaciones,Nacional. Pernoctaciones. Barcelona. Residentes en el extranjero.,Pernoctaciones,2024,M03,False,2024-02-29 23:00:00+00:00,1576613.0,2024-02
viajeros_pernoctaciones,Nacional. Pernoctaciones. Barcelona. Residentes en el extranjero.,Pernoctaciones,2024,M04,False,2024-03-31 22:00:00+00:00,1679449.0,2024-03
viajeros_pernoctaciones,Nacional. Pernoctaciones. Barcelona. Residentes en el extranjero.,Pernoctaciones,2024,M05,False,2024-04-30 22:00:00+00:00,1830380.0,2024-04
viajeros_pernoctaciones,Nacional. Pernoctaciones. Barcelona. Residentes en el extranjero.,Pernoctaciones,2024,M06,False,2024-05-31 22:00:00+00:00,1744508.0,2024-05
viajeros_pernoctaciones,Nacional. Pernoctaciones. Barcelona. Residentes en el extranjero.,Pernoctaciones,2024,M07,False,2024-06-30 22:00:00+00:00,1882122.0,2024-06
viajeros_pernoctaciones,Nacional. Pernoctaciones. Barcelona. Residentes en el extranjero.,Pernoctaciones,2024,M08,False,2024-07-31 22:00:00+00:00,1992479.0,2024-07
viajeros_pernoctaciones,Nacional. Pernoctaciones. Barcelona. Residentes en el extranjero.,Pernoctaciones,2024,M09,False,2024-08-31 22:00:00+00:00,1623630.0,2024-08
viajeros_pernoctaciones,Nacional. Pernoctaciones. Barcelona. Residentes en el extranjero.,Pernoctaciones,2024,M10,False,2024-09-30 22:00:00+00:00,1684207.0,2024-09
viajeros_pernoctaciones,Nacional. Pernoctaciones. Barcelona. Residentes en el extranjero.,Pernoctaciones,2024,M11,False,2024-10-31 23:00:00+00:00,1347996.0,2024-10
viajeros_pernoctaciones,Nacional. Pernoctaciones. Barcelona. Residentes en el extranjero.,Pernoctaciones,2024,M12,False,2024-11-30 23:00:00+00:00,1178398.0,2024-11
viajeros_pernoctaciones,Nacional. Pernoctaciones. Barcelona. Residentes en el extranjero.,Pernoctaciones,2025,M01,False,2024-12-31 23:00:00+00:00,1157542.0,2024-12
viajeros_pernoctaciones,Nacional. Pernoctaciones. Barcelona. Residentes en el extranjero.,Pernoctaciones,2025,M02,False,2025-01-31 23:00:00+00:00,1243572.0,2025-01
viajeros_pernoctaciones,Nacional. Pernoctaciones. Barcelona. Residentes en el extranjero.,Pernoctaciones,2025,M03,False,2025-02-28 23:00:00+00:00,1479595.0,2025-02
viajeros_pernoctaciones,Nacional. Pernoctaciones. Barcelona. Residentes en el extranjero.,Pernoctaciones,2025,M04,False,2025-03-31 22:00:00+00:00,1731159.0,2025-03
viajeros_pernoctaciones,Nacional. Pernoctaciones. Barcelona. Residentes en el extranjero.,Pernoctaciones,2025,M05,False,2025-04-30 22:00:00+00:00,1768051.0,2025-04
viajeros_pernoctaciones,Nacional. Pernoctaciones. Barcelona. Residentes en el extranjero.,Pernoctaciones,2025,M06,False,2025-05-31 22:00:00+00:00,1739952.0,2025-05
viajeros_pernoctaciones,Nacional. Pernoctaciones. Barcelona. Residentes en el extranjero.,Pernoctaciones,2025,M07,False,2025-06-30 22:00:00+00:00,1834155.0,2025-06
viajeros_pernoctaciones,Nacional. Pernoctaciones. Barcelona. Residentes en el extranjero.,Pernoctaciones,2025,M08,True,2025-07-31 22:00:00+00:00,1992132.0,2025-07
viajeros_pernoctaciones,Nacional. Pernoctaciones. Barcelona. Residentes en el extranjero.,Pernoctaciones,2025,M09,True,2025-08-31 22:00:00+00:00,1662140.0,2025-08
viajeros_pernoctaciones,Nacional. Pernoctaciones. Barcelona. Residentes en el extranjero.,Pernoctaciones,2025,M10,True,2025-09-30 22:00:00+00:00,1732843.0,2025-09
viajeros_pernoctaciones,Nacional. Pernoctaciones. Barcelona. Residentes en el extranjero.,Pernoctaciones,2025,M11,True,2025-10-31 23:00:00+00:00,1411711.0,2025-10
viajeros_pernoctaciones,Nacional. Pernoctaciones. Barcelona. Residentes en el extranjero.,Pernoctaciones,2025,M12,True,2025-11-30 23:00:00+00:00,1278693.0,2025-11
viajeros_pernoctaciones,Nacional. Pernoctaciones. Barcelona. Residentes en el extranjero.,Pernoctaciones,2026,M01,True,2025-12-31 23:00:00+00:00,1266177.0,2025-12
viajeros_pernoctaciones,Nacional. Pernoctaciones. Barcelona. Residentes en el extranjero.,Pernoctaciones,2026,M02,True,2026-01-31 23:00:00+00:00,1276437.0,2026-01
viajeros_pernoctaciones,Nacional. Pernoctaciones. Barcelona. Residentes en el extranjero.,Pernoctaciones,2026,M03,True,2026-02-28 23:00:00+00:00,1482664.0,2026-02
viajeros_pernoctaciones,Nacional. Pernoctaciones. Barcelona. Residentes en el extranjero.,Pernoctaciones,2026,M04,True,2026-03-31 22:00:00+00:00,1660919.0,2026-03
viajeros_pernoctaciones,Nacional. Pernoctaciones. Barcelona. Residentes en el extranjero.,Pernoctaciones,2026,M05,True,2026-04-30 22:00:00+00:00,1748244.0,2026-04
viajeros_pernoctaciones,Nacional. Pernoctaciones. Barcelona. Residentes en el extranjero.,Pernoctaciones,2026,M06,True,2026-05-31 22:00:00+00:00,1678024.0,2026-05
viajeros_pernoctaciones,Nacional. Pernoctaciones. Barcelona. Residentes en el extranjero.,Pernoctaciones,2026,M07,True,2026-06-30 22:00:00+00:00,1889694.0,2026-06
viajeros_pernoctaciones,Nacional. Viajeros. Barcelona. Residentes en España.,Viajeros,2020,M08,False,2020-07-31 22:00:00+00:00,35260.0,2020-07
viajeros_pernoctaciones,Nacional. Viajeros. Barcelona. Residentes en España.,Viajeros,2020,M09,False,2020-08-31 22:00:00+00:00,45474.0,2020-08
viajeros_pernoctaciones,Nacional. Viajeros. Barcelona. Residentes en España.,Viajeros,2020,M10,False,2020-09-30 22:00:00+00:00,41402.0,2020-09
viajeros_pernoctaciones,Nacional. Viajeros. Barcelona. Residentes en España.,Viajeros,2020,M11,False,2020-10-31 23:00:00+00:00,35899.0,2020-10
viajeros_pernoctaciones,Nacional. Viajeros. Barcelona. Residentes en España.,Viajeros,2020,M12,False,2020-11-30 23:00:00+00:00,52677.0,2020-11
viajeros_pernoctaciones,Nacional. Viajeros. Barcelona. Residentes en España.,Viajeros,2021,M01,False,2020-12-31 23:00:00+00:00,42324.0,2020-12
viajeros_pernoctaciones,Nacional. Viajeros. Barcelona. Residentes en España.,Viajeros,2021,M02,False,2021-01-31 23:00:00+00:00,55121.0,2021-01
viajeros_pernoctaciones,Nacional. Viajeros. Barcelona. Residentes en España.,Viajeros,2021,M03,False,2021-02-28 23:00:00+00:00,64146.0,2021-02
viajeros_pernoctaciones,Nacional. Viajeros. Barcelona. Residentes en España.,Viajeros,2021,M04,False,2021-03-31 22:00:00+00:00,59229.0,2021-03
viajeros_pernoctaciones,Nacional. Viajeros. Barcelona. Residentes en España.,Viajeros,2021,M05,False,2021-04-30 22:00:00+00:00,75615.0,2021-04
viajeros_pernoctaciones,Nacional. Viajeros. Barcelona. Residentes en España.,Viajeros,2021,M06,False,2021-05-31 22:00:00+00:00,88706.0,2021-05
viajeros_pernoctaciones,Nacional. Viajeros. Barcelona. Residentes en España.,Viajeros,2021,M07,False,2021-06-30 22:00:00+00:00,100090.0,2021-06
viajeros_pernoctaciones,Nacional. Viajeros. Barcelona. Residentes en España.,Viajeros,2021,M08,False,2021-07-31 22:00:00+00:00,94878.0,2021-07
viajeros_pernoctaciones,Nacional. Viajeros. Barcelona. Residentes en España.,Viajeros,2021,M09,False,2021-08-31 22:00:00+00:00,102312.0,2021-08
viajeros_pernoctaciones,Nacional. Viajeros. Barcelona. Residentes en España.,Viajeros,2021,M10,False,2021-09-30 22:00:00+00:00,131297.0,2021-09
viajeros_pernoctaciones,Nacional. Viajeros. Barcelona. Residentes en España.,Viajeros,2021,M11,False,2021-10-31 23:00:00+00:00,125077.0,2021-10
viajeros_pernoctaciones,Nacional. Viajeros. Barcelona. Residentes en España.,Viajeros,2021,M12,False,2021-11-30 23:00:00+00:00,144342.0,2021-11
viajeros_pernoctaciones,Nacional. Viajeros. Barcelona. Residentes en España.,Viajeros,2022,M01,False,2021-12-31 23:00:00+00:00,104096.0,2021-12
viajeros_pernoctaciones,Nacional. Viajeros. Barcelona. Residentes en España.,Viajeros,2022,M02,False,2022-01-31 23:00:00+00:00,122095.0,2022-01
viajeros_pernoctaciones,Nacional. Viajeros. Barcelona. Residentes en España.,Viajeros,2022,M03,False,2022-02-28 23:00:00+00:00,141363.0,2022-02
viajeros_pernoctaciones,Nacional. Viajeros. Barcelona. Residentes en España.,Viajeros,2022,M04,False,2022-03-31 22:00:00+00:00,144248.0,2022-03
viajeros_pernoctaciones,Nacional. Viajeros. Barcelona. Residentes en España.,Viajeros,2022,M05,False,2022-04-30 22:00:00+00:00,121543.0,2022-04
viajeros_pernoctaciones,Nacional. Viajeros. Barcelona. Residentes en España.,Viajeros,2022,M06,False,2022-05-31 22:00:00+00:00,116100.0,2022-05
viajeros_pernoctaciones,Nacional. Viajeros. Barcelona. Residentes en España.,Viajeros,2022,M07,False,2022-06-30 22:00:00+00:00,131917.0,2022-06
viajeros_pernoctaciones,Nacional. Viajeros. Barcelona. Residentes en España.,Viajeros,2022,M08,False,2022-07-31 22:00:00+00:00,96358.0,2022-07
viajeros_pernoctaciones,Nacional. Viajeros. Barcelona. Residentes en España.,Viajeros,2022,M09,False,2022-08-31 22:00:00+00:00,121281.0,2022-08
viajeros_pernoctaciones,Nacional. Viajeros. Barcelona. Residentes en España.,Viajeros,2022,M10,False,2022-09-30 22:00:00+00:00,139998.0,2022-09
viajeros_pernoctaciones,Nacional. Viajeros. Barcelona. Residentes en España.,Viajeros,2022,M11,False,2022-10-31 23:00:00+00:00,150835.0,2022-10
viajeros_pernoctaciones,Nacional. Viajeros. Barcelona. Residentes en España.,Viajeros,2022,M12,False,2022-11-30 23:00:00+00:00,152465.0,2022-11
viajeros_pernoctaciones,Nacional. Viajeros. Barcelona. Residentes en España.,Viajeros,2023,M01,False,2022-12-31 23:00:00+00:00,142686.0,2022-12
viajeros_pernoctaciones,Nacional. Viajeros. Barcelona. Residentes en España.,Viajeros,2023,M02,False,2023-01-31 23:00:00+00:00,134687.0,2023-01
viajeros_pernoctaciones,Nacional. Viajeros. Barcelona. Residentes en España.,Viajeros,2023,M03,False,2023-02-28 23:00:00+00:00,154063.0,2023-02
viajeros_pernoctaciones,Nacional. Viajeros. Barcelona. Residentes en España.,Viajeros,2023,M04,False,2023-03-31 22:00:00+00:00,125368.0,2023-03
viajeros_pernoctaciones,Nacional. Viajeros. Barcelona. Residentes en España.,Viajeros,2023,M05,False,2023-04-30 22:00:00+00:00,142258.0,2023-04
viajeros_pernoctaciones,Nacional. Viajeros. Barcelona. Residentes en España.,Viajeros,2023,M06,False,2023-05-31 22:00:00+00:00,127237.0,2023-05
viajeros_pernoctaciones,Nacional. Viajeros. Barcelona. Residentes en España.,Viajeros,2023,M07,False,2023-06-30 22:00:00+00:00,133720.0,2023-06
viajeros_pernoctaciones,Nacional. Viajeros. Barcelona. Residentes en España.,Viajeros,2023,M08,False,2023-07-31 22:00:00+00:00,92500.0,2023-07
viajeros_pernoctaciones,Nacional. Viajeros. Barcelona. Residentes en España.,Viajeros,2023,M09,False,2023-08-31 22:00:00+00:00,110334.0,2023-08
viajeros_pernoctaciones,Nacional. Viajeros. Barcelona. Residentes en España.,Viajeros,2023,M10,False,2023-09-30 22:00:00+00:00,128511.0,2023-09
viajeros_pernoctaciones,Nacional. Viajeros. Barcelona. Residentes en España.,Viajeros,2023,M11,False,2023-10-31 23:00:00+00:00,136749.0,2023-10
viajeros_pernoctaciones,Nacional. Viajeros. Barcelona. Residentes en España.,Viajeros,2023,M12,False,2023-11-30 23:00:00+00:00,142849.0,2023-11
viajeros_pernoctaciones,Nacional. Viajeros. Barcelona. Residentes en España.,Viajeros,2024,M01,False,2023-12-31 23:00:00+00:00,124769.0,2023-12
viajeros_pernoctaciones,Nacional. Viajeros. Barcelona. Residentes en España.,Viajeros,2024,M02,False,2024-01-31 23:00:00+00:00,125927.0,2024-01
viajeros_pernoctaciones,Nacional. Viajeros. Barcelona. Residentes en España.,Viajeros,2024,M03,False,2024-02-29 23:00:00+00:00,133896.0,2024-02
viajeros_pernoctaciones,Nacional. Viajeros. Barcelona. Residentes en España.,Viajeros,2024,M04,False,2024-03-31 22:00:00+00:00,114690.0,2024-03
viajeros_pernoctaciones,Nacional. Viajeros. Barcelona. Residentes en España.,Viajeros,2024,M05,False,2024-04-30 22:00:00+00:00,114193.0,2024-04
viajeros_pernoctaciones,Nacional. Viajeros. Barcelona. Residentes en España.,Viajeros,2024,M06,False,2024-05-31 22:00:00+00:00,114516.0,2024-05
viajeros_pernoctaciones,Nacional. Viajeros. Barcelona. Residentes en España.,Viajeros,2024,M07,False,2024-06-30 22:00:00+00:00,116030.0,2024-06
viajeros_pernoctaciones,Nacional. Viajeros. Barcelona. Residentes en España.,Viajeros,2024,M08,False,2024-07-31 22:00:00+00:00,84456.0,2024-07
viajeros_pernoctaciones,Nacional. Viajeros. Barcelona. Residentes en España.,Viajeros,2024,M09,False,2024-08-31 22:00:00+00:00,108863.0,2024-08
viajeros_pernoctaciones,Nacional. Viajeros. Barcelona. Residentes en España.,Viajeros,2024,M10,False,2024-09-30 22:00:00+00:00,127730.0,2024-09
viajeros_pernoctaciones,Nacional. Viajeros. Barcelona. Residentes en España.,Viajeros,2024,M11,False,2024-10-31 23:00:00+00:00,139507.0,2024-10
viajeros_pernoctaciones,Nacional. Viajeros. Barcelona. Residentes en España.,Viajeros,2024,M12,False,2024-11-30 23:00:00+00:00,154379.0,2024-11
viajeros_pernoctaciones,Nacional. Viajeros. Barcelona. Residentes en España.,Viajeros,2025,M01,False,2024-12-31 23:00:00+00:00,129769.0,2024-12
viajeros_pernoctaciones,Nacional. Viajeros. Barcelona. Residentes en España.,Viajeros,2025,M02,False,2025-01-31 23:00:00+00:00,131823.0,2025-01
viajeros_pernoctaciones,Nacional. Viajeros. Barcelona. Residentes en España.,Viajeros,2025,M03,False,2025-02-28 23:00:00+00:00,134176.0,2025-02
viajeros_pernoctaciones,Nacional. Viajeros. Barcelona. Residentes en España.,Viajeros,2025,M04,False,2025-03-31 22:00:00+00:00,114376.0,2025-03
viajeros_pernoctaciones,Nacional. Viajeros. Barcelona. Residentes en España.,Viajeros,2025,M05,False,2025-04-30 22:00:00+00:00,116905.0,2025-04
viajeros_pernoctaciones,Nacional. Viajeros. Barcelona. Residentes en España.,Viajeros,2025,M06,False,2025-05-31 22:00:00+00:00,122722.0,2025-05
viajeros_pernoctaciones,Nacional. Viajeros. Barcelona. Residentes en España.,Viajeros,2025,M07,False,2025-06-30 22:00:00+00:00,143561.0,2025-06
viajeros_pernoctaciones,Nacional. Viajeros. Barcelona. Residentes en España.,Viajeros,2025,M08,True,2025-07-31 22:00:00+00:00,100239.0,2025-07
viajeros_pernoctaciones,Nacional. Viajeros. Barcelona. Residentes en España.,Viajeros,2025,M09,True,2025-08-31 22:00:00+00:00,123534.0,2025-08
viajeros_pernoctaciones,Nacional. Viajeros. Barcelona. Residentes en España.,Viajeros,2025,M10,True,2025-09-30 22:00:00+00:00,139108.0,2025-09
viajeros_pernoctaciones,Nacional. Viajeros. Barcelona. Residentes en España.,Viajeros,2025,M11,True,2025-10-31 23:00:00+00:00,144032.0,2025-10
viajeros_pernoctaciones,Nacional. Viajeros. Barcelona. Residentes en España.,Viajeros,2025,M12,True,2025-11-30 23:00:00+00:00,151246.0,2025-11
viajeros_pernoctaciones,Nacional. Viajeros. Barcelona. Residentes en España.,Viajeros,2026,M01,True,2025-12-31 23:00:00+00:00,141843.0,2025-12
viajeros_pernoctaciones,Nacional. Viajeros. Barcelona. Residentes en España.,Viajeros,2026,M02,True,2026-01-31 23:00:00+00:00,148241.0,2026-01
viajeros_pernoctaciones,Nacional. Viajeros. Barcelona. Residentes en España.,Viajeros,2026,M03,True,2026-02-28 23:00:00+00:00,148722.0,2026-02
viajeros_pernoctaciones,Nacional. Viajeros. Barcelona. Residentes en España.,Viajeros,2026,M04,True,2026-03-31 22:00:00+00:00,140825.0,2026-03
viajeros_pernoctaciones,Nacional. Viajeros. Barcelona. Residentes en España.,Viajeros,2026,M05,True,2026-04-30 22:00:00+00:00,137723.0,2026-04
viajeros_pernoctaciones,Nacional. Viajeros. Barcelona. Residentes en España.,Viajeros,2026,M06,True,2026-05-31 22:00:00+00:00,133381.0,2026-05
viajeros_pernoctaciones,Nacional. Viajeros. Barcelona. Residentes en España.,Viajeros,2026,M07,True,2026-06-30 22:00:00+00:00,114427.0,2026-06
viajeros_pernoctaciones,Nacional. Viajeros. Barcelona. Residentes en el extranjero.,Viajeros,2020,M08,False,2020-07-31 22:00:00+00:00,67299.0,2020-07
viajeros_pernoctaciones,Nacional. Viajeros. Barcelona. Residentes en el extranjero.,Viajeros,2020,M09,False,2020-08-31 22:00:00+00:00,42397.0,2020-08
viajeros_pernoctaciones,Nacional. Viajeros. Barcelona. Residentes en el extranjero.,Viajeros,2020,M10,False,2020-09-30 22:00:00+00:00,34510.0,2020-09
viajeros_pernoctaciones,Nacional. Viajeros. Barcelona. Residentes en el extranjero.,Viajeros,2020,M11,False,2020-10-31 23:00:00+00:00,16385.0,2020-10
viajeros_pernoctaciones,Nacional. Viajeros. Barcelona. Residentes en el extranjero.,Viajeros,2020,M12,False,2020-11-30 23:00:00+00:00,26262.0,2020-11
viajeros_pernoctaciones,Nacional. Viajeros. Barcelona. Residentes en el extranjero.,Viajeros,2021,M01,False,2020-12-31 23:00:00+00:00,22102.0,2020-12
viajeros_pernoctaciones,Nacional. Viajeros. Barcelona. Residentes en el extranjero.,Viajeros,2021,M02,False,2021-01-31 23:00:00+00:00,22724.0,2021-01
viajeros_pernoctaciones,Nacional. Viajeros. Barcelona. Residentes en el extranjero.,Viajeros,2021,M03,False,2021-02-28 23:00:00+00:00,32200.0,2021-02
viajeros_pernoctaciones,Nacional. Viajeros. Barcelona. Residentes en el extranjero.,Viajeros,2021,M04,False,2021-03-31 22:00:00+00:00,40560.0,2021-03
viajeros_pernoctaciones,Nacional. Viajeros. Barcelona. Residentes en el extranjero.,Viajeros,2021,M05,False,2021-04-30 22:00:00+00:00,87339.0,2021-04
viajeros_pernoctaciones,Nacional. Viajeros. Barcelona. Residentes en el extranjero.,Viajeros,2021,M06,False,2021-05-31 22:00:00+00:00,142666.0,2021-05
viajeros_pernoctaciones,Nacional. Viajeros. Barcelona. Residentes en el extranjero.,Viajeros,2021,M07,False,2021-06-30 22:00:00+00:00,242904.0,2021-06
viajeros_pernoctaciones,Nacional. Viajeros. Barcelona. Residentes en el extranjero.,Viajeros,2021,M08,False,2021-07-31 22:00:00+00:00,347815.0,2021-07
viajeros_pernoctaciones,Nacional. Viajeros. Barcelona. Residentes en el extranjero.,Viajeros,2021,M09,False,2021-08-31 22:00:00+00:00,303450.0,2021-08
viajeros_pernoctaciones,Nacional. Viajeros. Barcelona. Residentes en el extranjero.,Viajeros,2021,M10,False,2021-09-30 22:00:00+00:00,367560.0,2021-09
viajeros_pernoctaciones,Nacional. Viajeros. Barcelona. Residentes en el extranjero.,Viajeros,2021,M11,False,2021-10-31 23:00:00+00:00,317618.0,2021-10
viajeros_pernoctaciones,Nacional. Viajeros. Barcelona. Residentes en el extranjero.,Viajeros,2021,M12,False,2021-11-30 23:00:00+00:00,254682.0,2021-11
viajeros_pernoctaciones,Nacional. Viajeros. Barcelona. Residentes en el extranjero.,Viajeros,2022,M01,False,2021-12-31 23:00:00+00:00,193446.0,2021-12
viajeros_pernoctaciones,Nacional. Viajeros. Barcelona. Residentes en el extranjero.,Viajeros,2022,M02,False,2022-01-31 23:00:00+00:00,300610.0,2022-01
viajeros_pernoctaciones,Nacional. Viajeros. Barcelona. Residentes en el extranjero.,Viajeros,2022,M03,False,2022-02-28 23:00:00+00:00,400273.0,2022-02
viajeros_pernoctaciones,Nacional. Viajeros. Barcelona. Residentes en el extranjero.,Viajeros,2022,M04,False,2022-03-31 22:00:00+00:00,516579.0,2022-03
viajeros_pernoctaciones,Nacional. Viajeros. Barcelona. Residentes en el extranjero.,Viajeros,2022,M05,False,2022-04-30 22:00:00+00:00,574378.0,2022-04
viajeros_pernoctaciones,Nacional. Viajeros. Barcelona. Residentes en el extranjero.,Viajeros,2022,M06,False,2022-05-31 22:00:00+00:00,583224.0,2022-05
viajeros_pernoctaciones,Nacional. Viajeros. Barcelona. Residentes en el extranjero.,Viajeros,2022,M07,False,2022-06-30 22:00:00+00:00,613917.0,2022-06
viajeros_pernoctaciones,Nacional. Viajeros. Barcelona. Residentes en el extranjero.,Viajeros,2022,M08,False,2022-07-31 22:00:00+00:00,617726.0,2022-07
viajeros_pernoctaciones,Nacional. Viajeros. Barcelona. Residentes en el extranjero.,Viajeros,2022,M09,False,2022-08-31 22:00:00+00:00,591844.0,2022-08
viajeros_pernoctaciones,Nacional. Viajeros. Barcelona. Residentes en el extranjero.,Viajeros,2022,M10,False,2022-09-30 22:00:00+00:00,606738.0,2022-09
viajeros_pernoctaciones,Nacional. Viajeros. Barcelona. Residentes en el extranjero.,Viajeros,2022,M11,False,2022-10-31 23:00:00+00:00,444662.0,2022-10
viajeros_pernoctaciones,Nacional. Viajeros. Barcelona. Residentes en el extranjero.,Viajeros,2022,M12,False,2022-11-30 23:00:00+00:00,389578.0,2022-11
viajeros_pernoctaciones,Nacional. Viajeros. Barcelona. Residentes en el extranjero.,Viajeros,2023,M01,False,2022-12-31 23:00:00+00:00,381111.0,2022-12
viajeros_pernoctaciones,Nacional. Viajeros. Barcelona. Residentes en el extranjero.,Viajeros,2023,M02,False,2023-01-31 23:00:00+00:00,419016.0,2023-01
viajeros_pernoctaciones,Nacional. Viajeros. Barcelona. Residentes en el extranjero.,Viajeros,2023,M03,False,2023-02-28 23:00:00+00:00,509051.0,2023-02
viajeros_pernoctaciones,Nacional. Viajeros. Barcelona. Residentes en el extranjero.,Viajeros,2023,M04,False,2023-03-31 22:00:00+00:00,591529.0,2023-03
viajeros_pernoctaciones,Nacional. Viajeros. Barcelona. Residentes en el extranjero.,Viajeros,2023,M05,False,2023-04-30 22:00:00+00:00,632402.0,2023-04
viajeros_pernoctaciones,Nacional. Viajeros. Barcelona. Residentes en el extranjero.,Viajeros,2023,M06,False,2023-05-31 22:00:00+00:00,630620.0,2023-05
viajeros_pernoctaciones,Nacional. Viajeros. Barcelona. Residentes en el extranjero.,Viajeros,2023,M07,False,2023-06-30 22:00:00+00:00,654591.0,2023-06
viajeros_pernoctaciones,Nacional. Viajeros. Barcelona. Residentes en el extranjero.,Viajeros,2023,M08,False,2023-07-31 22:00:00+00:00,671430.0,2023-07
viajeros_pernoctaciones,Nacional. Viajeros. Barcelona. Residentes en el extranjero.,Viajeros,2023,M09,False,2023-08-31 22:00:00+00:00,622831.0,2023-08
viajeros_pernoctaciones,Nacional. Viajeros. Barcelona. Residentes en el extranjero.,Viajeros,2023,M10,False,2023-09-30 22:00:00+00:00,625700.0,2023-09
viajeros_pernoctaciones,Nacional. Viajeros. Barcelona. Residentes en el extranjero.,Viajeros,2023,M11,False,2023-10-31 23:00:00+00:00,502496.0,2023-10
viajeros_pernoctaciones,Nacional. Viajeros. Barcelona. Residentes en el extranjero.,Viajeros,2023,M12,False,2023-11-30 23:00:00+00:00,427744.0,2023-11
viajeros_pernoctaciones,Nacional. Viajeros. Barcelona. Residentes en el extranjero.,Viajeros,2024,M01,False,2023-12-31 23:00:00+00:00,419300.0,2023-12
viajeros_pernoctaciones,Nacional. Viajeros. Barcelona. Residentes en el extranjero.,Viajeros,2024,M02,False,2024-01-31 23:00:00+00:00,462908.0,2024-01
viajeros_pernoctaciones,Nacional. Viajeros. Barcelona. Residentes en el extranjero.,Viajeros,2024,M03,False,2024-02-29 23:00:00+00:00,565435.0,2024-02
viajeros_pernoctaciones,Nacional. Viajeros. Barcelona. Residentes en el extranjero.,Viajeros,2024,M04,False,2024-03-31 22:00:00+00:00,608533.0,2024-03
viajeros_pernoctaciones,Nacional. Viajeros. Barcelona. Residentes en el extranjero.,Viajeros,2024,M05,False,2024-04-30 22:00:00+00:00,679150.0,2024-04
viajeros_pernoctaciones,Nacional. Viajeros. Barcelona. Residentes en el extranjero.,Viajeros,2024,M06,False,2024-05-31 22:00:00+00:00,636745.0,2024-05
viajeros_pernoctaciones,Nacional. Viajeros. Barcelona. Residentes en el extranjero.,Viajeros,2024,M07,False,2024-06-30 22:00:00+00:00,674585.0,2024-06
viajeros_pernoctaciones,Nacional. Viajeros. Barcelona. Residentes en el extranjero.,Viajeros,2024,M08,False,2024-07-31 22:00:00+00:00,698504.0,2024-07
viajeros_pernoctaciones,Nacional. Viajeros. Barcelona. Residentes en el extranjero.,Viajeros,2024,M09,False,2024-08-31 22:00:00+00:00,601363.0,2024-08
viajeros_pernoctaciones,Nacional. Viajeros. Barcelona. Residentes en el extranjero.,Viajeros,2024,M10,False,2024-09-30 22:00:00+00:00,639533.0,2024-09
viajeros_pernoctaciones,Nacional. Viajeros. Barcelona. Residentes en el extranjero.,Viajeros,2024,M11,False,2024-10-31 23:00:00+00:00,513158.0,2024-10
viajeros_pernoctaciones,Nacional. Viajeros. Barcelona. Residentes en el extranjero.,Viajeros,2024,M12,False,2024-11-30 23:00:00+00:00,446191.0,2024-11
viajeros_pernoctaciones,Nacional. Viajeros. Barcelona. Residentes en el extranjero.,Viajeros,2025,M01,False,2024-12-31 23:00:00+00:00,439697.0,2024-12
viajeros_pernoctaciones,Nacional. Viajeros. Barcelona. Residentes en el extranjero.,Viajeros,2025,M02,False,2025-01-31 23:00:00+00:00,482455.0,2025-01
viajeros_pernoctaciones,Nacional. Viajeros. Barcelona. Residentes en el extranjero.,Viajeros,2025,M03,False,2025-02-28 23:00:00+00:00,570811.0,2025-02
viajeros_pernoctaciones,Nacional. Viajeros. Barcelona. Residentes en el extranjero.,Viajeros,2025,M04,False,2025-03-31 22:00:00+00:00,671881.0,2025-03
viajeros_pernoctaciones,Nacional. Viajeros. Barcelona. Residentes en el extranjero.,Viajeros,2025,M05,False,2025-04-30 22:00:00+00:00,714611.0,2025-04
viajeros_pernoctaciones,Nacional. Viajeros. Barcelona. Residentes en el extranjero.,Viajeros,2025,M06,False,2025-05-31 22:00:00+00:00,691366.0,2025-05
viajeros_pernoctaciones,Nacional. Viajeros. Barcelona. Residentes en el extranjero.,Viajeros,2025,M07,False,2025-06-30 22:00:00+00:00,707669.0,2025-06
viajeros_pernoctaciones,Nacional. Viajeros. Barcelona. Residentes en el extranjero.,Viajeros,2025,M08,True,2025-07-31 22:00:00+00:00,735770.0,2025-07
viajeros_pernoctaciones,Nacional. Viajeros. Barcelona. Residentes en el extranjero.,Viajeros,2025,M09,True,2025-08-31 22:00:00+00:00,670798.0,2025-08
viajeros_pernoctaciones,Nacional. Viajeros. Barcelona. Residentes en el extranjero.,Viajeros,2025,M10,True,2025-09-30 22:00:00+00:00,699672.0,2025-09
viajeros_pernoctaciones,Nacional. Viajeros. Barcelona. Residentes en el extranjero.,Viajeros,2025,M11,True,2025-10-31 23:00:00+00:00,563157.0,2025-10
viajeros_pernoctaciones,Nacional. Viajeros. Barcelona. Residentes en el extranjero.,Viajeros,2025,M12,True,2025-11-30 23:00:00+00:00,514452.0,2025-11
viajeros_pernoctaciones,Nacional. Viajeros. Barcelona. Residentes en el extranjero.,Viajeros,2026,M01,True,2025-12-31 23:00:00+00:00,495093.0,2025-12
viajeros_pernoctaciones,Nacional. Viajeros. Barcelona. Residentes en el extranjero.,Viajeros,2026,M02,True,2026-01-31 23:00:00+00:00,507228.0,2026-01
viajeros_pernoctaciones,Nacional. Viajeros. Barcelona. Residentes en el extranjero.,Viajeros,2026,M03,True,2026-02-28 23:00:00+00:00,571248.0,2026-02
viajeros_pernoctaciones,Nacional. Viajeros. Barcelona. Residentes en el extranjero.,Viajeros,2026,M04,True,2026-03-31 22:00:00+00:00,643964.0,2026-03
viajeros_pernoctaciones,Nacional. Viajeros. Barcelona. Residentes en el extranjero.,Viajeros,2026,M05,True,2026-04-30 22:00:00+00:00,717118.0,2026-04
viajeros_pernoctaciones,Nacional. Viajeros. Barcelona. Residentes en el extranjero.,Viajeros,2026,M06,True,2026-05-31 22:00:00+00:00,703381.0,2026-05
viajeros_pernoctaciones,Nacional. Viajeros. Barcelona. Residentes en el extranjero.,Viajeros,2026,M07,True,2026-06-30 22:00:00+00:00,762340.0,2026-06
adr,Barcelona. Tarifa media diaria (ADR). Total categorías. Dato.,Euros,2021,M01,False,2020-12-31 23:00:00+00:00,73.76,2020-12
adr,Barcelona. Tarifa media diaria (ADR). Total categorías. Dato.,Euros,2021,M02,False,2021-01-31 23:00:00+00:00,82.16,2021-01
adr,Barcelona. Tarifa media diaria (ADR). Total categorías. Dato.,Euros,2021,M03,False,2021-02-28 23:00:00+00:00,92.1,2021-02
adr,Barcelona. Tarifa media diaria (ADR). Total categorías. Dato.,Euros,2021,M04,False,2021-03-31 22:00:00+00:00,79.02,2021-03
adr,Barcelona. Tarifa media diaria (ADR). Total categorías. Dato.,Euros,2021,M05,False,2021-04-30 22:00:00+00:00,83.4,2021-04
adr,Barcelona. Tarifa media diaria (ADR). Total categorías. Dato.,Euros,2021,M06,False,2021-05-31 22:00:00+00:00,88.82,2021-05
adr,Barcelona. Tarifa media diaria (ADR). Total categorías. Dato.,Euros,2021,M07,False,2021-06-30 22:00:00+00:00,100.8,2021-06
adr,Barcelona. Tarifa media diaria (ADR). Total categorías. Dato.,Euros,2021,M08,False,2021-07-31 22:00:00+00:00,101.88,2021-07
adr,Barcelona. Tarifa media diaria (ADR). Total categorías. Dato.,Euros,2021,M09,False,2021-08-31 22:00:00+00:00,100.07,2021-08
adr,Barcelona. Tarifa media diaria (ADR). Total categorías. Dato.,Euros,2021,M10,False,2021-09-30 22:00:00+00:00,106.07,2021-09
adr,Barcelona. Tarifa media diaria (ADR). Total categorías. Dato.,Euros,2021,M11,False,2021-10-31 23:00:00+00:00,92.98,2021-10
adr,Barcelona. Tarifa media diaria (ADR). Total categorías. Dato.,Euros,2021,M12,False,2021-11-30 23:00:00+00:00,91.96,2021-11
adr,Barcelona. Tarifa media diaria (ADR). Total categorías. Dato.,Euros,2022,M01,False,2021-12-31 23:00:00+00:00,81.57,2021-12
adr,Barcelona. Tarifa media diaria (ADR). Total categorías. Dato.,Euros,2022,M02,False,2022-01-31 23:00:00+00:00,98.2,2022-01
adr,Barcelona. Tarifa media diaria (ADR). Total categorías. Dato.,Euros,2022,M03,False,2022-02-28 23:00:00+00:00,113.15,2022-02
adr,Barcelona. Tarifa media diaria (ADR). Total categorías. Dato.,Euros,2022,M04,False,2022-03-31 22:00:00+00:00,138.03,2022-03
adr,Barcelona. Tarifa media diaria (ADR). Total categorías. Dato.,Euros,2022,M05,False,2022-04-30 22:00:00+00:00,154.24,2022-04
adr,Barcelona. Tarifa media diaria (ADR). Total categorías. Dato.,Euros,2022,M06,False,2022-05-31 22:00:00+00:00,171.23,2022-05
adr,Barcelona. Tarifa media diaria (ADR). Total categorías. Dato.,Euros,2022,M07,False,2022-06-30 22:00:00+00:00,161.33,2022-06
adr,Barcelona. Tarifa media diaria (ADR). Total categorías. Dato.,Euros,2022,M08,False,2022-07-31 22:00:00+00:00,165.69,2022-07
adr,Barcelona. Tarifa media diaria (ADR). Total categorías. Dato.,Euros,2022,M09,False,2022-08-31 22:00:00+00:00,166.16,2022-08
adr,Barcelona. Tarifa media diaria (ADR). Total categorías. Dato.,Euros,2022,M10,False,2022-09-30 22:00:00+00:00,156.88,2022-09
adr,Barcelona. Tarifa media diaria (ADR). Total categorías. Dato.,Euros,2022,M11,False,2022-10-31 23:00:00+00:00,125.73,2022-10
adr,Barcelona. Tarifa media diaria (ADR). Total categorías. Dato.,Euros,2022,M12,False,2022-11-30 23:00:00+00:00,113.1,2022-11
adr,Barcelona. Tarifa media diaria (ADR). Total categorías. Dato.,Euros,2023,M01,False,2022-12-31 23:00:00+00:00,106.95,2022-12
adr,Barcelona. Tarifa media diaria (ADR). Total categorías. Dato.,Euros,2023,M02,False,2023-01-31 23:00:00+00:00,143.9,2023-01
adr,Barcelona. Tarifa media diaria (ADR). Total categorías. Dato.,Euros,2023,M03,False,2023-02-28 23:00:00+00:00,144.38,2023-02
adr,Barcelona. Tarifa media diaria (ADR). Total categorías. Dato.,Euros,2023,M04,False,2023-03-31 22:00:00+00:00,173.97,2023-03
adr,Barcelona. Tarifa media diaria (ADR). Total categorías. Dato.,Euros,2023,M05,False,2023-04-30 22:00:00+00:00,180.99,2023-04
adr,Barcelona. Tarifa media diaria (ADR). Total categorías. Dato.,Euros,2023,M06,False,2023-05-31 22:00:00+00:00,189.85,2023-05
adr,Barcelona. Tarifa media diaria (ADR). Total categorías. Dato.,Euros,2023,M07,False,2023-06-30 22:00:00+00:00,176.52,2023-06
adr,Barcelona. Tarifa media diaria (ADR). Total categorías. Dato.,Euros,2023,M08,False,2023-07-31 22:00:00+00:00,167.33,2023-07
adr,Barcelona. Tarifa media diaria (ADR). Total categorías. Dato.,Euros,2023,M09,False,2023-08-31 22:00:00+00:00,182.56,2023-08
adr,Barcelona. Tarifa media diaria (ADR). Total categorías. Dato.,Euros,2023,M10,False,2023-09-30 22:00:00+00:00,186.96,2023-09
adr,Barcelona. Tarifa media diaria (ADR). Total categorías. Dato.,Euros,2023,M11,False,2023-10-31 23:00:00+00:00,143.6,2023-10
adr,Barcelona. Tarifa media diaria (ADR). Total categorías. Dato.,Euros,2023,M12,False,2023-11-30 23:00:00+00:00,126.14,2023-11
adr,Barcelona. Tarifa media diaria (ADR). Total categorías. Dato.,Euros,2024,M01,False,2023-12-31 23:00:00+00:00,120.11,2023-12
adr,Barcelona. Tarifa media diaria (ADR). Total categorías. Dato.,Euros,2024,M02,False,2024-01-31 23:00:00+00:00,156.27,2024-01
adr,Barcelona. Tarifa media diaria (ADR). Total categorías. Dato.,Euros,2024,M03,False,2024-02-29 23:00:00+00:00,149.4,2024-02
adr,Barcelona. Tarifa media diaria (ADR). Total categorías. Dato.,Euros,2024,M04,False,2024-03-31 22:00:00+00:00,191.41,2024-03
adr,Barcelona. Tarifa media diaria (ADR). Total categorías. Dato.,Euros,2024,M05,False,2024-04-30 22:00:00+00:00,197.36,2024-04
adr,Barcelona. Tarifa media diaria (ADR). Total categorías. Dato.,Euros,2024,M06,False,2024-05-31 22:00:00+00:00,211.82,2024-05
adr,Barcelona. Tarifa media diaria (ADR). Total categorías. Dato.,Euros,2024,M07,False,2024-06-30 22:00:00+00:00,187.73,2024-06
adr,Barcelona. Tarifa media diaria (ADR). Total categorías. Dato.,Euros,2024,M08,False,2024-07-31 22:00:00+00:00,176.51,2024-07
adr,Barcelona. Tarifa media diaria (ADR). Total categorías. Dato.,Euros,2024,M09,False,2024-08-31 22:00:00+00:00,211.79,2024-08
adr,Barcelona. Tarifa media diaria (ADR). Total categorías. Dato.,Euros,2024,M10,False,2024-09-30 22:00:00+00:00,193.34,2024-09
adr,Barcelona. Tarifa media diaria (ADR). Total categorías. Dato.,Euros,2024,M11,False,2024-10-31 23:00:00+00:00,156.86,2024-10
adr,Barcelona. Tarifa media diaria (ADR). Total categorías. Dato.,Euros,2024,M12,False,2024-11-30 23:00:00+00:00,129.6,2024-11
adr,Barcelona. Tarifa media diaria (ADR). Total categorías. Dato.,Euros,2025,M01,False,2024-12-31 23:00:00+00:00,132.93,2024-12
adr,Barcelona. Tarifa media diaria (ADR). Total categorías. Dato.,Euros,2025,M02,False,2025-01-31 23:00:00+00:00,151.27,2025-01
adr,Barcelona. Tarifa media diaria (ADR). Total categorías. Dato.,Euros,2025,M03,False,2025-02-28 23:00:00+00:00,177.3,2025-02
adr,Barcelona. Tarifa media diaria (ADR). Total categorías. Dato.,Euros,2025,M04,False,2025-03-31 22:00:00+00:00,177.87,2025-03
adr,Barcelona. Tarifa media diaria (ADR). Total categorías. Dato.,Euros,2025,M05,False,2025-04-30 22:00:00+00:00,231.81,2025-04
adr,Barcelona. Tarifa media diaria (ADR). Total categorías. Dato.,Euros,2025,M06,False,2025-05-31 22:00:00+00:00,211.95,2025-05
adr,Barcelona. Tarifa media diaria (ADR). Total categorías. Dato.,Euros,2025,M07,False,2025-06-30 22:00:00+00:00,183.33,2025-06
adr,Barcelona. Tarifa media diaria (ADR). Total categorías. Dato.,Euros,2025,M08,True,2025-07-31 22:00:00+00:00,167.38,2025-07
adr,Barcelona. Tarifa media diaria (ADR). Total categorías. Dato.,Euros,2025,M09,True,2025-08-31 22:00:00+00:00,198.64,2025-08
adr,Barcelona. Tarifa media diaria (ADR). Total categorías. Dato.,Euros,2025,M10,True,2025-09-30 22:00:00+00:00,190.29,2025-09
adr,Barcelona. Tarifa media diaria (ADR). Total categorías. Dato.,Euros,2025,M11,True,2025-10-31 23:00:00+00:00,155.67,2025-10
adr,Barcelona. Tarifa media diaria (ADR). Total categorías. Dato.,Euros,2025,M12,True,2025-11-30 23:00:00+00:00,131.41,2025-11
adr,Barcelona. Tarifa media diaria (ADR). Total categorías. Dato.,Euros,2026,M01,True,2025-12-31 23:00:00+00:00,135.13,2025-12
adr,Barcelona. Tarifa media diaria (ADR). Total categorías. Dato.,Euros,2026,M02,True,2026-01-31 23:00:00+00:00,153.0,2026-01
adr,Barcelona. Tarifa media diaria (ADR). Total categorías. Dato.,Euros,2026,M03,True,2026-02-28 23:00:00+00:00,188.47,2026-02
adr,Barcelona. Tarifa media diaria (ADR). Total categorías. Dato.,Euros,2026,M04,True,2026-03-31 22:00:00+00:00,193.14,2026-03
adr,Barcelona. Tarifa media diaria (ADR). Total categorías. Dato.,Euros,2026,M05,True,2026-04-30 22:00:00+00:00,223.37,2026-04
adr,Barcelona. Tarifa media diaria (ADR). Total categorías. Dato.,Euros,2026,M06,True,2026-05-31 22:00:00+00:00,214.34,2026-05
adr,Barcelona. Tarifa media diaria (ADR). Total categorías. Dato.,Euros,2026,M07,True,2026-06-30 22:00:00+00:00,186.09,2026-06
adr,Barcelona. Tarifa media diaria (ADR). Total categorías. Tasa de variación interanual.,Tasas,2021,M01,False,2020-12-31 23:00:00+00:00,-23.02,2020-12
adr,Barcelona. Tarifa media diaria (ADR). Total categorías. Tasa de variación interanual.,Tasas,2021,M02,False,2021-01-31 23:00:00+00:00,-28.18,2021-01
adr,Barcelona. Tarifa media diaria (ADR). Total categorías. Tasa de variación interanual.,Tasas,2021,M03,False,2021-02-28 23:00:00+00:00,-6.26,2021-02
adr,Barcelona. Tarifa media diaria (ADR). Total categorías. Tasa de variación interanual.,Tasas,2021,M04,False,2021-03-31 22:00:00+00:00,,2021-03
adr,Barcelona. Tarifa media diaria (ADR). Total categorías. Tasa de variación interanual.,Tasas,2021,M05,False,2021-04-30 22:00:00+00:00,,2021-04
adr,Barcelona. Tarifa media diaria (ADR). Total categorías. Tasa de variación interanual.,Tasas,2021,M06,False,2021-05-31 22:00:00+00:00,21.3,2021-05
adr,Barcelona. Tarifa media diaria (ADR). Total categorías. Tasa de variación interanual.,Tasas,2021,M07,False,2021-06-30 22:00:00+00:00,18.28,2021-06
adr,Barcelona. Tarifa media diaria (ADR). Total categorías. Tasa de variación interanual.,Tasas,2021,M08,False,2021-07-31 22:00:00+00:00,20.25,2021-07
adr,Barcelona. Tarifa media diaria (ADR). Total categorías. Tasa de variación interanual.,Tasas,2021,M09,False,2021-08-31 22:00:00+00:00,29.74,2021-08
adr,Barcelona. Tarifa media diaria (ADR). Total categorías. Tasa de variación interanual.,Tasas,2021,M10,False,2021-09-30 22:00:00+00:00,37.93,2021-09
adr,Barcelona. Tarifa media diaria (ADR). Total categorías. Tasa de variación interanual.,Tasas,2021,M11,False,2021-10-31 23:00:00+00:00,25.21,2021-10
adr,Barcelona. Tarifa media diaria (ADR). Total categorías. Tasa de variación interanual.,Tasas,2021,M12,False,2021-11-30 23:00:00+00:00,22.09,2021-11
adr,Barcelona. Tarifa media diaria (ADR). Total categorías. Tasa de variación interanual.,Tasas,2022,M01,False,2021-12-31 23:00:00+00:00,10.58,2021-12
adr,Barcelona. Tarifa media diaria (ADR). Total categorías. Tasa de variación interanual.,Tasas,2022,M02,False,2022-01-31 23:00:00+00:00,19.52,2022-01
adr,Barcelona. Tarifa media diaria (ADR). Total categorías. Tasa de variación interanual.,Tasas,2022,M03,False,2022-02-28 23:00:00+00:00,22.86,2022-02
adr,Barcelona. Tarifa media diaria (ADR). Total categorías. Tasa de variación interanual.,Tasas,2022,M04,False,2022-03-31 22:00:00+00:00,74.69,2022-03
adr,Barcelona. Tarifa media diaria (ADR). Total categorías. Tasa de variación interanual.,Tasas,2022,M05,False,2022-04-30 22:00:00+00:00,84.94,2022-04
adr,Barcelona. Tarifa media diaria (ADR). Total categorías. Tasa de variación interanual.,Tasas,2022,M06,False,2022-05-31 22:00:00+00:00,92.78,2022-05
adr,Barcelona. Tarifa media diaria (ADR). Total categorías. Tasa de variación interanual.,Tasas,2022,M07,False,2022-06-30 22:00:00+00:00,60.04,2022-06
adr,Barcelona. Tarifa media diaria (ADR). Total categorías. Tasa de variación interanual.,Tasas,2022,M08,False,2022-07-31 22:00:00+00:00,62.63,2022-07
adr,Barcelona. Tarifa media diaria (ADR). Total categorías. Tasa de variación interanual.,Tasas,2022,M09,False,2022-08-31 22:00:00+00:00,66.05,2022-08
adr,Barcelona. Tarifa media diaria (ADR). Total categorías. Tasa de variación interanual.,Tasas,2022,M10,False,2022-09-30 22:00:00+00:00,47.9,2022-09
adr,Barcelona. Tarifa media diaria (ADR). Total categorías. Tasa de variación interanual.,Tasas,2022,M11,False,2022-10-31 23:00:00+00:00,35.21,2022-10
adr,Barcelona. Tarifa media diaria (ADR). Total categorías. Tasa de variación interanual.,Tasas,2022,M12,False,2022-11-30 23:00:00+00:00,22.99,2022-11
adr,Barcelona. Tarifa media diaria (ADR). Total categorías. Tasa de variación interanual.,Tasas,2023,M01,False,2022-12-31 23:00:00+00:00,31.12,2022-12
adr,Barcelona. Tarifa media diaria (ADR). Total categorías. Tasa de variación interanual.,Tasas,2023,M02,False,2023-01-31 23:00:00+00:00,46.54,2023-01
adr,Barcelona. Tarifa media diaria (ADR). Total categorías. Tasa de variación interanual.,Tasas,2023,M03,False,2023-02-28 23:00:00+00:00,27.6,2023-02
adr,Barcelona. Tarifa media diaria (ADR). Total categorías. Tasa de variación interanual.,Tasas,2023,M04,False,2023-03-31 22:00:00+00:00,26.03,2023-03
adr,Barcelona. Tarifa media diaria (ADR). Total categorías. Tasa de variación interanual.,Tasas,2023,M05,False,2023-04-30 22:00:00+00:00,17.34,2023-04
adr,Barcelona. Tarifa media diaria (ADR). Total categorías. Tasa de variación interanual.,Tasas,2023,M06,False,2023-05-31 22:00:00+00:00,10.88,2023-05
adr,Barcelona. Tarifa media diaria (ADR). Total categorías. Tasa de variación interanual.,Tasas,2023,M07,False,2023-06-30 22:00:00+00:00,9.41,2023-06
adr,Barcelona. Tarifa media diaria (ADR). Total categorías. Tasa de variación interanual.,Tasas,2023,M08,False,2023-07-31 22:00:00+00:00,0.99,2023-07
adr,Barcelona. Tarifa media diaria (ADR). Total categorías. Tasa de variación interanual.,Tasas,2023,M09,False,2023-08-31 22:00:00+00:00,9.87,2023-08
adr,Barcelona. Tarifa media diaria (ADR). Total categorías. Tasa de variación interanual.,Tasas,2023,M10,False,2023-09-30 22:00:00+00:00,19.17,2023-09
adr,Barcelona. Tarifa media diaria (ADR). Total categorías. Tasa de variación interanual.,Tasas,2023,M11,False,2023-10-31 23:00:00+00:00,14.21,2023-10
adr,Barcelona. Tarifa media diaria (ADR). Total categorías. Tasa de variación interanual.,Tasas,2023,M12,False,2023-11-30 23:00:00+00:00,11.53,2023-11
adr,Barcelona. Tarifa media diaria (ADR). Total categorías. Tasa de variación interanual.,Tasas,2024,M01,False,2023-12-31 23:00:00+00:00,12.3,2023-12
adr,Barcelona. Tarifa media diaria (ADR). Total categorías. Tasa de variación interanual.,Tasas,2024,M02,False,2024-01-31 23:00:00+00:00,8.6,2024-01
adr,Barcelona. Tarifa media diaria (ADR). Total categorías. Tasa de variación interanual.,Tasas,2024,M03,False,2024-02-29 23:00:00+00:00,3.47,2024-02
adr,Barcelona. Tarifa media diaria (ADR). Total categorías. Tasa de variación interanual.,Tasas,2024,M04,False,2024-03-31 22:00:00+00:00,10.03,2024-03
adr,Barcelona. Tarifa media diaria (ADR). Total categorías. Tasa de variación interanual.,Tasas,2024,M05,False,2024-04-30 22:00:00+00:00,9.05,2024-04
adr,Barcelona. Tarifa media diaria (ADR). Total categorías. Tasa de variación interanual.,Tasas,2024,M06,False,2024-05-31 22:00:00+00:00,11.57,2024-05
adr,Barcelona. Tarifa media diaria (ADR). Total categorías. Tasa de variación interanual.,Tasas,2024,M07,False,2024-06-30 22:00:00+00:00,6.36,2024-06
adr,Barcelona. Tarifa media diaria (ADR). Total categorías. Tasa de variación interanual.,Tasas,2024,M08,False,2024-07-31 22:00:00+00:00,5.49,2024-07
adr,Barcelona. Tarifa media diaria (ADR). Total categorías. Tasa de variación interanual.,Tasas,2024,M09,False,2024-08-31 22:00:00+00:00,16.01,2024-08
adr,Barcelona. Tarifa media diaria (ADR). Total categorías. Tasa de variación interanual.,Tasas,2024,M10,False,2024-09-30 22:00:00+00:00,3.41,2024-09
adr,Barcelona. Tarifa media diaria (ADR). Total categorías. Tasa de variación interanual.,Tasas,2024,M11,False,2024-10-31 23:00:00+00:00,9.24,2024-10
adr,Barcelona. Tarifa media diaria (ADR). Total categorías. Tasa de variación interanual.,Tasas,2024,M12,False,2024-11-30 23:00:00+00:00,2.74,2024-11
adr,Barcelona. Tarifa media diaria (ADR). Total categorías. Tasa de variación interanual.,Tasas,2025,M01,False,2024-12-31 23:00:00+00:00,10.68,2024-12
adr,Barcelona. Tarifa media diaria (ADR). Total categorías. Tasa de variación interanual.,Tasas,2025,M02,False,2025-01-31 23:00:00+00:00,-3.2,2025-01
adr,Barcelona. Tarifa media diaria (ADR). Total categorías. Tasa de variación interanual.,Tasas,2025,M03,False,2025-02-28 23:00:00+00:00,18.67,2025-02
adr,Barcelona. Tarifa media diaria (ADR). Total categorías. Tasa de variación interanual.,Tasas,2025,M04,False,2025-03-31 22:00:00+00:00,-7.07,2025-03
adr,Barcelona. Tarifa media diaria (ADR). Total categorías. Tasa de variación interanual.,Tasas,2025,M05,False,2025-04-30 22:00:00+00:00,17.45,2025-04
adr,Barcelona. Tarifa media diaria (ADR). Total categorías. Tasa de variación interanual.,Tasas,2025,M06,False,2025-05-31 22:00:00+00:00,0.06,2025-05
adr,Barcelona. Tarifa media diaria (ADR). Total categorías. Tasa de variación interanual.,Tasas,2025,M07,False,2025-06-30 22:00:00+00:00,-2.35,2025-06
adr,Barcelona. Tarifa media diaria (ADR). Total categorías. Tasa de variación interanual.,Tasas,2025,M08,True,2025-07-31 22:00:00+00:00,-5.18,2025-07
adr,Barcelona. Tarifa media diaria (ADR). Total categorías. Tasa de variación interanual.,Tasas,2025,M09,True,2025-08-31 22:00:00+00:00,-6.21,2025-08
adr,Barcelona. Tarifa media diaria (ADR). Total categorías. Tasa de variación interanual.,Tasas,2025,M10,True,2025-09-30 22:00:00+00:00,-1.58,2025-09
adr,Barcelona. Tarifa media diaria (ADR). Total categorías. Tasa de variación interanual.,Tasas,2025,M11,True,2025-10-31 23:00:00+00:00,-0.76,2025-10
adr,Barcelona. Tarifa media diaria (ADR). Total categorías. Tasa de variación interanual.,Tasas,2025,M12,True,2025-11-30 23:00:00+00:00,1.4,2025-11
adr,Barcelona. Tarifa media diaria (ADR). Total categorías. Tasa de variación interanual.,Tasas,2026,M01,True,2025-12-31 23:00:00+00:00,1.66,2025-12
adr,Barcelona. Tarifa media diaria (ADR). Total categorías. Tasa de variación interanual.,Tasas,2026,M02,True,2026-01-31 23:00:00+00:00,1.15,2026-01
adr,Barcelona. Tarifa media diaria (ADR). Total categorías. Tasa de variación interanual.,Tasas,2026,M03,True,2026-02-28 23:00:00+00:00,6.3,2026-02
adr,Barcelona. Tarifa media diaria (ADR). Total categorías. Tasa de variación interanual.,Tasas,2026,M04,True,2026-03-31 22:00:00+00:00,8.59,2026-03
adr,Barcelona. Tarifa media diaria (ADR). Total categorías. Tasa de variación interanual.,Tasas,2026,M05,True,2026-04-30 22:00:00+00:00,-3.64,2026-04
adr,Barcelona. Tarifa media diaria (ADR). Total categorías. Tasa de variación interanual.,Tasas,2026,M06,True,2026-05-31 22:00:00+00:00,1.13,2026-05
adr,Barcelona. Tarifa media diaria (ADR). Total categorías. Tasa de variación interanual.,Tasas,2026,M07,True,2026-06-30 22:00:00+00:00,1.51,2026-06
plazas_ocupacion,Barcelona. Número de habitaciones estimadas. Total categorías. Dato.,Habitaciones,2020,M08,False,2020-07-31 22:00:00+00:00,17214.0,2020-07
plazas_ocupacion,Barcelona. Número de habitaciones estimadas. Total categorías. Dato.,Habitaciones,2020,M09,False,2020-08-31 22:00:00+00:00,18266.0,2020-08
plazas_ocupacion,Barcelona. Número de habitaciones estimadas. Total categorías. Dato.,Habitaciones,2020,M10,False,2020-09-30 22:00:00+00:00,18327.0,2020-09
plazas_ocupacion,Barcelona. Número de habitaciones estimadas. Total categorías. Dato.,Habitaciones,2020,M11,False,2020-10-31 23:00:00+00:00,15065.0,2020-10
plazas_ocupacion,Barcelona. Número de habitaciones estimadas. Total categorías. Dato.,Habitaciones,2020,M12,False,2020-11-30 23:00:00+00:00,14698.0,2020-11
plazas_ocupacion,Barcelona. Número de habitaciones estimadas. Total categorías. Dato.,Habitaciones,2021,M01,False,2020-12-31 23:00:00+00:00,14401.0,2020-12
plazas_ocupacion,Barcelona. Número de habitaciones estimadas. Total categorías. Dato.,Habitaciones,2021,M02,False,2021-01-31 23:00:00+00:00,14384.0,2021-01
plazas_ocupacion,Barcelona. Número de habitaciones estimadas. Total categorías. Dato.,Habitaciones,2021,M03,False,2021-02-28 23:00:00+00:00,14993.0,2021-02
plazas_ocupacion,Barcelona. Número de habitaciones estimadas. Total categorías. Dato.,Habitaciones,2021,M04,False,2021-03-31 22:00:00+00:00,16711.0,2021-03
plazas_ocupacion,Barcelona. Número de habitaciones estimadas. Total categorías. Dato.,Habitaciones,2021,M05,False,2021-04-30 22:00:00+00:00,20434.0,2021-04
plazas_ocupacion,Barcelona. Número de habitaciones estimadas. Total categorías. Dato.,Habitaciones,2021,M06,False,2021-05-31 22:00:00+00:00,26993.0,2021-05
plazas_ocupacion,Barcelona. Número de habitaciones estimadas. Total categorías. Dato.,Habitaciones,2021,M07,False,2021-06-30 22:00:00+00:00,31772.0,2021-06
plazas_ocupacion,Barcelona. Número de habitaciones estimadas. Total categorías. Dato.,Habitaciones,2021,M08,False,2021-07-31 22:00:00+00:00,33740.0,2021-07
plazas_ocupacion,Barcelona. Número de habitaciones estimadas. Total categorías. Dato.,Habitaciones,2021,M09,False,2021-08-31 22:00:00+00:00,34593.0,2021-08
plazas_ocupacion,Barcelona. Número de habitaciones estimadas. Total categorías. Dato.,Habitaciones,2021,M10,False,2021-09-30 22:00:00+00:00,36187.0,2021-09
plazas_ocupacion,Barcelona. Número de habitaciones estimadas. Total categorías. Dato.,Habitaciones,2021,M11,False,2021-10-31 23:00:00+00:00,36326.0,2021-10
plazas_ocupacion,Barcelona. Número de habitaciones estimadas. Total categorías. Dato.,Habitaciones,2021,M12,False,2021-11-30 23:00:00+00:00,36905.0,2021-11
plazas_ocupacion,Barcelona. Número de habitaciones estimadas. Total categorías. Dato.,Habitaciones,2022,M01,False,2021-12-31 23:00:00+00:00,37482.0,2021-12
plazas_ocupacion,Barcelona. Número de habitaciones estimadas. Total categorías. Dato.,Habitaciones,2022,M02,False,2022-01-31 23:00:00+00:00,38351.0,2022-01
plazas_ocupacion,Barcelona. Número de habitaciones estimadas. Total categorías. Dato.,Habitaciones,2022,M03,False,2022-02-28 23:00:00+00:00,40383.0,2022-02
plazas_ocupacion,Barcelona. Número de habitaciones estimadas. Total categorías. Dato.,Habitaciones,2022,M04,False,2022-03-31 22:00:00+00:00,40671.0,2022-03
plazas_ocupacion,Barcelona. Número de habitaciones estimadas. Total categorías. Dato.,Habitaciones,2022,M05,False,2022-04-30 22:00:00+00:00,41400.0,2022-04
plazas_ocupacion,Barcelona. Número de habitaciones estimadas. Total categorías. Dato.,Habitaciones,2022,M06,False,2022-05-31 22:00:00+00:00,41709.0,2022-05
plazas_ocupacion,Barcelona. Número de habitaciones estimadas. Total categorías. Dato.,Habitaciones,2022,M07,False,2022-06-30 22:00:00+00:00,41964.0,2022-06
plazas_ocupacion,Barcelona. Número de habitaciones estimadas. Total categorías. Dato.,Habitaciones,2022,M08,False,2022-07-31 22:00:00+00:00,41950.0,2022-07
plazas_ocupacion,Barcelona. Número de habitaciones estimadas. Total categorías. Dato.,Habitaciones,2022,M09,False,2022-08-31 22:00:00+00:00,41944.0,2022-08
plazas_ocupacion,Barcelona. Número de habitaciones estimadas. Total categorías. Dato.,Habitaciones,2022,M10,False,2022-09-30 22:00:00+00:00,42007.0,2022-09
plazas_ocupacion,Barcelona. Número de habitaciones estimadas. Total categorías. Dato.,Habitaciones,2022,M11,False,2022-10-31 23:00:00+00:00,41993.0,2022-10
plazas_ocupacion,Barcelona. Número de habitaciones estimadas. Total categorías. Dato.,Habitaciones,2022,M12,False,2022-11-30 23:00:00+00:00,41990.0,2022-11
plazas_ocupacion,Barcelona. Número de habitaciones estimadas. Total categorías. Dato.,Habitaciones,2023,M01,False,2022-12-31 23:00:00+00:00,42102.0,2022-12
plazas_ocupacion,Barcelona. Número de habitaciones estimadas. Total categorías. Dato.,Habitaciones,2023,M02,False,2023-01-31 23:00:00+00:00,42256.0,2023-01
plazas_ocupacion,Barcelona. Número de habitaciones estimadas. Total categorías. Dato.,Habitaciones,2023,M03,False,2023-02-28 23:00:00+00:00,42374.0,2023-02
plazas_ocupacion,Barcelona. Número de habitaciones estimadas. Total categorías. Dato.,Habitaciones,2023,M04,False,2023-03-31 22:00:00+00:00,42516.0,2023-03
plazas_ocupacion,Barcelona. Número de habitaciones estimadas. Total categorías. Dato.,Habitaciones,2023,M05,False,2023-04-30 22:00:00+00:00,42546.0,2023-04
plazas_ocupacion,Barcelona. Número de habitaciones estimadas. Total categorías. Dato.,Habitaciones,2023,M06,False,2023-05-31 22:00:00+00:00,42618.0,2023-05
plazas_ocupacion,Barcelona. Número de habitaciones estimadas. Total categorías. Dato.,Habitaciones,2023,M07,False,2023-06-30 22:00:00+00:00,42540.0,2023-06
plazas_ocupacion,Barcelona. Número de habitaciones estimadas. Total categorías. Dato.,Habitaciones,2023,M08,False,2023-07-31 22:00:00+00:00,42636.0,2023-07
plazas_ocupacion,Barcelona. Número de habitaciones estimadas. Total categorías. Dato.,Habitaciones,2023,M09,False,2023-08-31 22:00:00+00:00,42703.0,2023-08
plazas_ocupacion,Barcelona. Número de habitaciones estimadas. Total categorías. Dato.,Habitaciones,2023,M10,False,2023-09-30 22:00:00+00:00,42680.0,2023-09
plazas_ocupacion,Barcelona. Número de habitaciones estimadas. Total categorías. Dato.,Habitaciones,2023,M11,False,2023-10-31 23:00:00+00:00,41845.0,2023-10
plazas_ocupacion,Barcelona. Número de habitaciones estimadas. Total categorías. Dato.,Habitaciones,2023,M12,False,2023-11-30 23:00:00+00:00,41488.0,2023-11
plazas_ocupacion,Barcelona. Número de habitaciones estimadas. Total categorías. Dato.,Habitaciones,2024,M01,False,2023-12-31 23:00:00+00:00,41216.0,2023-12
plazas_ocupacion,Barcelona. Número de habitaciones estimadas. Total categorías. Dato.,Habitaciones,2024,M02,False,2024-01-31 23:00:00+00:00,41890.0,2024-01
plazas_ocupacion,Barcelona. Número de habitaciones estimadas. Total categorías. Dato.,Habitaciones,2024,M03,False,2024-02-29 23:00:00+00:00,43002.0,2024-02
plazas_ocupacion,Barcelona. Número de habitaciones estimadas. Total categorías. Dato.,Habitaciones,2024,M04,False,2024-03-31 22:00:00+00:00,43110.0,2024-03
plazas_ocupacion,Barcelona. Número de habitaciones estimadas. Total categorías. Dato.,Habitaciones,2024,M05,False,2024-04-30 22:00:00+00:00,43085.0,2024-04
plazas_ocupacion,Barcelona. Número de habitaciones estimadas. Total categorías. Dato.,Habitaciones,2024,M06,False,2024-05-31 22:00:00+00:00,43105.0,2024-05
plazas_ocupacion,Barcelona. Número de habitaciones estimadas. Total categorías. Dato.,Habitaciones,2024,M07,False,2024-06-30 22:00:00+00:00,43092.0,2024-06
plazas_ocupacion,Barcelona. Número de habitaciones estimadas. Total categorías. Dato.,Habitaciones,2024,M08,False,2024-07-31 22:00:00+00:00,43038.0,2024-07
plazas_ocupacion,Barcelona. Número de habitaciones estimadas. Total categorías. Dato.,Habitaciones,2024,M09,False,2024-08-31 22:00:00+00:00,43274.0,2024-08
plazas_ocupacion,Barcelona. Número de habitaciones estimadas. Total categorías. Dato.,Habitaciones,2024,M10,False,2024-09-30 22:00:00+00:00,43433.0,2024-09
plazas_ocupacion,Barcelona. Número de habitaciones estimadas. Total categorías. Dato.,Habitaciones,2024,M11,False,2024-10-31 23:00:00+00:00,42888.0,2024-10
plazas_ocupacion,Barcelona. Número de habitaciones estimadas. Total categorías. Dato.,Habitaciones,2024,M12,False,2024-11-30 23:00:00+00:00,42706.0,2024-11
plazas_ocupacion,Barcelona. Número de habitaciones estimadas. Total categorías. Dato.,Habitaciones,2025,M01,False,2024-12-31 23:00:00+00:00,42248.0,2024-12
plazas_ocupacion,Barcelona. Número de habitaciones estimadas. Total categorías. Dato.,Habitaciones,2025,M02,False,2025-01-31 23:00:00+00:00,42509.0,2025-01
plazas_ocupacion,Barcelona. Número de habitaciones estimadas. Total categorías. Dato.,Habitaciones,2025,M03,False,2025-02-28 23:00:00+00:00,42887.0,2025-02
plazas_ocupacion,Barcelona. Número de habitaciones estimadas. Total categorías. Dato.,Habitaciones,2025,M04,False,2025-03-31 22:00:00+00:00,42965.0,2025-03
plazas_ocupacion,Barcelona. Número de habitaciones estimadas. Total categorías. Dato.,Habitaciones,2025,M05,False,2025-04-30 22:00:00+00:00,43277.0,2025-04
plazas_ocupacion,Barcelona. Número de habitaciones estimadas. Total categorías. Dato.,Habitaciones,2025,M06,False,2025-05-31 22:00:00+00:00,43243.0,2025-05
plazas_ocupacion,Barcelona. Número de habitaciones estimadas. Total categorías. Dato.,Habitaciones,2025,M07,False,2025-06-30 22:00:00+00:00,43057.0,2025-06
plazas_ocupacion,Barcelona. Número de habitaciones estimadas. Total categorías. Dato.,Habitaciones,2025,M08,True,2025-07-31 22:00:00+00:00,43035.0,2025-07
plazas_ocupacion,Barcelona. Número de habitaciones estimadas. Total categorías. Dato.,Habitaciones,2025,M09,True,2025-08-31 22:00:00+00:00,43311.0,2025-08
plazas_ocupacion,Barcelona. Número de habitaciones estimadas. Total categorías. Dato.,Habitaciones,2025,M10,True,2025-09-30 22:00:00+00:00,43441.0,2025-09
plazas_ocupacion,Barcelona. Número de habitaciones estimadas. Total categorías. Dato.,Habitaciones,2025,M11,True,2025-10-31 23:00:00+00:00,43237.0,2025-10
plazas_ocupacion,Barcelona. Número de habitaciones estimadas. Total categorías. Dato.,Habitaciones,2025,M12,True,2025-11-30 23:00:00+00:00,43268.0,2025-11
plazas_ocupacion,Barcelona. Número de habitaciones estimadas. Total categorías. Dato.,Habitaciones,2026,M01,True,2025-12-31 23:00:00+00:00,42991.0,2025-12
plazas_ocupacion,Barcelona. Número de habitaciones estimadas. Total categorías. Dato.,Habitaciones,2026,M02,True,2026-01-31 23:00:00+00:00,42116.0,2026-01
plazas_ocupacion,Barcelona. Número de habitaciones estimadas. Total categorías. Dato.,Habitaciones,2026,M03,True,2026-02-28 23:00:00+00:00,43249.0,2026-02
plazas_ocupacion,Barcelona. Número de habitaciones estimadas. Total categorías. Dato.,Habitaciones,2026,M04,True,2026-03-31 22:00:00+00:00,43207.0,2026-03
plazas_ocupacion,Barcelona. Número de habitaciones estimadas. Total categorías. Dato.,Habitaciones,2026,M05,True,2026-04-30 22:00:00+00:00,43447.0,2026-04
plazas_ocupacion,Barcelona. Número de habitaciones estimadas. Total categorías. Dato.,Habitaciones,2026,M06,True,2026-05-31 22:00:00+00:00,43857.0,2026-05
plazas_ocupacion,Barcelona. Número de habitaciones estimadas. Total categorías. Dato.,Habitaciones,2026,M07,True,2026-06-30 22:00:00+00:00,42736.0,2026-06
plazas_ocupacion,Nacional. Grado de ocupación por habitaciones. Barcelona.,Porcentaje,2020,M08,False,2020-07-31 22:00:00+00:00,23.91,2020-07
plazas_ocupacion,Nacional. Grado de ocupación por habitaciones. Barcelona.,Porcentaje,2020,M09,False,2020-08-31 22:00:00+00:00,19.81,2020-08
plazas_ocupacion,Nacional. Grado de ocupación por habitaciones. Barcelona.,Porcentaje,2020,M10,False,2020-09-30 22:00:00+00:00,17.86,2020-09
plazas_ocupacion,Nacional. Grado de ocupación por habitaciones. Barcelona.,Porcentaje,2020,M11,False,2020-10-31 23:00:00+00:00,13.95,2020-10
plazas_ocupacion,Nacional. Grado de ocupación por habitaciones. Barcelona.,Porcentaje,2020,M12,False,2020-11-30 23:00:00+00:00,19.07,2020-11
plazas_ocupacion,Nacional. Grado de ocupación por habitaciones. Barcelona.,Porcentaje,2021,M01,False,2020-12-31 23:00:00+00:00,18.65,2020-12
plazas_ocupacion,Nacional. Grado de ocupación por habitaciones. Barcelona.,Porcentaje,2021,M02,False,2021-01-31 23:00:00+00:00,23.15,2021-01
plazas_ocupacion,Nacional. Grado de ocupación por habitaciones. Barcelona.,Porcentaje,2021,M03,False,2021-02-28 23:00:00+00:00,25.86,2021-02
plazas_ocupacion,Nacional. Grado de ocupación por habitaciones. Barcelona.,Porcentaje,2021,M04,False,2021-03-31 22:00:00+00:00,27.75,2021-03
plazas_ocupacion,Nacional. Grado de ocupación por habitaciones. Barcelona.,Porcentaje,2021,M05,False,2021-04-30 22:00:00+00:00,35.09,2021-04
plazas_ocupacion,Nacional. Grado de ocupación por habitaciones. Barcelona.,Porcentaje,2021,M06,False,2021-05-31 22:00:00+00:00,41.38,2021-05
plazas_ocupacion,Nacional. Grado de ocupación por habitaciones. Barcelona.,Porcentaje,2021,M07,False,2021-06-30 22:00:00+00:00,55.17,2021-06
plazas_ocupacion,Nacional. Grado de ocupación por habitaciones. Barcelona.,Porcentaje,2021,M08,False,2021-07-31 22:00:00+00:00,66.22,2021-07
plazas_ocupacion,Nacional. Grado de ocupación por habitaciones. Barcelona.,Porcentaje,2021,M09,False,2021-08-31 22:00:00+00:00,59.38,2021-08
plazas_ocupacion,Nacional. Grado de ocupación por habitaciones. Barcelona.,Porcentaje,2021,M10,False,2021-09-30 22:00:00+00:00,66.42,2021-09
plazas_ocupacion,Nacional. Grado de ocupación por habitaciones. Barcelona.,Porcentaje,2021,M11,False,2021-10-31 23:00:00+00:00,61.1,2021-10
plazas_ocupacion,Nacional. Grado de ocupación por habitaciones. Barcelona.,Porcentaje,2021,M12,False,2021-11-30 23:00:00+00:00,48.4,2021-11
plazas_ocupacion,Nacional. Grado de ocupación por habitaciones. Barcelona.,Porcentaje,2022,M01,False,2021-12-31 23:00:00+00:00,37.25,2021-12
plazas_ocupacion,Nacional. Grado de ocupación por habitaciones. Barcelona.,Porcentaje,2022,M02,False,2022-01-31 23:00:00+00:00,58.07,2022-01
plazas_ocupacion,Nacional. Grado de ocupación por habitaciones. Barcelona.,Porcentaje,2022,M03,False,2022-02-28 23:00:00+00:00,69.0,2022-02
plazas_ocupacion,Nacional. Grado de ocupación por habitaciones. Barcelona.,Porcentaje,2022,M04,False,2022-03-31 22:00:00+00:00,83.37,2022-03
plazas_ocupacion,Nacional. Grado de ocupación por habitaciones. Barcelona.,Porcentaje,2022,M05,False,2022-04-30 22:00:00+00:00,86.43,2022-04
plazas_ocupacion,Nacional. Grado de ocupación por habitaciones. Barcelona.,Porcentaje,2022,M06,False,2022-05-31 22:00:00+00:00,88.58,2022-05
plazas_ocupacion,Nacional. Grado de ocupación por habitaciones. Barcelona.,Porcentaje,2022,M07,False,2022-06-30 22:00:00+00:00,86.13,2022-06
plazas_ocupacion,Nacional. Grado de ocupación por habitaciones. Barcelona.,Porcentaje,2022,M08,False,2022-07-31 22:00:00+00:00,85.94,2022-07
plazas_ocupacion,Nacional. Grado de ocupación por habitaciones. Barcelona.,Porcentaje,2022,M09,False,2022-08-31 22:00:00+00:00,87.4,2022-08
plazas_ocupacion,Nacional. Grado de ocupación por habitaciones. Barcelona.,Porcentaje,2022,M10,False,2022-09-30 22:00:00+00:00,85.94,2022-09
plazas_ocupacion,Nacional. Grado de ocupación por habitaciones. Barcelona.,Porcentaje,2022,M11,False,2022-10-31 23:00:00+00:00,74.34,2022-10
plazas_ocupacion,Nacional. Grado de ocupación por habitaciones. Barcelona.,Porcentaje,2022,M12,False,2022-11-30 23:00:00+00:00,58.53,2022-11
plazas_ocupacion,Nacional. Grado de ocupación por habitaciones. Barcelona.,Porcentaje,2023,M01,False,2022-12-31 23:00:00+00:00,59.79,2022-12
plazas_ocupacion,Nacional. Grado de ocupación por habitaciones. Barcelona.,Porcentaje,2023,M02,False,2023-01-31 23:00:00+00:00,76.58,2023-01
plazas_ocupacion,Nacional. Grado de ocupación por habitaciones. Barcelona.,Porcentaje,2023,M03,False,2023-02-28 23:00:00+00:00,78.67,2023-02
plazas_ocupacion,Nacional. Grado de ocupación por habitaciones. Barcelona.,Porcentaje,2023,M04,False,2023-03-31 22:00:00+00:00,83.72,2023-03
plazas_ocupacion,Nacional. Grado de ocupación por habitaciones. Barcelona.,Porcentaje,2023,M05,False,2023-04-30 22:00:00+00:00,84.96,2023-04
plazas_ocupacion,Nacional. Grado de ocupación por habitaciones. Barcelona.,Porcentaje,2023,M06,False,2023-05-31 22:00:00+00:00,86.04,2023-05
plazas_ocupacion,Nacional. Grado de ocupación por habitaciones. Barcelona.,Porcentaje,2023,M07,False,2023-06-30 22:00:00+00:00,86.58,2023-06
plazas_ocupacion,Nacional. Grado de ocupación por habitaciones. Barcelona.,Porcentaje,2023,M08,False,2023-07-31 22:00:00+00:00,86.01,2023-07
plazas_ocupacion,Nacional. Grado de ocupación por habitaciones. Barcelona.,Porcentaje,2023,M09,False,2023-08-31 22:00:00+00:00,86.39,2023-08
plazas_ocupacion,Nacional. Grado de ocupación por habitaciones. Barcelona.,Porcentaje,2023,M10,False,2023-09-30 22:00:00+00:00,85.96,2023-09
plazas_ocupacion,Nacional. Grado de ocupación por habitaciones. Barcelona.,Porcentaje,2023,M11,False,2023-10-31 23:00:00+00:00,79.22,2023-10
plazas_ocupacion,Nacional. Grado de ocupación por habitaciones. Barcelona.,Porcentaje,2023,M12,False,2023-11-30 23:00:00+00:00,60.69,2023-11
plazas_ocupacion,Nacional. Grado de ocupación por habitaciones. Barcelona.,Porcentaje,2024,M01,False,2023-12-31 23:00:00+00:00,64.2,2023-12
plazas_ocupacion,Nacional. Grado de ocupación por habitaciones. Barcelona.,Porcentaje,2024,M02,False,2024-01-31 23:00:00+00:00,76.68,2024-01
plazas_ocupacion,Nacional. Grado de ocupación por habitaciones. Barcelona.,Porcentaje,2024,M03,False,2024-02-29 23:00:00+00:00,78.14,2024-02
plazas_ocupacion,Nacional. Grado de ocupación por habitaciones. Barcelona.,Porcentaje,2024,M04,False,2024-03-31 22:00:00+00:00,85.15,2024-03
plazas_ocupacion,Nacional. Grado de ocupación por habitaciones. Barcelona.,Porcentaje,2024,M05,False,2024-04-30 22:00:00+00:00,86.65,2024-04
plazas_ocupacion,Nacional. Grado de ocupación por habitaciones. Barcelona.,Porcentaje,2024,M06,False,2024-05-31 22:00:00+00:00,86.81,2024-05
plazas_ocupacion,Nacional. Grado de ocupación por habitaciones. Barcelona.,Porcentaje,2024,M07,False,2024-06-30 22:00:00+00:00,84.8,2024-06
plazas_ocupacion,Nacional. Grado de ocupación por habitaciones. Barcelona.,Porcentaje,2024,M08,False,2024-07-31 22:00:00+00:00,85.5,2024-07
plazas_ocupacion,Nacional. Grado de ocupación por habitaciones. Barcelona.,Porcentaje,2024,M09,False,2024-08-31 22:00:00+00:00,84.98,2024-08
plazas_ocupacion,Nacional. Grado de ocupación por habitaciones. Barcelona.,Porcentaje,2024,M10,False,2024-09-30 22:00:00+00:00,82.75,2024-09
plazas_ocupacion,Nacional. Grado de ocupación por habitaciones. Barcelona.,Porcentaje,2024,M11,False,2024-10-31 23:00:00+00:00,77.06,2024-10
plazas_ocupacion,Nacional. Grado de ocupación por habitaciones. Barcelona.,Porcentaje,2024,M12,False,2024-11-30 23:00:00+00:00,61.58,2024-11
plazas_ocupacion,Nacional. Grado de ocupación por habitaciones. Barcelona.,Porcentaje,2025,M01,False,2024-12-31 23:00:00+00:00,63.57,2024-12
plazas_ocupacion,Nacional. Grado de ocupación por habitaciones. Barcelona.,Porcentaje,2025,M02,False,2025-01-31 23:00:00+00:00,73.74,2025-01
plazas_ocupacion,Nacional. Grado de ocupación por habitaciones. Barcelona.,Porcentaje,2025,M03,False,2025-02-28 23:00:00+00:00,77.68,2025-02
plazas_ocupacion,Nacional. Grado de ocupación por habitaciones. Barcelona.,Porcentaje,2025,M04,False,2025-03-31 22:00:00+00:00,82.58,2025-03
plazas_ocupacion,Nacional. Grado de ocupación por habitaciones. Barcelona.,Porcentaje,2025,M05,False,2025-04-30 22:00:00+00:00,85.77,2025-04
plazas_ocupacion,Nacional. Grado de ocupación por habitaciones. Barcelona.,Porcentaje,2025,M06,False,2025-05-31 22:00:00+00:00,85.97,2025-05
plazas_ocupacion,Nacional. Grado de ocupación por habitaciones. Barcelona.,Porcentaje,2025,M07,False,2025-06-30 22:00:00+00:00,85.05,2025-06
plazas_ocupacion,Nacional. Grado de ocupación por habitaciones. Barcelona.,Porcentaje,2025,M08,True,2025-07-31 22:00:00+00:00,86.45,2025-07
plazas_ocupacion,Nacional. Grado de ocupación por habitaciones. Barcelona.,Porcentaje,2025,M09,True,2025-08-31 22:00:00+00:00,84.44,2025-08
plazas_ocupacion,Nacional. Grado de ocupación por habitaciones. Barcelona.,Porcentaje,2025,M10,True,2025-09-30 22:00:00+00:00,85.24,2025-09
plazas_ocupacion,Nacional. Grado de ocupación por habitaciones. Barcelona.,Porcentaje,2025,M11,True,2025-10-31 23:00:00+00:00,78.93,2025-10
plazas_ocupacion,Nacional. Grado de ocupación por habitaciones. Barcelona.,Porcentaje,2025,M12,True,2025-11-30 23:00:00+00:00,63.22,2025-11
plazas_ocupacion,Nacional. Grado de ocupación por habitaciones. Barcelona.,Porcentaje,2026,M01,True,2025-12-31 23:00:00+00:00,66.57,2025-12
plazas_ocupacion,Nacional. Grado de ocupación por habitaciones. Barcelona.,Porcentaje,2026,M02,True,2026-01-31 23:00:00+00:00,77.82,2026-01
plazas_ocupacion,Nacional. Grado de ocupación por habitaciones. Barcelona.,Porcentaje,2026,M03,True,2026-02-28 23:00:00+00:00,79.2,2026-02
plazas_ocupacion,Nacional. Grado de ocupación por habitaciones. Barcelona.,Porcentaje,2026,M04,True,2026-03-31 22:00:00+00:00,84.05,2026-03
plazas_ocupacion,Nacional. Grado de ocupación por habitaciones. Barcelona.,Porcentaje,2026,M05,True,2026-04-30 22:00:00+00:00,85.74,2026-04
plazas_ocupacion,Nacional. Grado de ocupación por habitaciones. Barcelona.,Porcentaje,2026,M06,True,2026-05-31 22:00:00+00:00,84.82,2026-05
plazas_ocupacion,Nacional. Grado de ocupación por habitaciones. Barcelona.,Porcentaje,2026,M07,True,2026-06-30 22:00:00+00:00,86.2,2026-06
plazas_ocupacion,Nacional. Grado de ocupación por plazas en fin de semana. 08019-Barcelona.,Porcentaje,2020,M08,False,2020-07-31 22:00:00+00:00,22.78,2020-07
plazas_ocupacion,Nacional. Grado de ocupación por plazas en fin de semana. 08019-Barcelona.,Porcentaje,2020,M09,False,2020-08-31 22:00:00+00:00,18.89,2020-08
plazas_ocupacion,Nacional. Grado de ocupación por plazas en fin de semana. 08019-Barcelona.,Porcentaje,2020,M10,False,2020-09-30 22:00:00+00:00,15.26,2020-09
plazas_ocupacion,Nacional. Grado de ocupación por plazas en fin de semana. 08019-Barcelona.,Porcentaje,2020,M11,False,2020-10-31 23:00:00+00:00,11.08,2020-10
plazas_ocupacion,Nacional. Grado de ocupación por plazas en fin de semana. 08019-Barcelona.,Porcentaje,2020,M12,False,2020-11-30 23:00:00+00:00,16.37,2020-11
plazas_ocupacion,Nacional. Grado de ocupación por plazas en fin de semana. 08019-Barcelona.,Porcentaje,2021,M01,False,2020-12-31 23:00:00+00:00,17.93,2020-12
plazas_ocupacion,Nacional. Grado de ocupación por plazas en fin de semana. 08019-Barcelona.,Porcentaje,2021,M02,False,2021-01-31 23:00:00+00:00,23.06,2021-01
plazas_ocupacion,Nacional. Grado de ocupación por plazas en fin de semana. 08019-Barcelona.,Porcentaje,2021,M03,False,2021-02-28 23:00:00+00:00,26.59,2021-02
plazas_ocupacion,Nacional. Grado de ocupación por plazas en fin de semana. 08019-Barcelona.,Porcentaje,2021,M04,False,2021-03-31 22:00:00+00:00,25.32,2021-03
plazas_ocupacion,Nacional. Grado de ocupación por plazas en fin de semana. 08019-Barcelona.,Porcentaje,2021,M05,False,2021-04-30 22:00:00+00:00,35.37,2021-04
plazas_ocupacion,Nacional. Grado de ocupación por plazas en fin de semana. 08019-Barcelona.,Porcentaje,2021,M06,False,2021-05-31 22:00:00+00:00,41.13,2021-05
plazas_ocupacion,Nacional. Grado de ocupación por plazas en fin de semana. 08019-Barcelona.,Porcentaje,2021,M07,False,2021-06-30 22:00:00+00:00,51.41,2021-06
plazas_ocupacion,Nacional. Grado de ocupación por plazas en fin de semana. 08019-Barcelona.,Porcentaje,2021,M08,False,2021-07-31 22:00:00+00:00,66.47,2021-07
plazas_ocupacion,Nacional. Grado de ocupación por plazas en fin de semana. 08019-Barcelona.,Porcentaje,2021,M09,False,2021-08-31 22:00:00+00:00,57.81,2021-08
plazas_ocupacion,Nacional. Grado de ocupación por plazas en fin de semana. 08019-Barcelona.,Porcentaje,2021,M10,False,2021-09-30 22:00:00+00:00,65.76,2021-09
plazas_ocupacion,Nacional. Grado de ocupación por plazas en fin de semana. 08019-Barcelona.,Porcentaje,2021,M11,False,2021-10-31 23:00:00+00:00,60.82,2021-10
plazas_ocupacion,Nacional. Grado de ocupación por plazas en fin de semana. 08019-Barcelona.,Porcentaje,2021,M12,False,2021-11-30 23:00:00+00:00,45.84,2021-11
plazas_ocupacion,Nacional. Grado de ocupación por plazas en fin de semana. 08019-Barcelona.,Porcentaje,2022,M01,False,2021-12-31 23:00:00+00:00,36.61,2021-12
plazas_ocupacion,Nacional. Grado de ocupación por plazas en fin de semana. 08019-Barcelona.,Porcentaje,2022,M02,False,2022-01-31 23:00:00+00:00,57.91,2022-01
plazas_ocupacion,Nacional. Grado de ocupación por plazas en fin de semana. 08019-Barcelona.,Porcentaje,2022,M03,False,2022-02-28 23:00:00+00:00,64.92,2022-02
plazas_ocupacion,Nacional. Grado de ocupación por plazas en fin de semana. 08019-Barcelona.,Porcentaje,2022,M04,False,2022-03-31 22:00:00+00:00,76.36,2022-03
plazas_ocupacion,Nacional. Grado de ocupación por plazas en fin de semana. 08019-Barcelona.,Porcentaje,2022,M05,False,2022-04-30 22:00:00+00:00,78.63,2022-04
plazas_ocupacion,Nacional. Grado de ocupación por plazas en fin de semana. 08019-Barcelona.,Porcentaje,2022,M06,False,2022-05-31 22:00:00+00:00,80.5,2022-05
plazas_ocupacion,Nacional. Grado de ocupación por plazas en fin de semana. 08019-Barcelona.,Porcentaje,2022,M07,False,2022-06-30 22:00:00+00:00,80.68,2022-06
plazas_ocupacion,Nacional. Grado de ocupación por plazas en fin de semana. 08019-Barcelona.,Porcentaje,2022,M08,False,2022-07-31 22:00:00+00:00,81.7,2022-07
plazas_ocupacion,Nacional. Grado de ocupación por plazas en fin de semana. 08019-Barcelona.,Porcentaje,2022,M09,False,2022-08-31 22:00:00+00:00,76.12,2022-08
plazas_ocupacion,Nacional. Grado de ocupación por plazas en fin de semana. 08019-Barcelona.,Porcentaje,2022,M10,False,2022-09-30 22:00:00+00:00,77.96,2022-09
plazas_ocupacion,Nacional. Grado de ocupación por plazas en fin de semana. 08019-Barcelona.,Porcentaje,2022,M11,False,2022-10-31 23:00:00+00:00,67.65,2022-10
plazas_ocupacion,Nacional. Grado de ocupación por plazas en fin de semana. 08019-Barcelona.,Porcentaje,2022,M12,False,2022-11-30 23:00:00+00:00,57.45,2022-11
plazas_ocupacion,Nacional. Grado de ocupación por plazas en fin de semana. 08019-Barcelona.,Porcentaje,2023,M01,False,2022-12-31 23:00:00+00:00,56.5,2022-12
plazas_ocupacion,Nacional. Grado de ocupación por plazas en fin de semana. 08019-Barcelona.,Porcentaje,2023,M02,False,2023-01-31 23:00:00+00:00,67.49,2023-01
plazas_ocupacion,Nacional. Grado de ocupación por plazas en fin de semana. 08019-Barcelona.,Porcentaje,2023,M03,False,2023-02-28 23:00:00+00:00,72.98,2023-02
plazas_ocupacion,Nacional. Grado de ocupación por plazas en fin de semana. 08019-Barcelona.,Porcentaje,2023,M04,False,2023-03-31 22:00:00+00:00,80.84,2023-03
plazas_ocupacion,Nacional. Grado de ocupación por plazas en fin de semana. 08019-Barcelona.,Porcentaje,2023,M05,False,2023-04-30 22:00:00+00:00,79.08,2023-04
plazas_ocupacion,Nacional. Grado de ocupación por plazas en fin de semana. 08019-Barcelona.,Porcentaje,2023,M06,False,2023-05-31 22:00:00+00:00,78.36,2023-05
plazas_ocupacion,Nacional. Grado de ocupación por plazas en fin de semana. 08019-Barcelona.,Porcentaje,2023,M07,False,2023-06-30 22:00:00+00:00,81.95,2023-06
plazas_ocupacion,Nacional. Grado de ocupación por plazas en fin de semana. 08019-Barcelona.,Porcentaje,2023,M08,False,2023-07-31 22:00:00+00:00,82.63,2023-07
plazas_ocupacion,Nacional. Grado de ocupación por plazas en fin de semana. 08019-Barcelona.,Porcentaje,2023,M09,False,2023-08-31 22:00:00+00:00,77.3,2023-08
plazas_ocupacion,Nacional. Grado de ocupación por plazas en fin de semana. 08019-Barcelona.,Porcentaje,2023,M10,False,2023-09-30 22:00:00+00:00,78.85,2023-09
plazas_ocupacion,Nacional. Grado de ocupación por plazas en fin de semana. 08019-Barcelona.,Porcentaje,2023,M11,False,2023-10-31 23:00:00+00:00,70.87,2023-10
plazas_ocupacion,Nacional. Grado de ocupación por plazas en fin de semana. 08019-Barcelona.,Porcentaje,2023,M12,False,2023-11-30 23:00:00+00:00,61.62,2023-11
plazas_ocupacion,Nacional. Grado de ocupación por plazas en fin de semana. 08019-Barcelona.,Porcentaje,2024,M01,False,2023-12-31 23:00:00+00:00,58.01,2023-12
plazas_ocupacion,Nacional. Grado de ocupación por plazas en fin de semana. 08019-Barcelona.,Porcentaje,2024,M02,False,2024-01-31 23:00:00+00:00,68.56,2024-01
plazas_ocupacion,Nacional. Grado de ocupación por plazas en fin de semana. 08019-Barcelona.,Porcentaje,2024,M03,False,2024-02-29 23:00:00+00:00,72.39,2024-02
plazas_ocupacion,Nacional. Grado de ocupación por plazas en fin de semana. 08019-Barcelona.,Porcentaje,2024,M04,False,2024-03-31 22:00:00+00:00,76.24,2024-03
plazas_ocupacion,Nacional. Grado de ocupación por plazas en fin de semana. 08019-Barcelona.,Porcentaje,2024,M05,False,2024-04-30 22:00:00+00:00,81.16,2024-04
plazas_ocupacion,Nacional. Grado de ocupación por plazas en fin de semana. 08019-Barcelona.,Porcentaje,2024,M06,False,2024-05-31 22:00:00+00:00,77.81,2024-05
plazas_ocupacion,Nacional. Grado de ocupación por plazas en fin de semana. 08019-Barcelona.,Porcentaje,2024,M07,False,2024-06-30 22:00:00+00:00,80.38,2024-06
plazas_ocupacion,Nacional. Grado de ocupación por plazas en fin de semana. 08019-Barcelona.,Porcentaje,2024,M08,False,2024-07-31 22:00:00+00:00,81.0,2024-07
plazas_ocupacion,Nacional. Grado de ocupación por plazas en fin de semana. 08019-Barcelona.,Porcentaje,2024,M09,False,2024-08-31 22:00:00+00:00,72.67,2024-08
plazas_ocupacion,Nacional. Grado de ocupación por plazas en fin de semana. 08019-Barcelona.,Porcentaje,2024,M10,False,2024-09-30 22:00:00+00:00,74.55,2024-09
plazas_ocupacion,Nacional. Grado de ocupación por plazas en fin de semana. 08019-Barcelona.,Porcentaje,2024,M11,False,2024-10-31 23:00:00+00:00,67.23,2024-10
plazas_ocupacion,Nacional. Grado de ocupación por plazas en fin de semana. 08019-Barcelona.,Porcentaje,2024,M12,False,2024-11-30 23:00:00+00:00,61.53,2024-11
plazas_ocupacion,Nacional. Grado de ocupación por plazas en fin de semana. 08019-Barcelona.,Porcentaje,2025,M01,False,2024-12-31 23:00:00+00:00,58.18,2024-12
plazas_ocupacion,Nacional. Grado de ocupación por plazas en fin de semana. 08019-Barcelona.,Porcentaje,2025,M02,False,2025-01-31 23:00:00+00:00,66.21,2025-01
plazas_ocupacion,Nacional. Grado de ocupación por plazas en fin de semana. 08019-Barcelona.,Porcentaje,2025,M03,False,2025-02-28 23:00:00+00:00,69.71,2025-02
plazas_ocupacion,Nacional. Grado de ocupación por plazas en fin de semana. 08019-Barcelona.,Porcentaje,2025,M04,False,2025-03-31 22:00:00+00:00,74.07,2025-03
plazas_ocupacion,Nacional. Grado de ocupación por plazas en fin de semana. 08019-Barcelona.,Porcentaje,2025,M05,False,2025-04-30 22:00:00+00:00,76.11,2025-04
plazas_ocupacion,Nacional. Grado de ocupación por plazas en fin de semana. 08019-Barcelona.,Porcentaje,2025,M06,False,2025-05-31 22:00:00+00:00,77.1,2025-05
plazas_ocupacion,Nacional. Grado de ocupación por plazas en fin de semana. 08019-Barcelona.,Porcentaje,2025,M07,False,2025-06-30 22:00:00+00:00,78.2,2025-06
plazas_ocupacion,Nacional. Grado de ocupación por plazas en fin de semana. 08019-Barcelona.,Porcentaje,2025,M08,True,2025-07-31 22:00:00+00:00,79.74,2025-07
plazas_ocupacion,Nacional. Grado de ocupación por plazas en fin de semana. 08019-Barcelona.,Porcentaje,2025,M09,True,2025-08-31 22:00:00+00:00,74.62,2025-08
plazas_ocupacion,Nacional. Grado de ocupación por plazas en fin de semana. 08019-Barcelona.,Porcentaje,2025,M10,True,2025-09-30 22:00:00+00:00,73.4,2025-09
plazas_ocupacion,Nacional. Grado de ocupación por plazas en fin de semana. 08019-Barcelona.,Porcentaje,2025,M11,True,2025-10-31 23:00:00+00:00,68.91,2025-10
plazas_ocupacion,Nacional. Grado de ocupación por plazas en fin de semana. 08019-Barcelona.,Porcentaje,2025,M12,True,2025-11-30 23:00:00+00:00,62.48,2025-11
plazas_ocupacion,Nacional. Grado de ocupación por plazas en fin de semana. 08019-Barcelona.,Porcentaje,2026,M01,True,2025-12-31 23:00:00+00:00,61.25,2025-12
plazas_ocupacion,Nacional. Grado de ocupación por plazas en fin de semana. 08019-Barcelona.,Porcentaje,2026,M02,True,2026-01-31 23:00:00+00:00,67.75,2026-01
plazas_ocupacion,Nacional. Grado de ocupación por plazas en fin de semana. 08019-Barcelona.,Porcentaje,2026,M03,True,2026-02-28 23:00:00+00:00,68.73,2026-02
plazas_ocupacion,Nacional. Grado de ocupación por plazas en fin de semana. 08019-Barcelona.,Porcentaje,2026,M04,True,2026-03-31 22:00:00+00:00,77.06,2026-03
plazas_ocupacion,Nacional. Grado de ocupación por plazas en fin de semana. 08019-Barcelona.,Porcentaje,2026,M05,True,2026-04-30 22:00:00+00:00,75.47,2026-04
plazas_ocupacion,Nacional. Grado de ocupación por plazas en fin de semana. 08019-Barcelona.,Porcentaje,2026,M06,True,2026-05-31 22:00:00+00:00,75.69,2026-05
plazas_ocupacion,Nacional. Grado de ocupación por plazas en fin de semana. 08019-Barcelona.,Porcentaje,2026,M07,True,2026-06-30 22:00:00+00:00,79.88,2026-06
plazas_ocupacion,Nacional. Grado de ocupación por plazas. Barcelona.,Porcentaje,2020,M08,False,2020-07-31 22:00:00+00:00,21.04,2020-07
plazas_ocupacion,Nacional. Grado de ocupación por plazas. Barcelona.,Porcentaje,2020,M09,False,2020-08-31 22:00:00+00:00,15.67,2020-08
plazas_ocupacion,Nacional. Grado de ocupación por plazas. Barcelona.,Porcentaje,2020,M10,False,2020-09-30 22:00:00+00:00,13.16,2020-09
plazas_ocupacion,Nacional. Grado de ocupación por plazas. Barcelona.,Porcentaje,2020,M11,False,2020-10-31 23:00:00+00:00,10.14,2020-10
plazas_ocupacion,Nacional. Grado de ocupación por plazas. Barcelona.,Porcentaje,2020,M12,False,2020-11-30 23:00:00+00:00,14.57,2020-11
plazas_ocupacion,Nacional. Grado de ocupación por plazas. Barcelona.,Porcentaje,2021,M01,False,2020-12-31 23:00:00+00:00,13.87,2020-12
plazas_ocupacion,Nacional. Grado de ocupación por plazas. Barcelona.,Porcentaje,2021,M02,False,2021-01-31 23:00:00+00:00,17.44,2021-01
plazas_ocupacion,Nacional. Grado de ocupación por plazas. Barcelona.,Porcentaje,2021,M03,False,2021-02-28 23:00:00+00:00,19.35,2021-02
plazas_ocupacion,Nacional. Grado de ocupación por plazas. Barcelona.,Porcentaje,2021,M04,False,2021-03-31 22:00:00+00:00,20.74,2021-03
plazas_ocupacion,Nacional. Grado de ocupación por plazas. Barcelona.,Porcentaje,2021,M05,False,2021-04-30 22:00:00+00:00,28.01,2021-04
plazas_ocupacion,Nacional. Grado de ocupación por plazas. Barcelona.,Porcentaje,2021,M06,False,2021-05-31 22:00:00+00:00,33.76,2021-05
plazas_ocupacion,Nacional. Grado de ocupación por plazas. Barcelona.,Porcentaje,2021,M07,False,2021-06-30 22:00:00+00:00,48.03,2021-06
plazas_ocupacion,Nacional. Grado de ocupación por plazas. Barcelona.,Porcentaje,2021,M08,False,2021-07-31 22:00:00+00:00,61.05,2021-07
plazas_ocupacion,Nacional. Grado de ocupación por plazas. Barcelona.,Porcentaje,2021,M09,False,2021-08-31 22:00:00+00:00,50.72,2021-08
plazas_ocupacion,Nacional. Grado de ocupación por plazas. Barcelona.,Porcentaje,2021,M10,False,2021-09-30 22:00:00+00:00,57.22,2021-09
plazas_ocupacion,Nacional. Grado de ocupación por plazas. Barcelona.,Porcentaje,2021,M11,False,2021-10-31 23:00:00+00:00,51.05,2021-10
plazas_ocupacion,Nacional. Grado de ocupación por plazas. Barcelona.,Porcentaje,2021,M12,False,2021-11-30 23:00:00+00:00,42.17,2021-11
plazas_ocupacion,Nacional. Grado de ocupación por plazas. Barcelona.,Porcentaje,2022,M01,False,2021-12-31 23:00:00+00:00,31.43,2021-12
plazas_ocupacion,Nacional. Grado de ocupación por plazas. Barcelona.,Porcentaje,2022,M02,False,2022-01-31 23:00:00+00:00,48.38,2022-01
plazas_ocupacion,Nacional. Grado de ocupación por plazas. Barcelona.,Porcentaje,2022,M03,False,2022-02-28 23:00:00+00:00,56.82,2022-02
plazas_ocupacion,Nacional. Grado de ocupación por plazas. Barcelona.,Porcentaje,2022,M04,False,2022-03-31 22:00:00+00:00,72.44,2022-03
plazas_ocupacion,Nacional. Grado de ocupación por plazas. Barcelona.,Porcentaje,2022,M05,False,2022-04-30 22:00:00+00:00,72.83,2022-04
plazas_ocupacion,Nacional. Grado de ocupación por plazas. Barcelona.,Porcentaje,2022,M06,False,2022-05-31 22:00:00+00:00,76.62,2022-05
plazas_ocupacion,Nacional. Grado de ocupación por plazas. Barcelona.,Porcentaje,2022,M07,False,2022-06-30 22:00:00+00:00,78.05,2022-06
plazas_ocupacion,Nacional. Grado de ocupación por plazas. Barcelona.,Porcentaje,2022,M08,False,2022-07-31 22:00:00+00:00,78.46,2022-07
plazas_ocupacion,Nacional. Grado de ocupación por plazas. Barcelona.,Porcentaje,2022,M09,False,2022-08-31 22:00:00+00:00,72.51,2022-08
plazas_ocupacion,Nacional. Grado de ocupación por plazas. Barcelona.,Porcentaje,2022,M10,False,2022-09-30 22:00:00+00:00,73.47,2022-09
plazas_ocupacion,Nacional. Grado de ocupación por plazas. Barcelona.,Porcentaje,2022,M11,False,2022-10-31 23:00:00+00:00,59.49,2022-10
plazas_ocupacion,Nacional. Grado de ocupación por plazas. Barcelona.,Porcentaje,2022,M12,False,2022-11-30 23:00:00+00:00,51.22,2022-11
plazas_ocupacion,Nacional. Grado de ocupación por plazas. Barcelona.,Porcentaje,2023,M01,False,2022-12-31 23:00:00+00:00,50.64,2022-12
plazas_ocupacion,Nacional. Grado de ocupación por plazas. Barcelona.,Porcentaje,2023,M02,False,2023-01-31 23:00:00+00:00,62.01,2023-01
plazas_ocupacion,Nacional. Grado de ocupación por plazas. Barcelona.,Porcentaje,2023,M03,False,2023-02-28 23:00:00+00:00,65.39,2023-02
plazas_ocupacion,Nacional. Grado de ocupación por plazas. Barcelona.,Porcentaje,2023,M04,False,2023-03-31 22:00:00+00:00,75.28,2023-03
plazas_ocupacion,Nacional. Grado de ocupación por plazas. Barcelona.,Porcentaje,2023,M05,False,2023-04-30 22:00:00+00:00,73.77,2023-04
plazas_ocupacion,Nacional. Grado de ocupación por plazas. Barcelona.,Porcentaje,2023,M06,False,2023-05-31 22:00:00+00:00,74.18,2023-05
plazas_ocupacion,Nacional. Grado de ocupación por plazas. Barcelona.,Porcentaje,2023,M07,False,2023-06-30 22:00:00+00:00,79.25,2023-06
plazas_ocupacion,Nacional. Grado de ocupación por plazas. Barcelona.,Porcentaje,2023,M08,False,2023-07-31 22:00:00+00:00,79.98,2023-07
plazas_ocupacion,Nacional. Grado de ocupación por plazas. Barcelona.,Porcentaje,2023,M09,False,2023-08-31 22:00:00+00:00,73.5,2023-08
plazas_ocupacion,Nacional. Grado de ocupación por plazas. Barcelona.,Porcentaje,2023,M10,False,2023-09-30 22:00:00+00:00,72.68,2023-09
plazas_ocupacion,Nacional. Grado de ocupación por plazas. Barcelona.,Porcentaje,2023,M11,False,2023-10-31 23:00:00+00:00,63.54,2023-10
plazas_ocupacion,Nacional. Grado de ocupación por plazas. Barcelona.,Porcentaje,2023,M12,False,2023-11-30 23:00:00+00:00,53.9,2023-11
plazas_ocupacion,Nacional. Grado de ocupación por plazas. Barcelona.,Porcentaje,2024,M01,False,2023-12-31 23:00:00+00:00,52.55,2023-12
plazas_ocupacion,Nacional. Grado de ocupación por plazas. Barcelona.,Porcentaje,2024,M02,False,2024-01-31 23:00:00+00:00,62.37,2024-01
plazas_ocupacion,Nacional. Grado de ocupación por plazas. Barcelona.,Porcentaje,2024,M03,False,2024-02-29 23:00:00+00:00,67.29,2024-02
plazas_ocupacion,Nacional. Grado de ocupación por plazas. Barcelona.,Porcentaje,2024,M04,False,2024-03-31 22:00:00+00:00,71.61,2024-03
plazas_ocupacion,Nacional. Grado de ocupación por plazas. Barcelona.,Porcentaje,2024,M05,False,2024-04-30 22:00:00+00:00,75.05,2024-04
plazas_ocupacion,Nacional. Grado de ocupación por plazas. Barcelona.,Porcentaje,2024,M06,False,2024-05-31 22:00:00+00:00,74.07,2024-05
plazas_ocupacion,Nacional. Grado de ocupación por plazas. Barcelona.,Porcentaje,2024,M07,False,2024-06-30 22:00:00+00:00,76.39,2024-06
plazas_ocupacion,Nacional. Grado de ocupación por plazas. Barcelona.,Porcentaje,2024,M08,False,2024-07-31 22:00:00+00:00,78.81,2024-07
plazas_ocupacion,Nacional. Grado de ocupación por plazas. Barcelona.,Porcentaje,2024,M09,False,2024-08-31 22:00:00+00:00,69.5,2024-08
plazas_ocupacion,Nacional. Grado de ocupación por plazas. Barcelona.,Porcentaje,2024,M10,False,2024-09-30 22:00:00+00:00,69.94,2024-09
plazas_ocupacion,Nacional. Grado de ocupación por plazas. Barcelona.,Porcentaje,2024,M11,False,2024-10-31 23:00:00+00:00,61.19,2024-10
plazas_ocupacion,Nacional. Grado de ocupación por plazas. Barcelona.,Porcentaje,2024,M12,False,2024-11-30 23:00:00+00:00,53.79,2024-11
plazas_ocupacion,Nacional. Grado de ocupación por plazas. Barcelona.,Porcentaje,2025,M01,False,2024-12-31 23:00:00+00:00,51.63,2024-12
plazas_ocupacion,Nacional. Grado de ocupación por plazas. Barcelona.,Porcentaje,2025,M02,False,2025-01-31 23:00:00+00:00,60.31,2025-01
plazas_ocupacion,Nacional. Grado de ocupación por plazas. Barcelona.,Porcentaje,2025,M03,False,2025-02-28 23:00:00+00:00,62.99,2025-02
plazas_ocupacion,Nacional. Grado de ocupación por plazas. Barcelona.,Porcentaje,2025,M04,False,2025-03-31 22:00:00+00:00,72.42,2025-03
plazas_ocupacion,Nacional. Grado de ocupación por plazas. Barcelona.,Porcentaje,2025,M05,False,2025-04-30 22:00:00+00:00,71.48,2025-04
plazas_ocupacion,Nacional. Grado de ocupación por plazas. Barcelona.,Porcentaje,2025,M06,False,2025-05-31 22:00:00+00:00,72.81,2025-05
plazas_ocupacion,Nacional. Grado de ocupación por plazas. Barcelona.,Porcentaje,2025,M07,False,2025-06-30 22:00:00+00:00,75.8,2025-06
plazas_ocupacion,Nacional. Grado de ocupación por plazas. Barcelona.,Porcentaje,2025,M08,True,2025-07-31 22:00:00+00:00,79.09,2025-07
plazas_ocupacion,Nacional. Grado de ocupación por plazas. Barcelona.,Porcentaje,2025,M09,True,2025-08-31 22:00:00+00:00,70.11,2025-08
plazas_ocupacion,Nacional. Grado de ocupación por plazas. Barcelona.,Porcentaje,2025,M10,True,2025-09-30 22:00:00+00:00,70.92,2025-09
plazas_ocupacion,Nacional. Grado de ocupación por plazas. Barcelona.,Porcentaje,2025,M11,True,2025-10-31 23:00:00+00:00,62.6,2025-10
plazas_ocupacion,Nacional. Grado de ocupación por plazas. Barcelona.,Porcentaje,2025,M12,True,2025-11-30 23:00:00+00:00,55.59,2025-11
plazas_ocupacion,Nacional. Grado de ocupación por plazas. Barcelona.,Porcentaje,2026,M01,True,2025-12-31 23:00:00+00:00,55.73,2025-12
plazas_ocupacion,Nacional. Grado de ocupación por plazas. Barcelona.,Porcentaje,2026,M02,True,2026-01-31 23:00:00+00:00,63.44,2026-01
plazas_ocupacion,Nacional. Grado de ocupación por plazas. Barcelona.,Porcentaje,2026,M03,True,2026-02-28 23:00:00+00:00,64.39,2026-02
plazas_ocupacion,Nacional. Grado de ocupación por plazas. Barcelona.,Porcentaje,2026,M04,True,2026-03-31 22:00:00+00:00,72.08,2026-03
plazas_ocupacion,Nacional. Grado de ocupación por plazas. Barcelona.,Porcentaje,2026,M05,True,2026-04-30 22:00:00+00:00,72.38,2026-04
plazas_ocupacion,Nacional. Grado de ocupación por plazas. Barcelona.,Porcentaje,2026,M06,True,2026-05-31 22:00:00+00:00,71.11,2026-05
plazas_ocupacion,Nacional. Grado de ocupación por plazas. Barcelona.,Porcentaje,2026,M07,True,2026-06-30 22:00:00+00:00,76.97,2026-06
plazas_ocupacion,Nacional. Número de establecimientos abiertos estimados. Barcelona.,Establecimientos,2020,M08,False,2020-07-31 22:00:00+00:00,268.0,2020-07
plazas_ocupacion,Nacional. Número de establecimientos abiertos estimados. Barcelona.,Establecimientos,2020,M09,False,2020-08-31 22:00:00+00:00,256.0,2020-08
plazas_ocupacion,Nacional. Número de establecimientos abiertos estimados. Barcelona.,Establecimientos,2020,M10,False,2020-09-30 22:00:00+00:00,259.0,2020-09
plazas_ocupacion,Nacional. Número de establecimientos abiertos estimados. Barcelona.,Establecimientos,2020,M11,False,2020-10-31 23:00:00+00:00,220.0,2020-10
plazas_ocupacion,Nacional. Número de establecimientos abiertos estimados. Barcelona.,Establecimientos,2020,M12,False,2020-11-30 23:00:00+00:00,209.0,2020-11
plazas_ocupacion,Nacional. Número de establecimientos abiertos estimados. Barcelona.,Establecimientos,2021,M01,False,2020-12-31 23:00:00+00:00,219.0,2020-12
plazas_ocupacion,Nacional. Número de establecimientos abiertos estimados. Barcelona.,Establecimientos,2021,M02,False,2021-01-31 23:00:00+00:00,211.0,2021-01
plazas_ocupacion,Nacional. Número de establecimientos abiertos estimados. Barcelona.,Establecimientos,2021,M03,False,2021-02-28 23:00:00+00:00,234.0,2021-02
plazas_ocupacion,Nacional. Número de establecimientos abiertos estimados. Barcelona.,Establecimientos,2021,M04,False,2021-03-31 22:00:00+00:00,271.0,2021-03
plazas_ocupacion,Nacional. Número de establecimientos abiertos estimados. Barcelona.,Establecimientos,2021,M05,False,2021-04-30 22:00:00+00:00,315.0,2021-04
plazas_ocupacion,Nacional. Número de establecimientos abiertos estimados. Barcelona.,Establecimientos,2021,M06,False,2021-05-31 22:00:00+00:00,406.0,2021-05
plazas_ocupacion,Nacional. Número de establecimientos abiertos estimados. Barcelona.,Establecimientos,2021,M07,False,2021-06-30 22:00:00+00:00,463.0,2021-06
plazas_ocupacion,Nacional. Número de establecimientos abiertos estimados. Barcelona.,Establecimientos,2021,M08,False,2021-07-31 22:00:00+00:00,502.0,2021-07
plazas_ocupacion,Nacional. Número de establecimientos abiertos estimados. Barcelona.,Establecimientos,2021,M09,False,2021-08-31 22:00:00+00:00,515.0,2021-08
plazas_ocupacion,Nacional. Número de establecimientos abiertos estimados. Barcelona.,Establecimientos,2021,M10,False,2021-09-30 22:00:00+00:00,553.0,2021-09
plazas_ocupacion,Nacional. Número de establecimientos abiertos estimados. Barcelona.,Establecimientos,2021,M11,False,2021-10-31 23:00:00+00:00,547.0,2021-10
plazas_ocupacion,Nacional. Número de establecimientos abiertos estimados. Barcelona.,Establecimientos,2021,M12,False,2021-11-30 23:00:00+00:00,538.0,2021-11
plazas_ocupacion,Nacional. Número de establecimientos abiertos estimados. Barcelona.,Establecimientos,2022,M01,False,2021-12-31 23:00:00+00:00,555.0,2021-12
plazas_ocupacion,Nacional. Número de establecimientos abiertos estimados. Barcelona.,Establecimientos,2022,M02,False,2022-01-31 23:00:00+00:00,591.0,2022-01
plazas_ocupacion,Nacional. Número de establecimientos abiertos estimados. Barcelona.,Establecimientos,2022,M03,False,2022-02-28 23:00:00+00:00,623.0,2022-02
plazas_ocupacion,Nacional. Número de establecimientos abiertos estimados. Barcelona.,Establecimientos,2022,M04,False,2022-03-31 22:00:00+00:00,628.0,2022-03
plazas_ocupacion,Nacional. Número de establecimientos abiertos estimados. Barcelona.,Establecimientos,2022,M05,False,2022-04-30 22:00:00+00:00,643.0,2022-04
plazas_ocupacion,Nacional. Número de establecimientos abiertos estimados. Barcelona.,Establecimientos,2022,M06,False,2022-05-31 22:00:00+00:00,645.0,2022-05
plazas_ocupacion,Nacional. Número de establecimientos abiertos estimados. Barcelona.,Establecimientos,2022,M07,False,2022-06-30 22:00:00+00:00,646.0,2022-06
plazas_ocupacion,Nacional. Número de establecimientos abiertos estimados. Barcelona.,Establecimientos,2022,M08,False,2022-07-31 22:00:00+00:00,648.0,2022-07
plazas_ocupacion,Nacional. Número de establecimientos abiertos estimados. Barcelona.,Establecimientos,2022,M09,False,2022-08-31 22:00:00+00:00,648.0,2022-08
plazas_ocupacion,Nacional. Número de establecimientos abiertos estimados. Barcelona.,Establecimientos,2022,M10,False,2022-09-30 22:00:00+00:00,645.0,2022-09
plazas_ocupacion,Nacional. Número de establecimientos abiertos estimados. Barcelona.,Establecimientos,2022,M11,False,2022-10-31 23:00:00+00:00,637.0,2022-10
plazas_ocupacion,Nacional. Número de establecimientos abiertos estimados. Barcelona.,Establecimientos,2022,M12,False,2022-11-30 23:00:00+00:00,634.0,2022-11
plazas_ocupacion,Nacional. Número de establecimientos abiertos estimados. Barcelona.,Establecimientos,2023,M01,False,2022-12-31 23:00:00+00:00,632.0,2022-12
plazas_ocupacion,Nacional. Número de establecimientos abiertos estimados. Barcelona.,Establecimientos,2023,M02,False,2023-01-31 23:00:00+00:00,654.0,2023-01
plazas_ocupacion,Nacional. Número de establecimientos abiertos estimados. Barcelona.,Establecimientos,2023,M03,False,2023-02-28 23:00:00+00:00,663.0,2023-02
plazas_ocupacion,Nacional. Número de establecimientos abiertos estimados. Barcelona.,Establecimientos,2023,M04,False,2023-03-31 22:00:00+00:00,660.0,2023-03
plazas_ocupacion,Nacional. Número de establecimientos abiertos estimados. Barcelona.,Establecimientos,2023,M05,False,2023-04-30 22:00:00+00:00,661.0,2023-04
plazas_ocupacion,Nacional. Número de establecimientos abiertos estimados. Barcelona.,Establecimientos,2023,M06,False,2023-05-31 22:00:00+00:00,667.0,2023-05
plazas_ocupacion,Nacional. Número de establecimientos abiertos estimados. Barcelona.,Establecimientos,2023,M07,False,2023-06-30 22:00:00+00:00,655.0,2023-06
plazas_ocupacion,Nacional. Número de establecimientos abiertos estimados. Barcelona.,Establecimientos,2023,M08,False,2023-07-31 22:00:00+00:00,658.0,2023-07
plazas_ocupacion,Nacional. Número de establecimientos abiertos estimados. Barcelona.,Establecimientos,2023,M09,False,2023-08-31 22:00:00+00:00,669.0,2023-08
plazas_ocupacion,Nacional. Número de establecimientos abiertos estimados. Barcelona.,Establecimientos,2023,M10,False,2023-09-30 22:00:00+00:00,669.0,2023-09
plazas_ocupacion,Nacional. Número de establecimientos abiertos estimados. Barcelona.,Establecimientos,2023,M11,False,2023-10-31 23:00:00+00:00,649.0,2023-10
plazas_ocupacion,Nacional. Número de establecimientos abiertos estimados. Barcelona.,Establecimientos,2023,M12,False,2023-11-30 23:00:00+00:00,636.0,2023-11
plazas_ocupacion,Nacional. Número de establecimientos abiertos estimados. Barcelona.,Establecimientos,2024,M01,False,2023-12-31 23:00:00+00:00,628.0,2023-12
plazas_ocupacion,Nacional. Número de establecimientos abiertos estimados. Barcelona.,Establecimientos,2024,M02,False,2024-01-31 23:00:00+00:00,639.0,2024-01
plazas_ocupacion,Nacional. Número de establecimientos abiertos estimados. Barcelona.,Establecimientos,2024,M03,False,2024-02-29 23:00:00+00:00,676.0,2024-02
plazas_ocupacion,Nacional. Número de establecimientos abiertos estimados. Barcelona.,Establecimientos,2024,M04,False,2024-03-31 22:00:00+00:00,678.0,2024-03
plazas_ocupacion,Nacional. Número de establecimientos abiertos estimados. Barcelona.,Establecimientos,2024,M05,False,2024-04-30 22:00:00+00:00,677.0,2024-04
plazas_ocupacion,Nacional. Número de establecimientos abiertos estimados. Barcelona.,Establecimientos,2024,M06,False,2024-05-31 22:00:00+00:00,677.0,2024-05
plazas_ocupacion,Nacional. Número de establecimientos abiertos estimados. Barcelona.,Establecimientos,2024,M07,False,2024-06-30 22:00:00+00:00,676.0,2024-06
plazas_ocupacion,Nacional. Número de establecimientos abiertos estimados. Barcelona.,Establecimientos,2024,M08,False,2024-07-31 22:00:00+00:00,676.0,2024-07
plazas_ocupacion,Nacional. Número de establecimientos abiertos estimados. Barcelona.,Establecimientos,2024,M09,False,2024-08-31 22:00:00+00:00,685.0,2024-08
plazas_ocupacion,Nacional. Número de establecimientos abiertos estimados. Barcelona.,Establecimientos,2024,M10,False,2024-09-30 22:00:00+00:00,692.0,2024-09
plazas_ocupacion,Nacional. Número de establecimientos abiertos estimados. Barcelona.,Establecimientos,2024,M11,False,2024-10-31 23:00:00+00:00,675.0,2024-10
plazas_ocupacion,Nacional. Número de establecimientos abiertos estimados. Barcelona.,Establecimientos,2024,M12,False,2024-11-30 23:00:00+00:00,671.0,2024-11
plazas_ocupacion,Nacional. Número de establecimientos abiertos estimados. Barcelona.,Establecimientos,2025,M01,False,2024-12-31 23:00:00+00:00,659.0,2024-12
plazas_ocupacion,Nacional. Número de establecimientos abiertos estimados. Barcelona.,Establecimientos,2025,M02,False,2025-01-31 23:00:00+00:00,673.0,2025-01
plazas_ocupacion,Nacional. Número de establecimientos abiertos estimados. Barcelona.,Establecimientos,2025,M03,False,2025-02-28 23:00:00+00:00,669.0,2025-02
plazas_ocupacion,Nacional. Número de establecimientos abiertos estimados. Barcelona.,Establecimientos,2025,M04,False,2025-03-31 22:00:00+00:00,671.0,2025-03
plazas_ocupacion,Nacional. Número de establecimientos abiertos estimados. Barcelona.,Establecimientos,2025,M05,False,2025-04-30 22:00:00+00:00,685.0,2025-04
plazas_ocupacion,Nacional. Número de establecimientos abiertos estimados. Barcelona.,Establecimientos,2025,M06,False,2025-05-31 22:00:00+00:00,683.0,2025-05
plazas_ocupacion,Nacional. Número de establecimientos abiertos estimados. Barcelona.,Establecimientos,2025,M07,False,2025-06-30 22:00:00+00:00,673.0,2025-06
plazas_ocupacion,Nacional. Número de establecimientos abiertos estimados. Barcelona.,Establecimientos,2025,M08,True,2025-07-31 22:00:00+00:00,663.0,2025-07
plazas_ocupacion,Nacional. Número de establecimientos abiertos estimados. Barcelona.,Establecimientos,2025,M09,True,2025-08-31 22:00:00+00:00,672.0,2025-08
plazas_ocupacion,Nacional. Número de establecimientos abiertos estimados. Barcelona.,Establecimientos,2025,M10,True,2025-09-30 22:00:00+00:00,676.0,2025-09
plazas_ocupacion,Nacional. Número de establecimientos abiertos estimados. Barcelona.,Establecimientos,2025,M11,True,2025-10-31 23:00:00+00:00,665.0,2025-10
plazas_ocupacion,Nacional. Número de establecimientos abiertos estimados. Barcelona.,Establecimientos,2025,M12,True,2025-11-30 23:00:00+00:00,664.0,2025-11
plazas_ocupacion,Nacional. Número de establecimientos abiertos estimados. Barcelona.,Establecimientos,2026,M01,True,2025-12-31 23:00:00+00:00,640.0,2025-12
plazas_ocupacion,Nacional. Número de establecimientos abiertos estimados. Barcelona.,Establecimientos,2026,M02,True,2026-01-31 23:00:00+00:00,649.0,2026-01
plazas_ocupacion,Nacional. Número de establecimientos abiertos estimados. Barcelona.,Establecimientos,2026,M03,True,2026-02-28 23:00:00+00:00,660.0,2026-02
plazas_ocupacion,Nacional. Número de establecimientos abiertos estimados. Barcelona.,Establecimientos,2026,M04,True,2026-03-31 22:00:00+00:00,669.0,2026-03
plazas_ocupacion,Nacional. Número de establecimientos abiertos estimados. Barcelona.,Establecimientos,2026,M05,True,2026-04-30 22:00:00+00:00,673.0,2026-04
plazas_ocupacion,Nacional. Número de establecimientos abiertos estimados. Barcelona.,Establecimientos,2026,M06,True,2026-05-31 22:00:00+00:00,686.0,2026-05
plazas_ocupacion,Nacional. Número de establecimientos abiertos estimados. Barcelona.,Establecimientos,2026,M07,True,2026-06-30 22:00:00+00:00,680.0,2026-06
plazas_ocupacion,Nacional. Número de plazas estimadas. Barcelona.,Plazas,2020,M08,False,2020-07-31 22:00:00+00:00,34918.0,2020-07
plazas_ocupacion,Nacional. Número de plazas estimadas. Barcelona.,Plazas,2020,M09,False,2020-08-31 22:00:00+00:00,37100.0,2020-08
plazas_ocupacion,Nacional. Número de plazas estimadas. Barcelona.,Plazas,2020,M10,False,2020-09-30 22:00:00+00:00,37294.0,2020-09
plazas_ocupacion,Nacional. Número de plazas estimadas. Barcelona.,Plazas,2020,M11,False,2020-10-31 23:00:00+00:00,30404.0,2020-10
plazas_ocupacion,Nacional. Número de plazas estimadas. Barcelona.,Plazas,2020,M12,False,2020-11-30 23:00:00+00:00,29669.0,2020-11
plazas_ocupacion,Nacional. Número de plazas estimadas. Barcelona.,Plazas,2021,M01,False,2020-12-31 23:00:00+00:00,28910.0,2020-12
plazas_ocupacion,Nacional. Número de plazas estimadas. Barcelona.,Plazas,2021,M02,False,2021-01-31 23:00:00+00:00,28869.0,2021-01
plazas_ocupacion,Nacional. Número de plazas estimadas. Barcelona.,Plazas,2021,M03,False,2021-02-28 23:00:00+00:00,30151.0,2021-02
plazas_ocupacion,Nacional. Número de plazas estimadas. Barcelona.,Plazas,2021,M04,False,2021-03-31 22:00:00+00:00,33868.0,2021-03
plazas_ocupacion,Nacional. Número de plazas estimadas. Barcelona.,Plazas,2021,M05,False,2021-04-30 22:00:00+00:00,41481.0,2021-04
plazas_ocupacion,Nacional. Número de plazas estimadas. Barcelona.,Plazas,2021,M06,False,2021-05-31 22:00:00+00:00,54228.0,2021-05
plazas_ocupacion,Nacional. Número de plazas estimadas. Barcelona.,Plazas,2021,M07,False,2021-06-30 22:00:00+00:00,63956.0,2021-06
plazas_ocupacion,Nacional. Número de plazas estimadas. Barcelona.,Plazas,2021,M08,False,2021-07-31 22:00:00+00:00,67979.0,2021-07
plazas_ocupacion,Nacional. Número de plazas estimadas. Barcelona.,Plazas,2021,M09,False,2021-08-31 22:00:00+00:00,69513.0,2021-08
plazas_ocupacion,Nacional. Número de plazas estimadas. Barcelona.,Plazas,2021,M10,False,2021-09-30 22:00:00+00:00,72722.0,2021-09
plazas_ocupacion,Nacional. Número de plazas estimadas. Barcelona.,Plazas,2021,M11,False,2021-10-31 23:00:00+00:00,73009.0,2021-10
plazas_ocupacion,Nacional. Número de plazas estimadas. Barcelona.,Plazas,2021,M12,False,2021-11-30 23:00:00+00:00,74284.0,2021-11
plazas_ocupacion,Nacional. Número de plazas estimadas. Barcelona.,Plazas,2022,M01,False,2021-12-31 23:00:00+00:00,75594.0,2021-12
plazas_ocupacion,Nacional. Número de plazas estimadas. Barcelona.,Plazas,2022,M02,False,2022-01-31 23:00:00+00:00,77310.0,2022-01
plazas_ocupacion,Nacional. Número de plazas estimadas. Barcelona.,Plazas,2022,M03,False,2022-02-28 23:00:00+00:00,81193.0,2022-02
plazas_ocupacion,Nacional. Número de plazas estimadas. Barcelona.,Plazas,2022,M04,False,2022-03-31 22:00:00+00:00,81730.0,2022-03
plazas_ocupacion,Nacional. Número de plazas estimadas. Barcelona.,Plazas,2022,M05,False,2022-04-30 22:00:00+00:00,83138.0,2022-04
plazas_ocupacion,Nacional. Número de plazas estimadas. Barcelona.,Plazas,2022,M06,False,2022-05-31 22:00:00+00:00,83746.0,2022-05
plazas_ocupacion,Nacional. Número de plazas estimadas. Barcelona.,Plazas,2022,M07,False,2022-06-30 22:00:00+00:00,84332.0,2022-06
plazas_ocupacion,Nacional. Número de plazas estimadas. Barcelona.,Plazas,2022,M08,False,2022-07-31 22:00:00+00:00,84317.0,2022-07
plazas_ocupacion,Nacional. Número de plazas estimadas. Barcelona.,Plazas,2022,M09,False,2022-08-31 22:00:00+00:00,84307.0,2022-08
plazas_ocupacion,Nacional. Número de plazas estimadas. Barcelona.,Plazas,2022,M10,False,2022-09-30 22:00:00+00:00,84436.0,2022-09
plazas_ocupacion,Nacional. Número de plazas estimadas. Barcelona.,Plazas,2022,M11,False,2022-10-31 23:00:00+00:00,84470.0,2022-10
plazas_ocupacion,Nacional. Número de plazas estimadas. Barcelona.,Plazas,2022,M12,False,2022-11-30 23:00:00+00:00,84488.0,2022-11
plazas_ocupacion,Nacional. Número de plazas estimadas. Barcelona.,Plazas,2023,M01,False,2022-12-31 23:00:00+00:00,84651.0,2022-12
plazas_ocupacion,Nacional. Número de plazas estimadas. Barcelona.,Plazas,2023,M02,False,2023-01-31 23:00:00+00:00,84887.0,2023-01
plazas_ocupacion,Nacional. Número de plazas estimadas. Barcelona.,Plazas,2023,M03,False,2023-02-28 23:00:00+00:00,85093.0,2023-02
plazas_ocupacion,Nacional. Número de plazas estimadas. Barcelona.,Plazas,2023,M04,False,2023-03-31 22:00:00+00:00,85393.0,2023-03
plazas_ocupacion,Nacional. Número de plazas estimadas. Barcelona.,Plazas,2023,M05,False,2023-04-30 22:00:00+00:00,85494.0,2023-04
plazas_ocupacion,Nacional. Número de plazas estimadas. Barcelona.,Plazas,2023,M06,False,2023-05-31 22:00:00+00:00,85671.0,2023-05
plazas_ocupacion,Nacional. Número de plazas estimadas. Barcelona.,Plazas,2023,M07,False,2023-06-30 22:00:00+00:00,85537.0,2023-06
plazas_ocupacion,Nacional. Número de plazas estimadas. Barcelona.,Plazas,2023,M08,False,2023-07-31 22:00:00+00:00,85728.0,2023-07
plazas_ocupacion,Nacional. Número de plazas estimadas. Barcelona.,Plazas,2023,M09,False,2023-08-31 22:00:00+00:00,85890.0,2023-08
plazas_ocupacion,Nacional. Número de plazas estimadas. Barcelona.,Plazas,2023,M10,False,2023-09-30 22:00:00+00:00,85979.0,2023-09
plazas_ocupacion,Nacional. Número de plazas estimadas. Barcelona.,Plazas,2023,M11,False,2023-10-31 23:00:00+00:00,84440.0,2023-10
plazas_ocupacion,Nacional. Número de plazas estimadas. Barcelona.,Plazas,2023,M12,False,2023-11-30 23:00:00+00:00,83763.0,2023-11
plazas_ocupacion,Nacional. Número de plazas estimadas. Barcelona.,Plazas,2024,M01,False,2023-12-31 23:00:00+00:00,83277.0,2023-12
plazas_ocupacion,Nacional. Número de plazas estimadas. Barcelona.,Plazas,2024,M02,False,2024-01-31 23:00:00+00:00,84606.0,2024-01
plazas_ocupacion,Nacional. Número de plazas estimadas. Barcelona.,Plazas,2024,M03,False,2024-02-29 23:00:00+00:00,86657.0,2024-02
plazas_ocupacion,Nacional. Número de plazas estimadas. Barcelona.,Plazas,2024,M04,False,2024-03-31 22:00:00+00:00,86902.0,2024-03
plazas_ocupacion,Nacional. Número de plazas estimadas. Barcelona.,Plazas,2024,M05,False,2024-04-30 22:00:00+00:00,86863.0,2024-04
plazas_ocupacion,Nacional. Número de plazas estimadas. Barcelona.,Plazas,2024,M06,False,2024-05-31 22:00:00+00:00,86899.0,2024-05
plazas_ocupacion,Nacional. Número de plazas estimadas. Barcelona.,Plazas,2024,M07,False,2024-06-30 22:00:00+00:00,86984.0,2024-06
plazas_ocupacion,Nacional. Número de plazas estimadas. Barcelona.,Plazas,2024,M08,False,2024-07-31 22:00:00+00:00,86880.0,2024-07
plazas_ocupacion,Nacional. Número de plazas estimadas. Barcelona.,Plazas,2024,M09,False,2024-08-31 22:00:00+00:00,87271.0,2024-08
plazas_ocupacion,Nacional. Número de plazas estimadas. Barcelona.,Plazas,2024,M10,False,2024-09-30 22:00:00+00:00,87577.0,2024-09
plazas_ocupacion,Nacional. Número de plazas estimadas. Barcelona.,Plazas,2024,M11,False,2024-10-31 23:00:00+00:00,86541.0,2024-10
plazas_ocupacion,Nacional. Número de plazas estimadas. Barcelona.,Plazas,2024,M12,False,2024-11-30 23:00:00+00:00,86193.0,2024-11
plazas_ocupacion,Nacional. Número de plazas estimadas. Barcelona.,Plazas,2025,M01,False,2024-12-31 23:00:00+00:00,85723.0,2024-12
plazas_ocupacion,Nacional. Número de plazas estimadas. Barcelona.,Plazas,2025,M02,False,2025-01-31 23:00:00+00:00,86182.0,2025-01
plazas_ocupacion,Nacional. Número de plazas estimadas. Barcelona.,Plazas,2025,M03,False,2025-02-28 23:00:00+00:00,86936.0,2025-02
plazas_ocupacion,Nacional. Número de plazas estimadas. Barcelona.,Plazas,2025,M04,False,2025-03-31 22:00:00+00:00,87314.0,2025-03
plazas_ocupacion,Nacional. Número de plazas estimadas. Barcelona.,Plazas,2025,M05,False,2025-04-30 22:00:00+00:00,87753.0,2025-04
plazas_ocupacion,Nacional. Número de plazas estimadas. Barcelona.,Plazas,2025,M06,False,2025-05-31 22:00:00+00:00,87786.0,2025-05
plazas_ocupacion,Nacional. Número de plazas estimadas. Barcelona.,Plazas,2025,M07,False,2025-06-30 22:00:00+00:00,87500.0,2025-06
plazas_ocupacion,Nacional. Número de plazas estimadas. Barcelona.,Plazas,2025,M08,True,2025-07-31 22:00:00+00:00,87389.0,2025-07
plazas_ocupacion,Nacional. Número de plazas estimadas. Barcelona.,Plazas,2025,M09,True,2025-08-31 22:00:00+00:00,87932.0,2025-08
plazas_ocupacion,Nacional. Número de plazas estimadas. Barcelona.,Plazas,2025,M10,True,2025-09-30 22:00:00+00:00,88180.0,2025-09
plazas_ocupacion,Nacional. Número de plazas estimadas. Barcelona.,Plazas,2025,M11,True,2025-10-31 23:00:00+00:00,87711.0,2025-10
plazas_ocupacion,Nacional. Número de plazas estimadas. Barcelona.,Plazas,2025,M12,True,2025-11-30 23:00:00+00:00,87725.0,2025-11
plazas_ocupacion,Nacional. Número de plazas estimadas. Barcelona.,Plazas,2026,M01,True,2025-12-31 23:00:00+00:00,87245.0,2025-12
plazas_ocupacion,Nacional. Número de plazas estimadas. Barcelona.,Plazas,2026,M02,True,2026-01-31 23:00:00+00:00,85852.0,2026-01
plazas_ocupacion,Nacional. Número de plazas estimadas. Barcelona.,Plazas,2026,M03,True,2026-02-28 23:00:00+00:00,87610.0,2026-02
plazas_ocupacion,Nacional. Número de plazas estimadas. Barcelona.,Plazas,2026,M04,True,2026-03-31 22:00:00+00:00,87632.0,2026-03
plazas_ocupacion,Nacional. Número de plazas estimadas. Barcelona.,Plazas,2026,M05,True,2026-04-30 22:00:00+00:00,87999.0,2026-04
plazas_ocupacion,Nacional. Número de plazas estimadas. Barcelona.,Plazas,2026,M06,True,2026-05-31 22:00:00+00:00,89124.0,2026-05
plazas_ocupacion,Nacional. Número de plazas estimadas. Barcelona.,Plazas,2026,M07,True,2026-06-30 22:00:00+00:00,86822.0,2026-06
plazas_ocupacion,Nacional. Personal empleado. Barcelona.,Personas,2020,M08,False,2020-07-31 22:00:00+00:00,3783.0,2020-07
plazas_ocupacion,Nacional. Personal empleado. Barcelona.,Personas,2020,M09,False,2020-08-31 22:00:00+00:00,4100.0,2020-08
plazas_ocupacion,Nacional. Personal empleado. Barcelona.,Personas,2020,M10,False,2020-09-30 22:00:00+00:00,3843.0,2020-09
plazas_ocupacion,Nacional. Personal empleado. Barcelona.,Personas,2020,M11,False,2020-10-31 23:00:00+00:00,2901.0,2020-10
plazas_ocupacion,Nacional. Personal empleado. Barcelona.,Personas,2020,M12,False,2020-11-30 23:00:00+00:00,2988.0,2020-11
plazas_ocupacion,Nacional. Personal empleado. Barcelona.,Personas,2021,M01,False,2020-12-31 23:00:00+00:00,2818.0,2020-12
plazas_ocupacion,Nacional. Personal empleado. Barcelona.,Personas,2021,M02,False,2021-01-31 23:00:00+00:00,2896.0,2021-01
plazas_ocupacion,Nacional. Personal empleado. Barcelona.,Personas,2021,M03,False,2021-02-28 23:00:00+00:00,3021.0,2021-02
plazas_ocupacion,Nacional. Personal empleado. Barcelona.,Personas,2021,M04,False,2021-03-31 22:00:00+00:00,3323.0,2021-03
plazas_ocupacion,Nacional. Personal empleado. Barcelona.,Personas,2021,M05,False,2021-04-30 22:00:00+00:00,4362.0,2021-04
plazas_ocupacion,Nacional. Personal empleado. Barcelona.,Personas,2021,M06,False,2021-05-31 22:00:00+00:00,6298.0,2021-05
plazas_ocupacion,Nacional. Personal empleado. Barcelona.,Personas,2021,M07,False,2021-06-30 22:00:00+00:00,7947.0,2021-06
plazas_ocupacion,Nacional. Personal empleado. Barcelona.,Personas,2021,M08,False,2021-07-31 22:00:00+00:00,8507.0,2021-07
plazas_ocupacion,Nacional. Personal empleado. Barcelona.,Personas,2021,M09,False,2021-08-31 22:00:00+00:00,8881.0,2021-08
plazas_ocupacion,Nacional. Personal empleado. Barcelona.,Personas,2021,M10,False,2021-09-30 22:00:00+00:00,9669.0,2021-09
plazas_ocupacion,Nacional. Personal empleado. Barcelona.,Personas,2021,M11,False,2021-10-31 23:00:00+00:00,9430.0,2021-10
plazas_ocupacion,Nacional. Personal empleado. Barcelona.,Personas,2021,M12,False,2021-11-30 23:00:00+00:00,9724.0,2021-11
plazas_ocupacion,Nacional. Personal empleado. Barcelona.,Personas,2022,M01,False,2021-12-31 23:00:00+00:00,9672.0,2021-12
plazas_ocupacion,Nacional. Personal empleado. Barcelona.,Personas,2022,M02,False,2022-01-31 23:00:00+00:00,10223.0,2022-01
plazas_ocupacion,Nacional. Personal empleado. Barcelona.,Personas,2022,M03,False,2022-02-28 23:00:00+00:00,11022.0,2022-02
plazas_ocupacion,Nacional. Personal empleado. Barcelona.,Personas,2022,M04,False,2022-03-31 22:00:00+00:00,11985.0,2022-03
plazas_ocupacion,Nacional. Personal empleado. Barcelona.,Personas,2022,M05,False,2022-04-30 22:00:00+00:00,12794.0,2022-04
plazas_ocupacion,Nacional. Personal empleado. Barcelona.,Personas,2022,M06,False,2022-05-31 22:00:00+00:00,13158.0,2022-05
plazas_ocupacion,Nacional. Personal empleado. Barcelona.,Personas,2022,M07,False,2022-06-30 22:00:00+00:00,13749.0,2022-06
plazas_ocupacion,Nacional. Personal empleado. Barcelona.,Personas,2022,M08,False,2022-07-31 22:00:00+00:00,13916.0,2022-07
plazas_ocupacion,Nacional. Personal empleado. Barcelona.,Personas,2022,M09,False,2022-08-31 22:00:00+00:00,13825.0,2022-08
plazas_ocupacion,Nacional. Personal empleado. Barcelona.,Personas,2022,M10,False,2022-09-30 22:00:00+00:00,13640.0,2022-09
plazas_ocupacion,Nacional. Personal empleado. Barcelona.,Personas,2022,M11,False,2022-10-31 23:00:00+00:00,13921.0,2022-10
plazas_ocupacion,Nacional. Personal empleado. Barcelona.,Personas,2022,M12,False,2022-11-30 23:00:00+00:00,13673.0,2022-11
plazas_ocupacion,Nacional. Personal empleado. Barcelona.,Personas,2023,M01,False,2022-12-31 23:00:00+00:00,13255.0,2022-12
plazas_ocupacion,Nacional. Personal empleado. Barcelona.,Personas,2023,M02,False,2023-01-31 23:00:00+00:00,13429.0,2023-01
plazas_ocupacion,Nacional. Personal empleado. Barcelona.,Personas,2023,M03,False,2023-02-28 23:00:00+00:00,13688.0,2023-02
plazas_ocupacion,Nacional. Personal empleado. Barcelona.,Personas,2023,M04,False,2023-03-31 22:00:00+00:00,13996.0,2023-03
plazas_ocupacion,Nacional. Personal empleado. Barcelona.,Personas,2023,M05,False,2023-04-30 22:00:00+00:00,14165.0,2023-04
plazas_ocupacion,Nacional. Personal empleado. Barcelona.,Personas,2023,M06,False,2023-05-31 22:00:00+00:00,14498.0,2023-05
plazas_ocupacion,Nacional. Personal empleado. Barcelona.,Personas,2023,M07,False,2023-06-30 22:00:00+00:00,14699.0,2023-06
plazas_ocupacion,Nacional. Personal empleado. Barcelona.,Personas,2023,M08,False,2023-07-31 22:00:00+00:00,14730.0,2023-07
plazas_ocupacion,Nacional. Personal empleado. Barcelona.,Personas,2023,M09,False,2023-08-31 22:00:00+00:00,14693.0,2023-08
plazas_ocupacion,Nacional. Personal empleado. Barcelona.,Personas,2023,M10,False,2023-09-30 22:00:00+00:00,14515.0,2023-09
plazas_ocupacion,Nacional. Personal empleado. Barcelona.,Personas,2023,M11,False,2023-10-31 23:00:00+00:00,13888.0,2023-10
plazas_ocupacion,Nacional. Personal empleado. Barcelona.,Personas,2023,M12,False,2023-11-30 23:00:00+00:00,13854.0,2023-11
plazas_ocupacion,Nacional. Personal empleado. Barcelona.,Personas,2024,M01,False,2023-12-31 23:00:00+00:00,13594.0,2023-12
plazas_ocupacion,Nacional. Personal empleado. Barcelona.,Personas,2024,M02,False,2024-01-31 23:00:00+00:00,14137.0,2024-01
plazas_ocupacion,Nacional. Personal empleado. Barcelona.,Personas,2024,M03,False,2024-02-29 23:00:00+00:00,14585.0,2024-02
plazas_ocupacion,Nacional. Personal empleado. Barcelona.,Personas,2024,M04,False,2024-03-31 22:00:00+00:00,14703.0,2024-03
plazas_ocupacion,Nacional. Personal empleado. Barcelona.,Personas,2024,M05,False,2024-04-30 22:00:00+00:00,15120.0,2024-04
plazas_ocupacion,Nacional. Personal empleado. Barcelona.,Personas,2024,M06,False,2024-05-31 22:00:00+00:00,15638.0,2024-05
plazas_ocupacion,Nacional. Personal empleado. Barcelona.,Personas,2024,M07,False,2024-06-30 22:00:00+00:00,15800.0,2024-06
plazas_ocupacion,Nacional. Personal empleado. Barcelona.,Personas,2024,M08,False,2024-07-31 22:00:00+00:00,15836.0,2024-07
plazas_ocupacion,Nacional. Personal empleado. Barcelona.,Personas,2024,M09,False,2024-08-31 22:00:00+00:00,15796.0,2024-08
plazas_ocupacion,Nacional. Personal empleado. Barcelona.,Personas,2024,M10,False,2024-09-30 22:00:00+00:00,15401.0,2024-09
plazas_ocupacion,Nacional. Personal empleado. Barcelona.,Personas,2024,M11,False,2024-10-31 23:00:00+00:00,14955.0,2024-10
plazas_ocupacion,Nacional. Personal empleado. Barcelona.,Personas,2024,M12,False,2024-11-30 23:00:00+00:00,15387.0,2024-11
plazas_ocupacion,Nacional. Personal empleado. Barcelona.,Personas,2025,M01,False,2024-12-31 23:00:00+00:00,15069.0,2024-12
plazas_ocupacion,Nacional. Personal empleado. Barcelona.,Personas,2025,M02,False,2025-01-31 23:00:00+00:00,15344.0,2025-01
plazas_ocupacion,Nacional. Personal empleado. Barcelona.,Personas,2025,M03,False,2025-02-28 23:00:00+00:00,15223.0,2025-02
plazas_ocupacion,Nacional. Personal empleado. Barcelona.,Personas,2025,M04,False,2025-03-31 22:00:00+00:00,15471.0,2025-03
plazas_ocupacion,Nacional. Personal empleado. Barcelona.,Personas,2025,M05,False,2025-04-30 22:00:00+00:00,15848.0,2025-04
plazas_ocupacion,Nacional. Personal empleado. Barcelona.,Personas,2025,M06,False,2025-05-31 22:00:00+00:00,16279.0,2025-05
plazas_ocupacion,Nacional. Personal empleado. Barcelona.,Personas,2025,M07,False,2025-06-30 22:00:00+00:00,16327.0,2025-06
plazas_ocupacion,Nacional. Personal empleado. Barcelona.,Personas,2025,M08,True,2025-07-31 22:00:00+00:00,16138.0,2025-07
plazas_ocupacion,Nacional. Personal empleado. Barcelona.,Personas,2025,M09,True,2025-08-31 22:00:00+00:00,15715.0,2025-08
plazas_ocupacion,Nacional. Personal empleado. Barcelona.,Personas,2025,M10,True,2025-09-30 22:00:00+00:00,15990.0,2025-09
plazas_ocupacion,Nacional. Personal empleado. Barcelona.,Personas,2025,M11,True,2025-10-31 23:00:00+00:00,15957.0,2025-10
plazas_ocupacion,Nacional. Personal empleado. Barcelona.,Personas,2025,M12,True,2025-11-30 23:00:00+00:00,15726.0,2025-11
plazas_ocupacion,Nacional. Personal empleado. Barcelona.,Personas,2026,M01,True,2025-12-31 23:00:00+00:00,15525.0,2025-12
plazas_ocupacion,Nacional. Personal empleado. Barcelona.,Personas,2026,M02,True,2026-01-31 23:00:00+00:00,14576.0,2026-01
plazas_ocupacion,Nacional. Personal empleado. Barcelona.,Personas,2026,M03,True,2026-02-28 23:00:00+00:00,15431.0,2026-02
plazas_ocupacion,Nacional. Personal empleado. Barcelona.,Personas,2026,M04,True,2026-03-31 22:00:00+00:00,15287.0,2026-03
plazas_ocupacion,Nacional. Personal empleado. Barcelona.,Personas,2026,M05,True,2026-04-30 22:00:00+00:00,15838.0,2026-04
plazas_ocupacion,Nacional. Personal empleado. Barcelona.,Personas,2026,M06,True,2026-05-31 22:00:00+00:00,15847.0,2026-05
plazas_ocupacion,Nacional. Personal empleado. Barcelona.,Personas,2026,M07,True,2026-06-30 22:00:00+00:00,16081.0,2026-06
