{
"type": "FeatureCollection",
"name": "peuat",
"crs": { "type": "name", "properties": { "name": "urn:ogc:def:crs:OGC:1.3:CRS84" } },
"features": [
{ "type": "Feature", "properties": { "zona": "EXCLO" }, "geometry": { "type": "MultiPolygon", "coordinates": [ [ [ [ 2.200786629001707, 41.436006470334618 ], [ 2.202113294228334, 41.433667441312075 ], [ 2.206259799098001, 41.434000684674295 ], [ 2.20594531948013, 41.434235528414838 ], [ 2.208070807459099, 41.434461101456215 ], [ 2.208968387924233, 41.435532567934487 ], [ 2.209491311665552, 41.435891087063112 ], [ 2.209696229720223, 41.435195247491258 ], [ 2.210598645218984, 41.433475104770196 ], [ 2.209367848309205, 41.43325764075022 ], [ 2.208058726637864, 41.433138572559777 ], [ 2.206211335473695, 41.432588492551453 ], [ 2.206491125867894, 41.43109779403278 ], [ 2.206667675772003, 41.430597889210141 ], [ 2.206739281834903, 41.430584231837813 ], [ 2.206733984535409, 41.430065302132718 ], [ 2.207604371862298, 41.42963995481891 ], [ 2.207630359081859, 41.429550968722033 ], [ 2.207231562117495, 41.429091265637346 ], [ 2.207334700838866, 41.427989632432208 ], [ 2.207192090690357, 41.427559318418524 ], [ 2.203312521529564, 41.429338583965688 ], [ 2.202550386592912, 41.428439902604723 ], [ 2.205738816025041, 41.42692807524984 ], [ 2.204623366790607, 41.425692530507597 ], [ 2.203745247574062, 41.424886453348883 ], [ 2.201155924620438, 41.426845931329574 ], [ 2.200925564005496, 41.426677916953857 ], [ 2.199444922930715, 41.427552561715551 ], [ 2.199406873333411, 41.428266535454618 ], [ 2.199194445353777, 41.428259002275205 ], [ 2.199074437382234, 41.429994394506465 ], [ 2.200139813404025, 41.430165215377784 ], [ 2.200827509259648, 41.430126889988017 ], [ 2.201492914505836, 41.429981507292759 ], [ 2.201694820284426, 41.430489904133132 ], [ 2.195459321306837, 41.433439448725338 ], [ 2.195329395118609, 41.433537877828861 ], [ 2.194627596621435, 41.435156763233778 ], [ 2.195574112106168, 41.435386369220026 ], [ 2.196698112718058, 41.435366274928988 ], [ 2.196350373367287, 41.436994540890645 ], [ 2.200247308117095, 41.438932887780012 ], [ 2.200786629001707, 41.436006470334618 ] ] ], [ [ [ 2.203314978746692, 41.446995544376001 ], [ 2.206241698653595, 41.44387063919563 ], [ 2.206793007298866, 41.443173208968041 ], [ 2.207445247705802, 41.442172937790659 ], [ 2.208052858375563, 41.440943701562865 ], [ 2.208622266457976, 41.439177970107501 ], [ 2.20820442046858, 41.439132777626085 ], [ 2.208075772450679, 41.439588811878949 ], [ 2.207874379080707, 41.439556641082 ], [ 2.207842004554655, 41.439671515587904 ], [ 2.206274959219606, 41.439513847668607 ], [ 2.204217254155244, 41.439044406957279 ], [ 2.204256294658123, 41.439193948313402 ], [ 2.203994708591912, 41.439273693564452 ], [ 2.203900878370003, 41.439690035844777 ], [ 2.203751957035355, 41.439746923946494 ], [ 2.200973096861579, 41.439374526063197 ], [ 2.200802183105178, 41.439539923619698 ], [ 2.200499878112987, 41.439512531853907 ], [ 2.199522263838862, 41.444943526192063 ], [ 2.199642061617802, 41.445108069338787 ], [ 2.201750954863725, 41.446162286477765 ], [ 2.202103654500612, 41.446231746723427 ], [ 2.203203570043085, 41.44678321067034 ], [ 2.203039540269188, 41.446966994041794 ], [ 2.20315742876612, 41.446915691657971 ], [ 2.203314978746692, 41.446995544376001 ] ] ], [ [ [ 2.1715781282961, 41.458798858659527 ], [ 2.17227071194158, 41.459036114702862 ], [ 2.173715574924588, 41.459016643804986 ], [ 2.174174513553235, 41.458619097967457 ], [ 2.175816077662152, 41.458917946470315 ], [ 2.176141790123677, 41.459084257880612 ], [ 2.175935155760796, 41.45868510152345 ], [ 2.176562735831967, 41.458517946867303 ], [ 2.175970991071747, 41.458248840629928 ], [ 2.17555972959576, 41.458195337484156 ], [ 2.175821987119444, 41.457958658413524 ], [ 2.175799733823502, 41.45779259598298 ], [ 2.175419434526621, 41.45758144100035 ], [ 2.175290912775193, 41.457348660428259 ], [ 2.175192019637728, 41.457378360975568 ], [ 2.174537053851689, 41.456485039646864 ], [ 2.174194496793266, 41.456297264246352 ], [ 2.173850872316681, 41.455964370636821 ], [ 2.173654996694601, 41.45532768949392 ], [ 2.173691750677611, 41.455150453077223 ], [ 2.17392645703986, 41.455049425858824 ], [ 2.173705576943926, 41.454512430567092 ], [ 2.173506480694606, 41.454545409728887 ], [ 2.173408518009384, 41.454161332498593 ], [ 2.172342088716219, 41.454323370324381 ], [ 2.171249728687041, 41.453724201544318 ], [ 2.171150477327518, 41.453231735777365 ], [ 2.171257243671767, 41.452745544715754 ], [ 2.172042563482301, 41.452428768020305 ], [ 2.173021194741214, 41.452683350701278 ], [ 2.17295168862506, 41.45192442623285 ], [ 2.173074604052446, 41.451926678683272 ], [ 2.173842090602656, 41.452408618670574 ], [ 2.174218791992026, 41.452763926015635 ], [ 2.174523067574497, 41.452533869747874 ], [ 2.174693933295183, 41.452263043522471 ], [ 2.175021024707789, 41.452208092381696 ], [ 2.175185990969309, 41.452537278724314 ], [ 2.175548502025149, 41.452901964859535 ], [ 2.176376246238762, 41.453456542748405 ], [ 2.176750443119138, 41.45344767892103 ], [ 2.176972987983186, 41.45361003462687 ], [ 2.177004493893242, 41.453960315361677 ], [ 2.177480468455823, 41.454439543157555 ], [ 2.177695820682147, 41.454972060118273 ], [ 2.178236928490579, 41.455478862282611 ], [ 2.178387383056062, 41.455851323571871 ], [ 2.178806324745082, 41.455719667864749 ], [ 2.178884763878322, 41.455944566191292 ], [ 2.17901285118257, 41.456020691671277 ], [ 2.179778991257003, 41.455977755910723 ], [ 2.180657225108582, 41.456089837952007 ], [ 2.180806611055948, 41.456014869409508 ], [ 2.1809377842672, 41.455622835951701 ], [ 2.18044420299581, 41.455385094221072 ], [ 2.180530827380183, 41.455172847455799 ], [ 2.180415871214314, 41.454628656324722 ], [ 2.180947622219079, 41.454143959116699 ], [ 2.180945799605173, 41.454049881616555 ], [ 2.180637710500158, 41.453978881572425 ], [ 2.180739566722248, 41.453816336550112 ], [ 2.181008404455487, 41.453897587625313 ], [ 2.181224802724457, 41.453834374876699 ], [ 2.181239115446689, 41.453623819129177 ], [ 2.181623714797765, 41.453714996658469 ], [ 2.182135469953185, 41.454058978963474 ], [ 2.182036397195552, 41.454185702628074 ], [ 2.182427039470486, 41.454498278852576 ], [ 2.182584714287084, 41.454224050549008 ], [ 2.182762659065516, 41.454265640615787 ], [ 2.182690348925922, 41.454541988484898 ], [ 2.182976055614761, 41.454524073526919 ], [ 2.183126382270784, 41.454948489202046 ], [ 2.18381815745713, 41.455160566431204 ], [ 2.184172015293961, 41.455586423485713 ], [ 2.18450508994741, 41.455759924382853 ], [ 2.184603120628902, 41.455580470300291 ], [ 2.185021127333848, 41.45566449700209 ], [ 2.185811506731559, 41.455652074662531 ], [ 2.186561081661752, 41.455071890881996 ], [ 2.18615061395092, 41.454384425610485 ], [ 2.186547257578412, 41.454261124964198 ], [ 2.186479812395395, 41.453909358782354 ], [ 2.185629820771116, 41.453903349239518 ], [ 2.185463567875359, 41.453794083967075 ], [ 2.18528883481317, 41.45340552822762 ], [ 2.185051317381301, 41.453250720876426 ], [ 2.184945826217093, 41.453069825539536 ], [ 2.185189536995153, 41.452729268455229 ], [ 2.184447168887511, 41.451778231928124 ], [ 2.183361736718744, 41.452410064953092 ], [ 2.183135973120227, 41.45227335186722 ], [ 2.183063354300459, 41.452335888573955 ], [ 2.181311047964909, 41.450774163065361 ], [ 2.180754647000468, 41.450484544262835 ], [ 2.181138453746981, 41.450205557953574 ], [ 2.181102794551089, 41.450092684408489 ], [ 2.180590967233191, 41.449982989119007 ], [ 2.180237987694677, 41.450134691877409 ], [ 2.179987686856498, 41.449981628560337 ], [ 2.179894562573961, 41.44974726897383 ], [ 2.179413089000542, 41.449518724446101 ], [ 2.17825848343944, 41.449531521270693 ], [ 2.178054816459773, 41.449414763239112 ], [ 2.177776768738096, 41.449031358100136 ], [ 2.177527581774661, 41.448842935161899 ], [ 2.17667731843862, 41.448685595843713 ], [ 2.176626990511592, 41.448839929539787 ], [ 2.177180907304073, 41.448857635128853 ], [ 2.177519276910687, 41.449057036519513 ], [ 2.177623790026872, 41.449265863799774 ], [ 2.177676381103852, 41.449833356293624 ], [ 2.178112575346286, 41.450131923847472 ], [ 2.178185269143229, 41.450301908571383 ], [ 2.177809087555682, 41.450504510925853 ], [ 2.177400650614056, 41.4505069887093 ], [ 2.177374771609267, 41.449941353406793 ], [ 2.177052786150303, 41.45004449318801 ], [ 2.177097879563752, 41.45025823755217 ], [ 2.176767540287237, 41.450272586196931 ], [ 2.176722703879236, 41.450188593995598 ], [ 2.176370109645419, 41.450236306431961 ], [ 2.175833395108806, 41.449988733380884 ], [ 2.175661666703819, 41.450006824805527 ], [ 2.175535122312819, 41.449859187607373 ], [ 2.175332720812631, 41.449951153986497 ], [ 2.175011725650669, 41.44993136174859 ], [ 2.174281547071505, 41.44966618155717 ], [ 2.17383837727804, 41.449167773647936 ], [ 2.173109730700201, 41.448974440266682 ], [ 2.172598902954264, 41.448394555766228 ], [ 2.172475158085355, 41.448432650511634 ], [ 2.171701894802116, 41.447858639710475 ], [ 2.171369293471054, 41.448116074609793 ], [ 2.171093774619048, 41.448084240569862 ], [ 2.171021405054113, 41.447921468629183 ], [ 2.171267925334007, 41.447380140381973 ], [ 2.170682299627127, 41.447186388883317 ], [ 2.170650724508777, 41.447251789575603 ], [ 2.170159320657443, 41.447112326373926 ], [ 2.169557436784476, 41.447217868007364 ], [ 2.168802199889797, 41.446978557780902 ], [ 2.169139370683197, 41.446328825125697 ], [ 2.168870420346428, 41.446195079403886 ], [ 2.168283119418538, 41.446079587195314 ], [ 2.167702732313441, 41.4461409398698 ], [ 2.166437252385521, 41.445624404488704 ], [ 2.166004340758265, 41.445655875762441 ], [ 2.165431960043361, 41.445844694132816 ], [ 2.164904644867778, 41.445792311143286 ], [ 2.164932484994192, 41.445254904557551 ], [ 2.164744977705125, 41.444918828085541 ], [ 2.164487566349021, 41.444799025916964 ], [ 2.163858211544128, 41.444876388370318 ], [ 2.163509784126225, 41.44475205875856 ], [ 2.163369050459901, 41.444543279658582 ], [ 2.163433677232969, 41.44405585258675 ], [ 2.163331968171867, 41.443904139856294 ], [ 2.163003245830037, 41.443854794683489 ], [ 2.162146410291028, 41.443945554169154 ], [ 2.161767896652365, 41.443782097205698 ], [ 2.161662924206241, 41.443487951690415 ], [ 2.161915730400937, 41.443044320571381 ], [ 2.16192769350416, 41.442827049214316 ], [ 2.161760062340013, 41.442615207927119 ], [ 2.161430364656478, 41.442459896684582 ], [ 2.160950557044882, 41.442421785206989 ], [ 2.159804146659654, 41.442592114005208 ], [ 2.159338882234097, 41.442568910216643 ], [ 2.158768268328134, 41.44236084074894 ], [ 2.158188508646159, 41.441834171687312 ], [ 2.157686840909914, 41.441749435456856 ], [ 2.157230839588917, 41.441836172633714 ], [ 2.156354399698224, 41.442396495450538 ], [ 2.156151401800224, 41.442404390400618 ], [ 2.155918336751264, 41.44221831766933 ], [ 2.156011488288092, 41.441832149239772 ], [ 2.155922484634702, 41.441565191868399 ], [ 2.155517133921428, 41.441183114243394 ], [ 2.155136082028748, 41.440977885371886 ], [ 2.1548590876822, 41.441035139170978 ], [ 2.154629359525051, 41.440967139858891 ], [ 2.153662747347493, 41.440981313493175 ], [ 2.152207420224862, 41.440592293341147 ], [ 2.150738264306194, 41.440347271762647 ], [ 2.150214441147539, 41.440127227975857 ], [ 2.148349794964839, 41.441448162291138 ], [ 2.147250882748136, 41.442498590373795 ], [ 2.146872306712846, 41.442326031515023 ], [ 2.14664869705831, 41.442549929374643 ], [ 2.146532236839123, 41.442486662578915 ], [ 2.147808433921153, 41.441366422117866 ], [ 2.147467424880479, 41.441019137818749 ], [ 2.14713163332618, 41.44132093087358 ], [ 2.146106345109066, 41.441941103921856 ], [ 2.145623669248576, 41.44160586017469 ], [ 2.145163864774522, 41.441839072202214 ], [ 2.143833428549048, 41.4414504411466 ], [ 2.143144570923721, 41.440865291515571 ], [ 2.142924259684137, 41.440405281267807 ], [ 2.142889497830794, 41.440063919688441 ], [ 2.142401966498233, 41.439817088253506 ], [ 2.142162072712744, 41.439499672755623 ], [ 2.141968705095178, 41.438964107737014 ], [ 2.141725317665667, 41.438763274217706 ], [ 2.1414781021883, 41.438372408755733 ], [ 2.140645657164198, 41.437750296304138 ], [ 2.140255865603463, 41.437641927191933 ], [ 2.140180900781656, 41.437543771755017 ], [ 2.139609094121483, 41.437544679108989 ], [ 2.139193767745039, 41.437262758219134 ], [ 2.138333182959016, 41.437102446334031 ], [ 2.137929826441918, 41.437239348252589 ], [ 2.137510648511685, 41.437499883405657 ], [ 2.137571319781514, 41.437139103637392 ], [ 2.139160521906354, 41.436188985032722 ], [ 2.139880737891292, 41.435458649276995 ], [ 2.139831694318393, 41.435402167561008 ], [ 2.140359438102303, 41.434946845748954 ], [ 2.141969275531554, 41.433964919565931 ], [ 2.14138678725317, 41.433834085400306 ], [ 2.141318096182089, 41.43400772301618 ], [ 2.140992555151803, 41.433933649320053 ], [ 2.140923516430298, 41.43410814881549 ], [ 2.140614383755362, 41.434038709215208 ], [ 2.140707208210739, 41.433804082600389 ], [ 2.141016327674576, 41.433873539868124 ], [ 2.14108513078805, 41.433699624035022 ], [ 2.141409525652717, 41.433772490932078 ], [ 2.141480289752296, 41.433597724766706 ], [ 2.141737344729854, 41.433527077367216 ], [ 2.141627311597079, 41.433285388957586 ], [ 2.141465161937867, 41.433306761564687 ], [ 2.140995558960287, 41.432293794276909 ], [ 2.1399246757036, 41.433448957659913 ], [ 2.139250710390447, 41.432990432004821 ], [ 2.139952851395452, 41.432288306615078 ], [ 2.139828089455631, 41.431609591207966 ], [ 2.140590157448125, 41.431420712458291 ], [ 2.140090110749405, 41.430436698085018 ], [ 2.139254009528718, 41.429839012082724 ], [ 2.138598602003948, 41.430008287275633 ], [ 2.138382731139076, 41.429980928648057 ], [ 2.138163719856934, 41.4305353282152 ], [ 2.137601054102506, 41.430466000021823 ], [ 2.137244579441056, 41.430570526886278 ], [ 2.137001722725279, 41.430507573175561 ], [ 2.136202730591926, 41.430011711208344 ], [ 2.136211543578315, 41.42958220308639 ], [ 2.135705183236198, 41.428699519016092 ], [ 2.135518275328233, 41.428579577687131 ], [ 2.135033023189621, 41.42863776926049 ], [ 2.134707645985941, 41.428806465810723 ], [ 2.134351040355396, 41.4295243810095 ], [ 2.133936504581404, 41.430097740076555 ], [ 2.133361481614891, 41.430138450263364 ], [ 2.132796748338817, 41.430305339335256 ], [ 2.132713337207297, 41.430277688677471 ], [ 2.132332844346712, 41.429524285243879 ], [ 2.131737802756841, 41.429174859000213 ], [ 2.131926977729536, 41.429018898370771 ], [ 2.131294619796421, 41.428651993230822 ], [ 2.130753365219874, 41.428651763160474 ], [ 2.130133177694998, 41.428808798737386 ], [ 2.129506164547141, 41.42920259416487 ], [ 2.129422434022003, 41.429490442571122 ], [ 2.129287783594341, 41.429565402121924 ], [ 2.128846336500005, 41.429403936928715 ], [ 2.128610620976755, 41.429410277812487 ], [ 2.128559697692373, 41.42924894730735 ], [ 2.128385827576398, 41.429111636676687 ], [ 2.12874652747163, 41.428819408976771 ], [ 2.129002190531493, 41.4283875176964 ], [ 2.128981656132725, 41.428180317122504 ], [ 2.128671909215802, 41.427879538505707 ], [ 2.128900141117622, 41.427644576821891 ], [ 2.130126085209274, 41.427753288264739 ], [ 2.131191088082566, 41.427400257330035 ], [ 2.132613357217862, 41.427610325261334 ], [ 2.134117964058133, 41.427037004299869 ], [ 2.134202740161442, 41.426762338068556 ], [ 2.134123598192719, 41.426641484383765 ], [ 2.132505928866999, 41.426057702965295 ], [ 2.132578240888022, 41.425079815392962 ], [ 2.134488718800817, 41.425463055481686 ], [ 2.135411558995612, 41.425361899819947 ], [ 2.135856699225678, 41.425185092644448 ], [ 2.137099950695931, 41.424383746256979 ], [ 2.136863300959857, 41.424129312910281 ], [ 2.137832501609858, 41.423620906786169 ], [ 2.138226296524583, 41.423280130362819 ], [ 2.138324595553339, 41.423109742367267 ], [ 2.137901124464195, 41.42292292748872 ], [ 2.137953379128974, 41.422839694193165 ], [ 2.137441239657812, 41.422724607357289 ], [ 2.137724335637917, 41.421942142033394 ], [ 2.138291153439475, 41.422000520544437 ], [ 2.138332929648615, 41.421689805550656 ], [ 2.138129758185709, 41.42148410368668 ], [ 2.137553024900884, 41.421335188167909 ], [ 2.13736009662268, 41.421195838577674 ], [ 2.13738367014168, 41.420975107176886 ], [ 2.137662453460643, 41.42084421836914 ], [ 2.137018103616016, 41.419547386915916 ], [ 2.137103009816052, 41.419484637755588 ], [ 2.136912003432824, 41.419240301764972 ], [ 2.136342080159914, 41.419055041056055 ], [ 2.135911465169591, 41.419514433516191 ], [ 2.135279672689216, 41.419225612775513 ], [ 2.135064197045202, 41.419533157460087 ], [ 2.135040527942405, 41.419715425834553 ], [ 2.135327403381493, 41.419924626209962 ], [ 2.135061187371293, 41.420093182926216 ], [ 2.1343198239097, 41.420905695909084 ], [ 2.13423977737232, 41.420785880262542 ], [ 2.134133399439663, 41.420917976394243 ], [ 2.133867311436108, 41.420746490573634 ], [ 2.133753574912463, 41.420803537027737 ], [ 2.133348172480568, 41.420351182775228 ], [ 2.132997339037652, 41.420864173582885 ], [ 2.132641888000316, 41.420869035608362 ], [ 2.132500146495482, 41.420768867627622 ], [ 2.132472990649544, 41.420637757572521 ], [ 2.132160295301469, 41.420517763567368 ], [ 2.132714346363763, 41.41964582759001 ], [ 2.13247424438321, 41.419795392209153 ], [ 2.132103547632668, 41.419505140205182 ], [ 2.132159985427311, 41.419677536114236 ], [ 2.131921284332275, 41.419824575954792 ], [ 2.131051647985265, 41.419472111303982 ], [ 2.130930795603358, 41.419531657233705 ], [ 2.130836088911352, 41.419732268126097 ], [ 2.130540450032591, 41.419669965169476 ], [ 2.130638154732091, 41.419304612640367 ], [ 2.131047090857538, 41.418981449376055 ], [ 2.131320293550791, 41.419021036073758 ], [ 2.131915987349143, 41.419442079128537 ], [ 2.132088684910147, 41.419430518429479 ], [ 2.13227158525297, 41.419311341129252 ], [ 2.131841389770999, 41.419170446047879 ], [ 2.131558139249039, 41.418895196452823 ], [ 2.131673496920435, 41.418820185757475 ], [ 2.131369317364456, 41.418588930556346 ], [ 2.130806919341385, 41.418364084392351 ], [ 2.130525217188516, 41.418337556168339 ], [ 2.130456880939045, 41.418215250156621 ], [ 2.130698479126108, 41.418018522981363 ], [ 2.131204094239562, 41.417843514171508 ], [ 2.132268893756621, 41.417730600802884 ], [ 2.13230103738024, 41.417652126803077 ], [ 2.132062648729748, 41.417330273052649 ], [ 2.13289292343111, 41.417257230858937 ], [ 2.133318669561679, 41.416962136122358 ], [ 2.132509120604276, 41.416803137687502 ], [ 2.131484060710064, 41.41682998050549 ], [ 2.131220531246695, 41.416477887973677 ], [ 2.130846587755153, 41.416610481532942 ], [ 2.130756676941608, 41.416472416396729 ], [ 2.130150094931349, 41.416488282245226 ], [ 2.129858935767457, 41.416335279159078 ], [ 2.129691679779933, 41.415977175154055 ], [ 2.129264454090467, 41.416082926847928 ], [ 2.128866677252535, 41.415404357817515 ], [ 2.128834752377534, 41.415106869802699 ], [ 2.12842754819326, 41.415101796550687 ], [ 2.128455139634543, 41.414860795225493 ], [ 2.127930754156237, 41.414703697635353 ], [ 2.127762771880837, 41.414738455054938 ], [ 2.12739850233628, 41.414240284076357 ], [ 2.126945548208149, 41.414110745747642 ], [ 2.12678154466861, 41.413848285403205 ], [ 2.126811499557758, 41.413398139058543 ], [ 2.126503568097497, 41.413161609080056 ], [ 2.12622791262242, 41.413195547353446 ], [ 2.126070329232036, 41.413347478353352 ], [ 2.125551085310988, 41.413582143454803 ], [ 2.125311289235729, 41.413593653046171 ], [ 2.124106578980526, 41.413262369509383 ], [ 2.123209466940896, 41.41334760040391 ], [ 2.122868680026575, 41.412971840846915 ], [ 2.122606319813487, 41.412906789552515 ], [ 2.122548316622962, 41.412771235472121 ], [ 2.122305039465354, 41.4130666277294 ], [ 2.122363769257777, 41.413148142644843 ], [ 2.122253790983875, 41.413318446200286 ], [ 2.121430332536059, 41.413159038619028 ], [ 2.121264412963396, 41.41304067531631 ], [ 2.121134628570721, 41.412904572667706 ], [ 2.121043769666681, 41.412543580280349 ], [ 2.121202696973401, 41.412292584246963 ], [ 2.121096720547287, 41.412165670727532 ], [ 2.121350386887632, 41.41198745739711 ], [ 2.121231840398524, 41.411905485426317 ], [ 2.121884066959736, 41.411451080535493 ], [ 2.121931437047579, 41.411487471691203 ], [ 2.122017364417679, 41.411325992460476 ], [ 2.121887096988163, 41.411225916832507 ], [ 2.122006976117313, 41.411208816099794 ], [ 2.122105714751791, 41.41098438217567 ], [ 2.121998405615743, 41.410956541502863 ], [ 2.122023059952181, 41.410902684667043 ], [ 2.122285653819223, 41.410949724129544 ], [ 2.122769284155888, 41.410575096015521 ], [ 2.123015938860858, 41.410027519061863 ], [ 2.123256539131567, 41.409930269186951 ], [ 2.123246390794521, 41.409795079782619 ], [ 2.122892693652216, 41.40940506446897 ], [ 2.122523404342769, 41.409285153504804 ], [ 2.122194246515178, 41.408850285655994 ], [ 2.122104149730324, 41.408584983779775 ], [ 2.122502757650933, 41.408275816352244 ], [ 2.121251911068518, 41.407646463121097 ], [ 2.120590342753503, 41.408307433968247 ], [ 2.121218412245665, 41.408661944591593 ], [ 2.121133775177177, 41.408749058419666 ], [ 2.121104387526048, 41.409487519284014 ], [ 2.121030849008065, 41.409549118350824 ], [ 2.120224436782647, 41.408870082971646 ], [ 2.119366669311035, 41.409143955394292 ], [ 2.118521575044896, 41.409704959487101 ], [ 2.118077541714332, 41.409416508574985 ], [ 2.11787363554423, 41.409680712050978 ], [ 2.118010975834407, 41.409759953701808 ], [ 2.118487915129498, 41.410425299658044 ], [ 2.118480815310865, 41.41082243867762 ], [ 2.117557774110927, 41.411533092276635 ], [ 2.117622697813831, 41.411698417552721 ], [ 2.117776735010561, 41.411714352181804 ], [ 2.117903789411401, 41.4116297577648 ], [ 2.117996878640429, 41.411672766904438 ], [ 2.117950295552875, 41.411730553269102 ], [ 2.11749510146597, 41.411822400255112 ], [ 2.117178325134649, 41.412045445683979 ], [ 2.116921829304438, 41.41209769587897 ], [ 2.116752994784616, 41.412195482988672 ], [ 2.116595432098713, 41.412435014119779 ], [ 2.115312028992662, 41.411764770788814 ], [ 2.115511775342438, 41.411467104300606 ], [ 2.115331075100462, 41.410879753036028 ], [ 2.116038822284272, 41.410082830347136 ], [ 2.115173307023997, 41.410268239482129 ], [ 2.114974705694501, 41.409679665664001 ], [ 2.115042919109962, 41.4094801104211 ], [ 2.114754098673753, 41.408721262368978 ], [ 2.11488850339432, 41.408515123756729 ], [ 2.114559931781963, 41.408350598022828 ], [ 2.114584649064775, 41.408074663962523 ], [ 2.114472985347217, 41.407892196501912 ], [ 2.114121911282543, 41.408012501948001 ], [ 2.113694275507719, 41.40805180726425 ], [ 2.113286861869407, 41.407671752592279 ], [ 2.112533051329152, 41.408505153196216 ], [ 2.112745561979457, 41.408777150317619 ], [ 2.113220573618303, 41.408248936462151 ], [ 2.113936205767081, 41.408279171452776 ], [ 2.11391326322948, 41.408845384859717 ], [ 2.114039926442941, 41.409464380320031 ], [ 2.114197811382406, 41.409957952546918 ], [ 2.114428138721415, 41.410295955228001 ], [ 2.114187460010996, 41.410364425141729 ], [ 2.114188137617015, 41.410624023298652 ], [ 2.113616523286331, 41.411143311841556 ], [ 2.112800506708185, 41.411464475369982 ], [ 2.111996330866217, 41.410914582891877 ], [ 2.111883443890254, 41.411020362769456 ], [ 2.111583519069254, 41.410835053132054 ], [ 2.111686560175897, 41.410741008518556 ], [ 2.111441666436912, 41.410591424736168 ], [ 2.11176442673096, 41.41037362704202 ], [ 2.111974205851424, 41.409705323579459 ], [ 2.111488700428539, 41.409806749212784 ], [ 2.111029895286389, 41.410147311119289 ], [ 2.110632737254933, 41.409942890989058 ], [ 2.109601650776535, 41.409629532540237 ], [ 2.109131155403441, 41.409903791551329 ], [ 2.108813617554253, 41.409749297080502 ], [ 2.109286255723006, 41.409246185098311 ], [ 2.109135867052485, 41.409227384831006 ], [ 2.107800677118427, 41.409868041635519 ], [ 2.107463197181287, 41.409963383824369 ], [ 2.107198694372357, 41.409871555651257 ], [ 2.106947444900904, 41.409650644533507 ], [ 2.107034697708192, 41.40920072255625 ], [ 2.106564158755974, 41.408688474398836 ], [ 2.105849093757687, 41.408525094543265 ], [ 2.10486168125512, 41.408564522176455 ], [ 2.104723694358578, 41.408452504500197 ], [ 2.10521253934985, 41.408039961012243 ], [ 2.105590612530333, 41.407941249249227 ], [ 2.105259547343346, 41.407812185064564 ], [ 2.104714302884704, 41.407968072233885 ], [ 2.104378111256034, 41.407889281528021 ], [ 2.104111754306576, 41.407630091124794 ], [ 2.104244064574298, 41.407579696897471 ], [ 2.104564018310842, 41.407674278050997 ], [ 2.104945753159698, 41.407400095273736 ], [ 2.104912195774985, 41.407167027248995 ], [ 2.105214733520369, 41.407032627330715 ], [ 2.105356436401582, 41.406810964638233 ], [ 2.104941334541949, 41.40669028101324 ], [ 2.105108007929257, 41.406546168917266 ], [ 2.105502057920431, 41.406741522490769 ], [ 2.106043985733939, 41.406783220509851 ], [ 2.105761700825694, 41.407368549933274 ], [ 2.106099912586272, 41.407840510600771 ], [ 2.106260020516218, 41.407911129081704 ], [ 2.106592948357365, 41.407845760530066 ], [ 2.106805691008707, 41.407965093734347 ], [ 2.107278729933041, 41.407933137860681 ], [ 2.108280330433935, 41.408125939932518 ], [ 2.1084840271449, 41.408230742982788 ], [ 2.108594195714474, 41.408362942937401 ], [ 2.108268518039301, 41.408573627925655 ], [ 2.108411462100436, 41.408843842163641 ], [ 2.109435921530352, 41.40896728251645 ], [ 2.109392758957054, 41.408609207885974 ], [ 2.109827365457539, 41.408453154556774 ], [ 2.10965059990528, 41.40798425488348 ], [ 2.110862839336402, 41.407935650502644 ], [ 2.111429993905508, 41.407727461480576 ], [ 2.111988909715045, 41.4074096391778 ], [ 2.111442845367896, 41.407999730504535 ], [ 2.11110294182176, 41.408151512980389 ], [ 2.110079950180705, 41.408390532529722 ], [ 2.109858039747746, 41.408561220164344 ], [ 2.109815592934841, 41.408741689986442 ], [ 2.10996434076909, 41.408749154168845 ], [ 2.110146746596499, 41.408519567416143 ], [ 2.110750656996483, 41.408477772660625 ], [ 2.111498836761004, 41.408161540498213 ], [ 2.112136937501453, 41.407608774062908 ], [ 2.112383570426037, 41.407190197839014 ], [ 2.112887070331932, 41.406730427294228 ], [ 2.113089141874992, 41.406430341635605 ], [ 2.113490227109001, 41.406145596533115 ], [ 2.113427001434868, 41.406008808446238 ], [ 2.112937020782728, 41.405969004633349 ], [ 2.112579977273288, 41.405831141149775 ], [ 2.112094164528605, 41.405485111614425 ], [ 2.111918034578915, 41.40524055131759 ], [ 2.111792452428058, 41.404798216146929 ], [ 2.111894279763408, 41.404348627628032 ], [ 2.114023236598992, 41.403509318440314 ], [ 2.113556367338193, 41.402650014206706 ], [ 2.11299161188467, 41.4019520886566 ], [ 2.112758249173014, 41.401517931421168 ], [ 2.112155378327993, 41.401864576199458 ], [ 2.111350250843343, 41.402128589606775 ], [ 2.111322893519211, 41.402380587989569 ], [ 2.11102335240136, 41.402414305617469 ], [ 2.11019925320546, 41.403191590900285 ], [ 2.110243295859835, 41.403471163168561 ], [ 2.109930927263787, 41.403567831171799 ], [ 2.10982130182833, 41.403711103368437 ], [ 2.108881728703297, 41.404181231856498 ], [ 2.1085714458934, 41.404124785138862 ], [ 2.108430235468625, 41.4039525496677 ], [ 2.108616435020091, 41.403458579926927 ], [ 2.108230444997784, 41.403689785526559 ], [ 2.108207628013096, 41.403608541483877 ], [ 2.107866159690523, 41.403799561936346 ], [ 2.1074877028663, 41.403341503369838 ], [ 2.106984363349476, 41.40297259049467 ], [ 2.1069002737027, 41.402991754730337 ], [ 2.106931477476724, 41.403069334988707 ], [ 2.106710758130573, 41.403119640996557 ], [ 2.106679554720484, 41.403042051674738 ], [ 2.106140910988135, 41.40309649200011 ], [ 2.106098092259496, 41.40299266363396 ], [ 2.105906561370276, 41.403000310089773 ], [ 2.105893689435372, 41.403070198292717 ], [ 2.105846367566677, 41.402481128873788 ], [ 2.105961817301836, 41.402492212479302 ], [ 2.106184285795569, 41.402845231440971 ], [ 2.106270159774382, 41.40283465704151 ], [ 2.10639104696023, 41.40247132378564 ], [ 2.106413928810563, 41.401883492975536 ], [ 2.106607252437228, 41.401748115464144 ], [ 2.107196689039537, 41.400960938720218 ], [ 2.107457699666812, 41.400871581373437 ], [ 2.107532657778104, 41.40098985418615 ], [ 2.107627165453335, 41.400942612823883 ], [ 2.108377850239536, 41.401055167048568 ], [ 2.107538815466454, 41.400784468229972 ], [ 2.10713242923119, 41.400265224789493 ], [ 2.106322160623484, 41.399639448914925 ], [ 2.105055853718075, 41.398954439355116 ], [ 2.105055720265701, 41.398457189035391 ], [ 2.10473611423221, 41.39743676828386 ], [ 2.104556083530219, 41.396968212975821 ], [ 2.104217723600221, 41.396495309113035 ], [ 2.103159786122037, 41.39696441279446 ], [ 2.102853274376112, 41.396566221764317 ], [ 2.103343898220756, 41.396280110390357 ], [ 2.102818309712294, 41.395771416680184 ], [ 2.103010907527924, 41.395715935832328 ], [ 2.102769444885693, 41.395263067493431 ], [ 2.101955132150031, 41.395623234047832 ], [ 2.101915580073276, 41.39485840519211 ], [ 2.101382410655792, 41.394989357759975 ], [ 2.10103645379032, 41.394280569616008 ], [ 2.101100644352928, 41.39427422505981 ], [ 2.101062063949565, 41.393299682453907 ], [ 2.101903501708325, 41.393263264767768 ], [ 2.102128666999033, 41.392647394902724 ], [ 2.102428918128052, 41.392546032507454 ], [ 2.102771927682187, 41.392604200390025 ], [ 2.102943701216456, 41.392290276409035 ], [ 2.103603734697181, 41.392133281698051 ], [ 2.103682171480031, 41.391647487478465 ], [ 2.103327612395117, 41.390464744744385 ], [ 2.103003170616287, 41.388831860290061 ], [ 2.102815901798441, 41.388533153761507 ], [ 2.102330640159292, 41.388160064172425 ], [ 2.102275300344815, 41.387835362658898 ], [ 2.103203945113743, 41.387807506360346 ], [ 2.104499749812616, 41.387569875772613 ], [ 2.105833645859918, 41.387088044673717 ], [ 2.104068907421659, 41.385184408513112 ], [ 2.103026522611612, 41.385478801457367 ], [ 2.102856892992945, 41.38530890448569 ], [ 2.102642529396137, 41.385682486840643 ], [ 2.102422494292735, 41.385742761536633 ], [ 2.102280077098531, 41.38598602492997 ], [ 2.100993267469102, 41.386970792236461 ], [ 2.101406660249809, 41.387190459645254 ], [ 2.102114384558684, 41.387400208247719 ], [ 2.101787286499478, 41.387513376554438 ], [ 2.101324800687192, 41.387844198521492 ], [ 2.100758076148027, 41.388004539294833 ], [ 2.100501723314613, 41.38821559144565 ], [ 2.100199159076259, 41.389138856243306 ], [ 2.099967065051329, 41.39026137633595 ], [ 2.099900110381997, 41.391912440516059 ], [ 2.098970316308523, 41.39291725050964 ], [ 2.098595004483466, 41.393112685020419 ], [ 2.098029799912349, 41.393254432523754 ], [ 2.097918715237642, 41.393391899368041 ], [ 2.097871962750547, 41.393953366384963 ], [ 2.098295140978119, 41.394434339381945 ], [ 2.098473250135262, 41.394902304041423 ], [ 2.099020618872371, 41.395364015792559 ], [ 2.0990017140111, 41.395729292701489 ], [ 2.099368007161643, 41.39624694453974 ], [ 2.09976127820487, 41.396577010663435 ], [ 2.099993221680089, 41.396975567682908 ], [ 2.100088021037882, 41.397328023996657 ], [ 2.100447668188411, 41.397956620441185 ], [ 2.100504413976589, 41.398547295021672 ], [ 2.101487053896197, 41.399008928262937 ], [ 2.102157664079477, 41.399582397134374 ], [ 2.102160030936954, 41.399913909014799 ], [ 2.102575411702769, 41.400651248170846 ], [ 2.102543595817113, 41.401119150316553 ], [ 2.102913725467483, 41.401094224327544 ], [ 2.103276706142093, 41.402309152544625 ], [ 2.103696256507837, 41.402989655670439 ], [ 2.103814922757841, 41.403735398787369 ], [ 2.103486503871952, 41.404458916838955 ], [ 2.102718015233558, 41.404807248648133 ], [ 2.101953283798728, 41.404978436549705 ], [ 2.101821685598053, 41.405161648955172 ], [ 2.101661410184552, 41.406353924966595 ], [ 2.101407188412675, 41.406653610464787 ], [ 2.101337120321613, 41.407195886949971 ], [ 2.101657373016454, 41.407377313523945 ], [ 2.101906306414824, 41.408072353436971 ], [ 2.102519095915734, 41.408530747925887 ], [ 2.102753159669843, 41.409301431817219 ], [ 2.10330984087154, 41.409101091639094 ], [ 2.103527380470603, 41.409281751998151 ], [ 2.102821997749988, 41.409572507582894 ], [ 2.103396434607001, 41.409840378512307 ], [ 2.103891913167291, 41.410381513605451 ], [ 2.103831052313607, 41.41047794224886 ], [ 2.103919195994748, 41.410631340896785 ], [ 2.103808131905514, 41.410915851039022 ], [ 2.103370314522003, 41.411016856893504 ], [ 2.10359620510202, 41.411451901984485 ], [ 2.104057447969943, 41.411367786252605 ], [ 2.104197673300796, 41.41161207895324 ], [ 2.104508635065828, 41.411502778497571 ], [ 2.104863005058849, 41.411992648907066 ], [ 2.104820729105294, 41.412601657242746 ], [ 2.104983734978487, 41.412797584825803 ], [ 2.105294170421196, 41.412975688211446 ], [ 2.10564798862982, 41.412940281540422 ], [ 2.106138919268147, 41.412681895664889 ], [ 2.106751580132201, 41.412578137530453 ], [ 2.106950516406482, 41.412451334979181 ], [ 2.106977702582896, 41.413056854868152 ], [ 2.106117896779477, 41.413806809741949 ], [ 2.106720416777344, 41.414364120950808 ], [ 2.106564187610585, 41.414554317311932 ], [ 2.106639319814589, 41.414605819493843 ], [ 2.107069645022257, 41.414699565604927 ], [ 2.107086346020464, 41.414367535933685 ], [ 2.107582455150111, 41.414270678944064 ], [ 2.10859163904074, 41.41433422595118 ], [ 2.109522353363755, 41.414674956415645 ], [ 2.110425156621202, 41.415357441033819 ], [ 2.11143340171974, 41.414466047666572 ], [ 2.111161858095524, 41.413776099659472 ], [ 2.111646531335745, 41.413083641230607 ], [ 2.111942593557746, 41.412830869752177 ], [ 2.112405685151873, 41.412756787328142 ], [ 2.112299683128593, 41.413400751579601 ], [ 2.112942307626333, 41.413932911419096 ], [ 2.113085676496314, 41.414645065193596 ], [ 2.113229707380254, 41.414870307341921 ], [ 2.112002136631478, 41.415104975328248 ], [ 2.110739003258075, 41.416041361119419 ], [ 2.110711038559156, 41.41613446243322 ], [ 2.110378316904385, 41.416048509954997 ], [ 2.111052659294034, 41.4165289792195 ], [ 2.111842616993654, 41.416960939526433 ], [ 2.110997754146705, 41.417378544333516 ], [ 2.111319897080925, 41.417656605539982 ], [ 2.112335007138021, 41.417265874271408 ], [ 2.112777020766818, 41.417476074569315 ], [ 2.112801864182307, 41.417588562021521 ], [ 2.111441184071951, 41.417858759297843 ], [ 2.111451665667834, 41.418534417640799 ], [ 2.11135316730485, 41.418556689501344 ], [ 2.111374465938443, 41.418468058364411 ], [ 2.111089661733574, 41.418644279559985 ], [ 2.110920572215693, 41.419028430091075 ], [ 2.110280077607544, 41.41906591640528 ], [ 2.109595250328611, 41.418642009589618 ], [ 2.109547970331997, 41.41849657881901 ], [ 2.110228554053748, 41.418151477410767 ], [ 2.110104765555934, 41.418017156230562 ], [ 2.109617893079058, 41.4177431682606 ], [ 2.109150895705163, 41.417766578157234 ], [ 2.108840917290859, 41.417683112129957 ], [ 2.108675747840258, 41.417510691838217 ], [ 2.108584336810349, 41.417194723055026 ], [ 2.108489111293955, 41.41715795589613 ], [ 2.10805690373508, 41.417262697877796 ], [ 2.107770612251585, 41.417197427387691 ], [ 2.107629745838727, 41.416998171545792 ], [ 2.107635535923164, 41.416574865816315 ], [ 2.107196173157757, 41.416328258180954 ], [ 2.106860672179284, 41.416361685882663 ], [ 2.106334598790126, 41.417204304873792 ], [ 2.106106158417315, 41.417283598610354 ], [ 2.105828969863428, 41.417182895650548 ], [ 2.105840172912155, 41.416642264872323 ], [ 2.105411522297446, 41.416360145155281 ], [ 2.104808778250014, 41.416437815451395 ], [ 2.104504458232164, 41.416628181493941 ], [ 2.104400289628165, 41.416903655993856 ], [ 2.103821637128573, 41.417211794087429 ], [ 2.103728146622269, 41.417048932086281 ], [ 2.103888194398972, 41.416655567770007 ], [ 2.102954157393683, 41.416772680470146 ], [ 2.102156865380764, 41.416451204634853 ], [ 2.101915094340908, 41.416629468135575 ], [ 2.101354618976277, 41.416489982942664 ], [ 2.100301318306582, 41.416427045657393 ], [ 2.100310562957684, 41.415544954382383 ], [ 2.101458714468789, 41.414795456527209 ], [ 2.101782397034991, 41.414668382850174 ], [ 2.101931197274713, 41.4137549710046 ], [ 2.101319530158946, 41.41351592317578 ], [ 2.100380905792322, 41.413749740694882 ], [ 2.099634452294672, 41.413628826408676 ], [ 2.099524829142754, 41.413515015515799 ], [ 2.098902331119782, 41.413407766404887 ], [ 2.098550314121749, 41.413694056219654 ], [ 2.09845490327966, 41.413541816687122 ], [ 2.098475499068027, 41.413182183902386 ], [ 2.098333440867033, 41.413062317088567 ], [ 2.098421484260812, 41.4129495125351 ], [ 2.098075341548984, 41.412579981577409 ], [ 2.09838279214542, 41.412242691168387 ], [ 2.099112269282631, 41.412553655307349 ], [ 2.099584183527645, 41.412389114505437 ], [ 2.098995520637799, 41.412168411276191 ], [ 2.098702095825289, 41.411920201888734 ], [ 2.101296027591375, 41.411102820174598 ], [ 2.1012676280877, 41.411017315804834 ], [ 2.100384569828783, 41.411232831734068 ], [ 2.100299247609783, 41.410690510066296 ], [ 2.100202072763025, 41.4106534468878 ], [ 2.10073623183511, 41.409921713780236 ], [ 2.10146080141934, 41.409421069913613 ], [ 2.100599140734348, 41.409790638172048 ], [ 2.100391042507546, 41.409402501934984 ], [ 2.099681635139374, 41.409292704405878 ], [ 2.098936268710615, 41.409457303835865 ], [ 2.09808109421818, 41.40983955944926 ], [ 2.097866005337907, 41.409371386613486 ], [ 2.098706821337497, 41.409091074778317 ], [ 2.099664828416775, 41.408874481972752 ], [ 2.099491429460304, 41.408860890535657 ], [ 2.100468760448429, 41.408741384444276 ], [ 2.100897420647709, 41.408596487713297 ], [ 2.100758739457095, 41.408284034440939 ], [ 2.101125635815494, 41.407890732806848 ], [ 2.101171919936056, 41.407980619391857 ], [ 2.101329400750274, 41.407267939103427 ], [ 2.100861204431144, 41.407829714191557 ], [ 2.100579674992065, 41.408353911885754 ], [ 2.100164803335284, 41.408407363279686 ], [ 2.099013815050328, 41.408826153874287 ], [ 2.097793981156924, 41.409105534307493 ], [ 2.097525184265805, 41.409095320981564 ], [ 2.097212792976322, 41.408967208352387 ], [ 2.09689765080046, 41.408459561994519 ], [ 2.096197922691616, 41.40793797081956 ], [ 2.095487339528558, 41.407788640464915 ], [ 2.093005217521145, 41.408172027204266 ], [ 2.092488181409297, 41.4082226103586 ], [ 2.091479562864066, 41.408136723307365 ], [ 2.089799524652915, 41.408371465701649 ], [ 2.088685970332088, 41.408579286711401 ], [ 2.087485095945963, 41.408971670432933 ], [ 2.086917098091744, 41.409396382001418 ], [ 2.086376940792008, 41.409624948935907 ], [ 2.085383660749561, 41.40961237883058 ], [ 2.085028136018647, 41.409450058211881 ], [ 2.083131739129517, 41.407948902417893 ], [ 2.082646085071165, 41.407473961473677 ], [ 2.082521174446336, 41.407287052060212 ], [ 2.082590127532792, 41.407160164502457 ], [ 2.080972262172296, 41.406349623738663 ], [ 2.080812791996889, 41.406153502803008 ], [ 2.080449107228156, 41.405953512938503 ], [ 2.0804776939706, 41.405165155411375 ], [ 2.080388777086414, 41.404795958692972 ], [ 2.080183361044677, 41.404488604296198 ], [ 2.079001677460697, 41.40344276698449 ], [ 2.078426133065896, 41.403169857245956 ], [ 2.078229168628194, 41.402977719390577 ], [ 2.077885428965049, 41.402899303259481 ], [ 2.076874031051262, 41.403111881687686 ], [ 2.075850855803349, 41.403206926280319 ], [ 2.075342694501487, 41.403106673603595 ], [ 2.074808368125797, 41.402861449378129 ], [ 2.074562858608179, 41.403108505821763 ], [ 2.073660292678647, 41.403703586141113 ], [ 2.072934001092508, 41.403531714708009 ], [ 2.072153387768405, 41.403870637828092 ], [ 2.070735235313803, 41.405451657565827 ], [ 2.069601913892941, 41.406291737531689 ], [ 2.069424319397622, 41.406867207484609 ], [ 2.069715761935425, 41.407054760223836 ], [ 2.071370106807293, 41.407209838915946 ], [ 2.071564078814439, 41.407301667740505 ], [ 2.071880416213634, 41.407655482256708 ], [ 2.071504557196679, 41.40855543173366 ], [ 2.07141059716781, 41.409111452086201 ], [ 2.071932612099494, 41.410163165043663 ], [ 2.072783079744461, 41.410101731788082 ], [ 2.073299923518125, 41.410178844426433 ], [ 2.074589674092958, 41.410992638661448 ], [ 2.075327557420648, 41.411234986009106 ], [ 2.075947174189675, 41.411225467727299 ], [ 2.076408327197123, 41.411024113228216 ], [ 2.076622627571525, 41.410826407005167 ], [ 2.076967829702278, 41.411418364228702 ], [ 2.077569269445661, 41.411757530660765 ], [ 2.076621701916198, 41.41229193161049 ], [ 2.078435620432186, 41.414164919568471 ], [ 2.078330021328073, 41.414282954633244 ], [ 2.078529963360904, 41.415067934352557 ], [ 2.079647953306681, 41.415066895100111 ], [ 2.080025413403272, 41.415306619321179 ], [ 2.080130887766974, 41.415643728321797 ], [ 2.080052613295498, 41.415952247687628 ], [ 2.079481013024866, 41.416483703364257 ], [ 2.079313392419655, 41.416793390329886 ], [ 2.079147253224237, 41.416919174751527 ], [ 2.078944849109274, 41.417618416361876 ], [ 2.078565064081511, 41.41788487126513 ], [ 2.078715376243092, 41.418322512109739 ], [ 2.078592795447803, 41.418552040739094 ], [ 2.077635197566784, 41.41850890150792 ], [ 2.077452016907718, 41.418960859693257 ], [ 2.076976687007844, 41.419384011776884 ], [ 2.076885146274889, 41.419647691407533 ], [ 2.077045362650353, 41.420906298162194 ], [ 2.07578336397449, 41.421590008377962 ], [ 2.075291001037345, 41.421957296461052 ], [ 2.074938116501833, 41.42246240260851 ], [ 2.075420678177272, 41.422621419999388 ], [ 2.076105710368438, 41.422457903816216 ], [ 2.076671846544721, 41.422409445890793 ], [ 2.077948061980489, 41.422463531411239 ], [ 2.079781464945496, 41.422964359182401 ], [ 2.080032480928861, 41.423185246959143 ], [ 2.080139343654819, 41.424221816902836 ], [ 2.080603340954673, 41.424330076303796 ], [ 2.080589391332538, 41.424420571617581 ], [ 2.079220278357609, 41.424530275217194 ], [ 2.077706751261613, 41.424956452980567 ], [ 2.077095919024121, 41.425047216851816 ], [ 2.075741297602999, 41.424933565673896 ], [ 2.075124342737319, 41.424992599766014 ], [ 2.074577550759602, 41.424811335697626 ], [ 2.073839796337, 41.42486537448611 ], [ 2.072637967574497, 41.425093730236796 ], [ 2.072755834999437, 41.426070121839189 ], [ 2.072930677690326, 41.426285087204718 ], [ 2.073173637883007, 41.427408633208898 ], [ 2.074931995265791, 41.428199186374044 ], [ 2.076592391871413, 41.428667095407476 ], [ 2.075416201839773, 41.429585636721256 ], [ 2.074581559368785, 41.429920456158563 ], [ 2.073915491487094, 41.430357481872406 ], [ 2.073129563591543, 41.430669803688332 ], [ 2.072372069546656, 41.431833208728847 ], [ 2.071341920191871, 41.433162208643772 ], [ 2.07094524703908, 41.434368344590936 ], [ 2.070991471127511, 41.434996696995348 ], [ 2.071726708200459, 41.436300402381271 ], [ 2.072445625303796, 41.436788774100805 ], [ 2.073229353293644, 41.437161210701611 ], [ 2.072604961338982, 41.435321551250915 ], [ 2.072833503482838, 41.435079146920678 ], [ 2.074595148403364, 41.435506906278967 ], [ 2.074811092944782, 41.435379151286426 ], [ 2.075227347454484, 41.434382771117981 ], [ 2.074943815950183, 41.433635822459749 ], [ 2.074936762372942, 41.433339151314541 ], [ 2.075168256712435, 41.43305626856889 ], [ 2.075394663569851, 41.432924371972533 ], [ 2.076432716801641, 41.432907952068341 ], [ 2.076789958288377, 41.432816185484022 ], [ 2.077568760018096, 41.432284000486504 ], [ 2.078194897733675, 41.43204241046147 ], [ 2.079961815959806, 41.431876036073604 ], [ 2.080132001927899, 41.431785871566376 ], [ 2.080233565582372, 41.431610407678178 ], [ 2.080174028272442, 41.430904893510842 ], [ 2.080515944499587, 41.430704579411263 ], [ 2.080842895157011, 41.430632680826292 ], [ 2.081208459130771, 41.430692968347863 ], [ 2.081183024099666, 41.431358799691573 ], [ 2.081361684355174, 41.431465686497631 ], [ 2.08151239637104, 41.431745321589716 ], [ 2.082113462534951, 41.431976269006867 ], [ 2.082479229331118, 41.43191138580967 ], [ 2.082678770809441, 41.43165534548686 ], [ 2.082477389867027, 41.431209413186799 ], [ 2.082648130168971, 41.430763005489084 ], [ 2.083659105877593, 41.430918958937639 ], [ 2.083957800615927, 41.430867219408178 ], [ 2.084096611694311, 41.430764936558496 ], [ 2.084059690978043, 41.430608868305853 ], [ 2.083751163193523, 41.430308564471112 ], [ 2.083747065650006, 41.430108710995924 ], [ 2.085488576376061, 41.429228345313824 ], [ 2.085750637595197, 41.42892660599518 ], [ 2.086032837482828, 41.428911648799492 ], [ 2.085744398459005, 41.428923457890285 ], [ 2.085392560957572, 41.429262945743076 ], [ 2.084982907199195, 41.429457854048557 ], [ 2.084560649387185, 41.428729354672363 ], [ 2.085072224821116, 41.428312305833344 ], [ 2.085580473380791, 41.42803560013116 ], [ 2.086088646957871, 41.42796035188416 ], [ 2.085780137349646, 41.427650424556454 ], [ 2.084850953626995, 41.428094983320804 ], [ 2.084490720998149, 41.427703780658881 ], [ 2.084668762275825, 41.427403121810499 ], [ 2.08519883344563, 41.427477151676477 ], [ 2.085853637443371, 41.42728122589947 ], [ 2.085934054981911, 41.427336323384189 ], [ 2.085897991821314, 41.427416869786406 ], [ 2.086123133375697, 41.427561046758576 ], [ 2.086411027783699, 41.427348693510979 ], [ 2.086924707337909, 41.427646474204209 ], [ 2.086598606183496, 41.427842978768084 ], [ 2.086933841676863, 41.427733366731175 ], [ 2.087665567911343, 41.427760292792229 ], [ 2.087615261577144, 41.4281276317272 ], [ 2.087394561247939, 41.428292583058251 ], [ 2.087414367219032, 41.428361079476069 ], [ 2.087744751385271, 41.428164696630112 ], [ 2.087985602320077, 41.428270316502775 ], [ 2.088309985334146, 41.428166642186504 ], [ 2.088881777442328, 41.428650797684867 ], [ 2.08929803663546, 41.428640724227058 ], [ 2.089515807173916, 41.428400768173418 ], [ 2.090136192251384, 41.428200222257743 ], [ 2.090150933195786, 41.42803750230869 ], [ 2.089711635089373, 41.427781253948531 ], [ 2.089337309935726, 41.427339078064783 ], [ 2.089931872607806, 41.427202970165425 ], [ 2.090105890768416, 41.427042995390501 ], [ 2.090218543638521, 41.426779625433689 ], [ 2.090037945957083, 41.426697599561855 ], [ 2.089917252690332, 41.426466811712274 ], [ 2.08962991181645, 41.427116492715435 ], [ 2.088784666272275, 41.427334492931735 ], [ 2.087864571780606, 41.427679775880023 ], [ 2.087606036733705, 41.42742260057927 ], [ 2.087336869763201, 41.426955521148372 ], [ 2.088006341439478, 41.427119393381872 ], [ 2.088847407179519, 41.426880113870673 ], [ 2.089137762169769, 41.426687814771697 ], [ 2.089222788241028, 41.426474767942494 ], [ 2.088987756694022, 41.426632267959974 ], [ 2.088104560341955, 41.426872962257583 ], [ 2.087775406473011, 41.426881839098897 ], [ 2.087710365604763, 41.426128733356578 ], [ 2.087272528394875, 41.425773972858359 ], [ 2.086614676174481, 41.425397603643773 ], [ 2.086867748944915, 41.425220103025708 ], [ 2.087725093482308, 41.42562593850321 ], [ 2.087744743004875, 41.42550966403256 ], [ 2.088269924886944, 41.425285404638437 ], [ 2.088549534041149, 41.425618434894062 ], [ 2.088874226556369, 41.425413599669064 ], [ 2.089158584381074, 41.424959568801505 ], [ 2.089300951102518, 41.424965396946639 ], [ 2.089587485304377, 41.425167835555513 ], [ 2.089784868041104, 41.42521388401871 ], [ 2.090115021031504, 41.425052134999476 ], [ 2.090453485402905, 41.425036578420553 ], [ 2.090673763205104, 41.425155736509325 ], [ 2.090390778917429, 41.425564945924748 ], [ 2.090144939337328, 41.425611463338768 ], [ 2.090704700660587, 41.425909888669963 ], [ 2.090324080930058, 41.426195786475937 ], [ 2.090034822719361, 41.426550906739699 ], [ 2.090208779080823, 41.4267237832128 ], [ 2.090527929102318, 41.426638365231078 ], [ 2.090687496783354, 41.426415052177184 ], [ 2.091181120300076, 41.426042862274784 ], [ 2.091218727841488, 41.425276391698304 ], [ 2.091901273189254, 41.42499930409187 ], [ 2.091791423978916, 41.424753534216727 ], [ 2.092159874088013, 41.424377064725519 ], [ 2.09270486789261, 41.423121714874611 ], [ 2.093257779638436, 41.422563258617103 ], [ 2.09338540190888, 41.42213317627543 ], [ 2.094276739637845, 41.42106398194511 ], [ 2.093863962450443, 41.421176677782505 ], [ 2.093706646473729, 41.421069234151027 ], [ 2.093869051508763, 41.420574299614898 ], [ 2.094229340010865, 41.420336599750208 ], [ 2.094643651898638, 41.420242226787657 ], [ 2.094935192130337, 41.420539561043206 ], [ 2.094760330885836, 41.420662657258994 ], [ 2.0951525095864, 41.420567153652094 ], [ 2.095973988145377, 41.420058083556548 ], [ 2.096741504069813, 41.419222712546386 ], [ 2.096001916939359, 41.418855303550409 ], [ 2.095277470935367, 41.418751377707871 ], [ 2.094426926308983, 41.418276825679214 ], [ 2.093996043618746, 41.417865280977367 ], [ 2.093928666238591, 41.417667712682061 ], [ 2.09405900196573, 41.417642634732083 ], [ 2.094392630081882, 41.417852809249993 ], [ 2.09478600453636, 41.417822584230365 ], [ 2.093812280618211, 41.417367325837866 ], [ 2.093881581530286, 41.417221319983625 ], [ 2.093739018118595, 41.417170539781786 ], [ 2.093832170616419, 41.41695794943076 ], [ 2.094473507966581, 41.416995980718411 ], [ 2.094529458014125, 41.417104807471851 ], [ 2.094835555192616, 41.417218960902012 ], [ 2.096159738539507, 41.417476167956409 ], [ 2.096340457193018, 41.417387511995109 ], [ 2.096356164516832, 41.417117411615472 ], [ 2.096454354465918, 41.417111468510456 ], [ 2.096484494736079, 41.417186002017608 ], [ 2.096508876981274, 41.41711115224193 ], [ 2.096851212045909, 41.416963512831963 ], [ 2.096953400919761, 41.417194157291796 ], [ 2.097428158873717, 41.41715123078081 ], [ 2.097541374617724, 41.417504616060612 ], [ 2.097537987826724, 41.417127501370317 ], [ 2.097412652701255, 41.416850688468671 ], [ 2.097961778622853, 41.416710465781435 ], [ 2.098229830924375, 41.417172068699962 ], [ 2.098195589869838, 41.417723074832502 ], [ 2.098277725984532, 41.418010425466932 ], [ 2.098208250732553, 41.418279627566385 ], [ 2.098363193393152, 41.418641202318369 ], [ 2.098583790992025, 41.418771123776928 ], [ 2.098678989988547, 41.418702120314968 ], [ 2.098750509079768, 41.41876652877675 ], [ 2.099258510239335, 41.418374176308838 ], [ 2.099328957467919, 41.418230995754513 ], [ 2.100095213846854, 41.418609058544931 ], [ 2.101099531078909, 41.418502995174535 ], [ 2.101096515842059, 41.41872181727171 ], [ 2.099414580082698, 41.419204083005972 ], [ 2.098960031983462, 41.41919151905806 ], [ 2.098627001401844, 41.419044792952619 ], [ 2.098088574881137, 41.419040576292922 ], [ 2.097559497012207, 41.419225586904304 ], [ 2.09717300014302, 41.419483772862918 ], [ 2.097063693499277, 41.419600012532612 ], [ 2.097420030529785, 41.419791963124766 ], [ 2.096645653856584, 41.420407403828065 ], [ 2.095012089440598, 41.422222618917829 ], [ 2.095614960795479, 41.422758426380035 ], [ 2.095498782848619, 41.422785337701562 ], [ 2.095928203179389, 41.4231724188312 ], [ 2.095223080920083, 41.423627745541822 ], [ 2.095001342643197, 41.423936408298985 ], [ 2.094891579849456, 41.423893246464168 ], [ 2.095083794648096, 41.424246218937697 ], [ 2.094741891601626, 41.424475747740225 ], [ 2.094431829624218, 41.424269448038231 ], [ 2.094194964713797, 41.424418261205581 ], [ 2.094003029633946, 41.424173829174862 ], [ 2.09402593661902, 41.423831681501589 ], [ 2.094436387901387, 41.423254182682051 ], [ 2.094250956066944, 41.42318535730039 ], [ 2.093583518281616, 41.424221959589936 ], [ 2.093597843131908, 41.424380405222941 ], [ 2.093788228685204, 41.424563169769861 ], [ 2.094264623095155, 41.424644204982634 ], [ 2.094184499566186, 41.424893456637719 ], [ 2.094755225652612, 41.425123618127088 ], [ 2.095585040704894, 41.425647140139148 ], [ 2.095874451051467, 41.425734380518605 ], [ 2.095766373974446, 41.425969022287319 ], [ 2.096438019892118, 41.42608388911124 ], [ 2.096978153387349, 41.426277580535427 ], [ 2.097170626161676, 41.425903470706423 ], [ 2.097079592168362, 41.425705268597888 ], [ 2.095787047120585, 41.425112369664205 ], [ 2.095665257863574, 41.425368458479866 ], [ 2.094850432345563, 41.42487658993889 ], [ 2.095060848301822, 41.424683016722753 ], [ 2.094957803480826, 41.424615490357979 ], [ 2.09538549652813, 41.424391556099849 ], [ 2.095319124757469, 41.424321749304355 ], [ 2.095416118267992, 41.424275258385599 ], [ 2.095245919159869, 41.424056156988399 ], [ 2.095295835574067, 41.423871455262123 ], [ 2.095974790868894, 41.423433180928718 ], [ 2.096162007406844, 41.423634201816313 ], [ 2.095953066631326, 41.42385392828772 ], [ 2.096036028048116, 41.423896761579314 ], [ 2.096447907072037, 41.423491381044471 ], [ 2.09728541830999, 41.42416389844049 ], [ 2.098282837283413, 41.42406991264653 ], [ 2.099184706226926, 41.424771401797798 ], [ 2.100106324341489, 41.425051814664819 ], [ 2.100217502769751, 41.425191307086912 ], [ 2.10062224115792, 41.425347596159462 ], [ 2.100811609035131, 41.425644844301829 ], [ 2.10109526566083, 41.425678567440343 ], [ 2.101381454993714, 41.425908059427215 ], [ 2.101028017974965, 41.4261345306154 ], [ 2.100492138010517, 41.425932739676263 ], [ 2.10040168438105, 41.425825339744847 ], [ 2.100391486516875, 41.425421141073706 ], [ 2.100164190878322, 41.425545820281748 ], [ 2.10014495832077, 41.425773125938079 ], [ 2.100254564466808, 41.425916606446137 ], [ 2.099832672388999, 41.426054365080496 ], [ 2.099985921130154, 41.426218021453515 ], [ 2.100245543450685, 41.426288452450265 ], [ 2.099696378157515, 41.426645250469498 ], [ 2.099414784169551, 41.426324977234003 ], [ 2.09903994423483, 41.426109315665649 ], [ 2.098950330025233, 41.426386547989523 ], [ 2.099199560932919, 41.426827277869705 ], [ 2.099408931939146, 41.426986230849131 ], [ 2.099433413484403, 41.427373984929787 ], [ 2.099735272184901, 41.427486273204849 ], [ 2.100424863765345, 41.427459209749806 ], [ 2.100714961264984, 41.427548010620065 ], [ 2.100459570448268, 41.427920806035743 ], [ 2.100286803798336, 41.427988263840916 ], [ 2.100212349117609, 41.428265102111304 ], [ 2.099845083682645, 41.428396573735988 ], [ 2.099746182301066, 41.428278130558425 ], [ 2.099553168117826, 41.428425901389332 ], [ 2.099620804267817, 41.428537410391534 ], [ 2.099488796571317, 41.42856340022923 ], [ 2.099593761820668, 41.428762384870907 ], [ 2.099163085465255, 41.429080159782771 ], [ 2.099062276541117, 41.428992507589975 ], [ 2.09932708042795, 41.428807984881871 ], [ 2.098477998141804, 41.427867222589306 ], [ 2.098415468656258, 41.427917210618524 ], [ 2.098147028401623, 41.427817611558226 ], [ 2.098078102784501, 41.427978728130938 ], [ 2.098256193550545, 41.428095904816118 ], [ 2.098687929626784, 41.428666348978879 ], [ 2.098665747024939, 41.428724777709711 ], [ 2.098043556258637, 41.428321893140179 ], [ 2.098015726025764, 41.428687368119796 ], [ 2.09952774224196, 41.429495849306782 ], [ 2.099301963481994, 41.429756144100608 ], [ 2.098432508471356, 41.429344023314307 ], [ 2.097956935602207, 41.429878114129863 ], [ 2.097870518084162, 41.429870050153554 ], [ 2.097837568700338, 41.429563719983243 ], [ 2.097613799584987, 41.429515181613453 ], [ 2.097346558840667, 41.429951064218542 ], [ 2.097451054418578, 41.430326340621939 ], [ 2.097609389967682, 41.430297397895977 ], [ 2.097631044641936, 41.430528905608632 ], [ 2.098138181620476, 41.430321339859212 ], [ 2.098326732966828, 41.430626790708949 ], [ 2.098328521429432, 41.430882615889942 ], [ 2.097879017653526, 41.430972780796893 ], [ 2.097905012167523, 41.431061968938572 ], [ 2.097474021684547, 41.431101997818907 ], [ 2.09736394390129, 41.430928435258764 ], [ 2.097063958324286, 41.431158834957209 ], [ 2.0964249732655, 41.431313145068629 ], [ 2.095637027141241, 41.431062496298367 ], [ 2.095487312015176, 41.431292054549054 ], [ 2.095113096978679, 41.431372657758203 ], [ 2.094769317656496, 41.431216835299466 ], [ 2.094879103848706, 41.430990344312519 ], [ 2.094250449988547, 41.430778904643667 ], [ 2.093971591742503, 41.430849004047076 ], [ 2.093920629490918, 41.430763761942131 ], [ 2.093485874281102, 41.43083105692633 ], [ 2.093422161031952, 41.430433570429216 ], [ 2.092779552405599, 41.430163473514583 ], [ 2.093486099820671, 41.429525908249502 ], [ 2.093880283588625, 41.429606196149543 ], [ 2.093992109331043, 41.429214667276788 ], [ 2.093938258162248, 41.429134149342879 ], [ 2.094251957793168, 41.428866052394824 ], [ 2.094725059697347, 41.428696956831061 ], [ 2.095014157526355, 41.42874494579091 ], [ 2.094913987286351, 41.429130754236716 ], [ 2.095078380738928, 41.429468077973226 ], [ 2.094965812934298, 41.42961600496109 ], [ 2.09514847703669, 41.429519088588975 ], [ 2.095393693198338, 41.428391564048667 ], [ 2.094970982607136, 41.428222486937777 ], [ 2.094846915631197, 41.428577542338893 ], [ 2.094631020758104, 41.428537019877176 ], [ 2.09389827773628, 41.429124295806865 ], [ 2.093339199424471, 41.429280766213274 ], [ 2.092924306995018, 41.42985397388577 ], [ 2.092745929756452, 41.429771501388501 ], [ 2.092535748177785, 41.4294722658559 ], [ 2.092839346225833, 41.429078664977659 ], [ 2.092448562201147, 41.428767279304829 ], [ 2.092481071199398, 41.428496123477842 ], [ 2.092042345644596, 41.428200218706998 ], [ 2.092705695180634, 41.427640294106546 ], [ 2.093382380223638, 41.427703862370066 ], [ 2.093194747066467, 41.427872397359131 ], [ 2.093562137996384, 41.428042964034866 ], [ 2.093560245780525, 41.427992255273388 ], [ 2.093925919027132, 41.428095341550147 ], [ 2.094186825882881, 41.427745185789576 ], [ 2.094618206995547, 41.427943653185267 ], [ 2.094728142162679, 41.427428274321827 ], [ 2.094268185266148, 41.427394457933445 ], [ 2.094105789035369, 41.427099610165712 ], [ 2.094796780416594, 41.427020263565616 ], [ 2.094792803350385, 41.426467850991564 ], [ 2.094905510412218, 41.426474222646462 ], [ 2.095051528455083, 41.426036068569033 ], [ 2.094204450559989, 41.425792097011751 ], [ 2.09401076216679, 41.426123289836433 ], [ 2.094394721345163, 41.426194695241684 ], [ 2.094292454434021, 41.426498617400703 ], [ 2.093950705058399, 41.426606805027085 ], [ 2.093562767191047, 41.427016976632927 ], [ 2.09302360957907, 41.427065948595512 ], [ 2.092803719449234, 41.427013718102856 ], [ 2.092806781022302, 41.427141466734469 ], [ 2.09218889586265, 41.42708438102693 ], [ 2.092040881117205, 41.427151210946072 ], [ 2.091973482495447, 41.427324540968613 ], [ 2.092451498185174, 41.427513169854763 ], [ 2.09249434749855, 41.427665084809185 ], [ 2.092024970479771, 41.42818466168206 ], [ 2.091694167386405, 41.427853668392942 ], [ 2.091398587293742, 41.428425443033611 ], [ 2.090898463543089, 41.428894440852936 ], [ 2.091087268991152, 41.429164486460984 ], [ 2.091408634033645, 41.429218770380345 ], [ 2.091479745926961, 41.42935449418713 ], [ 2.091743353187069, 41.429465909394779 ], [ 2.092270619426738, 41.429592732042302 ], [ 2.09251407300856, 41.430197522162075 ], [ 2.092840108381005, 41.430482930979885 ], [ 2.092934263762788, 41.430684948498737 ], [ 2.093581357441065, 41.431209868612072 ], [ 2.094414163963526, 41.432459613856096 ], [ 2.094674767086957, 41.432710785418948 ], [ 2.095825757540042, 41.432984794908947 ], [ 2.096460316269384, 41.43292749054951 ], [ 2.096860798667973, 41.432526664269822 ], [ 2.096451244220356, 41.432704594346973 ], [ 2.095980957215845, 41.432055961185164 ], [ 2.096395426752899, 41.431858700601175 ], [ 2.096564328231572, 41.431607367657804 ], [ 2.096950120269314, 41.431469455170728 ], [ 2.097115065896227, 41.431679910525602 ], [ 2.096893918267281, 41.431799370948951 ], [ 2.096751323759581, 41.432097434165158 ], [ 2.097223518891527, 41.432392858117282 ], [ 2.09759075425494, 41.432189722056201 ], [ 2.098696418263152, 41.431799831637932 ], [ 2.098922318017411, 41.431565767328436 ], [ 2.098714580512818, 41.430891087644099 ], [ 2.099089707480107, 41.430114178008573 ], [ 2.099575063893462, 41.430171137011619 ], [ 2.101130118357462, 41.429728062067738 ], [ 2.102055371509386, 41.428635789410443 ], [ 2.102810457372228, 41.428373443754502 ], [ 2.103216441362178, 41.428072029288018 ], [ 2.104025122773531, 41.42841927533582 ], [ 2.105403099360774, 41.428799737614895 ], [ 2.106645704481029, 41.428620446511573 ], [ 2.108399894730693, 41.428716508282079 ], [ 2.109531291229888, 41.428587432902731 ], [ 2.111103914373869, 41.428288567810107 ], [ 2.111844951572079, 41.428341251740626 ], [ 2.112130886392953, 41.428570335929706 ], [ 2.112303194309959, 41.428613928347772 ], [ 2.112899593250006, 41.428356660958698 ], [ 2.113305302560645, 41.428482197529043 ], [ 2.114348554278215, 41.42808599164907 ], [ 2.115141591689153, 41.427890025527851 ], [ 2.115744162849436, 41.426918491269355 ], [ 2.115965154196303, 41.426745867274455 ], [ 2.116823650571015, 41.426377214890508 ], [ 2.117307718236647, 41.426242014366167 ], [ 2.118050245726233, 41.426211476928451 ], [ 2.11963067907764, 41.425647834810867 ], [ 2.120734270617007, 41.425679507604087 ], [ 2.121064749237936, 41.425750956048276 ], [ 2.121921299451867, 41.42649174338208 ], [ 2.122148503203886, 41.426997884152605 ], [ 2.122440075602651, 41.427251297707279 ], [ 2.122615207316598, 41.427560407991507 ], [ 2.123109824985538, 41.428678935214499 ], [ 2.123624454682563, 41.428896729389201 ], [ 2.123918706009674, 41.429335748954003 ], [ 2.126624405751925, 41.431592557617336 ], [ 2.12644263531612, 41.431709788554464 ], [ 2.126527191808236, 41.431850225624707 ], [ 2.127420497883396, 41.432826101335984 ], [ 2.128280295512317, 41.43355203004198 ], [ 2.128349001343731, 41.434161462212131 ], [ 2.128866785950629, 41.435245382244922 ], [ 2.129278324436755, 41.435795868503405 ], [ 2.129002269901131, 41.436206501094063 ], [ 2.128832303837625, 41.436745697285986 ], [ 2.12942710420023, 41.438213391403195 ], [ 2.129482528091454, 41.438992106779359 ], [ 2.12932488840689, 41.439696142564856 ], [ 2.129413373158319, 41.440231123537899 ], [ 2.129818699105854, 41.440640783367215 ], [ 2.129907549484384, 41.440872549545041 ], [ 2.129889241653668, 41.441071124082455 ], [ 2.129541285010772, 41.441726504390587 ], [ 2.129682439133278, 41.442142660892713 ], [ 2.12995289500636, 41.442474151850028 ], [ 2.129944934254751, 41.442853520546329 ], [ 2.130465384462037, 41.443417093142159 ], [ 2.130653559921443, 41.443788681414446 ], [ 2.131104381401498, 41.443845869749794 ], [ 2.132253186786547, 41.444167317548072 ], [ 2.132846338281498, 41.444720465774012 ], [ 2.132874281792599, 41.445430422516459 ], [ 2.133440832492574, 41.445657840605143 ], [ 2.133658949069537, 41.445846882226107 ], [ 2.134629890899311, 41.447218196873507 ], [ 2.134701283390739, 41.44758850412947 ], [ 2.135941601780964, 41.447361547970161 ], [ 2.136164968927397, 41.447381266128055 ], [ 2.136688247993969, 41.447756921818964 ], [ 2.13727031531053, 41.447653391369869 ], [ 2.137589281162376, 41.447899161759082 ], [ 2.139697463387086, 41.447632417752729 ], [ 2.140790495670616, 41.447571475818059 ], [ 2.141528027855752, 41.447083542355536 ], [ 2.141969619731075, 41.447142707526297 ], [ 2.142658517996796, 41.447424079629656 ], [ 2.14365298281182, 41.447630049984603 ], [ 2.144386571532373, 41.447384377533943 ], [ 2.145035203045943, 41.447436341321492 ], [ 2.145339650875866, 41.447347870135282 ], [ 2.145779685354591, 41.447528086920215 ], [ 2.146612358532007, 41.447563608606124 ], [ 2.146963748464416, 41.447505998238924 ], [ 2.147398586709057, 41.447166910311999 ], [ 2.147780410960396, 41.44700175799462 ], [ 2.148656282513044, 41.446786259452146 ], [ 2.149284544793065, 41.447177817755623 ], [ 2.149637960622595, 41.447302245242305 ], [ 2.151469620790204, 41.447351726940568 ], [ 2.151926453620626, 41.447265370199787 ], [ 2.152339541606529, 41.447369520890035 ], [ 2.152798775137021, 41.447663823522255 ], [ 2.153315207456264, 41.448515194557089 ], [ 2.153390589909383, 41.448807616528008 ], [ 2.153654237888111, 41.449083125167078 ], [ 2.154166469153545, 41.449326229089344 ], [ 2.154979694872673, 41.449512007367169 ], [ 2.155831595141474, 41.449898307530219 ], [ 2.156420757049071, 41.449925532088699 ], [ 2.157299445979097, 41.449602268714081 ], [ 2.157518087492277, 41.449627468413858 ], [ 2.159099452833328, 41.450417064409848 ], [ 2.159147449387574, 41.450515358710916 ], [ 2.159632117861533, 41.450513496232091 ], [ 2.162107691630152, 41.450203490251276 ], [ 2.16371986560545, 41.449774218150701 ], [ 2.164101395750158, 41.449823188110685 ], [ 2.16565260293772, 41.45147684594226 ], [ 2.16505409634732, 41.452633491525916 ], [ 2.164983724579963, 41.454562541765647 ], [ 2.163804558368275, 41.455890467460812 ], [ 2.164604883221844, 41.457113332970039 ], [ 2.165001840519962, 41.458064518162672 ], [ 2.166906123131371, 41.459158299927566 ], [ 2.168996393046971, 41.459025838280532 ], [ 2.170882375941722, 41.459033014681687 ], [ 2.170907386664513, 41.45892406098281 ], [ 2.1715781282961, 41.458798858659527 ] ], [ [ 2.131697149439379, 41.422608974501166 ], [ 2.131843396364118, 41.421674904916877 ], [ 2.132581123437144, 41.421787681112924 ], [ 2.132510549381336, 41.422040051837833 ], [ 2.133304559486692, 41.422123306660104 ], [ 2.133348214610411, 41.421922462664156 ], [ 2.133687811684057, 41.421859543558654 ], [ 2.133565357364063, 41.421570970415274 ], [ 2.133761902617989, 41.421487723228694 ], [ 2.134190539814753, 41.421579373174112 ], [ 2.134157031423315, 41.421814288419064 ], [ 2.134334585119379, 41.421822034485544 ], [ 2.134279355766649, 41.422176821770961 ], [ 2.133462697158705, 41.422136296739886 ], [ 2.133418725996688, 41.42239877643874 ], [ 2.132635449859192, 41.422263089778035 ], [ 2.132269133885436, 41.422271796033975 ], [ 2.132182994063284, 41.422587650883806 ], [ 2.131697149439379, 41.422608974501166 ] ], [ [ 2.132768289715731, 41.421477820581707 ], [ 2.132322831215599, 41.421465802921347 ], [ 2.132354395744186, 41.421284149088059 ], [ 2.132778635673005, 41.421293560505859 ], [ 2.132768289715731, 41.421477820581707 ] ], [ [ 2.13081733707813, 41.4221059620725 ], [ 2.131269985659073, 41.42201158440875 ], [ 2.131389872147942, 41.422237882582706 ], [ 2.131017938488994, 41.422326925023341 ], [ 2.13111438822435, 41.422665901018483 ], [ 2.130606439788056, 41.422744673907452 ], [ 2.130563209169344, 41.422429077422954 ], [ 2.130896026100453, 41.422357846174933 ], [ 2.13081733707813, 41.4221059620725 ] ], [ [ 2.110596616157753, 41.412355154456371 ], [ 2.110907377268822, 41.411766565642047 ], [ 2.111174601722583, 41.411848389992379 ], [ 2.110850654263487, 41.412435427490614 ], [ 2.110596616157753, 41.412355154456371 ] ], [ [ 2.110458655077448, 41.413642057225452 ], [ 2.11020351798861, 41.414032504950974 ], [ 2.109618108731015, 41.413663465179532 ], [ 2.109859232240126, 41.412846930428891 ], [ 2.110099728017953, 41.413337830737937 ], [ 2.110458655077448, 41.413642057225452 ] ], [ [ 2.104849355469815, 41.411460435718361 ], [ 2.105266227598205, 41.410621748044441 ], [ 2.105681473783888, 41.410018762553243 ], [ 2.106377751128449, 41.410105767415494 ], [ 2.106086186910101, 41.410535241089335 ], [ 2.10557599746246, 41.41104586651025 ], [ 2.105475536788507, 41.411287900345819 ], [ 2.104849355469815, 41.411460435718361 ] ], [ [ 2.106346571462149, 41.409358835755299 ], [ 2.105692176170557, 41.409074583400113 ], [ 2.105176522392123, 41.409160651685603 ], [ 2.105144002219693, 41.409022201205204 ], [ 2.105838324184708, 41.409043030378456 ], [ 2.106220186580187, 41.409202635241023 ], [ 2.106346571462149, 41.409358835755299 ] ], [ [ 2.10534289650876, 41.409243011834079 ], [ 2.105641854554595, 41.409254341938933 ], [ 2.105567004733446, 41.409434797110549 ], [ 2.105316523088502, 41.409406471841443 ], [ 2.10534289650876, 41.409243011834079 ] ], [ [ 2.103362135519141, 41.408126041082923 ], [ 2.103723594889018, 41.408034868088087 ], [ 2.103969009410364, 41.408223491237877 ], [ 2.104108633860335, 41.408438248898371 ], [ 2.103571753883708, 41.408400548416722 ], [ 2.103362135519141, 41.408126041082923 ] ], [ [ 2.101681087316714, 41.426670949747745 ], [ 2.101881664176047, 41.426879685816644 ], [ 2.102334283130491, 41.427036342362889 ], [ 2.102499459338242, 41.427208771550532 ], [ 2.102057349349268, 41.427410866063823 ], [ 2.101427366292245, 41.426805928443962 ], [ 2.101410187417177, 41.426584814764695 ], [ 2.101681087316714, 41.426670949747745 ] ], [ [ 2.099817020818815, 41.428845197719127 ], [ 2.10002194417612, 41.429010438644717 ], [ 2.099966727247726, 41.428815896673207 ], [ 2.100099388481749, 41.428607276552071 ], [ 2.100385524597122, 41.428610521643016 ], [ 2.100572347606677, 41.428526266551856 ], [ 2.100912544665623, 41.428048493992485 ], [ 2.101345863573304, 41.427761450267575 ], [ 2.101351693122974, 41.427570294812902 ], [ 2.102052235410238, 41.427422995618635 ], [ 2.102145857661521, 41.427683408837773 ], [ 2.102094890981325, 41.427908197375267 ], [ 2.101984710477804, 41.428087486812132 ], [ 2.101514038161293, 41.428372052590497 ], [ 2.101383697308556, 41.429145675085209 ], [ 2.101200739586814, 41.429280544595365 ], [ 2.100866487221658, 41.429165101868627 ], [ 2.100830612109961, 41.429330512868816 ], [ 2.100531811549334, 41.429301156445376 ], [ 2.100139264454721, 41.429126947519151 ], [ 2.099817020818815, 41.428845197719127 ] ], [ [ 2.099817020818815, 41.428845197719127 ], [ 2.099808045690167, 41.428845127541436 ], [ 2.099808170017023, 41.428836121074731 ], [ 2.099817020818815, 41.428845197719127 ] ], [ [ 2.092825275955374, 41.415140241912056 ], [ 2.093809686924708, 41.414928302361567 ], [ 2.094762927700438, 41.414916840503224 ], [ 2.095603331924799, 41.414359037763241 ], [ 2.096025099995134, 41.414218464907457 ], [ 2.095986542116326, 41.414002946922409 ], [ 2.096758236831914, 41.413836276518659 ], [ 2.096828597077999, 41.413687322651271 ], [ 2.097078936683944, 41.413573143975498 ], [ 2.097298217040854, 41.413853076887634 ], [ 2.097190954744998, 41.413925187275424 ], [ 2.09743174131338, 41.414052693171278 ], [ 2.09734635156633, 41.414292594991437 ], [ 2.097015719677532, 41.414344641594987 ], [ 2.09686079077171, 41.414455290036081 ], [ 2.096532399768863, 41.414902762267133 ], [ 2.096651606592349, 41.414968884619412 ], [ 2.097092242917705, 41.414943345562122 ], [ 2.097114054925516, 41.415096679708086 ], [ 2.096979829755973, 41.415284783654258 ], [ 2.097103675605871, 41.415342592232363 ], [ 2.097276126216719, 41.415297502039998 ], [ 2.097188764937726, 41.415437594599787 ], [ 2.095232275861764, 41.415451897777046 ], [ 2.095309877663031, 41.415321277930829 ], [ 2.095055695519252, 41.415116549206822 ], [ 2.094739999883464, 41.415447343344098 ], [ 2.095032612665328, 41.415918031509577 ], [ 2.09300253660414, 41.415964601516983 ], [ 2.092930394906169, 41.415877736008092 ], [ 2.092594955911373, 41.415778172526963 ], [ 2.092774088064881, 41.415702092723109 ], [ 2.092825275955374, 41.415140241912056 ] ], [ [ 2.096389365348314, 41.431428887407542 ], [ 2.096089467570012, 41.431602550336912 ], [ 2.096085128933522, 41.431838682170621 ], [ 2.095553136797534, 41.432105042191218 ], [ 2.095414693819984, 41.432301793713727 ], [ 2.094846078395932, 41.432202890515356 ], [ 2.094826979447899, 41.43197850031742 ], [ 2.095339896593, 41.431614578371004 ], [ 2.09533261016603, 41.431409088575762 ], [ 2.095712125406218, 41.431370041548263 ], [ 2.096389365348314, 41.431428887407542 ] ], [ [ 2.093117424272967, 41.42729907731028 ], [ 2.09342225328441, 41.427253670838255 ], [ 2.093533695195188, 41.427398055918907 ], [ 2.09334670005211, 41.427470682385582 ], [ 2.093117424272967, 41.42729907731028 ] ], [ [ 2.092179413769951, 41.429199567077333 ], [ 2.091989072409292, 41.429116999059609 ], [ 2.091517525321949, 41.428601622109475 ], [ 2.091805167631032, 41.428498755475346 ], [ 2.092397575334381, 41.429003123590491 ], [ 2.092179413769951, 41.429199567077333 ] ], [ [ 2.091698633958293, 41.42353722963589 ], [ 2.091564576906793, 41.423220253803812 ], [ 2.091741907199564, 41.423318086621343 ], [ 2.091590980318695, 41.422968208633321 ], [ 2.09175931964654, 41.422958835927105 ], [ 2.092177751143984, 41.423903477195353 ], [ 2.092178826928648, 41.424078103990539 ], [ 2.091647076371111, 41.423903506916275 ], [ 2.091590514635456, 41.423799015646551 ], [ 2.091698633958293, 41.42353722963589 ] ], [ [ 2.086748317106493, 41.419948989935861 ], [ 2.086917590366415, 41.420441742901779 ], [ 2.087038778643862, 41.420461214279108 ], [ 2.087077147269699, 41.42056868013843 ], [ 2.086965092674444, 41.420550677391027 ], [ 2.087239024674099, 41.42119002730778 ], [ 2.087638412493186, 41.421925894748469 ], [ 2.087925853175792, 41.422235064957754 ], [ 2.088055128808632, 41.422149680609998 ], [ 2.088489604890249, 41.422365904205385 ], [ 2.08867562922169, 41.422309495025388 ], [ 2.088746732596217, 41.422398871250408 ], [ 2.088596053099049, 41.422429970201264 ], [ 2.088770923170542, 41.422547532441037 ], [ 2.089022149664311, 41.422394736653274 ], [ 2.089345530478581, 41.422511437364633 ], [ 2.089496203582363, 41.422383912675286 ], [ 2.089920085149374, 41.422592282667104 ], [ 2.090032669789934, 41.422776753328527 ], [ 2.090147307185635, 41.422799529434393 ], [ 2.090054053410132, 41.422967285687896 ], [ 2.090561415411779, 41.423113540203211 ], [ 2.090472426349999, 41.422732641957175 ], [ 2.090555359097658, 41.422644997114965 ], [ 2.091424527337943, 41.423872197380696 ], [ 2.090797232662823, 41.424136414585824 ], [ 2.090868677840943, 41.424818948868925 ], [ 2.090419759930565, 41.424747488338419 ], [ 2.090088070309005, 41.424776789679065 ], [ 2.089194356799561, 41.424345003809613 ], [ 2.08908263306798, 41.424240255057136 ], [ 2.089351764791029, 41.424063721544165 ], [ 2.088990959729189, 41.423840427892308 ], [ 2.088756946258572, 41.423786089528789 ], [ 2.088700382223843, 41.423439710935121 ], [ 2.088582845697363, 41.423379430463157 ], [ 2.088673049643403, 41.423181917001394 ], [ 2.088237735336044, 41.42330457453604 ], [ 2.088070489649046, 41.423071849387554 ], [ 2.087397978585162, 41.423326652929759 ], [ 2.087339971858832, 41.423268575000264 ], [ 2.087417923686218, 41.422983035438172 ], [ 2.087167544292241, 41.422474606925128 ], [ 2.087257325525321, 41.422319453920963 ], [ 2.086731042268805, 41.422270864611178 ], [ 2.086395695418907, 41.422539841456732 ], [ 2.085816400843342, 41.422462832138493 ], [ 2.08563797845874, 41.423352836893351 ], [ 2.084792498052912, 41.42252156847352 ], [ 2.08473651152009, 41.422428121535958 ], [ 2.085190749446471, 41.422337919278341 ], [ 2.085051416106401, 41.422290315622021 ], [ 2.085172324911267, 41.422168658103288 ], [ 2.085408427710081, 41.422498377930559 ], [ 2.085641610477466, 41.422663517074959 ], [ 2.08552142531755, 41.422381043826164 ], [ 2.085531944587012, 41.421579831306893 ], [ 2.086113622060898, 41.421611430173101 ], [ 2.086252892177721, 41.421031357154753 ], [ 2.085822413790789, 41.420889666443998 ], [ 2.085935392278374, 41.420725619119814 ], [ 2.086449761210614, 41.420792609802156 ], [ 2.086571438225251, 41.420441375039147 ], [ 2.085891011950141, 41.420152357056992 ], [ 2.085677243073288, 41.419738240995557 ], [ 2.08573578835192, 41.419624392832553 ], [ 2.086071475547159, 41.419575241347829 ], [ 2.08622232654578, 41.41984331143675 ], [ 2.086748317106493, 41.419948989935861 ] ] ], [ [ [ 2.177633804947493, 41.372296332695626 ], [ 2.177450372316668, 41.372063220115948 ], [ 2.177124102777628, 41.372091938011209 ], [ 2.176816055187609, 41.369888003294513 ], [ 2.177169033862291, 41.369857738724299 ], [ 2.177086074330288, 41.369307000048551 ], [ 2.176732964792364, 41.36933733602779 ], [ 2.176456415446645, 41.36746062587271 ], [ 2.176772881801753, 41.367432785127313 ], [ 2.176588771517953, 41.367144101297242 ], [ 2.179647765581508, 41.366035041661362 ], [ 2.179798920595399, 41.366278105996173 ], [ 2.180870328121062, 41.365874094835007 ], [ 2.180539317856971, 41.365372756681673 ], [ 2.182317789525788, 41.364726675317058 ], [ 2.182808440988654, 41.36487808911091 ], [ 2.182696387854197, 41.365196332819202 ], [ 2.183205481076672, 41.365309403494088 ], [ 2.18333795815634, 41.364874972249112 ], [ 2.183167321936993, 41.364837217964798 ], [ 2.183390963164461, 41.364167632338606 ], [ 2.183542193871352, 41.363273974781393 ], [ 2.183163411932675, 41.363203064957119 ], [ 2.177373381526677, 41.354166300639356 ], [ 2.176089467161421, 41.352004365134206 ], [ 2.176096848395111, 41.351595986921446 ], [ 2.175445897306854, 41.350740553905858 ], [ 2.175285995420169, 41.350289895121371 ], [ 2.171973525186965, 41.335004382458017 ], [ 2.170000106735289, 41.326465115527675 ], [ 2.17318636274068, 41.317086474103782 ], [ 2.172342764893605, 41.316923593018984 ], [ 2.169185569671841, 41.326336702801996 ], [ 2.171214007869005, 41.335114532259574 ], [ 2.16983040008716, 41.335280874928763 ], [ 2.170393273042215, 41.337864094715307 ], [ 2.169788777816026, 41.3379367631048 ], [ 2.172144696326698, 41.348773837800771 ], [ 2.171790235813705, 41.348817606637837 ], [ 2.171850555713668, 41.349078837204146 ], [ 2.172065391536849, 41.349470166985718 ], [ 2.172388370608334, 41.349351723327906 ], [ 2.174908030054388, 41.353243962079446 ], [ 2.174642266345793, 41.353338303807604 ], [ 2.174878508664448, 41.353683157458171 ], [ 2.175127707150363, 41.353585733656772 ], [ 2.178111940467815, 41.358209316657465 ], [ 2.17780245331101, 41.358332105361264 ], [ 2.178053486029726, 41.358723259196303 ], [ 2.178367424054306, 41.358605887668382 ], [ 2.182147559872525, 41.364462580593589 ], [ 2.180369050232999, 41.365109218992934 ], [ 2.179339448728312, 41.363495432453348 ], [ 2.178909051473703, 41.363656167842585 ], [ 2.17919651548875, 41.364098857328202 ], [ 2.17599198381469, 41.365262296598296 ], [ 2.173363781664187, 41.361815877757657 ], [ 2.176768238679251, 41.3605578658455 ], [ 2.175453486274886, 41.358529521852404 ], [ 2.170954636581813, 41.360188837080507 ], [ 2.169965138751211, 41.358657314662807 ], [ 2.173131718940289, 41.356529877164284 ], [ 2.167440062789784, 41.347872849137545 ], [ 2.167194626314158, 41.347968633351549 ], [ 2.16750682204287, 41.348436402254414 ], [ 2.163311200956398, 41.351268067702897 ], [ 2.163137465125489, 41.351224893185282 ], [ 2.162552175916344, 41.351894270509227 ], [ 2.161466851926897, 41.351373527252335 ], [ 2.161611374392109, 41.351202377120693 ], [ 2.161498856356566, 41.351147625048903 ], [ 2.165939377484707, 41.34588829236791 ], [ 2.165409254739089, 41.345634130965486 ], [ 2.161737344447206, 41.349983132078165 ], [ 2.160416849086359, 41.349349594491414 ], [ 2.160784005176016, 41.34890519427757 ], [ 2.160416773631851, 41.348729755352934 ], [ 2.161569360831818, 41.347365729599304 ], [ 2.153322147984868, 41.342652440308257 ], [ 2.152904786232385, 41.342719593995575 ], [ 2.153148472961507, 41.344421874387443 ], [ 2.152785816242087, 41.344450508027435 ], [ 2.152937397778656, 41.345551836450582 ], [ 2.150877188380897, 41.345746912488707 ], [ 2.149619719401306, 41.33661955816423 ], [ 2.145669948708192, 41.336503477521546 ], [ 2.145687850546939, 41.33624453427192 ], [ 2.145338392462019, 41.3363639136209 ], [ 2.144353086972382, 41.334768406023187 ], [ 2.147354564385358, 41.333716805434591 ], [ 2.145920600780046, 41.331390957270365 ], [ 2.146162835765114, 41.331308343312479 ], [ 2.145978578339637, 41.33100957307709 ], [ 2.148513071102603, 41.330124577698093 ], [ 2.155721060947574, 41.341834343789003 ], [ 2.159224195907771, 41.343420560613396 ], [ 2.16069633599963, 41.342848669589856 ], [ 2.1666068242476, 41.341883701162374 ], [ 2.165780773790704, 41.340002403017039 ], [ 2.16496139009747, 41.340136201116906 ], [ 2.159175887509157, 41.326981490175172 ], [ 2.158499751985256, 41.326998891841221 ], [ 2.158842124710981, 41.327777551634199 ], [ 2.154637916839387, 41.327802718895214 ], [ 2.154451206517624, 41.327138397226804 ], [ 2.15382418022191, 41.327142133608987 ], [ 2.152914560264177, 41.324361930860263 ], [ 2.152415629536838, 41.323143763916164 ], [ 2.152929752739655, 41.322963547809586 ], [ 2.152526423291949, 41.322296197064269 ], [ 2.151962347339484, 41.322493933265861 ], [ 2.151025869668568, 41.320944317459478 ], [ 2.140872942293936, 41.321533836412371 ], [ 2.132317286119902, 41.321205889256689 ], [ 2.128457719700648, 41.321606089379138 ], [ 2.123990010727538, 41.322395276773086 ], [ 2.120642452933754, 41.323092908355697 ], [ 2.116508717241175, 41.324227940038483 ], [ 2.114202926363765, 41.325434741899386 ], [ 2.112988174268944, 41.32729591178785 ], [ 2.110369360124709, 41.330225079365263 ], [ 2.109111809345913, 41.331189602229657 ], [ 2.108376219937427, 41.332027497933282 ], [ 2.106016037831778, 41.334057933358089 ], [ 2.103712733277741, 41.335358589293222 ], [ 2.102303389020594, 41.33593599735935 ], [ 2.101469785966744, 41.336424346889103 ], [ 2.102608486711786, 41.336953898523213 ], [ 2.103515313984474, 41.337205986060432 ], [ 2.107551138952805, 41.338658472646109 ], [ 2.107932176559542, 41.338728810882955 ], [ 2.126389930361831, 41.344925938334335 ], [ 2.127261128660083, 41.345356961921908 ], [ 2.126907249977791, 41.345883727874991 ], [ 2.128288499499461, 41.346722752049821 ], [ 2.128691554012058, 41.346190067369214 ], [ 2.128888699165354, 41.346252593696981 ], [ 2.128934859973826, 41.346164786227632 ], [ 2.129526192525297, 41.346359136200988 ], [ 2.129489483774978, 41.346413111819004 ], [ 2.129856585003917, 41.346551513145911 ], [ 2.129948283915289, 41.346423351578864 ], [ 2.130351655820196, 41.346541686912346 ], [ 2.130406723627906, 41.346460728241368 ], [ 2.132000636087518, 41.347426985911262 ], [ 2.132477562624722, 41.346838813642414 ], [ 2.133864306971824, 41.347318996669223 ], [ 2.134467084496515, 41.346538720696728 ], [ 2.135883694042886, 41.346977109036587 ], [ 2.139057170142574, 41.348141937579257 ], [ 2.140381999547142, 41.348262609219233 ], [ 2.1520982142617, 41.352340032016038 ], [ 2.152165395830218, 41.352291264438286 ], [ 2.152537141422354, 41.352417881347655 ], [ 2.153398723134181, 41.35186394688354 ], [ 2.155149443138217, 41.352216190367919 ], [ 2.155972279313425, 41.352465338043508 ], [ 2.156985482953479, 41.352907248318694 ], [ 2.157791502638133, 41.353387573831995 ], [ 2.159225954039353, 41.354462830381728 ], [ 2.160155807475895, 41.355323767695104 ], [ 2.157784490779794, 41.357686105336782 ], [ 2.158450299700088, 41.35780272926614 ], [ 2.158454485845464, 41.357938188604031 ], [ 2.157762914501673, 41.35923753656936 ], [ 2.156953512949995, 41.358917146707107 ], [ 2.154787752232028, 41.358844835958649 ], [ 2.153020277785956, 41.357644293776531 ], [ 2.151281904913293, 41.356686080178228 ], [ 2.150149232372008, 41.356418723990835 ], [ 2.149992958189544, 41.356575977747241 ], [ 2.149361091834254, 41.356815048172912 ], [ 2.148199529982008, 41.356642209999649 ], [ 2.147983635096574, 41.35552582772268 ], [ 2.147727809229055, 41.355160863233436 ], [ 2.146378234584234, 41.355648765014472 ], [ 2.146006187372758, 41.356680588654193 ], [ 2.145174248689927, 41.357509566400608 ], [ 2.146140739859974, 41.35771590675278 ], [ 2.146074248752468, 41.357888656203215 ], [ 2.146554393905461, 41.357967194264539 ], [ 2.146562046473095, 41.357893830335982 ], [ 2.146793734740912, 41.35796821101529 ], [ 2.146958778202374, 41.359051935290665 ], [ 2.145728070840262, 41.35920103963339 ], [ 2.145444935916222, 41.359398267354457 ], [ 2.145281600788953, 41.359334952988874 ], [ 2.14511266776516, 41.359512800569256 ], [ 2.145496846741467, 41.359846418291291 ], [ 2.146154053108806, 41.360247283012576 ], [ 2.146741539441967, 41.360360621557675 ], [ 2.14783347356514, 41.360152783967166 ], [ 2.148368518626239, 41.360154687888233 ], [ 2.148540820019682, 41.360229511072816 ], [ 2.148621289402856, 41.360366532520636 ], [ 2.148559464738409, 41.360627402749408 ], [ 2.148303342690485, 41.360992350723969 ], [ 2.147998649247343, 41.361229834903561 ], [ 2.147877082928138, 41.361573653702038 ], [ 2.147784662856626, 41.361555105185985 ], [ 2.146792644470119, 41.362387365229097 ], [ 2.146552167352453, 41.362238625122345 ], [ 2.146345072487309, 41.361861898514555 ], [ 2.146226836433057, 41.361943266939491 ], [ 2.14579502454077, 41.360984041993738 ], [ 2.144746485335602, 41.361254539447437 ], [ 2.144571768793496, 41.361398524687587 ], [ 2.144385353971976, 41.361382106266085 ], [ 2.143349600934724, 41.36055371905249 ], [ 2.142743481975389, 41.36074370905019 ], [ 2.142286716028091, 41.361075389197843 ], [ 2.142285574192524, 41.36147495585768 ], [ 2.141941453441453, 41.361854555959873 ], [ 2.142094806079881, 41.362115494328449 ], [ 2.142078750756893, 41.362430576060184 ], [ 2.141450946855163, 41.363339650677219 ], [ 2.141700328687385, 41.363482192189778 ], [ 2.141894928290237, 41.363240572234467 ], [ 2.142750132580278, 41.3629384583313 ], [ 2.143257518347053, 41.363056686998995 ], [ 2.142798596018778, 41.363967903405161 ], [ 2.142836852233295, 41.364124409902054 ], [ 2.143088539968018, 41.364243189591576 ], [ 2.14346995674361, 41.364193878710637 ], [ 2.143744946270133, 41.364004218123902 ], [ 2.143949753632617, 41.364100971097635 ], [ 2.143658288784695, 41.364682687670076 ], [ 2.142519764720159, 41.365583093538135 ], [ 2.141854317924372, 41.365888736491556 ], [ 2.141776827199913, 41.366072198366346 ], [ 2.142318781029993, 41.366027728086166 ], [ 2.142811028710733, 41.366688286481441 ], [ 2.142911108593569, 41.366661693499012 ], [ 2.143450468821484, 41.367545464570334 ], [ 2.143720367096986, 41.367742052708401 ], [ 2.145330992466271, 41.368518199313577 ], [ 2.145566591851851, 41.368920837364129 ], [ 2.145992987102967, 41.369219816955749 ], [ 2.146911589104263, 41.36948353857715 ], [ 2.148357120906178, 41.369424312072233 ], [ 2.148947009647459, 41.369586701265888 ], [ 2.149271324261145, 41.369906559416684 ], [ 2.149532489415285, 41.370807531352632 ], [ 2.149815793827576, 41.371030361904751 ], [ 2.153519160930004, 41.372437305763526 ], [ 2.154865056738289, 41.3704804068919 ], [ 2.155004706484087, 41.37038433031217 ], [ 2.155930937932458, 41.370432701594524 ], [ 2.157031224494678, 41.370236262460701 ], [ 2.158440351052117, 41.370151268561948 ], [ 2.158836515288644, 41.370729709070673 ], [ 2.159086744916415, 41.370514499689463 ], [ 2.159212007258227, 41.370584511172481 ], [ 2.159460327270344, 41.370380969815784 ], [ 2.159242012814635, 41.37029048071242 ], [ 2.159270917900619, 41.370240907022556 ], [ 2.15903824003841, 41.370084701700641 ], [ 2.16002963938735, 41.369683679026309 ], [ 2.160079905928308, 41.369857765109941 ], [ 2.16018357033097, 41.369975448097378 ], [ 2.160322923199985, 41.369942320042711 ], [ 2.160379535339994, 41.370088381422086 ], [ 2.160617330529901, 41.370026098236146 ], [ 2.161221753631392, 41.370036176838212 ], [ 2.161460855576422, 41.369954913512629 ], [ 2.16168279647971, 41.370225197451525 ], [ 2.161795874815386, 41.370176660979801 ], [ 2.161594179706483, 41.370036961150838 ], [ 2.161865877194618, 41.370015348065905 ], [ 2.162262198268508, 41.369780128470239 ], [ 2.163741169125927, 41.370692621395975 ], [ 2.164822724498873, 41.370157080215414 ], [ 2.165124093317219, 41.370586251267376 ], [ 2.165399621791066, 41.370457950022967 ], [ 2.165588437453222, 41.370485541179654 ], [ 2.165711680038442, 41.370289521180283 ], [ 2.165967458284955, 41.370230717019943 ], [ 2.166508104115549, 41.370598878452704 ], [ 2.16731662264743, 41.370899958656267 ], [ 2.16879191766972, 41.371147280590094 ], [ 2.169086034661051, 41.371376077997056 ], [ 2.169191492507141, 41.371606228439155 ], [ 2.171053535869494, 41.372140027168541 ], [ 2.171838383417896, 41.372248522018971 ], [ 2.17257393512955, 41.372253800161857 ], [ 2.173767870655019, 41.372002297227155 ], [ 2.17347426992927, 41.371636618750884 ], [ 2.173427125208284, 41.371156024881124 ], [ 2.173658473876824, 41.371050630392141 ], [ 2.173273986540906, 41.369469594862046 ], [ 2.172976552592485, 41.368671799163003 ], [ 2.17342849738196, 41.368545997558947 ], [ 2.173904966828757, 41.369606191442671 ], [ 2.174659149941081, 41.370734732428133 ], [ 2.175168803869747, 41.370498728904195 ], [ 2.175240914805479, 41.37059477944161 ], [ 2.175279695066798, 41.371086365006065 ], [ 2.17512497179368, 41.371454316916534 ], [ 2.17639137405864, 41.373021998673266 ], [ 2.177633804947493, 41.372296332695626 ] ], [ [ 2.171650058170792, 41.370047866369994 ], [ 2.171485865305733, 41.370552008827687 ], [ 2.171150048694298, 41.370489088688117 ], [ 2.171220382971703, 41.370265586106044 ], [ 2.170949764329438, 41.370127849455443 ], [ 2.17115619996091, 41.369792894341231 ], [ 2.171278353975808, 41.369814743004547 ], [ 2.171343075352839, 41.369622654298247 ], [ 2.171465229115964, 41.369644502761453 ], [ 2.171359319528456, 41.369958833905891 ], [ 2.171650058170792, 41.370047866369994 ] ] ], [ [ [ 2.117137597659381, 41.409316239847776 ], [ 2.117143553773533, 41.4091315692488 ], [ 2.117016444732926, 41.408949265069545 ], [ 2.116343382478037, 41.409033221411711 ], [ 2.116503938461224, 41.409187553560244 ], [ 2.116381170784412, 41.409288260796693 ], [ 2.116270912696792, 41.409224119059502 ], [ 2.116213134575315, 41.408863772945352 ], [ 2.115798818325274, 41.408904296227462 ], [ 2.116338192927961, 41.409931586975411 ], [ 2.116888964115409, 41.410011907853445 ], [ 2.116911971720001, 41.409732555412752 ], [ 2.117137597659381, 41.409316239847776 ] ] ], [ [ [ 2.099344892805222, 41.427904759097473 ], [ 2.099058712784656, 41.427991549453623 ], [ 2.099501948464594, 41.428416106011547 ], [ 2.099424359906629, 41.428225424109286 ], [ 2.099344892805222, 41.427904759097473 ] ] ], [ [ [ 2.099156634966387, 41.425835934133367 ], [ 2.099081428839519, 41.425642874586764 ], [ 2.098669012309132, 41.425559966693534 ], [ 2.098465308722742, 41.425389725358663 ], [ 2.098153265725663, 41.425633968279556 ], [ 2.098544964221109, 41.42588585757148 ], [ 2.098586904745953, 41.425829090554515 ], [ 2.099063633867721, 41.425979820892628 ], [ 2.099156634966387, 41.425835934133367 ] ] ], [ [ [ 2.096121607345851, 41.429228703893841 ], [ 2.096507241412557, 41.429167751112928 ], [ 2.096504425891467, 41.428987602453837 ], [ 2.096879085856982, 41.429102590478998 ], [ 2.09702963538279, 41.428927865128543 ], [ 2.096680076781344, 41.428732102510665 ], [ 2.097009383764695, 41.428409391254455 ], [ 2.096960145099356, 41.428370667816623 ], [ 2.097310329938246, 41.428139807724953 ], [ 2.097351450678817, 41.427862310148562 ], [ 2.09804536771339, 41.427966807039802 ], [ 2.098294732433246, 41.427484682544438 ], [ 2.098511191965779, 41.42754467386424 ], [ 2.098742930807017, 41.427264627390677 ], [ 2.097915786556448, 41.427002400962053 ], [ 2.097393470140149, 41.426752079729518 ], [ 2.096969561223267, 41.42676327546873 ], [ 2.096312017263816, 41.426594865108946 ], [ 2.096076810794043, 41.427057699911153 ], [ 2.095593717316803, 41.426948522407741 ], [ 2.095362364869098, 41.427009153319943 ], [ 2.095315210180869, 41.427051541101015 ], [ 2.096043469646105, 41.427503089352783 ], [ 2.095917696828012, 41.427626219729582 ], [ 2.095789416021288, 41.427608728663294 ], [ 2.09566423001119, 41.42794802842559 ], [ 2.095831236467963, 41.428367141209812 ], [ 2.095714649222256, 41.428949322013686 ], [ 2.095791681059159, 41.429313215017586 ], [ 2.095378558204276, 41.429676716367844 ], [ 2.095394038761587, 41.430622735852808 ], [ 2.095844167144596, 41.43038833148249 ], [ 2.095669347686012, 41.429886703407234 ], [ 2.095959554240135, 41.429604500794575 ], [ 2.096121607345851, 41.429228703893841 ] ], [ [ 2.096504794696354, 41.427853384490426 ], [ 2.096844127567268, 41.427794210943603 ], [ 2.097066485932019, 41.428031003556683 ], [ 2.096714975050244, 41.428341615627907 ], [ 2.096343709824199, 41.428077675499473 ], [ 2.096504794696354, 41.427853384490426 ] ] ], [ [ [ 2.097436954817741, 41.424538715356064 ], [ 2.097200054034506, 41.424932617994116 ], [ 2.097840408176105, 41.425470608136081 ], [ 2.098298860682664, 41.425189204191767 ], [ 2.098037523752559, 41.424984372471982 ], [ 2.097587856052499, 41.424792638159275 ], [ 2.097436954817741, 41.424538715356064 ] ] ], [ [ [ 2.0969215852406, 41.424758833169136 ], [ 2.095886843577942, 41.424300871107512 ], [ 2.095718678838971, 41.424054034444588 ], [ 2.095859610574796, 41.423872353223238 ], [ 2.095627072024738, 41.42389418935069 ], [ 2.095580616399598, 41.424057219474044 ], [ 2.096024952718234, 41.424598282521849 ], [ 2.096783882354234, 41.424966680600726 ], [ 2.0969215852406, 41.424758833169136 ] ] ], [ [ [ 2.089260694349718, 41.425713443726941 ], [ 2.088983415723415, 41.425436036570964 ], [ 2.08871506707667, 41.426103336734286 ], [ 2.08883022295201, 41.426300105960884 ], [ 2.089043841832877, 41.426145301191681 ], [ 2.089260694349718, 41.425713443726941 ] ] ], [ [ [ 2.075181399911766, 41.416002286839223 ], [ 2.07401781990507, 41.415008743452915 ], [ 2.072114291912238, 41.412703310960687 ], [ 2.070498068013699, 41.412177018591024 ], [ 2.070694925817656, 41.412635934215793 ], [ 2.070584473024687, 41.413325734155109 ], [ 2.07035053415542, 41.413947566441564 ], [ 2.07040465898907, 41.414187367498407 ], [ 2.071092430132932, 41.415033332024308 ], [ 2.072879229721807, 41.415835976591545 ], [ 2.073582113441166, 41.416578002716406 ], [ 2.073896927772569, 41.41710451686096 ], [ 2.073940074699304, 41.417543013248213 ], [ 2.07410619732816, 41.417226169689428 ], [ 2.074025213080295, 41.416968094494521 ], [ 2.075181399911766, 41.416002286839223 ] ] ], [ [ [ 2.060282929966509, 41.433880971252222 ], [ 2.060400985168835, 41.433844941405432 ], [ 2.061138619473563, 41.433969974595968 ], [ 2.062636525949574, 41.434429291327859 ], [ 2.063175404550686, 41.432473167888794 ], [ 2.063113698383335, 41.43230540690822 ], [ 2.064820478663247, 41.432356269026535 ], [ 2.068575364561492, 41.43205057141008 ], [ 2.067745294444472, 41.429422340302153 ], [ 2.067796346247547, 41.429139695282331 ], [ 2.067366266568825, 41.428282208593345 ], [ 2.066893179762435, 41.42759324292539 ], [ 2.066816959547217, 41.427394803928017 ], [ 2.066867461404524, 41.427150751612629 ], [ 2.067174735271614, 41.426284763263475 ], [ 2.069714898460584, 41.425724725488401 ], [ 2.071284409166653, 41.422948605057627 ], [ 2.070504975751974, 41.41903842971508 ], [ 2.067771032267895, 41.418376838392497 ], [ 2.067186762559922, 41.418128049155186 ], [ 2.064994654400895, 41.418132623373687 ], [ 2.064219103569311, 41.417840740626936 ], [ 2.064922306197821, 41.416595815482744 ], [ 2.064709271446758, 41.415591357982265 ], [ 2.064199170925118, 41.414074007657113 ], [ 2.058875640622429, 41.412517442401381 ], [ 2.059880854757079, 41.411919489184498 ], [ 2.060391602422621, 41.411293243011052 ], [ 2.058051212401806, 41.409975183488051 ], [ 2.054658192088634, 41.413969857195575 ], [ 2.05559199434028, 41.414768347807055 ], [ 2.056891060672228, 41.416411028836897 ], [ 2.057231332351529, 41.418370097293675 ], [ 2.056679684959871, 41.419515756626318 ], [ 2.056563697631655, 41.420231221853378 ], [ 2.056362780440252, 41.42066377874167 ], [ 2.056439750120151, 41.421356144749581 ], [ 2.056313772251029, 41.421568993748856 ], [ 2.055757387451995, 41.422066731333594 ], [ 2.054610687249583, 41.42250012596287 ], [ 2.054501597771169, 41.422793926297281 ], [ 2.053981241080806, 41.422712773057036 ], [ 2.053377757803925, 41.423506807751615 ], [ 2.053180806872728, 41.423637597375773 ], [ 2.052831911170194, 41.423705534820222 ], [ 2.052451354997028, 41.424078033761049 ], [ 2.053117125365128, 41.424561100363796 ], [ 2.053474735533231, 41.424717590798736 ], [ 2.054922778537108, 41.425055817468319 ], [ 2.056878443602182, 41.425760203245687 ], [ 2.057694687868764, 41.426205954419913 ], [ 2.057796700471622, 41.426359141718066 ], [ 2.057901092648878, 41.427564613509212 ], [ 2.058292348814791, 41.428634366080082 ], [ 2.058325387490859, 41.429110435583326 ], [ 2.057560139304861, 41.434596493349787 ], [ 2.057606300602442, 41.436130027437287 ], [ 2.060129929120122, 41.436192448491639 ], [ 2.059978124042191, 41.434566829596513 ], [ 2.060282929966509, 41.433880971252222 ] ] ] ] } },
{ "type": "Feature", "properties": { "zona": "ZE1" }, "geometry": { "type": "MultiPolygon", "coordinates": [ [ [ [ 2.158197941804366, 41.410601069488671 ], [ 2.16350597138534, 41.404906927584094 ], [ 2.161616151456426, 41.403722181784254 ], [ 2.165239372743096, 41.400969719049151 ], [ 2.166327635028387, 41.401789647451118 ], [ 2.167452821550642, 41.400926618817657 ], [ 2.169783103678455, 41.402668461253512 ], [ 2.177799885049149, 41.396573603503072 ], [ 2.176028738893627, 41.395251710729276 ], [ 2.176192869528002, 41.394938829078612 ], [ 2.175991643459374, 41.39454375194579 ], [ 2.180212382505435, 41.391358022183923 ], [ 2.181343617085906, 41.392219901738059 ], [ 2.184598543802584, 41.389753847902149 ], [ 2.186864100201354, 41.391407288530004 ], [ 2.187940783236093, 41.390568326012172 ], [ 2.196027350017785, 41.396465851185297 ], [ 2.193874996062894, 41.398103357232827 ], [ 2.197327447105938, 41.402319768231983 ], [ 2.193779572625495, 41.405010908142678 ], [ 2.20395016795364, 41.407565428324936 ], [ 2.209976537007391, 41.4029846889852 ], [ 2.206849614733135, 41.400407357276265 ], [ 2.20947917068378, 41.398513125298408 ], [ 2.209555971726568, 41.398572318461994 ], [ 2.210950268220507, 41.39755923010182 ], [ 2.210322105581674, 41.396890898844028 ], [ 2.209953666195973, 41.396969025026493 ], [ 2.209240771483647, 41.39649591196644 ], [ 2.211468936308904, 41.394817299624137 ], [ 2.211270181459788, 41.394673304567995 ], [ 2.209719550059982, 41.395886921427902 ], [ 2.206801415126935, 41.393772681227709 ], [ 2.205296715879848, 41.39163066713305 ], [ 2.206345444265641, 41.390772924695888 ], [ 2.205753041035396, 41.39032564264032 ], [ 2.20499801109873, 41.390904012905871 ], [ 2.202111550077257, 41.390001933539175 ], [ 2.201410641937962, 41.388782391699117 ], [ 2.202754031379917, 41.38777035382607 ], [ 2.202982984424702, 41.387942113459772 ], [ 2.203683293655908, 41.387415815450503 ], [ 2.203037413635872, 41.386418708216411 ], [ 2.201709889703125, 41.384968794223141 ], [ 2.200788885591507, 41.384218160076045 ], [ 2.199568232569745, 41.383530593564679 ], [ 2.199145386144615, 41.383848351737051 ], [ 2.199888357853544, 41.384197898589214 ], [ 2.200024007946068, 41.384151019959681 ], [ 2.200707168146137, 41.384606852134098 ], [ 2.201892700657076, 41.385675414552914 ], [ 2.202675829414104, 41.386591888379591 ], [ 2.202395022511646, 41.38680346742543 ], [ 2.201283172964087, 41.385966752802695 ], [ 2.201488529615805, 41.385811337712127 ], [ 2.200834795616211, 41.385318628784447 ], [ 2.200110702204971, 41.385864333152909 ], [ 2.201877365054748, 41.387193762342051 ], [ 2.200456383802385, 41.388265493717434 ], [ 2.200337609127152, 41.388176882765841 ], [ 2.200219539288752, 41.388265353327746 ], [ 2.198393804278219, 41.386892503756656 ], [ 2.198511630498793, 41.386802536944074 ], [ 2.198393746669399, 41.38671398306478 ], [ 2.199523486244865, 41.385861630978013 ], [ 2.200061143023695, 41.385177185383448 ], [ 2.199155766360544, 41.38462178140535 ], [ 2.196416181909235, 41.383504993784094 ], [ 2.195418310560387, 41.381892243539831 ], [ 2.197337665461594, 41.381200986318504 ], [ 2.196772301697806, 41.38026841140784 ], [ 2.194864597723031, 41.380953688259908 ], [ 2.192900254843456, 41.377313050927746 ], [ 2.189487097765615, 41.370677096860518 ], [ 2.189902341114465, 41.36967617142804 ], [ 2.191081222602681, 41.369375885897959 ], [ 2.191549085290002, 41.370124280822445 ], [ 2.192034927596394, 41.36994604839024 ], [ 2.187818214166038, 41.363422873884382 ], [ 2.187160347557625, 41.361712505798593 ], [ 2.187231270723754, 41.361697035913501 ], [ 2.187133380101944, 41.361442398460078 ], [ 2.186893974603438, 41.361493065711642 ], [ 2.185410619214312, 41.357634119559698 ], [ 2.184529564491056, 41.357825256185166 ], [ 2.184718283779894, 41.358316015483261 ], [ 2.185207586182572, 41.358211075241513 ], [ 2.187017438251014, 41.362931527208886 ], [ 2.186477953693648, 41.363048932540671 ], [ 2.186623480261563, 41.363428474563229 ], [ 2.187230090180962, 41.363559360200739 ], [ 2.189245712781879, 41.366677771666822 ], [ 2.187857877581922, 41.367185099142716 ], [ 2.187546752973379, 41.366703765578819 ], [ 2.187263371293835, 41.366009048639235 ], [ 2.186781656083941, 41.365415625866561 ], [ 2.185938297473115, 41.36478333586723 ], [ 2.186195624560149, 41.364413511417482 ], [ 2.186879301225555, 41.364162588599555 ], [ 2.186698543953816, 41.36387832225244 ], [ 2.18591976701445, 41.364165808632848 ], [ 2.185560335912523, 41.364693650759087 ], [ 2.185287498363572, 41.364589449135643 ], [ 2.185072674432019, 41.365236122464523 ], [ 2.184896594605051, 41.365201323225847 ], [ 2.184743004922375, 41.365663660429732 ], [ 2.185281276947897, 41.365783168179647 ], [ 2.1853817765671, 41.365480612502864 ], [ 2.186618490299744, 41.366925564220665 ], [ 2.186876954644319, 41.368152408379984 ], [ 2.18645475989547, 41.368192104560734 ], [ 2.186504488239001, 41.368469592898649 ], [ 2.186902153899926, 41.368433550039292 ], [ 2.187211197550608, 41.370092004979455 ], [ 2.186973164081329, 41.370114960320464 ], [ 2.18674065163713, 41.368923709721678 ], [ 2.186458446221359, 41.368951710737306 ], [ 2.186277707666664, 41.367943161039825 ], [ 2.185064448782593, 41.368064113795839 ], [ 2.185131559128135, 41.368446157798189 ], [ 2.184541388599261, 41.368504988360748 ], [ 2.184891627865843, 41.370376094165358 ], [ 2.184482187191959, 41.370413945712286 ], [ 2.184569042711119, 41.370957249136602 ], [ 2.187075034257543, 41.37069509053989 ], [ 2.187129930759651, 41.371060428082956 ], [ 2.185653185713309, 41.371186910151302 ], [ 2.185862205194264, 41.372452319546653 ], [ 2.187344489332788, 41.372323684122776 ], [ 2.187473305284833, 41.373114573422853 ], [ 2.186736263269557, 41.373260805909972 ], [ 2.18684942947569, 41.373470616197658 ], [ 2.186715317781991, 41.373547692582363 ], [ 2.187061799073597, 41.373894875830047 ], [ 2.187406535761948, 41.37453072863714 ], [ 2.186657816962731, 41.374763530771347 ], [ 2.185982051069535, 41.374500068331223 ], [ 2.185676722584949, 41.372532339025888 ], [ 2.184831150130267, 41.372601747556779 ], [ 2.184134275031278, 41.372928002363551 ], [ 2.184279072580805, 41.373088921741015 ], [ 2.184872209758961, 41.372820606393887 ], [ 2.184917423486354, 41.373105258731812 ], [ 2.184309784598979, 41.373336783179923 ], [ 2.184388869883211, 41.373466951492325 ], [ 2.184937294499858, 41.373260815631987 ], [ 2.184987826300009, 41.373548649194568 ], [ 2.184364457295497, 41.373736213835947 ], [ 2.184434553487274, 41.373868726198765 ], [ 2.185011498003167, 41.373697675472428 ], [ 2.185058152950174, 41.373991507598241 ], [ 2.184393481909443, 41.374132652444381 ], [ 2.184448143640509, 41.374272260955649 ], [ 2.185081303974763, 41.374137242411486 ], [ 2.185129058023139, 41.374437918993948 ], [ 2.184460150762075, 41.374545418063377 ], [ 2.18449714066791, 41.374686983005105 ], [ 2.185152164215534, 41.374583437284002 ], [ 2.1851994746262, 41.374881381389883 ], [ 2.184647663544419, 41.374930971734024 ], [ 2.184672816085202, 41.375074606038638 ], [ 2.185210750221446, 41.375024419855663 ], [ 2.186733735232175, 41.375601705754143 ], [ 2.186794307398788, 41.375863784696598 ], [ 2.186562371448912, 41.375895636741916 ], [ 2.186606875111949, 41.37608823232452 ], [ 2.186839129279687, 41.376057754421986 ], [ 2.187214395904139, 41.377545117162953 ], [ 2.186323628660273, 41.379771544294108 ], [ 2.186192167970197, 41.37984111739231 ], [ 2.186120672952189, 41.380022798634393 ], [ 2.184710953855068, 41.380693905076186 ], [ 2.183562427169575, 41.380461471537167 ], [ 2.185019735501251, 41.376726593319631 ], [ 2.182851685634842, 41.374006705560369 ], [ 2.180994185815615, 41.374842102512652 ], [ 2.18079333118766, 41.375393538047945 ], [ 2.181508808728969, 41.375091315924323 ], [ 2.181422099543207, 41.375370960401099 ], [ 2.183181998008158, 41.377564425966234 ], [ 2.18240279697011, 41.379446408785199 ], [ 2.179575336675357, 41.375906153001381 ], [ 2.180788465165115, 41.375395594134083 ], [ 2.180989250331186, 41.374844329070207 ], [ 2.179538229543448, 41.375505161045496 ], [ 2.178197327278721, 41.373830663375401 ], [ 2.183128298415348, 41.371595995564824 ], [ 2.182075771902297, 41.370278197681799 ], [ 2.177633283408083, 41.372296569856672 ], [ 2.176390870968299, 41.373022229814723 ], [ 2.17512497179368, 41.371454316916534 ], [ 2.175279695066798, 41.371086365006065 ], [ 2.175240914805479, 41.37059477944161 ], [ 2.175168803869747, 41.370498728904195 ], [ 2.174659149941081, 41.370734732428133 ], [ 2.173904966828757, 41.369606191442671 ], [ 2.17342849738196, 41.368545997558947 ], [ 2.172976552592485, 41.368671799163003 ], [ 2.173273986540906, 41.369469594862046 ], [ 2.173658473876824, 41.371050630392141 ], [ 2.173427125208284, 41.371156024881124 ], [ 2.17347426992927, 41.371636618750884 ], [ 2.173767870655019, 41.372002297227155 ], [ 2.172429107432135, 41.372266631134586 ], [ 2.170963164863717, 41.372121667802432 ], [ 2.169191492507141, 41.371606228439155 ], [ 2.169086034661051, 41.371376077997056 ], [ 2.16879191766972, 41.371147280590094 ], [ 2.16731662264743, 41.370899958656267 ], [ 2.166508104115549, 41.370598878452704 ], [ 2.166006750385236, 41.370238207612253 ], [ 2.165732353209986, 41.370276501906751 ], [ 2.165588437453222, 41.370485541179654 ], [ 2.165399621791066, 41.370457950022967 ], [ 2.165124093317219, 41.370586251267376 ], [ 2.164822724498873, 41.370157080215414 ], [ 2.163741169125927, 41.370692621395975 ], [ 2.162262198268508, 41.369780128470239 ], [ 2.161865877194618, 41.370015348065905 ], [ 2.161594179706483, 41.370036961150838 ], [ 2.161795874815386, 41.370176660979801 ], [ 2.16168279647971, 41.370225197451525 ], [ 2.161460855576422, 41.369954913512629 ], [ 2.161221753631392, 41.370036176838212 ], [ 2.160617330529901, 41.370026098236146 ], [ 2.160379535339994, 41.370088381422086 ], [ 2.160322923199985, 41.369942320042711 ], [ 2.16018357033097, 41.369975448097378 ], [ 2.160079905928308, 41.369857765109941 ], [ 2.160028970127184, 41.369683942973474 ], [ 2.159038319404414, 41.370084668532762 ], [ 2.159270917900619, 41.370240907022556 ], [ 2.159242252072751, 41.370290070373102 ], [ 2.159460327270344, 41.370380969815784 ], [ 2.159212007258227, 41.370584511172481 ], [ 2.159085688656317, 41.370515500403982 ], [ 2.158836515288644, 41.370729709070673 ], [ 2.158440351052117, 41.370151268561948 ], [ 2.157031224494678, 41.370236262460701 ], [ 2.155930937932458, 41.370432701594524 ], [ 2.155004706484087, 41.37038433031217 ], [ 2.154865056738289, 41.3704804068919 ], [ 2.153519160930004, 41.372437305763526 ], [ 2.150433347480142, 41.371282852671456 ], [ 2.1472358422668, 41.373686977358133 ], [ 2.146758489189196, 41.373325282505519 ], [ 2.146764298783728, 41.373243014663501 ], [ 2.142344099070002, 41.369893480347507 ], [ 2.142462062717974, 41.372699412311349 ], [ 2.141941804569417, 41.372460530350082 ], [ 2.141452016256433, 41.372859814058486 ], [ 2.14146718554592, 41.37379671997487 ], [ 2.141133348246983, 41.37380160783421 ], [ 2.141081370746521, 41.373931379060132 ], [ 2.140989946635459, 41.374267371780434 ], [ 2.141042819054032, 41.374858219069303 ], [ 2.140873088308841, 41.375020664864749 ], [ 2.140822836126175, 41.375298298471506 ], [ 2.140448977993514, 41.375304137777206 ], [ 2.140489024344867, 41.376490157936942 ], [ 2.142275624865049, 41.37663038030108 ], [ 2.141960507630947, 41.376949763799914 ], [ 2.141821204468366, 41.376950455209993 ], [ 2.1418337454206, 41.378415441014909 ], [ 2.142032193805165, 41.37841180554571 ], [ 2.142405549397926, 41.378688802978125 ], [ 2.142084144728027, 41.379000861775928 ], [ 2.142159730636358, 41.379687176954334 ], [ 2.14297226218296, 41.380284528459015 ], [ 2.149376323324422, 41.375473156969164 ], [ 2.150508212113842, 41.375004518038992 ], [ 2.153856168103641, 41.374999426172707 ], [ 2.160964172253683, 41.380339873386959 ], [ 2.148446782633012, 41.389761300776968 ], [ 2.143619988506343, 41.390492954035196 ], [ 2.14393883182594, 41.391445824371729 ], [ 2.144377307379318, 41.392382522462221 ], [ 2.144768954940498, 41.392426848468162 ], [ 2.144983064649988, 41.392609588489726 ], [ 2.144924416755674, 41.392875450965249 ], [ 2.155659256915165, 41.39558982052742 ], [ 2.155305621338098, 41.396289875464525 ], [ 2.154960326557227, 41.396733087384419 ], [ 2.151168071361496, 41.400532337743186 ], [ 2.151147562819443, 41.401469200459914 ], [ 2.149884544573488, 41.403223676173297 ], [ 2.150024184663467, 41.403743466590875 ], [ 2.150320621299106, 41.404128238680322 ], [ 2.150352203512401, 41.404348948109899 ], [ 2.149959261903924, 41.405422479121711 ], [ 2.150030013147778, 41.405941769767779 ], [ 2.14993291525095, 41.406122616924883 ], [ 2.149063912057116, 41.406830086548702 ], [ 2.150866722979328, 41.40806696370128 ], [ 2.15095322649811, 41.407978571604325 ], [ 2.151666585042478, 41.408304559168869 ], [ 2.153746636348317, 41.409039320445522 ], [ 2.154216331336527, 41.408557105927805 ], [ 2.15808387306565, 41.410572960815934 ], [ 2.158197941804366, 41.410601069488671 ] ] ], [ [ [ 2.171485865305733, 41.370552008827687 ], [ 2.171650058170792, 41.370047866369994 ], [ 2.171359319528456, 41.369958833905891 ], [ 2.171465229115964, 41.369644502761453 ], [ 2.171343075352839, 41.369622654298247 ], [ 2.171278353975808, 41.369814743004547 ], [ 2.17115619996091, 41.369792894341231 ], [ 2.170949764329438, 41.370127849455443 ], [ 2.171220382971703, 41.370265586106044 ], [ 2.171150048694298, 41.370489088688117 ], [ 2.171485865305733, 41.370552008827687 ] ] ] ] } },
{ "type": "Feature", "properties": { "zona": "ZE2" }, "geometry": { "type": "MultiPolygon", "coordinates": [ [ [ [ 2.211866645720892, 41.411816445342332 ], [ 2.214127112447164, 41.410110681753935 ], [ 2.219215368401145, 41.411383845319918 ], [ 2.219552010673923, 41.41112201713419 ], [ 2.219194320921747, 41.410732873558629 ], [ 2.220768505612865, 41.40991282989156 ], [ 2.220659580828361, 41.40979432842407 ], [ 2.22084068374389, 41.409422174636205 ], [ 2.22104659494458, 41.409216557146706 ], [ 2.221313191404586, 41.409101136294979 ], [ 2.221627747734241, 41.409078175308821 ], [ 2.221217840281821, 41.409003237061739 ], [ 2.22093021724566, 41.408839481003078 ], [ 2.21997683510141, 41.407720545531824 ], [ 2.218816343107956, 41.406733076882944 ], [ 2.22225855946769, 41.404183894795807 ], [ 2.222710184092199, 41.404921740691613 ], [ 2.223274678064069, 41.405425649334447 ], [ 2.223587345683804, 41.405179248067327 ], [ 2.223064906407825, 41.404696902831105 ], [ 2.222456806970139, 41.403695125896682 ], [ 2.222094807976515, 41.403401955093088 ], [ 2.221885215731242, 41.403571168506026 ], [ 2.222014660467009, 41.403803111181389 ], [ 2.220036151199206, 41.405271626462699 ], [ 2.217847878639741, 41.404049696391191 ], [ 2.217088640179655, 41.403038612596632 ], [ 2.218469483586533, 41.402116336990879 ], [ 2.218252154385109, 41.401932667585989 ], [ 2.216828981498534, 41.402883215460136 ], [ 2.215889184179481, 41.402167155124957 ], [ 2.214251394898109, 41.39998590035443 ], [ 2.215699831044603, 41.398913738120491 ], [ 2.215300605488315, 41.398618814256132 ], [ 2.214190550618977, 41.39944018833188 ], [ 2.211635097522159, 41.397492706811249 ], [ 2.210702593443165, 41.39625055068251 ], [ 2.212019009272542, 41.395215773980127 ], [ 2.211468937134994, 41.394817300243908 ], [ 2.209240772482124, 41.396495912436727 ], [ 2.209953666174016, 41.396969025183807 ], [ 2.210322105906112, 41.39689089920693 ], [ 2.210950268293894, 41.397559231371758 ], [ 2.209555973025326, 41.398572319279104 ], [ 2.209479170011539, 41.398513125745417 ], [ 2.20684961565056, 41.40040735812272 ], [ 2.209976538262803, 41.402984689593239 ], [ 2.203950169000588, 41.407565428381389 ], [ 2.207331895626643, 41.408413615366435 ], [ 2.211866645720892, 41.411816445342332 ] ] ], [ [ [ 2.152089092030229, 41.416210006644853 ], [ 2.152299041862715, 41.416232277972817 ], [ 2.152937187920831, 41.416621468737112 ], [ 2.154654397177914, 41.415222788531004 ], [ 2.155221684278069, 41.41492290452701 ], [ 2.155577633280505, 41.415094991401361 ], [ 2.155867319753963, 41.415122948804708 ], [ 2.156544967756762, 41.415543276417488 ], [ 2.157221537378343, 41.416495141806386 ], [ 2.15745203705854, 41.416541559504694 ], [ 2.157584796034454, 41.416487856308862 ], [ 2.158186472604005, 41.415401244018511 ], [ 2.1589057700806, 41.414665896500416 ], [ 2.159614550916162, 41.414119498435824 ], [ 2.159980115696884, 41.413956095700819 ], [ 2.160489595587032, 41.413848829733602 ], [ 2.161159964087203, 41.414078299091507 ], [ 2.161356763560659, 41.413904772657574 ], [ 2.161389042439556, 41.413700203516939 ], [ 2.163454616524831, 41.414457877681386 ], [ 2.166290881879396, 41.414951541708596 ], [ 2.167988618975472, 41.415734510609681 ], [ 2.169207541071331, 41.415620170661299 ], [ 2.169339294806904, 41.415514113246992 ], [ 2.169341241202941, 41.41511870696614 ], [ 2.169547217535955, 41.414811307706401 ], [ 2.174286018392958, 41.411203824356015 ], [ 2.175417419021734, 41.41203820845061 ], [ 2.18595849327997, 41.404069977340122 ], [ 2.186601926285089, 41.404361468476196 ], [ 2.186943229876848, 41.4044246148718 ], [ 2.187410912098018, 41.40438918455915 ], [ 2.187958251759784, 41.404192818052451 ], [ 2.191418381454404, 41.406794077957343 ], [ 2.197327447277306, 41.402319767465308 ], [ 2.193874996185949, 41.398103357749271 ], [ 2.196027350415664, 41.396465851828971 ], [ 2.187940784040065, 41.390568326319091 ], [ 2.186864100185436, 41.391407288276071 ], [ 2.18459854327743, 41.3897538486736 ], [ 2.181343618315279, 41.392219901712934 ], [ 2.1802123842885, 41.391358022318109 ], [ 2.17599164363464, 41.394543752171167 ], [ 2.17619286995542, 41.394938829772521 ], [ 2.176028738694123, 41.395251711916593 ], [ 2.177799885609921, 41.3965736040754 ], [ 2.169783104834434, 41.402668462595159 ], [ 2.167452822218444, 41.400926620087198 ], [ 2.166327636286069, 41.40178964818692 ], [ 2.165239373754499, 41.40096971826604 ], [ 2.161616151628007, 41.403722181562593 ], [ 2.163505971509226, 41.404906927549476 ], [ 2.158197942066887, 41.410601070146235 ], [ 2.154216332228391, 41.408557106465565 ], [ 2.153746637611421, 41.409039321702409 ], [ 2.151666584823329, 41.408304560167167 ], [ 2.150953228109152, 41.407978572361124 ], [ 2.150866724162741, 41.408066964128466 ], [ 2.150755419019748, 41.408011890503658 ], [ 2.149063911240834, 41.40683008736076 ], [ 2.149932916072108, 41.406122618225659 ], [ 2.150030012815695, 41.405941770391806 ], [ 2.149959262489329, 41.405422479955625 ], [ 2.150352204435434, 41.404348949226332 ], [ 2.150320622245337, 41.404128240034247 ], [ 2.150024185309007, 41.403743466822505 ], [ 2.149884545853876, 41.40322367600799 ], [ 2.151147563334, 41.40146920107901 ], [ 2.151168071622767, 41.400532338202609 ], [ 2.154960325711874, 41.396733088465261 ], [ 2.155305622122206, 41.396289875133299 ], [ 2.155659257311644, 41.395589819781264 ], [ 2.144924417267778, 41.3928754502668 ], [ 2.144983065549925, 41.392609588838859 ], [ 2.144768955388372, 41.39242684765108 ], [ 2.144377308646356, 41.392382523120411 ], [ 2.143938831275773, 41.391445824182782 ], [ 2.143619988675457, 41.390492954988986 ], [ 2.148446782842528, 41.38976130140933 ], [ 2.160964172253683, 41.380339873386959 ], [ 2.153856168103641, 41.374999426172707 ], [ 2.150508212842584, 41.375004518059207 ], [ 2.149376323117568, 41.375473157109752 ], [ 2.142972262997537, 41.380284529206449 ], [ 2.142159729944384, 41.379687176136876 ], [ 2.142084146263582, 41.379000861712015 ], [ 2.142405548739582, 41.378688803241708 ], [ 2.142032194003098, 41.378411806506193 ], [ 2.141833745952201, 41.37841544067922 ], [ 2.141821205773994, 41.376950454634617 ], [ 2.14196050884606, 41.376949764424559 ], [ 2.142275626647606, 41.376630381398435 ], [ 2.140489025735199, 41.37649015930964 ], [ 2.140448978708868, 41.375304137143672 ], [ 2.140822836574315, 41.375298298270337 ], [ 2.140873088955302, 41.375020665786998 ], [ 2.141042818359244, 41.374858219104588 ], [ 2.140989947785585, 41.374267372713291 ], [ 2.14108137226444, 41.373931378686443 ], [ 2.141133348552003, 41.373801608379885 ], [ 2.141467185989105, 41.373796720518037 ], [ 2.141452016287567, 41.372859813897954 ], [ 2.141941805680065, 41.372460530005114 ], [ 2.142462063068846, 41.372699412638489 ], [ 2.142445316902682, 41.372204153243906 ], [ 2.142344100620674, 41.369893481643786 ], [ 2.146764298656472, 41.373243015971447 ], [ 2.146758490478319, 41.373325283673644 ], [ 2.147235843847921, 41.373686977451811 ], [ 2.150433346677131, 41.371282853566839 ], [ 2.149695496234231, 41.370971470423122 ], [ 2.149507485984091, 41.370750398213104 ], [ 2.149231635819187, 41.370865723612489 ], [ 2.149048699534793, 41.370726879677036 ], [ 2.148993599516444, 41.37059272874621 ], [ 2.149105895064201, 41.370355733208626 ], [ 2.148577045813644, 41.369706424508223 ], [ 2.147642872256764, 41.369704504568155 ], [ 2.147327830726315, 41.369823963019648 ], [ 2.146572334764494, 41.369590088250824 ], [ 2.145974966860739, 41.369892510549519 ], [ 2.145562599235408, 41.369866964629466 ], [ 2.145272762946474, 41.369425078765374 ], [ 2.145140802607286, 41.368561755504061 ], [ 2.145051128872892, 41.368481767048593 ], [ 2.144912856568384, 41.368509789275329 ], [ 2.144641336881216, 41.368932687236359 ], [ 2.144770004842786, 41.369682115279168 ], [ 2.144579209303524, 41.369828539571422 ], [ 2.1443031340561, 41.36929128991239 ], [ 2.142549248141364, 41.367608110315871 ], [ 2.143191270437567, 41.367306331749603 ], [ 2.143174454917211, 41.367131487665304 ], [ 2.142910035867979, 41.366662009159796 ], [ 2.142809382939327, 41.366687095071079 ], [ 2.142318061470295, 41.366027780858481 ], [ 2.142024425198413, 41.36605079697032 ], [ 2.141944798470311, 41.366601776196077 ], [ 2.141755080272707, 41.366528158731249 ], [ 2.141540934901672, 41.366104141900223 ], [ 2.141219134279168, 41.365937375284865 ], [ 2.139576639785611, 41.365857783580402 ], [ 2.140111880225685, 41.367268788167451 ], [ 2.139477319382681, 41.367756435687468 ], [ 2.14234245013495, 41.369892231796761 ], [ 2.142460416131387, 41.372698220546468 ], [ 2.141940158758195, 41.372459337905752 ], [ 2.141450370094599, 41.372858621797114 ], [ 2.141465539042715, 41.373795528411904 ], [ 2.140330670678591, 41.373812148468225 ], [ 2.140256508234247, 41.373740137864068 ], [ 2.140406624412582, 41.373191519517221 ], [ 2.137858775952588, 41.372340130716026 ], [ 2.138051646809539, 41.371978210172564 ], [ 2.135325174576079, 41.371089336006619 ], [ 2.134679404541477, 41.371042672383531 ], [ 2.133655335100004, 41.371187118494696 ], [ 2.131983948910255, 41.370833635060343 ], [ 2.131687694353504, 41.371671065104231 ], [ 2.131761018981917, 41.371869964210113 ], [ 2.129488676269125, 41.378276564677783 ], [ 2.127301662652711, 41.384959129869017 ], [ 2.127166797931878, 41.385891745018867 ], [ 2.127170134797841, 41.387835736259419 ], [ 2.126935364392764, 41.388150300564646 ], [ 2.126789169908661, 41.388730716748128 ], [ 2.127625542739114, 41.388980339193004 ], [ 2.128388267009711, 41.390785589601983 ], [ 2.129014335651571, 41.391826037034676 ], [ 2.129600399897143, 41.392328944512002 ], [ 2.129571100380406, 41.392504432156969 ], [ 2.129758640440525, 41.392555786669973 ], [ 2.130627892944961, 41.39247042357885 ], [ 2.136430263269931, 41.39158185182805 ], [ 2.135760406331431, 41.392303138406739 ], [ 2.134564473978553, 41.395105595738087 ], [ 2.132900681858196, 41.397004614611362 ], [ 2.132790227818576, 41.397390574550144 ], [ 2.13288317968563, 41.397836073483781 ], [ 2.134155355993336, 41.399332045290457 ], [ 2.135086245239168, 41.400249465365484 ], [ 2.136364159448607, 41.401312655033848 ], [ 2.138207266405902, 41.403035247575318 ], [ 2.139050004820197, 41.403591243767998 ], [ 2.140678579819555, 41.404422171034142 ], [ 2.142930054314025, 41.405230417517636 ], [ 2.142804594450731, 41.40542853024882 ], [ 2.143438853570613, 41.405899159838263 ], [ 2.142904249503801, 41.406289997721892 ], [ 2.142833061973302, 41.406230009488375 ], [ 2.142402656392142, 41.406487249151752 ], [ 2.143714732078062, 41.40836370312666 ], [ 2.146291589293306, 41.409668208210832 ], [ 2.145945630359473, 41.410104359984544 ], [ 2.145686151932501, 41.410677473825814 ], [ 2.145206731493739, 41.411207455787917 ], [ 2.14499259370555, 41.411324430126406 ], [ 2.144511273811735, 41.411397914295449 ], [ 2.142981967251541, 41.411514980881478 ], [ 2.143011188853845, 41.411701168838988 ], [ 2.144228230918336, 41.411684792621315 ], [ 2.144667973049069, 41.411757560437209 ], [ 2.14446365576132, 41.411923219825788 ], [ 2.143857568356748, 41.412116680899111 ], [ 2.144055400609518, 41.412545996438645 ], [ 2.14396171420147, 41.412597386449022 ], [ 2.144254912410835, 41.412993768403354 ], [ 2.147122613450084, 41.414728110548793 ], [ 2.14810533222664, 41.415511723004464 ], [ 2.148337126917061, 41.416029996951842 ], [ 2.148779452864019, 41.415677068936297 ], [ 2.149906845661219, 41.415814321207506 ], [ 2.150955906787776, 41.415669124637887 ], [ 2.150999627825322, 41.415876132340415 ], [ 2.150312694663111, 41.41619700870141 ], [ 2.150434907649803, 41.416341589125764 ], [ 2.151928104090575, 41.416561526678272 ], [ 2.152371654021382, 41.416716423541459 ], [ 2.15192109450316, 41.416280631253926 ], [ 2.152089092030229, 41.416210006644853 ] ] ] ] } },
{ "type": "Feature", "properties": { "zona": "ZE3A" }, "geometry": { "type": "MultiPolygon", "coordinates": [ [ [ [ 2.129140004913805, 41.379433710958075 ], [ 2.131761018676989, 41.371869963861784 ], [ 2.131687694445391, 41.371671065061498 ], [ 2.131983948650274, 41.370833633891166 ], [ 2.133655333473375, 41.371187119184633 ], [ 2.134679403040042, 41.371042672414873 ], [ 2.13532517441661, 41.37108933600728 ], [ 2.138051645272447, 41.371978210267322 ], [ 2.137858775364077, 41.372340130565064 ], [ 2.14040662428273, 41.373191518414799 ], [ 2.140256508457656, 41.373740136731186 ], [ 2.140330669480936, 41.373812147155782 ], [ 2.14146553950981, 41.373795527493243 ], [ 2.141450370246634, 41.372858621568668 ], [ 2.141940158566386, 41.372459337869628 ], [ 2.14246041670383, 41.372698219846093 ], [ 2.142342450762576, 41.369892231199501 ], [ 2.139477317893453, 41.367756435811678 ], [ 2.140111879914017, 41.367268787258539 ], [ 2.139576638215168, 41.365857783672688 ], [ 2.141219133935958, 41.365937375112416 ], [ 2.141540934589068, 41.366104141883895 ], [ 2.141755079121238, 41.366528158166723 ], [ 2.141944798355141, 41.366601776389786 ], [ 2.142024424394716, 41.366050797089443 ], [ 2.141776827199913, 41.366072198366346 ], [ 2.141802095486361, 41.365935889574907 ], [ 2.142553588754319, 41.365559919865078 ], [ 2.143784902861194, 41.364525660992363 ], [ 2.143949753632617, 41.364100971097635 ], [ 2.143744946270133, 41.364004218123902 ], [ 2.14346995674361, 41.364193878710637 ], [ 2.143088539968018, 41.364243189591576 ], [ 2.142901144906325, 41.364183446133744 ], [ 2.142801628678988, 41.364052805601368 ], [ 2.143257518347053, 41.363056686998995 ], [ 2.142750132580278, 41.3629384583313 ], [ 2.141894928290237, 41.363240572234467 ], [ 2.141700328687385, 41.363482192189778 ], [ 2.141450946855163, 41.363339650677219 ], [ 2.142078750756893, 41.362430576060184 ], [ 2.142094806079881, 41.362115494328449 ], [ 2.141941453441453, 41.361854555959873 ], [ 2.142285574192524, 41.36147495585768 ], [ 2.142286716028091, 41.361075389197843 ], [ 2.142743481975389, 41.36074370905019 ], [ 2.143349600934724, 41.36055371905249 ], [ 2.144385353971976, 41.361382106266085 ], [ 2.144571768793496, 41.361398524687587 ], [ 2.144746485335602, 41.361254539447437 ], [ 2.14579502454077, 41.360984041993738 ], [ 2.146226836433057, 41.361943266939491 ], [ 2.146345072487309, 41.361861898514555 ], [ 2.146552167352453, 41.362238625122345 ], [ 2.146806019311189, 41.362387662482959 ], [ 2.147784662856626, 41.361555105185985 ], [ 2.147877082928138, 41.361573653702038 ], [ 2.147998649247343, 41.361229834903561 ], [ 2.148457292704482, 41.360797133385525 ], [ 2.14862118593877, 41.360419940797215 ], [ 2.148462572615238, 41.36018176862023 ], [ 2.14783347356514, 41.360152783967166 ], [ 2.146741539441967, 41.360360621557675 ], [ 2.146158655395151, 41.360248244912604 ], [ 2.145115666400511, 41.359527595225281 ], [ 2.145281600788953, 41.359334952988874 ], [ 2.145444935916222, 41.359398267354457 ], [ 2.145728070840262, 41.35920103963339 ], [ 2.146958778202374, 41.359051935290665 ], [ 2.146793734740912, 41.35796821101529 ], [ 2.146562046473095, 41.357893830335982 ], [ 2.146554393905461, 41.357967194264539 ], [ 2.146074248752468, 41.357888656203215 ], [ 2.146140739859974, 41.35771590675278 ], [ 2.145174248689927, 41.357509566400608 ], [ 2.146006187372758, 41.356680588654193 ], [ 2.14638848950456, 41.355639779412193 ], [ 2.147727809229055, 41.355160863233436 ], [ 2.147983635096574, 41.35552582772268 ], [ 2.148199529982008, 41.356642209999649 ], [ 2.149361091834254, 41.356815048172912 ], [ 2.149992958189544, 41.356575977747241 ], [ 2.150149232372008, 41.356418723990835 ], [ 2.151281904913293, 41.356686080178228 ], [ 2.153020277785956, 41.357644293776531 ], [ 2.154787752232028, 41.358844835958649 ], [ 2.156953512949995, 41.358917146707107 ], [ 2.157762914501673, 41.35923753656936 ], [ 2.158454485845464, 41.357938188604031 ], [ 2.158450299700088, 41.35780272926614 ], [ 2.157784490779794, 41.357686105336782 ], [ 2.16015564011743, 41.355323934455789 ], [ 2.1592243085516, 41.354461638353122 ], [ 2.157791502638133, 41.353387573831995 ], [ 2.156985482953479, 41.352907248318694 ], [ 2.155972279313425, 41.352465338043508 ], [ 2.155149443138217, 41.352216190367919 ], [ 2.153398723134181, 41.35186394688354 ], [ 2.152537141422354, 41.352417881347655 ], [ 2.151131894548987, 41.353036855485477 ], [ 2.151347050366807, 41.353238328105569 ], [ 2.150703884951437, 41.353731714651182 ], [ 2.149461967052954, 41.35412608876694 ], [ 2.146534193201184, 41.355452069688084 ], [ 2.145131981156164, 41.354772587928721 ], [ 2.146030186964619, 41.353349291198512 ], [ 2.146729677448934, 41.35276877653596 ], [ 2.144914108254256, 41.352035696245842 ], [ 2.141814909437354, 41.356304740662544 ], [ 2.133787541347365, 41.353037374641978 ], [ 2.13322916967412, 41.354043777670299 ], [ 2.132009080249025, 41.355612821263769 ], [ 2.13272725399823, 41.355909167344251 ], [ 2.133028747103705, 41.356614648609593 ], [ 2.13319771498058, 41.357494923149019 ], [ 2.133222838163324, 41.359062589363738 ], [ 2.133355853735908, 41.359930126268281 ], [ 2.134098017676163, 41.360642399519627 ], [ 2.135823906667158, 41.361937414385942 ], [ 2.133554300429648, 41.363673635831006 ], [ 2.132803796761333, 41.365245397621244 ], [ 2.132669145776954, 41.365829937135715 ], [ 2.132054537890084, 41.366721557323416 ], [ 2.131364382244189, 41.368520807649617 ], [ 2.131285078896136, 41.368520209448967 ], [ 2.130634282110508, 41.36945746897841 ], [ 2.130243404891274, 41.369865855767898 ], [ 2.129509310398143, 41.370479739446395 ], [ 2.129566550693378, 41.370523723557298 ], [ 2.129093189285094, 41.370854054059158 ], [ 2.128098549811897, 41.371253028732475 ], [ 2.127096001439236, 41.371768033039352 ], [ 2.127146862869291, 41.371802331809299 ], [ 2.125376471824272, 41.372998340798091 ], [ 2.124271407909151, 41.373613894193866 ], [ 2.123735739395523, 41.374367172514468 ], [ 2.123786634936777, 41.374406283155245 ], [ 2.12345676421482, 41.374722206904138 ], [ 2.122272146421349, 41.375302708462797 ], [ 2.121820078785622, 41.375728725886503 ], [ 2.122811876837869, 41.375681002340706 ], [ 2.126947871374825, 41.378214832690297 ], [ 2.129140004913805, 41.379433710958075 ] ] ], [ [ [ 2.137497969079247, 41.348787654105024 ], [ 2.13704787155399, 41.348632972361642 ], [ 2.136820939440428, 41.348405352827704 ], [ 2.13381600936504, 41.347381517408756 ], [ 2.133864306971824, 41.347318996669223 ], [ 2.132477562624722, 41.346838813642414 ], [ 2.132000636087518, 41.347426985911262 ], [ 2.132537427448565, 41.347859026272829 ], [ 2.132855421955612, 41.347892514710963 ], [ 2.133105565564461, 41.347754780439317 ], [ 2.133838745877706, 41.348112934278745 ], [ 2.13342133318869, 41.348524284731049 ], [ 2.134860072939583, 41.349137808988182 ], [ 2.135235461572945, 41.348652372775526 ], [ 2.137010119797702, 41.349338650802302 ], [ 2.137497969079247, 41.348787654105024 ] ] ] ] } },
{ "type": "Feature", "properties": { "zona": "ZE3B" }, "geometry": { "type": "MultiPolygon", "coordinates": [ [ [ [ 2.132137570026906, 41.418566827899738 ], [ 2.134197438590411, 41.417796119547717 ], [ 2.136276567335891, 41.415975445820287 ], [ 2.136051286631985, 41.415368273457275 ], [ 2.137135033200226, 41.414367284354896 ], [ 2.137662574244065, 41.414192951725617 ], [ 2.140684559674502, 41.411863243269849 ], [ 2.14100846634601, 41.411724071670001 ], [ 2.144992592825876, 41.411324430165301 ], [ 2.14532601258007, 41.411119418289992 ], [ 2.145686150721721, 41.410677472751267 ], [ 2.14594563032943, 41.4101043601284 ], [ 2.146291588444007, 41.409668207316926 ], [ 2.14371473136125, 41.408363703528998 ], [ 2.142402656399605, 41.406487249648436 ], [ 2.142833061891354, 41.406230008937023 ], [ 2.142904249506012, 41.406289997283132 ], [ 2.143438853765788, 41.405899160069303 ], [ 2.142804594730877, 41.405428528899378 ], [ 2.142930054154959, 41.405230416749397 ], [ 2.140678579553196, 41.40442217153533 ], [ 2.13905000362509, 41.403591243105204 ], [ 2.138207265277836, 41.403035247627244 ], [ 2.134225514259704, 41.399407920176145 ], [ 2.132858833253978, 41.397795652930142 ], [ 2.13279022634059, 41.397390573527005 ], [ 2.132900681103496, 41.397004614402213 ], [ 2.134564473355049, 41.395105595879926 ], [ 2.135760405296049, 41.392303138094981 ], [ 2.136430263474109, 41.391581852423442 ], [ 2.130627893803338, 41.392470422469486 ], [ 2.129758640727492, 41.39255578686781 ], [ 2.129571099424884, 41.392504431751284 ], [ 2.12960039979779, 41.392328943857869 ], [ 2.129014334794297, 41.391826037031748 ], [ 2.128388266573173, 41.39078558974424 ], [ 2.127625542176411, 41.388980339061192 ], [ 2.126789170187866, 41.388730715845014 ], [ 2.126935363712388, 41.388150299589014 ], [ 2.127170133741859, 41.387835735628101 ], [ 2.127166798999832, 41.385891745216654 ], [ 2.127301661705886, 41.384959129562638 ], [ 2.129137619031265, 41.379432368808743 ], [ 2.126947871374825, 41.378214832690297 ], [ 2.122811876837869, 41.375681002340706 ], [ 2.121820078785622, 41.375728725886503 ], [ 2.121774832043763, 41.377486151293553 ], [ 2.121559649650524, 41.378024916397578 ], [ 2.117846816086336, 41.375826152662142 ], [ 2.109269569609455, 41.3759809546996 ], [ 2.109254072328193, 41.377117629123269 ], [ 2.108648168582929, 41.377947316276519 ], [ 2.108303864750332, 41.377999749638107 ], [ 2.108191865023124, 41.378218287454068 ], [ 2.107672648621655, 41.378515908952821 ], [ 2.106324487548711, 41.378879464165806 ], [ 2.106027767660922, 41.379047691304919 ], [ 2.105658922646468, 41.379447310080522 ], [ 2.104590644311446, 41.379449826219279 ], [ 2.102149196493814, 41.380865766852629 ], [ 2.101862409592434, 41.381124261826578 ], [ 2.101537365936249, 41.381709412238202 ], [ 2.101477341576945, 41.382121496899927 ], [ 2.101677512141634, 41.38357253743753 ], [ 2.102378596148156, 41.383611854950331 ], [ 2.102611638176164, 41.383718581804054 ], [ 2.103369565036318, 41.384376675376942 ], [ 2.103564820416267, 41.384685378645074 ], [ 2.103258982776205, 41.385070968637997 ], [ 2.103040098802937, 41.385134703367221 ], [ 2.10286305717087, 41.385305686363424 ], [ 2.103026522611612, 41.385478801457367 ], [ 2.104068907421659, 41.385184408513112 ], [ 2.105833645859918, 41.387088044673717 ], [ 2.104499749812616, 41.387569875772613 ], [ 2.103203945113743, 41.387807506360346 ], [ 2.102275300344815, 41.387835362658898 ], [ 2.102330640159292, 41.388160064172425 ], [ 2.102815901798441, 41.388533153761507 ], [ 2.103003170616287, 41.388831860290061 ], [ 2.103327612395117, 41.390464744744385 ], [ 2.103682171480031, 41.391647487478465 ], [ 2.103603734697181, 41.392133281698051 ], [ 2.102943701216456, 41.392290276409035 ], [ 2.102771927682187, 41.392604200390025 ], [ 2.102428918128052, 41.392546032507454 ], [ 2.102128666999033, 41.392647394902724 ], [ 2.101903501708325, 41.393263264767768 ], [ 2.101062063949565, 41.393299682453907 ], [ 2.101100644352928, 41.39427422505981 ], [ 2.10103645379032, 41.394280569616008 ], [ 2.101382410655792, 41.394989357759975 ], [ 2.101915580073276, 41.39485840519211 ], [ 2.101955132150031, 41.395623234047832 ], [ 2.102769444885693, 41.395263067493431 ], [ 2.103010907527924, 41.395715935832328 ], [ 2.102818309712294, 41.395771416680184 ], [ 2.103343898220756, 41.396280110390357 ], [ 2.102853274376112, 41.396566221764317 ], [ 2.103159786122037, 41.39696441279446 ], [ 2.104217723600221, 41.396495309113035 ], [ 2.104556083530219, 41.396968212975821 ], [ 2.10473611423221, 41.39743676828386 ], [ 2.105055720265701, 41.398457189035391 ], [ 2.105063685083389, 41.398961724228094 ], [ 2.106322160623484, 41.399639448914925 ], [ 2.10713242923119, 41.400265224789493 ], [ 2.107538815466454, 41.400784468229972 ], [ 2.108377850239536, 41.401055167048568 ], [ 2.107627165453335, 41.400942612823883 ], [ 2.107532657778104, 41.40098985418615 ], [ 2.107457699666812, 41.400871581373437 ], [ 2.107196689039537, 41.400960938720218 ], [ 2.106607252437228, 41.401748115464144 ], [ 2.106413928810563, 41.401883492975536 ], [ 2.10639104696023, 41.40247132378564 ], [ 2.106270159774382, 41.40283465704151 ], [ 2.106184285795569, 41.402845231440971 ], [ 2.105961817301836, 41.402492212479302 ], [ 2.105846367566677, 41.402481128873788 ], [ 2.105893689435372, 41.403070198292717 ], [ 2.105906561370276, 41.403000310089773 ], [ 2.106098092259496, 41.40299266363396 ], [ 2.106140910988135, 41.40309649200011 ], [ 2.106679554720484, 41.403042051674738 ], [ 2.106710758130573, 41.403119640996557 ], [ 2.106931477476724, 41.403069334988707 ], [ 2.1069002737027, 41.402991754730337 ], [ 2.106984363349476, 41.40297259049467 ], [ 2.1074877028663, 41.403341503369838 ], [ 2.107866159690523, 41.403799561936346 ], [ 2.108207628013096, 41.403608541483877 ], [ 2.108230444997784, 41.403689785526559 ], [ 2.108616435020091, 41.403458579926927 ], [ 2.108430235468625, 41.4039525496677 ], [ 2.1085714458934, 41.404124785138862 ], [ 2.108881728703297, 41.404181231856498 ], [ 2.10982130182833, 41.403711103368437 ], [ 2.109930927263787, 41.403567831171799 ], [ 2.110243295859835, 41.403471163168561 ], [ 2.11019925320546, 41.403191590900285 ], [ 2.11102335240136, 41.402414305617469 ], [ 2.111322893519211, 41.402380587989569 ], [ 2.111350250843343, 41.402128589606775 ], [ 2.112155378327993, 41.401864576199458 ], [ 2.112758249173014, 41.401517931421168 ], [ 2.11299161188467, 41.4019520886566 ], [ 2.113556367338193, 41.402650014206706 ], [ 2.114023236598992, 41.403509318440314 ], [ 2.111894279763408, 41.404348627628032 ], [ 2.111792452428058, 41.404798216146929 ], [ 2.111918034578915, 41.40524055131759 ], [ 2.112094164528605, 41.405485111614425 ], [ 2.112579977273288, 41.405831141149775 ], [ 2.112937020782728, 41.405969004633349 ], [ 2.113427001434868, 41.406008808446238 ], [ 2.113490227109001, 41.406145596533115 ], [ 2.113089141874992, 41.406430341635605 ], [ 2.112887070331932, 41.406730427294228 ], [ 2.112383570426037, 41.407190197839014 ], [ 2.11227666238849, 41.407441177453848 ], [ 2.111851773402987, 41.407916215682718 ], [ 2.11130177006671, 41.408253066804292 ], [ 2.110713664125772, 41.40848647640437 ], [ 2.11017729911179, 41.408509372886279 ], [ 2.110013481464251, 41.40860595491106 ], [ 2.10996434076909, 41.408749154168845 ], [ 2.109815592934841, 41.408741689986442 ], [ 2.109858039747746, 41.408561220164344 ], [ 2.110079950180705, 41.408390532529722 ], [ 2.11110294182176, 41.408151512980389 ], [ 2.111442845367896, 41.407999730504535 ], [ 2.111988909715045, 41.4074096391778 ], [ 2.111429993905508, 41.407727461480576 ], [ 2.110862839336402, 41.407935650502644 ], [ 2.10965059990528, 41.40798425488348 ], [ 2.109827365457539, 41.408453154556774 ], [ 2.109392758957054, 41.408609207885974 ], [ 2.109435921530352, 41.40896728251645 ], [ 2.108411462100436, 41.408843842163641 ], [ 2.108268518039301, 41.408573627925655 ], [ 2.108594195714474, 41.408362942937401 ], [ 2.1084840271449, 41.408230742982788 ], [ 2.108280330433935, 41.408125939932518 ], [ 2.107278729933041, 41.407933137860681 ], [ 2.106805691008707, 41.407965093734347 ], [ 2.106592948357365, 41.407845760530066 ], [ 2.106260020516218, 41.407911129081704 ], [ 2.106099912586272, 41.407840510600771 ], [ 2.105761700825694, 41.407368549933274 ], [ 2.106043985733939, 41.406783220509851 ], [ 2.105502057920431, 41.406741522490769 ], [ 2.105108007929257, 41.406546168917266 ], [ 2.104941334541949, 41.40669028101324 ], [ 2.105356436401582, 41.406810964638233 ], [ 2.105214733520369, 41.407032627330715 ], [ 2.104912195774985, 41.407167027248995 ], [ 2.104945753159698, 41.407400095273736 ], [ 2.104564018310842, 41.407674278050997 ], [ 2.104244064574298, 41.407579696897471 ], [ 2.104111754306576, 41.407630091124794 ], [ 2.104378111256034, 41.407889281528021 ], [ 2.104714302884704, 41.407968072233885 ], [ 2.105259547343346, 41.407812185064564 ], [ 2.105590612530333, 41.407941249249227 ], [ 2.10521253934985, 41.408039961012243 ], [ 2.104723694358578, 41.408452504500197 ], [ 2.10486168125512, 41.408564522176455 ], [ 2.105849093757687, 41.408525094543265 ], [ 2.106564158755974, 41.408688474398836 ], [ 2.107034697708192, 41.40920072255625 ], [ 2.106924335288543, 41.409617858240729 ], [ 2.107381861720311, 41.409944990555331 ], [ 2.107546466218193, 41.409976000220482 ], [ 2.109135867052485, 41.409227384831006 ], [ 2.109286255723006, 41.409246185098311 ], [ 2.108813617554253, 41.409749297080502 ], [ 2.109131155403441, 41.409903791551329 ], [ 2.109601650776535, 41.409629532540237 ], [ 2.110632737254933, 41.409942890989058 ], [ 2.111029895286389, 41.410147311119289 ], [ 2.111488700428539, 41.409806749212784 ], [ 2.111974205851424, 41.409705323579459 ], [ 2.11176442673096, 41.41037362704202 ], [ 2.111441666436912, 41.410591424736168 ], [ 2.111686560175897, 41.410741008518556 ], [ 2.111583519069254, 41.410835053132054 ], [ 2.111883443890254, 41.411020362769456 ], [ 2.111996330866217, 41.410914582891877 ], [ 2.112800506708185, 41.411464475369982 ], [ 2.113616523286331, 41.411143311841556 ], [ 2.114188137617015, 41.410624023298652 ], [ 2.114187460010996, 41.410364425141729 ], [ 2.114428138721415, 41.410295955228001 ], [ 2.114197811382406, 41.409957952546918 ], [ 2.114039926442941, 41.409464380320031 ], [ 2.11391326322948, 41.408845384859717 ], [ 2.113936205767081, 41.408279171452776 ], [ 2.113220573618303, 41.408248936462151 ], [ 2.112745561979457, 41.408777150317619 ], [ 2.112533051329152, 41.408505153196216 ], [ 2.113286861869407, 41.407671752592279 ], [ 2.113694275507719, 41.40805180726425 ], [ 2.114121911282543, 41.408012501948001 ], [ 2.114472985347217, 41.407892196501912 ], [ 2.114584649064775, 41.408074663962523 ], [ 2.114559931781963, 41.408350598022828 ], [ 2.11488850339432, 41.408515123756729 ], [ 2.114754098673753, 41.408721262368978 ], [ 2.115042919109962, 41.4094801104211 ], [ 2.114974705694501, 41.409679665664001 ], [ 2.115173307023997, 41.410268239482129 ], [ 2.116038822284272, 41.410082830347136 ], [ 2.115331075100462, 41.410879753036028 ], [ 2.115511775342438, 41.411467104300606 ], [ 2.115312028992662, 41.411764770788814 ], [ 2.116595432098713, 41.412435014119779 ], [ 2.116752994784616, 41.412195482988672 ], [ 2.116921829304438, 41.41209769587897 ], [ 2.117178325134649, 41.412045445683979 ], [ 2.11749510146597, 41.411822400255112 ], [ 2.117950295552875, 41.411730553269102 ], [ 2.117996878640429, 41.411672766904438 ], [ 2.117903789411401, 41.4116297577648 ], [ 2.117776735010561, 41.411714352181804 ], [ 2.117622697813831, 41.411698417552721 ], [ 2.117557774110927, 41.411533092276635 ], [ 2.118480815310865, 41.41082243867762 ], [ 2.118487915129498, 41.410425299658044 ], [ 2.118010975834407, 41.409759953701808 ], [ 2.11787363554423, 41.409680712050978 ], [ 2.118077541714332, 41.409416508574985 ], [ 2.118521575044896, 41.409704959487101 ], [ 2.119366669311035, 41.409143955394292 ], [ 2.120224436782647, 41.408870082971646 ], [ 2.121030849008065, 41.409549118350824 ], [ 2.121104387526048, 41.409487519284014 ], [ 2.121133775177177, 41.408749058419666 ], [ 2.121218412245665, 41.408661944591593 ], [ 2.120590342753503, 41.408307433968247 ], [ 2.121251911068518, 41.407646463121097 ], [ 2.122502757650933, 41.408275816352244 ], [ 2.122104149730324, 41.408584983779775 ], [ 2.122194246515178, 41.408850285655994 ], [ 2.122523404342769, 41.409285153504804 ], [ 2.122892693652216, 41.40940506446897 ], [ 2.123246390794521, 41.409795079782619 ], [ 2.123256539131567, 41.409930269186951 ], [ 2.123015938860858, 41.410027519061863 ], [ 2.122769284155888, 41.410575096015521 ], [ 2.122285653819223, 41.410949724129544 ], [ 2.122023059952181, 41.410902684667043 ], [ 2.121998405615743, 41.410956541502863 ], [ 2.122105714751791, 41.41098438217567 ], [ 2.122006976117313, 41.411208816099794 ], [ 2.121887096988163, 41.411225916832507 ], [ 2.122017364417679, 41.411325992460476 ], [ 2.121931437047579, 41.411487471691203 ], [ 2.121884066959736, 41.411451080535493 ], [ 2.121231840398524, 41.411905485426317 ], [ 2.121350386887632, 41.41198745739711 ], [ 2.121096720547287, 41.412165670727532 ], [ 2.121202696973401, 41.412292584246963 ], [ 2.121043769666681, 41.412543580280349 ], [ 2.121134628570721, 41.412904572667706 ], [ 2.121264412963396, 41.41304067531631 ], [ 2.121430332536059, 41.413159038619028 ], [ 2.122253790983875, 41.413318446200286 ], [ 2.122363769257777, 41.413148142644843 ], [ 2.122305039465354, 41.4130666277294 ], [ 2.122548316622962, 41.412771235472121 ], [ 2.122606319813487, 41.412906789552515 ], [ 2.122868680026575, 41.412971840846915 ], [ 2.123209466940896, 41.41334760040391 ], [ 2.124106578980526, 41.413262369509383 ], [ 2.125311289235729, 41.413593653046171 ], [ 2.125551085310988, 41.413582143454803 ], [ 2.126070329232036, 41.413347478353352 ], [ 2.12622791262242, 41.413195547353446 ], [ 2.126432024985587, 41.413143051348641 ], [ 2.12659879823379, 41.413198361395423 ], [ 2.126811499557758, 41.413398139058543 ], [ 2.12678154466861, 41.413848285403205 ], [ 2.126945548208149, 41.414110745747642 ], [ 2.12739850233628, 41.414240284076357 ], [ 2.127762771880837, 41.414738455054938 ], [ 2.127930754156237, 41.414703697635353 ], [ 2.128455139634543, 41.414860795225493 ], [ 2.12842754819326, 41.415101796550687 ], [ 2.128834752377534, 41.415106869802699 ], [ 2.128866677252535, 41.415404357817515 ], [ 2.129264454090467, 41.416082926847928 ], [ 2.129691679779933, 41.415977175154055 ], [ 2.129858935767457, 41.416335279159078 ], [ 2.130150094931349, 41.416488282245226 ], [ 2.130756676941608, 41.416472416396729 ], [ 2.130846587755153, 41.416610481532942 ], [ 2.131220531246695, 41.416477887973677 ], [ 2.131484060710064, 41.41682998050549 ], [ 2.132509120604276, 41.416803137687502 ], [ 2.133318669561679, 41.416962136122358 ], [ 2.13289292343111, 41.417257230858937 ], [ 2.132062648729748, 41.417330273052649 ], [ 2.132303416885479, 41.417656756558522 ], [ 2.132263188730431, 41.417733088904399 ], [ 2.131204094239562, 41.417843514171508 ], [ 2.130698479126108, 41.418018522981363 ], [ 2.130459989629054, 41.418202870355174 ], [ 2.130507929433339, 41.418328866293884 ], [ 2.131270627623785, 41.418214511273739 ], [ 2.132137570026906, 41.418566827899738 ] ], [ [ 2.116213134575315, 41.408863772945352 ], [ 2.116344798372723, 41.409282973498421 ], [ 2.116504805956418, 41.409197711639813 ], [ 2.116343382478037, 41.409033221411711 ], [ 2.117016444732926, 41.408949265069545 ], [ 2.117137922203492, 41.409115375665863 ], [ 2.116888964115409, 41.410011907853445 ], [ 2.116338192927961, 41.409931586975411 ], [ 2.116173207231541, 41.409560924158946 ], [ 2.116084373361696, 41.409546550855673 ], [ 2.115789954095407, 41.408938627697914 ], [ 2.116213134575315, 41.408863772945352 ] ] ], [ [ [ 2.111089661733574, 41.418644279559985 ], [ 2.111374465938443, 41.418468058364411 ], [ 2.11135316730485, 41.418556689501344 ], [ 2.111451665667834, 41.418534417640799 ], [ 2.111441184071951, 41.417858759297843 ], [ 2.112801864182307, 41.417588562021521 ], [ 2.112777020766818, 41.417476074569315 ], [ 2.112335007138021, 41.417265874271408 ], [ 2.111319897080925, 41.417656605539982 ], [ 2.110997754146705, 41.417378544333516 ], [ 2.111842616993654, 41.416960939526433 ], [ 2.111052659294034, 41.4165289792195 ], [ 2.110378316904385, 41.416048509954997 ], [ 2.110711038559156, 41.41613446243322 ], [ 2.110739003258075, 41.416041361119419 ], [ 2.112002136631478, 41.415104975328248 ], [ 2.113229707380254, 41.414870307341921 ], [ 2.113085676496314, 41.414645065193596 ], [ 2.112942307626333, 41.413932911419096 ], [ 2.112299683128593, 41.413400751579601 ], [ 2.112405685151873, 41.412756787328142 ], [ 2.111942593557746, 41.412830869752177 ], [ 2.111646531335745, 41.413083641230607 ], [ 2.111161858095524, 41.413776099659472 ], [ 2.11143340171974, 41.414466047666572 ], [ 2.110425156621202, 41.415357441033819 ], [ 2.109414986741615, 41.414616216986893 ], [ 2.108446153636638, 41.414306005017281 ], [ 2.107674603893218, 41.414261728150535 ], [ 2.107086346020464, 41.414367535933685 ], [ 2.107069645022257, 41.414699565604927 ], [ 2.106827475258043, 41.41468028477442 ], [ 2.106564187610585, 41.414554317311932 ], [ 2.106720416777344, 41.414364120950808 ], [ 2.106117896779477, 41.413806809741949 ], [ 2.106977702582896, 41.413056854868152 ], [ 2.106950516406482, 41.412451334979181 ], [ 2.106751580132201, 41.412578137530453 ], [ 2.106138919268147, 41.412681895664889 ], [ 2.105507202877777, 41.412968435090171 ], [ 2.105172746770664, 41.412936471856746 ], [ 2.104936534478002, 41.41275643209724 ], [ 2.104777962381887, 41.412454512048903 ], [ 2.104863005058849, 41.411992648907066 ], [ 2.104508635065828, 41.411502778497571 ], [ 2.104197673300796, 41.41161207895324 ], [ 2.104057447969943, 41.411367786252605 ], [ 2.10359620510202, 41.411451901984485 ], [ 2.103370314522003, 41.411016856893504 ], [ 2.103808131905514, 41.410915851039022 ], [ 2.103919195994748, 41.410631340896785 ], [ 2.103831052313607, 41.41047794224886 ], [ 2.103891913167291, 41.410381513605451 ], [ 2.103396434607001, 41.409840378512307 ], [ 2.102821997749988, 41.409572507582894 ], [ 2.103527380470603, 41.409281751998151 ], [ 2.10330984087154, 41.409101091639094 ], [ 2.102753159669843, 41.409301431817219 ], [ 2.102519095915734, 41.408530747925887 ], [ 2.101889946827641, 41.408051805890715 ], [ 2.101667703680061, 41.407396030586575 ], [ 2.10152326429208, 41.407251459548974 ], [ 2.101337120321613, 41.407195886949971 ], [ 2.101171919936056, 41.407980619391857 ], [ 2.101125635815494, 41.407890732806848 ], [ 2.100758739457095, 41.408284034440939 ], [ 2.100897420647709, 41.408596487713297 ], [ 2.100468760448429, 41.408741384444276 ], [ 2.099439477864931, 41.408899466309656 ], [ 2.097866005337907, 41.409371386613486 ], [ 2.09808109421818, 41.40983955944926 ], [ 2.098936268710615, 41.409457303835865 ], [ 2.099681635139374, 41.409292704405878 ], [ 2.100391042507546, 41.409402501934984 ], [ 2.100599140734348, 41.409790638172048 ], [ 2.10146080141934, 41.409421069913613 ], [ 2.10073623183511, 41.409921713780236 ], [ 2.100202072763025, 41.4106534468878 ], [ 2.100299247609783, 41.410690510066296 ], [ 2.100384569828783, 41.411232831734068 ], [ 2.1012676280877, 41.411017315804834 ], [ 2.101296027591375, 41.411102820174598 ], [ 2.098702095825289, 41.411920201888734 ], [ 2.098995520637799, 41.412168411276191 ], [ 2.099584183527645, 41.412389114505437 ], [ 2.099112269282631, 41.412553655307349 ], [ 2.09838279214542, 41.412242691168387 ], [ 2.098075341548984, 41.412579981577409 ], [ 2.098421484260812, 41.4129495125351 ], [ 2.098333440867033, 41.413062317088567 ], [ 2.098475499068027, 41.413182183902386 ], [ 2.09845490327966, 41.413541816687122 ], [ 2.098550314121749, 41.413694056219654 ], [ 2.098902331119782, 41.413407766404887 ], [ 2.099524829142754, 41.413515015515799 ], [ 2.099634452294672, 41.413628826408676 ], [ 2.100380905792322, 41.413749740694882 ], [ 2.101319530158946, 41.41351592317578 ], [ 2.101931197274713, 41.4137549710046 ], [ 2.101782397034991, 41.414668382850174 ], [ 2.101458714468789, 41.414795456527209 ], [ 2.100310562957684, 41.415544954382383 ], [ 2.100301318306582, 41.416427045657393 ], [ 2.101354618976277, 41.416489982942664 ], [ 2.101915094340908, 41.416629468135575 ], [ 2.102156865380764, 41.416451204634853 ], [ 2.102954157393683, 41.416772680470146 ], [ 2.103888194398972, 41.416655567770007 ], [ 2.103728146622269, 41.417048932086281 ], [ 2.103821637128573, 41.417211794087429 ], [ 2.104400289628165, 41.416903655993856 ], [ 2.104504458232164, 41.416628181493941 ], [ 2.104808778250014, 41.416437815451395 ], [ 2.105411522297446, 41.416360145155281 ], [ 2.105840172912155, 41.416642264872323 ], [ 2.105828969863428, 41.417182895650548 ], [ 2.106106158417315, 41.417283598610354 ], [ 2.106334598790126, 41.417204304873792 ], [ 2.106860672179284, 41.416361685882663 ], [ 2.107196173157757, 41.416328258180954 ], [ 2.107635535923164, 41.416574865816315 ], [ 2.107629745838727, 41.416998171545792 ], [ 2.107770612251585, 41.417197427387691 ], [ 2.10805690373508, 41.417262697877796 ], [ 2.108489111293955, 41.41715795589613 ], [ 2.108584336810349, 41.417194723055026 ], [ 2.108675747840258, 41.417510691838217 ], [ 2.108840917290859, 41.417683112129957 ], [ 2.109150895705163, 41.417766578157234 ], [ 2.109617893079058, 41.4177431682606 ], [ 2.110104765555934, 41.418017156230562 ], [ 2.110228554053748, 41.418151477410767 ], [ 2.109547970331997, 41.41849657881901 ], [ 2.109595250328611, 41.418642009589618 ], [ 2.110032009874179, 41.418925104130643 ], [ 2.110280077607544, 41.41906591640528 ], [ 2.110847272479404, 41.419065740390977 ], [ 2.111089661733574, 41.418644279559985 ] ] ], [ [ [ 2.111174601722583, 41.411848389992379 ], [ 2.110907377268822, 41.411766565642047 ], [ 2.110596616157753, 41.412355154456371 ], [ 2.110850654263487, 41.412435427490614 ], [ 2.111174601722583, 41.411848389992379 ] ] ], [ [ [ 2.11013129265854, 41.413379049662105 ], [ 2.109859232240126, 41.412846930428891 ], [ 2.109618108731015, 41.413663465179532 ], [ 2.11020351798861, 41.414032504950974 ], [ 2.110458655077448, 41.413642057225452 ], [ 2.11013129265854, 41.413379049662105 ] ] ], [ [ [ 2.106377751128449, 41.410105767415494 ], [ 2.105681473783888, 41.410018762553243 ], [ 2.105266227598205, 41.410621748044441 ], [ 2.104849355469815, 41.411460435718361 ], [ 2.105475536788507, 41.411287900345819 ], [ 2.10557599746246, 41.41104586651025 ], [ 2.106086186910101, 41.410535241089335 ], [ 2.106377751128449, 41.410105767415494 ] ] ], [ [ [ 2.106240301836255, 41.409216401677888 ], [ 2.105572792221019, 41.40899879494954 ], [ 2.105144002219693, 41.409022201205204 ], [ 2.105176522392123, 41.409160651685603 ], [ 2.105692176170557, 41.409074583400113 ], [ 2.106085482266812, 41.409185727327426 ], [ 2.106346571462149, 41.409358835755299 ], [ 2.106240301836255, 41.409216401677888 ] ] ], [ [ [ 2.105641854554595, 41.409254341938933 ], [ 2.10534289650876, 41.409243011834079 ], [ 2.105316523088502, 41.409406471841443 ], [ 2.105567004733446, 41.409434797110549 ], [ 2.105641854554595, 41.409254341938933 ] ] ], [ [ [ 2.104108633860335, 41.408438248898371 ], [ 2.103723594889018, 41.408034868088087 ], [ 2.103362135519141, 41.408126041082923 ], [ 2.103571753883708, 41.408400548416722 ], [ 2.104108633860335, 41.408438248898371 ] ] ], [ [ [ 2.101976775956861, 41.426925464963773 ], [ 2.101672830326919, 41.426638110156667 ], [ 2.101410187417177, 41.426584814764695 ], [ 2.101427366292245, 41.426805928443962 ], [ 2.102057349349268, 41.427410866063823 ], [ 2.102499459338242, 41.427208771550532 ], [ 2.102334283130491, 41.427036342362889 ], [ 2.101976775956861, 41.426925464963773 ] ] ], [ [ [ 2.100830612109961, 41.429330512868816 ], [ 2.100844814379569, 41.429168489898835 ], [ 2.101200739586814, 41.429280544595365 ], [ 2.101383697308556, 41.429145675085209 ], [ 2.101514038161293, 41.428372052590497 ], [ 2.101984710477804, 41.428087486812132 ], [ 2.102094890981325, 41.427908197375267 ], [ 2.102145857661521, 41.427683408837773 ], [ 2.102052235410238, 41.427422995618635 ], [ 2.101351693122974, 41.427570294812902 ], [ 2.101345863573304, 41.427761450267575 ], [ 2.100912544665623, 41.428048493992485 ], [ 2.100572347606677, 41.428526266551856 ], [ 2.100385524597122, 41.428610521643016 ], [ 2.100099388481749, 41.428607276552071 ], [ 2.099966727247726, 41.428815896673207 ], [ 2.10002194417612, 41.429010438644717 ], [ 2.099817020818815, 41.428845197719127 ], [ 2.099926098035074, 41.428963147255729 ], [ 2.100258063505201, 41.429190928095871 ], [ 2.100830612109961, 41.429330512868816 ] ] ], [ [ [ 2.095487312015176, 41.431292054549054 ], [ 2.095637027141241, 41.431062496298367 ], [ 2.0964249732655, 41.431313145068629 ], [ 2.097063958324286, 41.431158834957209 ], [ 2.09736394390129, 41.430928435258764 ], [ 2.097474021684547, 41.431101997818907 ], [ 2.097905012167523, 41.431061968938572 ], [ 2.097879017653526, 41.430972780796893 ], [ 2.098328521429432, 41.430882615889942 ], [ 2.098326732966828, 41.430626790708949 ], [ 2.098138181620476, 41.430321339859212 ], [ 2.097631044641936, 41.430528905608632 ], [ 2.097609389967682, 41.430297397895977 ], [ 2.097451054418578, 41.430326340621939 ], [ 2.097346558840667, 41.429951064218542 ], [ 2.097482476547682, 41.429660991437707 ], [ 2.097613799584987, 41.429515181613453 ], [ 2.097837568700338, 41.429563719983243 ], [ 2.097870518084162, 41.429870050153554 ], [ 2.097956935602207, 41.429878114129863 ], [ 2.098432508471356, 41.429344023314307 ], [ 2.099301963481994, 41.429756144100608 ], [ 2.09952774224196, 41.429495849306782 ], [ 2.098015726025764, 41.428687368119796 ], [ 2.098043556258637, 41.428321893140179 ], [ 2.098665747024939, 41.428724777709711 ], [ 2.098687929626784, 41.428666348978879 ], [ 2.098256193550545, 41.428095904816118 ], [ 2.098078102784501, 41.427978728130938 ], [ 2.098147028401623, 41.427817611558226 ], [ 2.098415468656258, 41.427917210618524 ], [ 2.098477998141804, 41.427867222589306 ], [ 2.09932708042795, 41.428807984881871 ], [ 2.099062276541117, 41.428992507589975 ], [ 2.099163085465255, 41.429080159782771 ], [ 2.099593761820668, 41.428762384870907 ], [ 2.099488796571317, 41.42856340022923 ], [ 2.099620804267817, 41.428537410391534 ], [ 2.099553168117826, 41.428425901389332 ], [ 2.099746182301066, 41.428278130558425 ], [ 2.099845083682645, 41.428396573735988 ], [ 2.100212349117609, 41.428265102111304 ], [ 2.100286803798336, 41.427988263840916 ], [ 2.100459570448268, 41.427920806035743 ], [ 2.100714961264984, 41.427548010620065 ], [ 2.100424863765345, 41.427459209749806 ], [ 2.099735272184901, 41.427486273204849 ], [ 2.099433413484403, 41.427373984929787 ], [ 2.099410583297538, 41.426989711632039 ], [ 2.099199560932919, 41.426827277869705 ], [ 2.098967299836819, 41.426432483648412 ], [ 2.098985128880626, 41.426177145085219 ], [ 2.09903994423483, 41.426109315665649 ], [ 2.099414784169551, 41.426324977234003 ], [ 2.099696378157515, 41.426645250469498 ], [ 2.100245543450685, 41.426288452450265 ], [ 2.099985921130154, 41.426218021453515 ], [ 2.099832672388999, 41.426054365080496 ], [ 2.100254564466808, 41.425916606446137 ], [ 2.10014495832077, 41.425773125938079 ], [ 2.100164190878322, 41.425545820281748 ], [ 2.100391486516875, 41.425421141073706 ], [ 2.10040168438105, 41.425825339744847 ], [ 2.100492138010517, 41.425932739676263 ], [ 2.101028017974965, 41.4261345306154 ], [ 2.101381454993714, 41.425908059427215 ], [ 2.10109526566083, 41.425678567440343 ], [ 2.100811609035131, 41.425644844301829 ], [ 2.10062224115792, 41.425347596159462 ], [ 2.100217502769751, 41.425191307086912 ], [ 2.100106324341489, 41.425051814664819 ], [ 2.099184706226926, 41.424771401797798 ], [ 2.098282837283413, 41.42406991264653 ], [ 2.09728541830999, 41.42416389844049 ], [ 2.096447907072037, 41.423491381044471 ], [ 2.096036028048116, 41.423896761579314 ], [ 2.095953066631326, 41.42385392828772 ], [ 2.096162007406844, 41.423634201816313 ], [ 2.095974790868894, 41.423433180928718 ], [ 2.095295835574067, 41.423871455262123 ], [ 2.095245919159869, 41.424056156988399 ], [ 2.095416118267992, 41.424275258385599 ], [ 2.095319124757469, 41.424321749304355 ], [ 2.09538549652813, 41.424391556099849 ], [ 2.094957803480826, 41.424615490357979 ], [ 2.095060848301822, 41.424683016722753 ], [ 2.094850432345563, 41.42487658993889 ], [ 2.095665257863574, 41.425368458479866 ], [ 2.095787047120585, 41.425112369664205 ], [ 2.097079592168362, 41.425705268597888 ], [ 2.097170626161676, 41.425903470706423 ], [ 2.096978153387349, 41.426277580535427 ], [ 2.096438019892118, 41.42608388911124 ], [ 2.095766373974446, 41.425969022287319 ], [ 2.095874451051467, 41.425734380518605 ], [ 2.095585040704894, 41.425647140139148 ], [ 2.094755225652612, 41.425123618127088 ], [ 2.094184499566186, 41.424893456637719 ], [ 2.094264623095155, 41.424644204982634 ], [ 2.093788228685204, 41.424563169769861 ], [ 2.093597843131908, 41.424380405222941 ], [ 2.093583518281616, 41.424221959589936 ], [ 2.094250956066944, 41.42318535730039 ], [ 2.094436387901387, 41.423254182682051 ], [ 2.09402593661902, 41.423831681501589 ], [ 2.094003029633946, 41.424173829174862 ], [ 2.094194964713797, 41.424418261205581 ], [ 2.094431829624218, 41.424269448038231 ], [ 2.094741891601626, 41.424475747740225 ], [ 2.095083794648096, 41.424246218937697 ], [ 2.094891579849456, 41.423893246464168 ], [ 2.095001342643197, 41.423936408298985 ], [ 2.095223080920083, 41.423627745541822 ], [ 2.095928203179389, 41.4231724188312 ], [ 2.095498782848619, 41.422785337701562 ], [ 2.095614960795479, 41.422758426380035 ], [ 2.095012089440598, 41.422222618917829 ], [ 2.096645653856584, 41.420407403828065 ], [ 2.097420030529785, 41.419791963124766 ], [ 2.097063693499277, 41.419600012532612 ], [ 2.09717300014302, 41.419483772862918 ], [ 2.097559497012207, 41.419225586904304 ], [ 2.098088574881137, 41.419040576292922 ], [ 2.098627001401844, 41.419044792952619 ], [ 2.098960031983462, 41.41919151905806 ], [ 2.099414580082698, 41.419204083005972 ], [ 2.101096515842059, 41.41872181727171 ], [ 2.101099531078909, 41.418502995174535 ], [ 2.100095213846854, 41.418609058544931 ], [ 2.099328957467919, 41.418230995754513 ], [ 2.099258510239335, 41.418374176308838 ], [ 2.098750509079768, 41.41876652877675 ], [ 2.098678989988547, 41.418702120314968 ], [ 2.098583790992025, 41.418771123776928 ], [ 2.098363193393152, 41.418641202318369 ], [ 2.098208250732553, 41.418279627566385 ], [ 2.098277725984532, 41.418010425466932 ], [ 2.098195589869838, 41.417723074832502 ], [ 2.098229830924375, 41.417172068699962 ], [ 2.097961778622853, 41.416710465781435 ], [ 2.097412652701255, 41.416850688468671 ], [ 2.097537987826724, 41.417127501370317 ], [ 2.097541374617724, 41.417504616060612 ], [ 2.097428158873717, 41.41715123078081 ], [ 2.096953400919761, 41.417194157291796 ], [ 2.096851212045909, 41.416963512831963 ], [ 2.096508876981274, 41.41711115224193 ], [ 2.096484494736079, 41.417186002017608 ], [ 2.096368042367669, 41.417116692693938 ], [ 2.096340457193018, 41.417387511995109 ], [ 2.096159738539507, 41.417476167956409 ], [ 2.094835555192616, 41.417218960902012 ], [ 2.094529458014125, 41.417104807471851 ], [ 2.094473507966581, 41.416995980718411 ], [ 2.093832170616419, 41.41695794943076 ], [ 2.093739018118595, 41.417170539781786 ], [ 2.093881581530286, 41.417221319983625 ], [ 2.093812280618211, 41.417367325837866 ], [ 2.09478600453636, 41.417822584230365 ], [ 2.094392630081882, 41.417852809249993 ], [ 2.09405900196573, 41.417642634732083 ], [ 2.093928666238591, 41.417667712682061 ], [ 2.093996043618746, 41.417865280977367 ], [ 2.094426926308983, 41.418276825679214 ], [ 2.095277470935367, 41.418751377707871 ], [ 2.096001916939359, 41.418855303550409 ], [ 2.096741504069813, 41.419222712546386 ], [ 2.095973988145377, 41.420058083556548 ], [ 2.0951525095864, 41.420567153652094 ], [ 2.094760330885836, 41.420662657258994 ], [ 2.094935192130337, 41.420539561043206 ], [ 2.094643651898638, 41.420242226787657 ], [ 2.094229340010865, 41.420336599750208 ], [ 2.093869051508763, 41.420574299614898 ], [ 2.093706646473729, 41.421069234151027 ], [ 2.093863962450443, 41.421176677782505 ], [ 2.094276739637845, 41.42106398194511 ], [ 2.09338540190888, 41.42213317627543 ], [ 2.093257779638436, 41.422563258617103 ], [ 2.09270486789261, 41.423121714874611 ], [ 2.092159874088013, 41.424377064725519 ], [ 2.091791423978916, 41.424753534216727 ], [ 2.091901273189254, 41.42499930409187 ], [ 2.091218727841488, 41.425276391698304 ], [ 2.091181120300076, 41.426042862274784 ], [ 2.090687496783354, 41.426415052177184 ], [ 2.090527929102318, 41.426638365231078 ], [ 2.090208779080823, 41.4267237832128 ], [ 2.090034822719361, 41.426550906739699 ], [ 2.090324080930058, 41.426195786475937 ], [ 2.090704700660587, 41.425909888669963 ], [ 2.090144939337328, 41.425611463338768 ], [ 2.090390778917429, 41.425564945924748 ], [ 2.090673763205104, 41.425155736509325 ], [ 2.090453485402905, 41.425036578420553 ], [ 2.090115021031504, 41.425052134999476 ], [ 2.089784868041104, 41.42521388401871 ], [ 2.089587485304377, 41.425167835555513 ], [ 2.089300951102518, 41.424965396946639 ], [ 2.089158584381074, 41.424959568801505 ], [ 2.088874226556369, 41.425413599669064 ], [ 2.088549534041149, 41.425618434894062 ], [ 2.088269924886944, 41.425285404638437 ], [ 2.087744743004875, 41.42550966403256 ], [ 2.087725093482308, 41.42562593850321 ], [ 2.086867748944915, 41.425220103025708 ], [ 2.086614676174481, 41.425397603643773 ], [ 2.087272528394875, 41.425773972858359 ], [ 2.087710365604763, 41.426128733356578 ], [ 2.087775406473011, 41.426881839098897 ], [ 2.088104560341955, 41.426872962257583 ], [ 2.088987756694022, 41.426632267959974 ], [ 2.089222788241028, 41.426474767942494 ], [ 2.089137762169769, 41.426687814771697 ], [ 2.088847407179519, 41.426880113870673 ], [ 2.088006341439478, 41.427119393381872 ], [ 2.087336869763201, 41.426955521148372 ], [ 2.087606036733705, 41.42742260057927 ], [ 2.087864571780606, 41.427679775880023 ], [ 2.088784666272275, 41.427334492931735 ], [ 2.08962991181645, 41.427116492715435 ], [ 2.089917252690332, 41.426466811712274 ], [ 2.090037945957083, 41.426697599561855 ], [ 2.090218543638521, 41.426779625433689 ], [ 2.089965744135116, 41.427183916957759 ], [ 2.089337309935726, 41.427339078064783 ], [ 2.089671995207444, 41.427746252871643 ], [ 2.090180996128144, 41.428115609189362 ], [ 2.090093880681676, 41.428226288650521 ], [ 2.089492579463097, 41.428414320812777 ], [ 2.08929803663546, 41.428640724227058 ], [ 2.088863883410701, 41.428646951907467 ], [ 2.089271306503587, 41.429168904730581 ], [ 2.090531710683143, 41.428597602109861 ], [ 2.090898463543089, 41.428894440852936 ], [ 2.091398587293742, 41.428425443033611 ], [ 2.091694167386405, 41.427853668392942 ], [ 2.092024970479771, 41.42818466168206 ], [ 2.092511226828128, 41.427607993604738 ], [ 2.092209370972197, 41.427381986134414 ], [ 2.091973482495447, 41.427324540968613 ], [ 2.092040881117205, 41.427151210946072 ], [ 2.09218889586265, 41.42708438102693 ], [ 2.092806781022302, 41.427141466734469 ], [ 2.092803719449234, 41.427013718102856 ], [ 2.09302360957907, 41.427065948595512 ], [ 2.093562767191047, 41.427016976632927 ], [ 2.093950705058399, 41.426606805027085 ], [ 2.094292454434021, 41.426498617400703 ], [ 2.094394721345163, 41.426194695241684 ], [ 2.09401076216679, 41.426123289836433 ], [ 2.094180659708206, 41.425803250198058 ], [ 2.094340605231439, 41.425783503178316 ], [ 2.095051528455083, 41.426036068569033 ], [ 2.094905510412218, 41.426474222646462 ], [ 2.094792803350385, 41.426467850991564 ], [ 2.094796780416594, 41.427020263565616 ], [ 2.094105789035369, 41.427099610165712 ], [ 2.094268185266148, 41.427394457933445 ], [ 2.094728142162679, 41.427428274321827 ], [ 2.094618206995547, 41.427943653185267 ], [ 2.094186825882881, 41.427745185789576 ], [ 2.093925919027132, 41.428095341550147 ], [ 2.093560245780525, 41.427992255273388 ], [ 2.093562137996384, 41.428042964034866 ], [ 2.093194747066467, 41.427872397359131 ], [ 2.093382380223638, 41.427703862370066 ], [ 2.092705695180634, 41.427640294106546 ], [ 2.092042345644596, 41.428200218706998 ], [ 2.092481071199398, 41.428496123477842 ], [ 2.092448562201147, 41.428767279304829 ], [ 2.092839346225833, 41.429078664977659 ], [ 2.092535748177785, 41.4294722658559 ], [ 2.092745929756452, 41.429771501388501 ], [ 2.092924306995018, 41.42985397388577 ], [ 2.093339199424471, 41.429280766213274 ], [ 2.09389827773628, 41.429124295806865 ], [ 2.094631020758104, 41.428537019877176 ], [ 2.094846915631197, 41.428577542338893 ], [ 2.094970982607136, 41.428222486937777 ], [ 2.095399955889667, 41.428396495289348 ], [ 2.095142134276885, 41.429523371313671 ], [ 2.094965812934298, 41.42961600496109 ], [ 2.095078380738928, 41.429468077973226 ], [ 2.094913987286351, 41.429130754236716 ], [ 2.095014157526355, 41.42874494579091 ], [ 2.094725059697347, 41.428696956831061 ], [ 2.094251957793168, 41.428866052394824 ], [ 2.093938258162248, 41.429134149342879 ], [ 2.093992109331043, 41.429214667276788 ], [ 2.093880283588625, 41.429606196149543 ], [ 2.093486099820671, 41.429525908249502 ], [ 2.092779552405599, 41.430163473514583 ], [ 2.093422161031952, 41.430433570429216 ], [ 2.093485874281102, 41.43083105692633 ], [ 2.093920629490918, 41.430763761942131 ], [ 2.093971591742503, 41.430849004047076 ], [ 2.094250449988547, 41.430778904643667 ], [ 2.094879103848706, 41.430990344312519 ], [ 2.094769317656496, 41.431216835299466 ], [ 2.095062795614784, 41.431355220311325 ], [ 2.095193237073804, 41.431390023447321 ], [ 2.095487312015176, 41.431292054549054 ] ], [ [ 2.099344892805222, 41.427904759097473 ], [ 2.099424359906629, 41.428225424109286 ], [ 2.099501948464594, 41.428416106011547 ], [ 2.099058712784656, 41.427991549453623 ], [ 2.099344892805222, 41.427904759097473 ] ], [ [ 2.099063633867721, 41.425979820892628 ], [ 2.098586904745953, 41.425829090554515 ], [ 2.098544964221109, 41.42588585757148 ], [ 2.098153265725663, 41.425633968279556 ], [ 2.098465308722742, 41.425389725358663 ], [ 2.098669012309132, 41.425559966693534 ], [ 2.099100368065415, 41.425657993163036 ], [ 2.099169152694898, 41.425799569948751 ], [ 2.099063633867721, 41.425979820892628 ] ], [ [ 2.09544027534659, 41.430278312544935 ], [ 2.095354819312499, 41.430086917628607 ], [ 2.095378558204276, 41.429676716367844 ], [ 2.095791681059159, 41.429313215017586 ], [ 2.095714649222256, 41.428949322013686 ], [ 2.095831236467963, 41.428367141209812 ], [ 2.09566423001119, 41.42794802842559 ], [ 2.095789416021288, 41.427608728663294 ], [ 2.095917696828012, 41.427626219729582 ], [ 2.096043469646105, 41.427503089352783 ], [ 2.095331457732341, 41.427034626698244 ], [ 2.095570821975129, 41.426947730040069 ], [ 2.096076810794043, 41.427057699911153 ], [ 2.096312017263816, 41.426594865108946 ], [ 2.096969561223267, 41.42676327546873 ], [ 2.097393470140149, 41.426752079729518 ], [ 2.097915786556448, 41.427002400962053 ], [ 2.098742930807017, 41.427264627390677 ], [ 2.098511191965779, 41.42754467386424 ], [ 2.098294732433246, 41.427484682544438 ], [ 2.09804536771339, 41.427966807039802 ], [ 2.097351450678817, 41.427862310148562 ], [ 2.097310329938246, 41.428139807724953 ], [ 2.096960145099356, 41.428370667816623 ], [ 2.097009383764695, 41.428409391254455 ], [ 2.096680076781344, 41.428732102510665 ], [ 2.09702963538279, 41.428927865128543 ], [ 2.096879085856982, 41.429102590478998 ], [ 2.096504425891467, 41.428987602453837 ], [ 2.096507241412557, 41.429167751112928 ], [ 2.096125160020138, 41.429191711218991 ], [ 2.095959554240135, 41.429604500794575 ], [ 2.095669347686012, 41.429886703407234 ], [ 2.095844167144596, 41.43038833148249 ], [ 2.095394038761587, 41.430622735852808 ], [ 2.09544027534659, 41.430278312544935 ] ], [ [ 2.098298860682664, 41.425189204191767 ], [ 2.097840408176105, 41.425470608136081 ], [ 2.097711672546271, 41.425395431982231 ], [ 2.097766958536361, 41.425360240819295 ], [ 2.097200054034506, 41.424932617994116 ], [ 2.097422461823169, 41.424537025432706 ], [ 2.097587856052499, 41.424792638159275 ], [ 2.098037523752559, 41.424984372471982 ], [ 2.098298860682664, 41.425189204191767 ] ], [ [ 2.0969215852406, 41.424758833169136 ], [ 2.096783882354234, 41.424966680600726 ], [ 2.096044818161992, 41.424613850238934 ], [ 2.095580616399598, 41.424057219474044 ], [ 2.095616172094501, 41.423902660800742 ], [ 2.095859610574796, 41.423872353223238 ], [ 2.095718678838971, 41.424054034444588 ], [ 2.095886843577942, 41.424300871107512 ], [ 2.0969215852406, 41.424758833169136 ] ], [ [ 2.08883022295201, 41.426300105960884 ], [ 2.08871506707667, 41.426103336734286 ], [ 2.088983415723415, 41.425436036570964 ], [ 2.089260694349718, 41.425713443726941 ], [ 2.089043841832877, 41.426145301191681 ], [ 2.08883022295201, 41.426300105960884 ] ] ], [ [ [ 2.095020773147599, 41.415908930990312 ], [ 2.094739999883464, 41.415447343344098 ], [ 2.095055695519252, 41.415116549206822 ], [ 2.095309877663031, 41.415321277930829 ], [ 2.095232275861764, 41.415451897777046 ], [ 2.097188764937726, 41.415437594599787 ], [ 2.097276126216719, 41.415297502039998 ], [ 2.097103675605871, 41.415342592232363 ], [ 2.096979829755973, 41.415284783654258 ], [ 2.097114054925516, 41.415096679708086 ], [ 2.097092242917705, 41.414943345562122 ], [ 2.096651606592349, 41.414968884619412 ], [ 2.096531935987428, 41.414906875036458 ], [ 2.09686079077171, 41.414455290036081 ], [ 2.097015719677532, 41.414344641594987 ], [ 2.097296811055149, 41.414329176204866 ], [ 2.097424571317642, 41.41418176791494 ], [ 2.097403782530085, 41.414012588955401 ], [ 2.097190954744998, 41.413925187275424 ], [ 2.097298217040854, 41.413853076887634 ], [ 2.097078936683944, 41.413573143975498 ], [ 2.096828597077999, 41.413687322651271 ], [ 2.096758236831914, 41.413836276518659 ], [ 2.095986542116326, 41.414002946922409 ], [ 2.096025099995134, 41.414218464907457 ], [ 2.095603331924799, 41.414359037763241 ], [ 2.094762927700438, 41.414916840503224 ], [ 2.093809686924708, 41.414928302361567 ], [ 2.092801759324443, 41.415147929274042 ], [ 2.092774088064881, 41.415702092723109 ], [ 2.092594955911373, 41.415778172526963 ], [ 2.092930394906169, 41.415877736008092 ], [ 2.09300253660414, 41.415964601516983 ], [ 2.095020773147599, 41.415908930990312 ] ] ], [ [ [ 2.097115065896227, 41.431679910525602 ], [ 2.096950120269314, 41.431469455170728 ], [ 2.096583278656344, 41.43159670744803 ], [ 2.096395426752899, 41.431858700601175 ], [ 2.095980957215845, 41.432055961185164 ], [ 2.096451244220356, 41.432704594346973 ], [ 2.097223518891527, 41.432392858117282 ], [ 2.096751323759581, 41.432097434165158 ], [ 2.096893918267281, 41.431799370948951 ], [ 2.097115065896227, 41.431679910525602 ] ] ], [ [ [ 2.096788742902065, 41.427789678059135 ], [ 2.096504794696354, 41.427853384490426 ], [ 2.096343709824199, 41.428077675499473 ], [ 2.096714975050244, 41.428341615627907 ], [ 2.097066485932019, 41.428031003556683 ], [ 2.096788742902065, 41.427789678059135 ] ] ], [ [ [ 2.096389365348314, 41.431428887407542 ], [ 2.09533261016603, 41.431409088575762 ], [ 2.095339896593, 41.431614578371004 ], [ 2.094826979447899, 41.43197850031742 ], [ 2.094846078395932, 41.432202890515356 ], [ 2.095414693819984, 41.432301793713727 ], [ 2.095553136797534, 41.432105042191218 ], [ 2.096094293756652, 41.431830278134079 ], [ 2.096086502181944, 41.431607526179633 ], [ 2.096389365348314, 41.431428887407542 ] ] ], [ [ [ 2.09344058615131, 41.42727022255341 ], [ 2.093134760662486, 41.427265012624936 ], [ 2.093117424272967, 41.42729907731028 ], [ 2.09334670005211, 41.427470682385582 ], [ 2.093533695195188, 41.427398055918907 ], [ 2.09344058615131, 41.42727022255341 ] ] ], [ [ [ 2.092397575334381, 41.429003123590491 ], [ 2.091805167631032, 41.428498755475346 ], [ 2.091517525321949, 41.428601622109475 ], [ 2.091540228782804, 41.428690108587148 ], [ 2.091989072409292, 41.429116999059609 ], [ 2.092179413769951, 41.429199567077333 ], [ 2.092397575334381, 41.429003123590491 ] ] ], [ [ [ 2.092178826928648, 41.424078103990539 ], [ 2.09175931964654, 41.422958835927105 ], [ 2.091590980318695, 41.422968208633321 ], [ 2.091741907199564, 41.423318086621343 ], [ 2.091564576906793, 41.423220253803812 ], [ 2.091698633958293, 41.42353722963589 ], [ 2.091590514635456, 41.423799015646551 ], [ 2.091800110998039, 41.42399476166571 ], [ 2.092178826928648, 41.424078103990539 ] ] ], [ [ [ 2.090877537637092, 41.424780846734635 ], [ 2.090797232662823, 41.424136414585824 ], [ 2.091424527337943, 41.423872197380696 ], [ 2.090555359097658, 41.422644997114965 ], [ 2.090472426349999, 41.422732641957175 ], [ 2.090561415411779, 41.423113540203211 ], [ 2.090054053410132, 41.422967285687896 ], [ 2.090147307185635, 41.422799529434393 ], [ 2.090032669789934, 41.422776753328527 ], [ 2.089920085149374, 41.422592282667104 ], [ 2.089496203582363, 41.422383912675286 ], [ 2.089345530478581, 41.422511437364633 ], [ 2.089022149664311, 41.422394736653274 ], [ 2.088770923170542, 41.422547532441037 ], [ 2.088596053099049, 41.422429970201264 ], [ 2.088746732596217, 41.422398871250408 ], [ 2.08867562922169, 41.422309495025388 ], [ 2.088489604890249, 41.422365904205385 ], [ 2.088055128808632, 41.422149680609998 ], [ 2.087925853175792, 41.422235064957754 ], [ 2.087638412493186, 41.421925894748469 ], [ 2.087239024674099, 41.42119002730778 ], [ 2.086965092674444, 41.420550677391027 ], [ 2.087077147269699, 41.42056868013843 ], [ 2.087038778643862, 41.420461214279108 ], [ 2.086917590366415, 41.420441742901779 ], [ 2.086748317106493, 41.419948989935861 ], [ 2.08622232654578, 41.41984331143675 ], [ 2.086071475547159, 41.419575241347829 ], [ 2.08573578835192, 41.419624392832553 ], [ 2.085677243073288, 41.419738240995557 ], [ 2.085891011950141, 41.420152357056992 ], [ 2.086571438225251, 41.420441375039147 ], [ 2.086449761210614, 41.420792609802156 ], [ 2.085935392278374, 41.420725619119814 ], [ 2.085822413790789, 41.420889666443998 ], [ 2.086252892177721, 41.421031357154753 ], [ 2.086113622060898, 41.421611430173101 ], [ 2.085531944587012, 41.421579831306893 ], [ 2.08552142531755, 41.422381043826164 ], [ 2.085641610477466, 41.422663517074959 ], [ 2.085408427710081, 41.422498377930559 ], [ 2.085172324911267, 41.422168658103288 ], [ 2.085051416106401, 41.422290315622021 ], [ 2.085190749446471, 41.422337919278341 ], [ 2.08473651152009, 41.422428121535958 ], [ 2.085174050200946, 41.422959444338538 ], [ 2.08563797845874, 41.423352836893351 ], [ 2.085816400843342, 41.422462832138493 ], [ 2.086395695418907, 41.422539841456732 ], [ 2.086731042268805, 41.422270864611178 ], [ 2.087257325525321, 41.422319453920963 ], [ 2.087167544292241, 41.422474606925128 ], [ 2.087417923686218, 41.422983035438172 ], [ 2.087339971858832, 41.423268575000264 ], [ 2.087397978585162, 41.423326652929759 ], [ 2.088070489649046, 41.423071849387554 ], [ 2.088237735336044, 41.42330457453604 ], [ 2.088673049643403, 41.423181917001394 ], [ 2.088582845697363, 41.423379430463157 ], [ 2.088700382223843, 41.423439710935121 ], [ 2.088756946258572, 41.423786089528789 ], [ 2.088990959729189, 41.423840427892308 ], [ 2.089351764791029, 41.424063721544165 ], [ 2.08908263306798, 41.424240255057136 ], [ 2.089194356799561, 41.424345003809613 ], [ 2.090088070309005, 41.424776789679065 ], [ 2.090877537637092, 41.424780846734635 ] ] ], [ [ [ 2.085744398459005, 41.428923457890285 ], [ 2.087314697649682, 41.428746761475878 ], [ 2.087555419450887, 41.428649587827081 ], [ 2.088116293991243, 41.428209611811404 ], [ 2.087985602320077, 41.428270316502775 ], [ 2.087744751385271, 41.428164696630112 ], [ 2.087414367219032, 41.428361079476069 ], [ 2.087394561247939, 41.428292583058251 ], [ 2.087615261577144, 41.4281276317272 ], [ 2.087665567911343, 41.427760292792229 ], [ 2.086933841676863, 41.427733366731175 ], [ 2.086598606183496, 41.427842978768084 ], [ 2.086924707337909, 41.427646474204209 ], [ 2.086411027783699, 41.427348693510979 ], [ 2.086123133375697, 41.427561046758576 ], [ 2.085897991821314, 41.427416869786406 ], [ 2.085934054981911, 41.427336323384189 ], [ 2.085853637443371, 41.42728122589947 ], [ 2.08519883344563, 41.427477151676477 ], [ 2.084668762275825, 41.427403121810499 ], [ 2.084490720998149, 41.427703780658881 ], [ 2.084850953626995, 41.428094983320804 ], [ 2.085780137349646, 41.427650424556454 ], [ 2.086088646957871, 41.42796035188416 ], [ 2.085580473380791, 41.42803560013116 ], [ 2.085072224821116, 41.428312305833344 ], [ 2.084560649387185, 41.428729354672363 ], [ 2.084982907199195, 41.429457854048557 ], [ 2.085392560957572, 41.429262945743076 ], [ 2.085744398459005, 41.428923457890285 ] ] ] ] } },
{ "type": "Feature", "properties": { "zona": "ZE3C" }, "geometry": { "type": "MultiPolygon", "coordinates": [ [ [ [ 2.146853171047443, 41.442343913583073 ], [ 2.147250882748136, 41.442498590373795 ], [ 2.148349794964839, 41.441448162291138 ], [ 2.150214441147539, 41.440127227975857 ], [ 2.150738264306194, 41.440347271762647 ], [ 2.152207420224862, 41.440592293341147 ], [ 2.153662747347493, 41.440981313493175 ], [ 2.154629359525051, 41.440967139858891 ], [ 2.1548590876822, 41.441035139170978 ], [ 2.155136082028748, 41.440977885371886 ], [ 2.155517133921428, 41.441183114243394 ], [ 2.15591843855144, 41.441559649652454 ], [ 2.156011486247783, 41.441825835012075 ], [ 2.155920816376968, 41.442226505593396 ], [ 2.156195165079386, 41.442410971333459 ], [ 2.156354399698224, 41.442396495450538 ], [ 2.157230839588917, 41.441836172633714 ], [ 2.157674871517268, 41.441749347883515 ], [ 2.158188508646159, 41.441834171687312 ], [ 2.158982208832579, 41.442479500479962 ], [ 2.15907219160467, 41.442492762708063 ], [ 2.159388101215304, 41.442253649037255 ], [ 2.159699033416567, 41.442148144938777 ], [ 2.159956994816175, 41.442388184107557 ], [ 2.160125982657589, 41.442202503710917 ], [ 2.161538351375145, 41.441606543924081 ], [ 2.161681597897131, 41.441630159722727 ], [ 2.162197308144785, 41.441409655586384 ], [ 2.162718124596503, 41.441330008559625 ], [ 2.16279124446346, 41.441033276801278 ], [ 2.162703362095128, 41.440860532542487 ], [ 2.161921615126716, 41.44075054730795 ], [ 2.161668027121095, 41.440529658109782 ], [ 2.161494483416518, 41.440012096816112 ], [ 2.161610307988863, 41.439586672196391 ], [ 2.16198918524386, 41.438995461898664 ], [ 2.162325068788559, 41.438666243218236 ], [ 2.16367856449598, 41.437883959598594 ], [ 2.163127385964382, 41.437356513797262 ], [ 2.16326810208919, 41.437345313464526 ], [ 2.163207437911689, 41.43728575669536 ], [ 2.163526108034147, 41.437100051005558 ], [ 2.16315337300576, 41.436576856049925 ], [ 2.164264113646339, 41.436278986375953 ], [ 2.163725512440664, 41.434924660767265 ], [ 2.163145825383872, 41.433078407039041 ], [ 2.163081328785769, 41.432713478692747 ], [ 2.163156007974972, 41.43215255096284 ], [ 2.163947667062081, 41.43084397070519 ], [ 2.166173836800735, 41.429598998687808 ], [ 2.165682209649777, 41.429397871631473 ], [ 2.165491064801166, 41.42915231767514 ], [ 2.165171352738876, 41.429072319592123 ], [ 2.164669344778782, 41.428773468038557 ], [ 2.163640639661264, 41.428111706497809 ], [ 2.163696090185919, 41.428034690191254 ], [ 2.165377899891177, 41.427736866277421 ], [ 2.167415744443058, 41.427546448805387 ], [ 2.170151473631544, 41.427156530958101 ], [ 2.176160617541147, 41.425438509630084 ], [ 2.180752721235385, 41.420363237212847 ], [ 2.180840247403683, 41.419990418966321 ], [ 2.180407965488401, 41.417535020555341 ], [ 2.180447948173474, 41.415860958352788 ], [ 2.180227329979032, 41.415574698354582 ], [ 2.174286019158878, 41.411203824251785 ], [ 2.169547216423783, 41.414811307762328 ], [ 2.169341240262125, 41.415118706527572 ], [ 2.169339293539052, 41.415514111870941 ], [ 2.16920754079142, 41.415620170159109 ], [ 2.167988617712889, 41.415734509913335 ], [ 2.166290882552389, 41.414951540555982 ], [ 2.163454614885759, 41.41445787802413 ], [ 2.161389042265656, 41.413700203559664 ], [ 2.16135676282586, 41.413904771538142 ], [ 2.16115996244325, 41.414078299246889 ], [ 2.160489595419819, 41.413848829949316 ], [ 2.159980115740066, 41.413956095289052 ], [ 2.159614549591006, 41.414119498592676 ], [ 2.158905768524352, 41.414665896153124 ], [ 2.158186472841971, 41.415401243314321 ], [ 2.157584796412328, 41.416487855283428 ], [ 2.157452035430051, 41.416541559237707 ], [ 2.157221537726393, 41.416495141185948 ], [ 2.156544967070992, 41.415543276056937 ], [ 2.15586731864022, 41.415122948184461 ], [ 2.155577633533343, 41.415094990586944 ], [ 2.155221682516824, 41.414922903853522 ], [ 2.154654397142846, 41.415222787667204 ], [ 2.152937188019691, 41.416621467399139 ], [ 2.152299041344372, 41.416232277825522 ], [ 2.151935639633441, 41.416231304145711 ], [ 2.15237165418435, 41.416716423676334 ], [ 2.151928104514707, 41.416561525685438 ], [ 2.150434908477288, 41.416341589275866 ], [ 2.150312693506277, 41.416197009221754 ], [ 2.150999627122014, 41.415876132074388 ], [ 2.1509559057314, 41.41566912416878 ], [ 2.149906844969689, 41.415814321426431 ], [ 2.148779451098673, 41.415677068144326 ], [ 2.148337125776003, 41.416029997721459 ], [ 2.148105330780416, 41.415511722336724 ], [ 2.147122612224884, 41.414728110946399 ], [ 2.144444959306552, 41.413138763732015 ], [ 2.1441291409586, 41.41285091913236 ], [ 2.143961713356491, 41.412597385596726 ], [ 2.144055401347857, 41.412545996926895 ], [ 2.143857566736465, 41.412116679880661 ], [ 2.144463654217277, 41.411923218783272 ], [ 2.144667971663272, 41.411757559078687 ], [ 2.144228231149329, 41.411684792015762 ], [ 2.143011188400696, 41.41170116838174 ], [ 2.142982175142608, 41.41151629922026 ], [ 2.140898145165175, 41.411740723081515 ], [ 2.137662574244065, 41.414192951725617 ], [ 2.137135033200226, 41.414367284354896 ], [ 2.136051286631985, 41.415368273457275 ], [ 2.136276567335891, 41.415975445820287 ], [ 2.134197438590411, 41.417796119547717 ], [ 2.132137570026906, 41.418566827899738 ], [ 2.131270627623785, 41.418214511273739 ], [ 2.130519871120752, 41.418314898051804 ], [ 2.131369317364456, 41.418588930556346 ], [ 2.131673496920435, 41.418820185757475 ], [ 2.131558139249039, 41.418895196452823 ], [ 2.131841389770999, 41.419170446047879 ], [ 2.13227158525297, 41.419311341129252 ], [ 2.132088684910147, 41.419430518429479 ], [ 2.131915987349143, 41.419442079128537 ], [ 2.131320293550791, 41.419021036073758 ], [ 2.131047090857538, 41.418981449376055 ], [ 2.130638154732091, 41.419304612640367 ], [ 2.130540450032591, 41.419669965169476 ], [ 2.130836088911352, 41.419732268126097 ], [ 2.130930795603358, 41.419531657233705 ], [ 2.131051647985265, 41.419472111303982 ], [ 2.131921284332275, 41.419824575954792 ], [ 2.132159985427311, 41.419677536114236 ], [ 2.132103547632668, 41.419505140205182 ], [ 2.13247424438321, 41.419795392209153 ], [ 2.132714346363763, 41.41964582759001 ], [ 2.132160295301469, 41.420517763567368 ], [ 2.132472990649544, 41.420637757572521 ], [ 2.132518744240262, 41.420791247176723 ], [ 2.132728813415357, 41.42089067780838 ], [ 2.132997339037652, 41.420864173582885 ], [ 2.133348172480568, 41.420351182775228 ], [ 2.133753574912463, 41.420803537027737 ], [ 2.133867311436108, 41.420746490573634 ], [ 2.134133399439663, 41.420917976394243 ], [ 2.13423977737232, 41.420785880262542 ], [ 2.1343198239097, 41.420905695909084 ], [ 2.135061187371293, 41.420093182926216 ], [ 2.135327403381493, 41.419924626209962 ], [ 2.135040527942405, 41.419715425834553 ], [ 2.135064197045202, 41.419533157460087 ], [ 2.135279672689216, 41.419225612775513 ], [ 2.135911465169591, 41.419514433516191 ], [ 2.136342080159914, 41.419055041056055 ], [ 2.136912003432824, 41.419240301764972 ], [ 2.137103009816052, 41.419484637755588 ], [ 2.137018103616016, 41.419547386915916 ], [ 2.137662453460643, 41.42084421836914 ], [ 2.13738367014168, 41.420975107176886 ], [ 2.13736009662268, 41.421195838577674 ], [ 2.137553024900884, 41.421335188167909 ], [ 2.138129758185709, 41.42148410368668 ], [ 2.138341213246501, 41.421729473355008 ], [ 2.138291153439475, 41.422000520544437 ], [ 2.137724335637917, 41.421942142033394 ], [ 2.137441239657812, 41.422724607357289 ], [ 2.137953379128974, 41.422839694193165 ], [ 2.137901124464195, 41.42292292748872 ], [ 2.138324595553339, 41.423109742367267 ], [ 2.137959204046938, 41.423533537380301 ], [ 2.136863300959857, 41.424129312910281 ], [ 2.137099950695931, 41.424383746256979 ], [ 2.135856699225678, 41.425185092644448 ], [ 2.135411558995612, 41.425361899819947 ], [ 2.134488718800817, 41.425463055481686 ], [ 2.132578240888022, 41.425079815392962 ], [ 2.132505928866999, 41.426057702965295 ], [ 2.134123598192719, 41.426641484383765 ], [ 2.134202740161442, 41.426762338068556 ], [ 2.134117964058133, 41.427037004299869 ], [ 2.132613357217862, 41.427610325261334 ], [ 2.131191088082566, 41.427400257330035 ], [ 2.130126085209274, 41.427753288264739 ], [ 2.128900141117622, 41.427644576821891 ], [ 2.128671909215802, 41.427879538505707 ], [ 2.128981656132725, 41.428180317122504 ], [ 2.129002190531493, 41.4283875176964 ], [ 2.12874652747163, 41.428819408976771 ], [ 2.128390995689916, 41.429121647047261 ], [ 2.128551017811836, 41.429237523216109 ], [ 2.128614021404795, 41.429411960919722 ], [ 2.128846336500005, 41.429403936928715 ], [ 2.129287783594341, 41.429565402121924 ], [ 2.129422434022003, 41.429490442571122 ], [ 2.129506164547141, 41.42920259416487 ], [ 2.130133177694998, 41.428808798737386 ], [ 2.130753365219874, 41.428651763160474 ], [ 2.131294619796421, 41.428651993230822 ], [ 2.131926977729536, 41.429018898370771 ], [ 2.131737802756841, 41.429174859000213 ], [ 2.132332844346712, 41.429524285243879 ], [ 2.132713337207297, 41.430277688677471 ], [ 2.132796748338817, 41.430305339335256 ], [ 2.133361481614891, 41.430138450263364 ], [ 2.133936504581404, 41.430097740076555 ], [ 2.134351040355396, 41.4295243810095 ], [ 2.134707645985941, 41.428806465810723 ], [ 2.135033023189621, 41.42863776926049 ], [ 2.135503784334393, 41.428578496073243 ], [ 2.135692180550641, 41.428680956130101 ], [ 2.136211543578315, 41.42958220308639 ], [ 2.136202730591926, 41.430011711208344 ], [ 2.137090083783167, 41.430542094479797 ], [ 2.137307137596308, 41.430567888094281 ], [ 2.137616760027759, 41.430465748362771 ], [ 2.138163719856934, 41.4305353282152 ], [ 2.138382731139076, 41.429980928648057 ], [ 2.138580443009798, 41.430011231957174 ], [ 2.139218950222335, 41.429842947436867 ], [ 2.139362685065646, 41.429868702400384 ], [ 2.140133979812911, 41.430474460692622 ], [ 2.140590157448125, 41.431420712458291 ], [ 2.139828089455631, 41.431609591207966 ], [ 2.139952851395452, 41.432288306615078 ], [ 2.139250710390447, 41.432990432004821 ], [ 2.1399246757036, 41.433448957659913 ], [ 2.140995558960287, 41.432293794276909 ], [ 2.141465161937867, 41.433306761564687 ], [ 2.141627311597079, 41.433285388957586 ], [ 2.141737344729854, 41.433527077367216 ], [ 2.141480289752296, 41.433597724766706 ], [ 2.141409525652717, 41.433772490932078 ], [ 2.14108513078805, 41.433699624035022 ], [ 2.141016327674576, 41.433873539868124 ], [ 2.140707208210739, 41.433804082600389 ], [ 2.140614383755362, 41.434038709215208 ], [ 2.140923516430298, 41.43410814881549 ], [ 2.140992555151803, 41.433933649320053 ], [ 2.141318096182089, 41.43400772301618 ], [ 2.14138678725317, 41.433834085400306 ], [ 2.141969275531554, 41.433964919565931 ], [ 2.140359438102303, 41.434946845748954 ], [ 2.139831694318393, 41.435402167561008 ], [ 2.139880737891292, 41.435458649276995 ], [ 2.139160521906354, 41.436188985032722 ], [ 2.137571319781514, 41.437139103637392 ], [ 2.137510648511685, 41.437499883405657 ], [ 2.137929826441918, 41.437239348252589 ], [ 2.138333182959016, 41.437102446334031 ], [ 2.139193767745039, 41.437262758219134 ], [ 2.139609094121483, 41.437544679108989 ], [ 2.140180900781656, 41.437543771755017 ], [ 2.140255865603463, 41.437641927191933 ], [ 2.140645657164198, 41.437750296304138 ], [ 2.14148075470563, 41.438375500072119 ], [ 2.141725317665667, 41.438763274217706 ], [ 2.141968705095178, 41.438964107737014 ], [ 2.142162072712744, 41.439499672755623 ], [ 2.142401966498233, 41.439817088253506 ], [ 2.142889497830794, 41.440063919688441 ], [ 2.142924259684137, 41.440405281267807 ], [ 2.143144570923721, 41.440865291515571 ], [ 2.143587659328807, 41.441292181053207 ], [ 2.144159023334059, 41.441580047027408 ], [ 2.145163864774522, 41.441839072202214 ], [ 2.145623669248576, 41.44160586017469 ], [ 2.146106345109066, 41.441941103921856 ], [ 2.14713163332618, 41.44132093087358 ], [ 2.147467424880479, 41.441019137818749 ], [ 2.147808433921153, 41.441366422117866 ], [ 2.146532236839123, 41.442486662578915 ], [ 2.14664869705831, 41.442549929374643 ], [ 2.146853171047443, 41.442343913583073 ] ] ], [ [ [ 2.132269133885436, 41.422271796033975 ], [ 2.133418725996688, 41.42239877643874 ], [ 2.133462697158705, 41.422136296739886 ], [ 2.134279355766649, 41.422176821770961 ], [ 2.134334585119379, 41.421822034485544 ], [ 2.134157031423315, 41.421814288419064 ], [ 2.134190539814753, 41.421579373174112 ], [ 2.133761902617989, 41.421487723228694 ], [ 2.133565357364063, 41.421570970415274 ], [ 2.133687811684057, 41.421859543558654 ], [ 2.133348214610411, 41.421922462664156 ], [ 2.133304559486692, 41.422123306660104 ], [ 2.132510549381336, 41.422040051837833 ], [ 2.132581123437144, 41.421787681112924 ], [ 2.131843396364118, 41.421674904916877 ], [ 2.131680764547249, 41.422150659509512 ], [ 2.131697149439379, 41.422608974501166 ], [ 2.132182994063284, 41.422587650883806 ], [ 2.132269133885436, 41.422271796033975 ] ] ], [ [ [ 2.132778635673005, 41.421293560505859 ], [ 2.132354395744186, 41.421284149088059 ], [ 2.132322831215599, 41.421465802921347 ], [ 2.132768289715731, 41.421477820581707 ], [ 2.132778635673005, 41.421293560505859 ] ] ], [ [ [ 2.131389872147942, 41.422237882582706 ], [ 2.131269985659073, 41.42201158440875 ], [ 2.13081733707813, 41.4221059620725 ], [ 2.130896026100453, 41.422357846174933 ], [ 2.130563209169344, 41.422429077422954 ], [ 2.130606439788056, 41.422744673907452 ], [ 2.13111438822435, 41.422665901018483 ], [ 2.131017938488994, 41.422326925023341 ], [ 2.131389872147942, 41.422237882582706 ] ] ] ] } },
{ "type": "Feature", "properties": { "zona": "ZE3D" }, "geometry": { "type": "Polygon", "coordinates": [ [ [ 2.184215795858899, 41.468231051970328 ], [ 2.184560619559604, 41.468156139478815 ], [ 2.185459381494233, 41.46769679256488 ], [ 2.186269499729838, 41.467687155241073 ], [ 2.186256005915566, 41.467816536010169 ], [ 2.187012219037274, 41.46784361919007 ], [ 2.18745281751413, 41.462125268629642 ], [ 2.187653032514794, 41.462066295913246 ], [ 2.187844934597014, 41.461161368889471 ], [ 2.188319888850551, 41.460058968187425 ], [ 2.189133335729241, 41.458892069869954 ], [ 2.19004056396189, 41.457973381552812 ], [ 2.189956046715822, 41.457926267321561 ], [ 2.190818930169862, 41.45712318090618 ], [ 2.197473913398815, 41.452365085815693 ], [ 2.199469309538411, 41.45076375606147 ], [ 2.20331497874667, 41.446995544376001 ], [ 2.203157428766099, 41.446915691657971 ], [ 2.203039540269166, 41.446966994041794 ], [ 2.203203570043062, 41.44678321067034 ], [ 2.20210365450059, 41.446231746723427 ], [ 2.201750954863702, 41.446162286477765 ], [ 2.19964206161778, 41.445108069338787 ], [ 2.19952226383884, 41.444943526192063 ], [ 2.200499878112964, 41.439512531853907 ], [ 2.200802183105155, 41.439539923619698 ], [ 2.200973096861556, 41.439374526063197 ], [ 2.203751957035333, 41.439746923946494 ], [ 2.203900878369981, 41.439690035844777 ], [ 2.203994708591888, 41.439273693564452 ], [ 2.204256294658101, 41.439193948313402 ], [ 2.204217254155222, 41.439044406957279 ], [ 2.206274959219583, 41.439513847668607 ], [ 2.207842004554633, 41.439671515587904 ], [ 2.207874379080685, 41.439556641082 ], [ 2.208075772450657, 41.439588811878949 ], [ 2.208204420468558, 41.439132777626085 ], [ 2.208622266457954, 41.439177970107501 ], [ 2.209311234867111, 41.436743022293193 ], [ 2.209248432455427, 41.436537554197479 ], [ 2.209491311665531, 41.435891087063112 ], [ 2.208968387924211, 41.435532567934487 ], [ 2.208070807459078, 41.434461101456215 ], [ 2.205945319480108, 41.434235528414838 ], [ 2.206259799097979, 41.434000684674295 ], [ 2.202113294228313, 41.433667441312075 ], [ 2.200786629001684, 41.436006470334618 ], [ 2.200247308117072, 41.438932887780012 ], [ 2.196350373367263, 41.436994540890637 ], [ 2.196698112718036, 41.435366274928988 ], [ 2.195574112106146, 41.435386369220026 ], [ 2.194627596621413, 41.435156763233778 ], [ 2.194454667064982, 41.435825874309238 ], [ 2.194497869109013, 41.436242034884501 ], [ 2.195294278302652, 41.438647004504318 ], [ 2.19553223767245, 41.438673532220399 ], [ 2.196890851825742, 41.442672628599681 ], [ 2.197112702891808, 41.442691584033327 ], [ 2.197107756353643, 41.442747219681699 ], [ 2.199389035072072, 41.442922869548937 ], [ 2.19949483487389, 41.443028292544611 ], [ 2.199171583914919, 41.444630966995099 ], [ 2.197583512665808, 41.447499302223314 ], [ 2.197412345928617, 41.447552478486514 ], [ 2.194123899135864, 41.446384052103753 ], [ 2.19439336245788, 41.442579498696524 ], [ 2.19441713917108, 41.440096181719433 ], [ 2.194228920851186, 41.44008897888601 ], [ 2.193308291665901, 41.436354283417984 ], [ 2.193128551538825, 41.436222307668629 ], [ 2.193110337820927, 41.436009207750971 ], [ 2.193252648808874, 41.436000999393364 ], [ 2.193329055305052, 41.435189985884932 ], [ 2.193494712808759, 41.43466931225889 ], [ 2.19312006971, 41.434435503723122 ], [ 2.193424579862831, 41.433930209612107 ], [ 2.19467507239339, 41.432750059424528 ], [ 2.195146370831502, 41.431955879358746 ], [ 2.195659331807537, 41.430453362076136 ], [ 2.195542248819551, 41.430318134694907 ], [ 2.195288285196425, 41.430315657406055 ], [ 2.195553830332153, 41.429473351374831 ], [ 2.195180558331222, 41.42835458252226 ], [ 2.193705705105364, 41.428336445337422 ], [ 2.192741787823235, 41.428039335431166 ], [ 2.190955754740457, 41.427789650172961 ], [ 2.190979466877377, 41.427322987295099 ], [ 2.191554008034299, 41.427347332170783 ], [ 2.191597615204051, 41.426478938884735 ], [ 2.193272928199755, 41.426021962174637 ], [ 2.192542438426328, 41.424889496682979 ], [ 2.191663987385907, 41.42512228217872 ], [ 2.191753879197206, 41.422830343915336 ], [ 2.19116357263587, 41.42281061004087 ], [ 2.191304950175999, 41.419954285354322 ], [ 2.189820625730389, 41.420345802455564 ], [ 2.189679814477292, 41.420028554121124 ], [ 2.191316641023955, 41.418757963457942 ], [ 2.191416086680857, 41.416687972379279 ], [ 2.191123673680999, 41.415510531779198 ], [ 2.191185806764886, 41.415381575696379 ], [ 2.188966170105383, 41.413666151803554 ], [ 2.183349053396443, 41.417956318557422 ], [ 2.180447948173454, 41.415860958352788 ], [ 2.180407965488378, 41.417535020555341 ], [ 2.18084024740366, 41.419990418966321 ], [ 2.180752721235363, 41.420363237212847 ], [ 2.176160617541125, 41.425438509630084 ], [ 2.170151473631523, 41.427156530958101 ], [ 2.167415744443036, 41.427546448805387 ], [ 2.165377899891155, 41.427736866277421 ], [ 2.163696090185896, 41.428034690191254 ], [ 2.163640639661242, 41.428111706497809 ], [ 2.16466934477876, 41.428773468038557 ], [ 2.165171352738854, 41.429072319592123 ], [ 2.165491064801144, 41.42915231767514 ], [ 2.165682209649756, 41.429397871631473 ], [ 2.166173836800713, 41.429598998687808 ], [ 2.16394766706206, 41.43084397070519 ], [ 2.163156007974949, 41.43215255096284 ], [ 2.163081328785746, 41.432713478692747 ], [ 2.16314582538385, 41.433078407039041 ], [ 2.163725512440642, 41.434924660767265 ], [ 2.164264113646317, 41.436278986375953 ], [ 2.163153373005738, 41.436576856049925 ], [ 2.163526108034123, 41.437100051005558 ], [ 2.163207437911666, 41.43728575669536 ], [ 2.163268102089168, 41.437345313464526 ], [ 2.16312738596436, 41.437356513797262 ], [ 2.163678564495958, 41.437883959598615 ], [ 2.162325068788537, 41.438666243218229 ], [ 2.161795336738308, 41.439252879582838 ], [ 2.161494483416496, 41.440012096816112 ], [ 2.161668027121073, 41.440529658109782 ], [ 2.16180425998136, 41.440681422776294 ], [ 2.162051171193006, 41.440786817543888 ], [ 2.162701713966565, 41.440859340612171 ], [ 2.16278890047286, 41.441215786505211 ], [ 2.162628912792295, 41.441379089791667 ], [ 2.16230851513308, 41.441384397274774 ], [ 2.161681597897108, 41.441630159722727 ], [ 2.161538351375122, 41.441606543924081 ], [ 2.160125982657567, 41.442202503710917 ], [ 2.159956994816153, 41.442388184107557 ], [ 2.159698358761827, 41.442148373860846 ], [ 2.159388101215282, 41.442253649037255 ], [ 2.159072191604648, 41.442492762708063 ], [ 2.159710713559887, 41.442597836380415 ], [ 2.1611036922325, 41.442418478508017 ], [ 2.161629908469199, 41.442535832453487 ], [ 2.16193828974985, 41.442878090424493 ], [ 2.161667484018912, 41.443461043655262 ], [ 2.161767896652344, 41.443782097205698 ], [ 2.162146410291006, 41.443945554169154 ], [ 2.163003245830015, 41.443854794683489 ], [ 2.163331968171843, 41.443904139856301 ], [ 2.163433677232947, 41.44405585258675 ], [ 2.163369050459877, 41.444543279658582 ], [ 2.163509784126203, 41.44475205875856 ], [ 2.163858211544106, 41.444876388370318 ], [ 2.164487566349, 41.444799025916964 ], [ 2.164744977705101, 41.444918828085541 ], [ 2.164932484994169, 41.445254904557551 ], [ 2.164904644867756, 41.445792311143286 ], [ 2.165431960043338, 41.445844694132816 ], [ 2.166004340758243, 41.445655875762441 ], [ 2.166437252385498, 41.445624404488704 ], [ 2.167702732313419, 41.4461409398698 ], [ 2.168372254047333, 41.446085518468664 ], [ 2.168940180625732, 41.446223929395465 ], [ 2.169139370683174, 41.446328825125697 ], [ 2.168802199889775, 41.446978557780902 ], [ 2.169557436784454, 41.447217868007364 ], [ 2.170159320657421, 41.447112326373926 ], [ 2.170650724508755, 41.447251789575603 ], [ 2.170682299627127, 41.447186388883317 ], [ 2.171267925333985, 41.447380140381973 ], [ 2.171021405054091, 41.447921468629183 ], [ 2.171093774619026, 41.448084240569848 ], [ 2.171369293471031, 41.448116074609793 ], [ 2.171701894802093, 41.447858639710475 ], [ 2.172475158085332, 41.448432650511634 ], [ 2.172598902954242, 41.448394555766228 ], [ 2.173109730700178, 41.448974440266682 ], [ 2.173896377405558, 41.44920112101795 ], [ 2.174353264337155, 41.449701689780056 ], [ 2.175130661612307, 41.449954552409125 ], [ 2.175535122312796, 41.449859187607373 ], [ 2.175661666703796, 41.450006824805527 ], [ 2.175833395108783, 41.449988733380884 ], [ 2.176370109645398, 41.450236306431961 ], [ 2.176722703879213, 41.450188593995598 ], [ 2.176767540287214, 41.450272586196931 ], [ 2.17709787956373, 41.45025823755217 ], [ 2.177052786150281, 41.45004449318801 ], [ 2.177374771609245, 41.449941353406793 ], [ 2.177400650614035, 41.4505069887093 ], [ 2.177822170973124, 41.450500884294947 ], [ 2.178182204463094, 41.450263920378866 ], [ 2.178103827718682, 41.450124015925901 ], [ 2.177676381103828, 41.449833356293624 ], [ 2.177544994475368, 41.449089133576685 ], [ 2.17718090730405, 41.448857635128853 ], [ 2.17662699051157, 41.448839929539787 ], [ 2.176677318438598, 41.448685595843713 ], [ 2.177219277398155, 41.448749504919959 ], [ 2.177663614572336, 41.448928576771756 ], [ 2.178228759840029, 41.449521806266858 ], [ 2.179413089000519, 41.449518724446101 ], [ 2.179894562573939, 41.44974726897383 ], [ 2.179987686856475, 41.449981628560337 ], [ 2.180237987694655, 41.450134691877409 ], [ 2.18059096723317, 41.449982989119007 ], [ 2.181102794551066, 41.450092684408489 ], [ 2.181138453746958, 41.450205557953574 ], [ 2.180754647000446, 41.450484544262835 ], [ 2.181311047964888, 41.450774163065361 ], [ 2.183063354300437, 41.452335888573955 ], [ 2.183135973120204, 41.45227335186722 ], [ 2.183361736718722, 41.452410064953092 ], [ 2.184447168887489, 41.451778231928124 ], [ 2.185189536995131, 41.452729268455229 ], [ 2.184945826217072, 41.453069825539536 ], [ 2.185051317381278, 41.453250720876426 ], [ 2.185288834813147, 41.45340552822762 ], [ 2.185463567875337, 41.453794083967075 ], [ 2.185629820771094, 41.453903349239518 ], [ 2.186479812395373, 41.453909358782354 ], [ 2.186547257578391, 41.454261124964198 ], [ 2.186150613950898, 41.454384425610492 ], [ 2.18656108166173, 41.455071890881996 ], [ 2.185811506731537, 41.455652074662531 ], [ 2.185021127333826, 41.45566449700209 ], [ 2.184603120628878, 41.455580470300291 ], [ 2.184505089947388, 41.455759924382853 ], [ 2.184172015293938, 41.455586423485713 ], [ 2.183818157457108, 41.455160566431204 ], [ 2.183126382270761, 41.454948489202046 ], [ 2.18297605561474, 41.454524073526919 ], [ 2.1826903489259, 41.454541988484898 ], [ 2.182762659065494, 41.454265640615787 ], [ 2.182584714287061, 41.454224050549008 ], [ 2.182427039470464, 41.454498278852576 ], [ 2.182036397195528, 41.454185702628074 ], [ 2.182135469953165, 41.454058978963438 ], [ 2.181623714797742, 41.453714996658462 ], [ 2.181239115446667, 41.453623819129177 ], [ 2.181224802724434, 41.453834374876699 ], [ 2.181008404455465, 41.453897587625313 ], [ 2.180739566722226, 41.453816336550112 ], [ 2.180637710500124, 41.453978881572425 ], [ 2.18094579960515, 41.454049881616555 ], [ 2.180947622219057, 41.454143959116699 ], [ 2.180422173540256, 41.454600688104939 ], [ 2.18053082738016, 41.455172847455799 ], [ 2.180444202995787, 41.455385094221072 ], [ 2.180937784267178, 41.455622835951701 ], [ 2.180836065776857, 41.455976716392364 ], [ 2.18065722510856, 41.456089837952007 ], [ 2.179778991256982, 41.455977755910723 ], [ 2.178999247781361, 41.456017991514308 ], [ 2.178884763878299, 41.455944566191299 ], [ 2.17880632474506, 41.455719667864749 ], [ 2.178387383056041, 41.455851323571871 ], [ 2.178236928490557, 41.455478862282611 ], [ 2.177695820682124, 41.454972060118273 ], [ 2.177480468455801, 41.454439543157555 ], [ 2.17700449389322, 41.453960315361677 ], [ 2.176972987983163, 41.45361003462687 ], [ 2.176750443119116, 41.45344767892103 ], [ 2.17637624623874, 41.453456542748405 ], [ 2.175548502025126, 41.452901964859535 ], [ 2.175185990969309, 41.452537278724314 ], [ 2.175021024707766, 41.452208092381696 ], [ 2.174693933295161, 41.452263043522471 ], [ 2.174523067574474, 41.452533869747874 ], [ 2.174218791992003, 41.452763926015635 ], [ 2.173842090602634, 41.452408618670574 ], [ 2.173074604052422, 41.451926678683272 ], [ 2.172951688625039, 41.45192442623285 ], [ 2.173021194741192, 41.452683350701278 ], [ 2.172042563482278, 41.452428768020297 ], [ 2.171271109174214, 41.45273132272569 ], [ 2.171150477327496, 41.453231735777365 ], [ 2.171218830617752, 41.453658972543153 ], [ 2.171329150017256, 41.453786789360699 ], [ 2.171743576016422, 41.45395056320978 ], [ 2.172306275597263, 41.454316014996991 ], [ 2.17256329225236, 41.454329554209757 ], [ 2.173408518009361, 41.454161332498593 ], [ 2.173506480694584, 41.454545409728887 ], [ 2.173705576943903, 41.454512430567092 ], [ 2.173926457039838, 41.455049425858824 ], [ 2.173691750677587, 41.455150453077223 ], [ 2.173654996694578, 41.45532768949392 ], [ 2.17385087231666, 41.455964370636821 ], [ 2.174194496793244, 41.456297264246345 ], [ 2.174537053851668, 41.456485039646864 ], [ 2.175192019637706, 41.457378360975568 ], [ 2.175290912775171, 41.457348660428259 ], [ 2.175419434526599, 41.45758144100035 ], [ 2.175799733823479, 41.45779259598298 ], [ 2.175821987119423, 41.457958658413524 ], [ 2.175559729595738, 41.458195337484156 ], [ 2.175970991071725, 41.458248840629928 ], [ 2.176562735831943, 41.458517946867303 ], [ 2.175935155760774, 41.45868510152345 ], [ 2.176141790123655, 41.459084257880612 ], [ 2.175816077662128, 41.458917946470315 ], [ 2.174174513553213, 41.458619097967457 ], [ 2.173715574924565, 41.459016643804986 ], [ 2.172270711941557, 41.459036114702862 ], [ 2.171578128296077, 41.458798858659527 ], [ 2.170907386664491, 41.45892406098281 ], [ 2.1708823759417, 41.459033014681687 ], [ 2.168996393046949, 41.459025838280532 ], [ 2.166906123131371, 41.459158299927566 ], [ 2.167191191975388, 41.45957925908646 ], [ 2.167960571677135, 41.459875222579875 ], [ 2.168187431510467, 41.46006909819566 ], [ 2.168275400338239, 41.460270602702984 ], [ 2.168332698602081, 41.460192972272338 ], [ 2.168964040861994, 41.460467801222421 ], [ 2.170038500669287, 41.460700690635349 ], [ 2.170877033434047, 41.461022082504165 ], [ 2.171293293782456, 41.461072467770713 ], [ 2.171633865854095, 41.460991077956223 ], [ 2.172010555154181, 41.46151525173196 ], [ 2.173029447500262, 41.46211696772319 ], [ 2.173525561998049, 41.462303182802088 ], [ 2.174450203251816, 41.463201260766354 ], [ 2.174366958329951, 41.462494170139863 ], [ 2.174026242038253, 41.461942535226484 ], [ 2.1740935564948, 41.461797467439055 ], [ 2.17441865063045, 41.461619362869691 ], [ 2.174759408281735, 41.462530815954381 ], [ 2.175134224703553, 41.46275908381579 ], [ 2.174990167271844, 41.463070563563328 ], [ 2.175064438911641, 41.463218529081509 ], [ 2.175555313609598, 41.46327585588412 ], [ 2.176763639883816, 41.463097383285842 ], [ 2.176895803049222, 41.463464974919418 ], [ 2.175692277920249, 41.463696077424764 ], [ 2.177327722763733, 41.464161046639553 ], [ 2.180369775033766, 41.464781523013137 ], [ 2.180401392780733, 41.464881099829867 ], [ 2.179869000072602, 41.465654728445919 ], [ 2.180222821708468, 41.466012590788708 ], [ 2.180466568530052, 41.466622010903208 ], [ 2.180334995057751, 41.466599455636505 ], [ 2.180044178076179, 41.466240599335812 ], [ 2.179577040356174, 41.465987381295768 ], [ 2.179415403348187, 41.46599012042509 ], [ 2.179008699194254, 41.466463027798589 ], [ 2.178907788767572, 41.466722063616196 ], [ 2.17889834701993, 41.467887404764888 ], [ 2.179671787818647, 41.467547525705946 ], [ 2.181566312549683, 41.467793401548562 ], [ 2.183602680165609, 41.468217589975772 ], [ 2.184215795858899, 41.468231051970328 ] ] ] } },
{ "type": "Feature", "properties": { "zona": "ZE3E" }, "geometry": { "type": "Polygon", "coordinates": [ [ [ 2.199074437382211, 41.429994394506465 ], [ 2.199194445353756, 41.428259002275205 ], [ 2.199406873333388, 41.428266535454618 ], [ 2.199444922930693, 41.427552561715551 ], [ 2.200925564005475, 41.426677916953857 ], [ 2.201155924620415, 41.426845931329574 ], [ 2.20374524757404, 41.424886453348883 ], [ 2.204623366790585, 41.425692530507597 ], [ 2.205738816025018, 41.42692807524984 ], [ 2.202550386592891, 41.428439902604723 ], [ 2.203312521529542, 41.429338583965688 ], [ 2.207192090690334, 41.427559318418524 ], [ 2.207024431831062, 41.427053358075234 ], [ 2.206451675973247, 41.426390272185287 ], [ 2.206049223670737, 41.425565529711989 ], [ 2.206880040422323, 41.425310272968893 ], [ 2.20744505071171, 41.425006945506532 ], [ 2.207769826483909, 41.424985049546848 ], [ 2.208433037093842, 41.425174579368907 ], [ 2.20916230102479, 41.424937640704272 ], [ 2.209410325282705, 41.424248542489337 ], [ 2.210392815879842, 41.423753495635651 ], [ 2.210966103873063, 41.423264959671641 ], [ 2.211616197190792, 41.421377472231072 ], [ 2.212338194315429, 41.420832011135346 ], [ 2.212891523096151, 41.42071890480139 ], [ 2.214383906575802, 41.419890571949431 ], [ 2.216622153230649, 41.418220024915399 ], [ 2.217986936996825, 41.416626617030275 ], [ 2.219422334351203, 41.415599368773663 ], [ 2.220319234395761, 41.414453107395289 ], [ 2.220816465554168, 41.414009908447454 ], [ 2.221287502236132, 41.413740798220438 ], [ 2.221393875178532, 41.413525148429486 ], [ 2.221033653347509, 41.413070454676927 ], [ 2.222792899658891, 41.412315704919472 ], [ 2.222878649031397, 41.412159363990966 ], [ 2.223249043029453, 41.411986297899041 ], [ 2.229201278678812, 41.409568011902614 ], [ 2.226128693937377, 41.40528178141431 ], [ 2.224687441200562, 41.406348727111393 ], [ 2.224398315116582, 41.405912593171202 ], [ 2.223635949958494, 41.406198432344596 ], [ 2.221661699385383, 41.404625922935601 ], [ 2.218816343289383, 41.40673307639134 ], [ 2.219976834446449, 41.407720545649049 ], [ 2.220930217597959, 41.408839480795244 ], [ 2.221217840483945, 41.409003237195684 ], [ 2.221650156075736, 41.409081399866665 ], [ 2.221329195338561, 41.409097425093314 ], [ 2.221046594571891, 41.409216556606943 ], [ 2.220840682281006, 41.409422173971272 ], [ 2.220659580842635, 41.409794327470301 ], [ 2.22076850424787, 41.409912828709444 ], [ 2.219194320661594, 41.410732873270589 ], [ 2.219552010528478, 41.411122017175543 ], [ 2.219215367776448, 41.411383843969283 ], [ 2.214127113406292, 41.410110680834535 ], [ 2.211866645571036, 41.411816444598422 ], [ 2.214130700465171, 41.413509928100865 ], [ 2.208549348293958, 41.417738333255834 ], [ 2.194927910162286, 41.407597411912533 ], [ 2.196112270719055, 41.406700351489121 ], [ 2.197216254559107, 41.407526492964323 ], [ 2.198305230981615, 41.406707164172758 ], [ 2.20281471518159, 41.41011711318108 ], [ 2.203058315077107, 41.41000950240857 ], [ 2.202974442563419, 41.409869395747762 ], [ 2.204747297634115, 41.408591977454492 ], [ 2.205586904229933, 41.409249474614988 ], [ 2.205930738342628, 41.40899017831952 ], [ 2.206114966189226, 41.409127056526458 ], [ 2.206394608936113, 41.409127443870339 ], [ 2.206700615766009, 41.408898960429156 ], [ 2.206994531419741, 41.409120885044508 ], [ 2.207334632670742, 41.408867963160716 ], [ 2.207830585898499, 41.409288819753009 ], [ 2.207449474139596, 41.409464518757041 ], [ 2.207841315215946, 41.409748411195601 ], [ 2.20846898273787, 41.409274789482126 ], [ 2.211173756725903, 41.411298146409493 ], [ 2.207331895346549, 41.40841361494568 ], [ 2.193779572625472, 41.405010908142678 ], [ 2.191418382265576, 41.406794077841134 ], [ 2.187958251877521, 41.404192817591678 ], [ 2.187410911442504, 41.404389184182328 ], [ 2.186943228791701, 41.404424615132015 ], [ 2.18660192619798, 41.404361467133405 ], [ 2.18595849437658, 41.404069977220992 ], [ 2.175417419336514, 41.41203820798156 ], [ 2.180227329979032, 41.415574698354582 ], [ 2.180446299832814, 41.415859767659583 ], [ 2.183349053396443, 41.417956318557422 ], [ 2.188966170105383, 41.413666151803554 ], [ 2.191185806764886, 41.415381575696379 ], [ 2.192417564971683, 41.414522068494037 ], [ 2.193736966099376, 41.415513282446867 ], [ 2.193369962225923, 41.416153201855778 ], [ 2.193359913520009, 41.416632095506436 ], [ 2.193564001400232, 41.416835618180869 ], [ 2.195326588735601, 41.422261831824429 ], [ 2.195447202436248, 41.422330825250526 ], [ 2.195602819500873, 41.422649254943423 ], [ 2.195893039227795, 41.424448525658406 ], [ 2.19653676421854, 41.426588772255251 ], [ 2.196344316121849, 41.426708777804251 ], [ 2.196421978862989, 41.427069816833608 ], [ 2.197321191039584, 41.428852596172703 ], [ 2.197586763531312, 41.429168834921455 ], [ 2.197992992319047, 41.42952185756738 ], [ 2.198540595359443, 41.429816476711906 ], [ 2.199074437382211, 41.429994394506465 ] ] ] } },
{ "type": "Feature", "properties": { "zona": "ZE4A" }, "geometry": { "type": "Polygon", "coordinates": [ [ [ 2.141814909437332, 41.356304740662544 ], [ 2.144914108254234, 41.352035696245842 ], [ 2.146729677448911, 41.35276877653596 ], [ 2.146030186964597, 41.353349291198512 ], [ 2.145131981156142, 41.354772587928721 ], [ 2.146534193201162, 41.355452069688084 ], [ 2.149461967052932, 41.35412608876694 ], [ 2.150703884951414, 41.353731714651182 ], [ 2.151347050366784, 41.353238328105569 ], [ 2.151131894548965, 41.353036855485477 ], [ 2.152495533387046, 41.352403712521095 ], [ 2.152165395830194, 41.352291264438286 ], [ 2.152098214261678, 41.352340032016038 ], [ 2.144696838426877, 41.34981328396475 ], [ 2.14038199954712, 41.348262609219233 ], [ 2.139057170142552, 41.348141937579257 ], [ 2.135883694042864, 41.346977109036587 ], [ 2.134467084496493, 41.346538720696728 ], [ 2.133816009365018, 41.347381517408756 ], [ 2.136820939440407, 41.348405352827704 ], [ 2.137047871553968, 41.348632972361642 ], [ 2.137530253888921, 41.348798749095351 ], [ 2.137009987333073, 41.349338807102058 ], [ 2.137172823222548, 41.349433691162432 ], [ 2.135558318223037, 41.35095969010289 ], [ 2.1355879645463, 41.351021128060786 ], [ 2.134564133375864, 41.352263500353608 ], [ 2.134397324458871, 41.352204904572929 ], [ 2.133787541347341, 41.353037374641978 ], [ 2.141814909437332, 41.356304740662544 ] ] ] } },
{ "type": "Feature", "properties": { "zona": "ZE4B" }, "geometry": { "type": "Polygon", "coordinates": [ [ [ 2.197583512665808, 41.447499302223314 ], [ 2.199171583914919, 41.444630966995099 ], [ 2.19949483487389, 41.443028292544611 ], [ 2.199389035072072, 41.442922869548937 ], [ 2.197107756353643, 41.442747219681699 ], [ 2.197112702891808, 41.442691584033327 ], [ 2.196890851825742, 41.442672628599681 ], [ 2.19553223767245, 41.438673532220399 ], [ 2.195294278302652, 41.438647004504318 ], [ 2.194497869109013, 41.436242034884501 ], [ 2.194454667064982, 41.435825874309238 ], [ 2.194602590421546, 41.435214445101003 ], [ 2.195329395118587, 41.433537877828861 ], [ 2.195459321306815, 41.433439448725338 ], [ 2.201694820284402, 41.430489904133132 ], [ 2.201492914505812, 41.429981507292759 ], [ 2.200827509259625, 41.430126889988017 ], [ 2.200139813404003, 41.430165215377784 ], [ 2.199259190571814, 41.43005596787652 ], [ 2.198540595359443, 41.429816476711906 ], [ 2.197776066100191, 41.429355554734762 ], [ 2.197321191039584, 41.428852596172703 ], [ 2.196421978862989, 41.427069816833608 ], [ 2.196344316121849, 41.426708777804251 ], [ 2.19653676421854, 41.426588772255251 ], [ 2.195893039227795, 41.424448525658406 ], [ 2.195602819500873, 41.422649254943423 ], [ 2.195447202436248, 41.422330825250526 ], [ 2.195326588735601, 41.422261831824429 ], [ 2.193564001400232, 41.416835618180869 ], [ 2.193363013416337, 41.416644619612335 ], [ 2.193369962225923, 41.416153201855778 ], [ 2.193736966099376, 41.415513282446867 ], [ 2.192417564971683, 41.414522068494037 ], [ 2.191185806764886, 41.415381575696379 ], [ 2.191123673680999, 41.415510531779198 ], [ 2.191416086680857, 41.416687972379279 ], [ 2.191316641023955, 41.418757963457942 ], [ 2.189679814477292, 41.420028554121124 ], [ 2.189820625730389, 41.420345802455564 ], [ 2.191304950175999, 41.419954285354322 ], [ 2.19116357263587, 41.42281061004087 ], [ 2.191753879197206, 41.422830343915336 ], [ 2.191663987385907, 41.42512228217872 ], [ 2.192542438426328, 41.424889496682979 ], [ 2.193272928199755, 41.426021962174637 ], [ 2.191597615204051, 41.426478938884735 ], [ 2.191554008034299, 41.427347332170783 ], [ 2.190979466877377, 41.427322987295099 ], [ 2.190955754740457, 41.427789650172961 ], [ 2.192741787823235, 41.428039335431166 ], [ 2.193705705105364, 41.428336445337422 ], [ 2.195180558331222, 41.42835458252226 ], [ 2.195553830332153, 41.429473351374831 ], [ 2.195288285196425, 41.430315657406055 ], [ 2.195542248819551, 41.430318134694907 ], [ 2.195659331807537, 41.430453362076136 ], [ 2.195146370831502, 41.431955879358746 ], [ 2.19467507239339, 41.432750059424528 ], [ 2.193424579862831, 41.433930209612107 ], [ 2.19312006971, 41.434435503723122 ], [ 2.193494712808759, 41.43466931225889 ], [ 2.193329055305052, 41.435189985884932 ], [ 2.193252648808874, 41.436000999393364 ], [ 2.193110337820927, 41.436009207750971 ], [ 2.193128551538825, 41.436222307668629 ], [ 2.193308291665901, 41.436354283417984 ], [ 2.194228920851186, 41.44008897888601 ], [ 2.19441713917108, 41.440096181719433 ], [ 2.19439336245788, 41.442579498696524 ], [ 2.194123899135864, 41.446384052103753 ], [ 2.197412345928617, 41.447552478486514 ], [ 2.197583512665808, 41.447499302223314 ] ] ] } },
{ "type": "Feature", "properties": { "zona": "ZE4C" }, "geometry": { "type": "Polygon", "coordinates": [ [ [ 2.208549348293958, 41.417738333255834 ], [ 2.214130700465171, 41.413509928100865 ], [ 2.20846898273787, 41.409274789482126 ], [ 2.207841315215946, 41.409748411195601 ], [ 2.207449474139596, 41.409464518757041 ], [ 2.207830585898499, 41.409288819753009 ], [ 2.207334632670742, 41.408867963160716 ], [ 2.206994531419741, 41.409120885044508 ], [ 2.206700615766009, 41.408898960429156 ], [ 2.206394608936113, 41.409127443870339 ], [ 2.206114966189226, 41.409127056526458 ], [ 2.205930738342628, 41.40899017831952 ], [ 2.205586904229933, 41.409249474614988 ], [ 2.204747297634115, 41.408591977454492 ], [ 2.202974442563419, 41.409869395747762 ], [ 2.203058315077107, 41.41000950240857 ], [ 2.20281471518159, 41.41011711318108 ], [ 2.198305230981615, 41.406707164172758 ], [ 2.197216254559107, 41.407526492964323 ], [ 2.196112270719055, 41.406700351489121 ], [ 2.194927910162286, 41.407597411912533 ], [ 2.208549348293958, 41.417738333255834 ] ] ] } },
{ "type": "Feature", "properties": { "zona": "EXCLO" }, "geometry": { "type": "Polygon", "coordinates": [ [ [ 2.149507485984091, 41.370750398213104 ], [ 2.149271323251241, 41.36990656000841 ], [ 2.14910593106228, 41.369699073808931 ], [ 2.148810307281711, 41.369518503815662 ], [ 2.148357121497809, 41.369424313412331 ], [ 2.147020938588137, 41.369496284380567 ], [ 2.14615131802101, 41.369289006757683 ], [ 2.145637468117866, 41.368988020140925 ], [ 2.145330992696947, 41.368518199301064 ], [ 2.143579459597794, 41.367649433955521 ], [ 2.143345759829181, 41.367427957691568 ], [ 2.143265403473999, 41.367137460816338 ], [ 2.143174454917211, 41.367131487665304 ], [ 2.143191270437567, 41.367306331749603 ], [ 2.142549248141364, 41.367608110315871 ], [ 2.1443031340561, 41.36929128991239 ], [ 2.144579209303524, 41.369828539571422 ], [ 2.144770004842786, 41.369682115279168 ], [ 2.144641336881216, 41.368932687236359 ], [ 2.144892794608159, 41.368532061716145 ], [ 2.14503564750422, 41.368478764602706 ], [ 2.145140802607286, 41.368561755504061 ], [ 2.145272762946474, 41.369425078765374 ], [ 2.145562599235408, 41.369866964629466 ], [ 2.145974966860739, 41.369892510549519 ], [ 2.146572334764494, 41.369590088250824 ], [ 2.147327830726315, 41.369823963019648 ], [ 2.147642872256764, 41.369704504568155 ], [ 2.148546783267117, 41.369698256327013 ], [ 2.148747719768973, 41.369831702937901 ], [ 2.149105895064201, 41.370355733208626 ], [ 2.149018264430551, 41.370700550693343 ], [ 2.149231635819187, 41.370865723612489 ], [ 2.149507485984091, 41.370750398213104 ] ] ] } }
]
}
