id,name,host_id,host_name,calculated_host_listings_count,neighbourhood_group,neighbourhood,latitude,longitude,room_type,property_type,accommodates,bedrooms,beds,minimum_nights,precio_anuncio,precio_por_plaza,availability_365,number_of_reviews,number_of_reviews_ltm,last_review,review_scores_rating,license,price,licencia_regional,categoria_licencia,licencia_norm,prefijo,consta_en_registro,estado_licencia,motivo_estado,last_review_dt,motivo_exclusion
71520,Charming apartment with fantastic views!,366428.0,Ariadna,1.0,Gràcia,Vallcarca i els Penitents,41.41841,2.13307,Entire home/apt,Entire rental unit,9.0,3.0,5.0,5.0,417.8,46.42,363,1,0,2011-06-23,5.0,Barcelona - Regional registration number<br />HUTB-007966,417.8,HUTB-007966,Apartamento turístico (HUTB / TU),HUTB-007966,HUTB,True,con_licencia,consta en el registro oficial,2011-06-23,sin_actividad_desde_09_2025
206167,"Bright, comfy, central and with character",1014050.0,Minerva,1.0,Sants-Montjuïc,el Poble Sec,41.37203,2.16343,Entire home/apt,Entire rental unit,2.0,1.0,,3.0,187.33,93.66,14,181,8,2025-08-31,4.9,Barcelona - Regional registration number<br />HUTB-009804<br /><br />Spain - National registration number<br />ESFCTU00000806900003703600000000000000HUTB-009804-558,187.33,HUTB-009804,Apartamento turístico (HUTB / TU),HUTB-009804,HUTB,True,con_licencia,consta en el registro oficial,2025-08-31,sin_actividad_desde_09_2025
288034,pb5 NICE BARCELONA QUIET & WITH TERRACE NICE FLAT,1447144.0,Acomodis Apartments,448.0,Eixample,la Nova Esquerra de l'Eixample,41.38839,2.15019,Entire home/apt,Entire rental unit,2.0,1.0,2.0,30.0,88.13,44.06,365,19,0,2019-10-31,4.65,Barcelona - Regional registration number<br />HUTB-000166,88.13,HUTB-000166,Apartamento turístico (HUTB / TU),HUTB-000166,HUTB,True,con_licencia,consta en el registro oficial,2019-10-31,sin_actividad_desde_09_2025
347824,"Ideal Happy Location Barceloneta Beach, Old Town",1447144.0,Acomodis Apartments,448.0,Ciutat Vella,la Barceloneta,41.3764,2.19102,Entire home/apt,Entire rental unit,3.0,1.0,3.0,2.0,302.5,100.83,365,3,0,2024-02-19,4.0,Barcelona - Regional registration number<br />HUTB-076700,302.5,HUTB-076700,Apartamento turístico (HUTB / TU),HUTB-076700,HUTB,True,con_licencia,consta en el registro oficial,2024-02-19,sin_actividad_desde_09_2025
384464,Paseo de Gracia / Plaza Catalunya,674212.0,Juanmi,3.0,Eixample,la Dreta de l'Eixample,41.38992,2.16974,Entire home/apt,Entire rental unit,4.0,1.0,1.0,1.0,400.0,100.0,302,228,0,2024-05-14,4.97,Barcelona - Regional registration number<br />HUTB-011183<br /><br />Spain - National registration number<br />ESFCTU00000805400050315500000000000000000HUTB-0111834,400.0,HUTB-011183,Apartamento turístico (HUTB / TU),HUTB-011183,HUTB,True,con_licencia,consta en el registro oficial,2024-05-14,sin_actividad_desde_09_2025
424294,pdf3 TRENDY 1 BEDR. FLAT IN EL BORN,1447144.0,Acomodis Apartments,448.0,Ciutat Vella,"Sant Pere, Santa Caterina i la Ribera",41.3884,2.17936,Entire home/apt,Entire rental unit,4.0,1.0,2.0,2.0,325.5,81.38,365,3,0,2012-09-28,5.0,Barcelona - Regional registration number<br />HUTB-002791,325.5,HUTB-002791,Apartamento turístico (HUTB / TU),HUTB-002791,HUTB,True,con_licencia,consta en el registro oficial,2012-09-28,sin_actividad_desde_09_2025
443110,Mercedes Heritage - 2 Bedroom Apartment,2201772.0,Mercedes Heritage Apartments,8.0,Eixample,l'Antiga Esquerra de l'Eixample,41.3879153,2.1522402,Entire home/apt,Entire serviced apartment,3.0,2.0,2.0,1.0,205.0,68.33,111,54,0,2025-05-22,4.58,Spain - National registration number<br />ESFCTU00A00806000017771500000000000000000HUTB-0097614<br /><br />Barcelona - Regional registration number<br />HUTB-009761,205.0,HUTB-009761,Apartamento turístico (HUTB / TU),HUTB-009761,HUTB,True,con_licencia,consta en el registro oficial,2025-05-22,sin_actividad_desde_09_2025
512666,"bcn-rentals-ramblas 4, just 7-10 min to Ramblas",488117.0,David Y Maria,4.0,Ciutat Vella,el Raval,41.37779,2.16729,Entire home/apt,Entire rental unit,6.0,2.0,6.0,1.0,411.0,68.5,113,73,1,2025-07-14,4.67,Spain - National registration number<br />ESHFTU00000805600069091000200000000000000HUTB-0038723<br /><br />Barcelona - Regional registration number<br />HUTB-003872,411.0,HUTB-003872,Apartamento turístico (HUTB / TU),HUTB-003872,HUTB,True,con_licencia,consta en el registro oficial,2025-07-14,sin_actividad_desde_09_2025
594235,Sunny apartment in Gracia,2934588.0,Aleix Y Alba,1.0,Gràcia,la Vila de Gràcia,41.40253,2.15386,Entire home/apt,Entire rental unit,2.0,2.0,,7.0,,,0,138,0,2021-02-28,4.88,Barcelona - Regional registration number<br />HUTB-007671,,HUTB-007671,Apartamento turístico (HUTB / TU),HUTB-007671,HUTB,True,con_licencia,consta en el registro oficial,2021-02-28,sin_actividad_desde_09_2025
619728,Atico Sagrada Familia,2439400.0,KeyBarcelona,27.0,Eixample,la Sagrada Família,41.40118,2.17793,Entire home/apt,Entire rental unit,4.0,2.0,3.0,2.0,428.0,107.0,305,100,0,2025-01-26,4.25,Spain - National registration number<br />ESFCTU00000807300008451800000000000000000HUTB-0000259<br /><br />Barcelona - Regional registration number<br />HUTB-000025,428.0,HUTB-000025,Apartamento turístico (HUTB / TU),HUTB-000025,HUTB,True,con_licencia,consta en el registro oficial,2025-01-26,sin_actividad_desde_09_2025
703973,Sagrada Familia Apartment Eixample 43,3615168.0,Eduardo,6.0,Eixample,la Dreta de l'Eixample,41.39709,2.16948,Entire home/apt,Entire rental unit,3.0,2.0,,3.0,,,0,82,0,2024-11-17,4.84,Spain - National registration number<br />ESHFTU00000805400043229501600000000000000HUTB-0053789<br /><br />Barcelona - Regional registration number<br />HUTB-005378,,HUTB-005378,Apartamento turístico (HUTB / TU),HUTB-005378,HUTB,True,con_licencia,consta en el registro oficial,2024-11-17,sin_actividad_desde_09_2025
703978,Sagrada Familia Apartment Eixample 33,3615168.0,Eduardo,6.0,Eixample,la Dreta de l'Eixample,41.39855,2.17104,Entire home/apt,Entire rental unit,4.0,2.0,,3.0,,,0,20,0,2025-03-06,4.8,Spain - National registration number<br />ESHFTU00000805400043229501300000000000000HUTB-0012987<br /><br />Barcelona - Regional registration number<br />HUTB-001298,,HUTB-001298,Apartamento turístico (HUTB / TU),HUTB-001298,HUTB,True,con_licencia,consta en el registro oficial,2025-03-06,sin_actividad_desde_09_2025
721473,Apartment 2 bedrooms near to Sagrada Familia,3724467.0,EasySleep,12.0,Eixample,el Fort Pienc,41.39884,2.17697,Entire home/apt,Entire rental unit,4.0,2.0,4.0,1.0,250.0,62.5,130,3,0,2018-06-17,4.33,Barcelona - Regional registration number<br />HUTB010318<br /><br />Spain - National registration number<br />ESHFTU00000807300099439801900000000000000HUTB-0103182,250.0,HUTB010318,Apartamento turístico (HUTB / TU),HUTB-010318,HUTB,True,con_licencia,consta en el registro oficial,2018-06-17,sin_actividad_desde_09_2025
721510,2 bedroom apartment near to Sagrada Familia,3724467.0,EasySleep,12.0,Eixample,la Dreta de l'Eixample,41.39795,2.1703,Entire home/apt,Entire rental unit,6.0,2.0,3.0,2.0,222.75,37.12,125,2,0,2022-06-12,5.0,Barcelona - Regional registration number<br />HUTB007880<br /><br />Spain - National registration number<br />ESHFTU00000805400024976301300000000000000HUTB-0078804,222.75,HUTB007880,Apartamento turístico (HUTB / TU),HUTB-007880,HUTB,True,con_licencia,consta en el registro oficial,2022-06-12,sin_actividad_desde_09_2025
750066,Stylish apartment Sant Antoni with balcony,3193594.0,Jan,10.0,Eixample,Sant Antoni,41.37786,2.16314,Entire home/apt,Entire rental unit,2.0,1.0,,4.0,221.0,110.5,16,5,0,2024-07-05,4.8,Barcelona - Regional registration number<br />HUTB-004433<br /><br />Spain - National registration number<br />ESFCTU00000806900021566300000000000000000HUTB-0044330,221.0,HUTB-004433,Apartamento turístico (HUTB / TU),HUTB-004433,HUTB,True,con_licencia,consta en el registro oficial,2024-07-05,sin_actividad_desde_09_2025
832755,AMAZING BOUTIQUE APARTMENT. AN OASIS IN BARCELONA,4358678.0,Aitcar Bcn Indulging Apartments Sl,1.0,Sant Martí,el Poblenou,41.40385,2.19869,Entire home/apt,Entire rental unit,8.0,3.0,4.0,3.0,418.0,52.25,15,9,2,2025-08-18,5.0,Barcelona - Regional registration number<br />HUTB-002769<br /><br />Spain - National registration number<br />ESFCTU00000807200066565900000000000000000HUTB-0027690,418.0,HUTB-002769,Apartamento turístico (HUTB / TU),HUTB-002769,HUTB,True,con_licencia,consta en el registro oficial,2025-08-18,sin_actividad_desde_09_2025
895091,Spectacular Five Senses  Mallorca Apartment,4585497.0,Ann-Veronique,1.0,Eixample,l'Antiga Esquerra de l'Eixample,41.38882,2.15558,Entire home/apt,Entire rental unit,6.0,3.0,4.0,1.0,329.04,54.84,184,348,0,2025-06-09,4.66,Spain - National registration number<br />ESFCTU00000806000012266100000000000000000HUTB-0010850<br /><br />Barcelona - Regional registration number<br />HUTB-001085,329.04,HUTB-001085,Apartamento turístico (HUTB / TU),HUTB-001085,HUTB,True,con_licencia,consta en el registro oficial,2025-06-09,sin_actividad_desde_09_2025
903135,Spacious Diagonal Avenue 3 bedrooms.6 pax,3972936.0,Willem,17.0,Les Corts,les Corts,41.39084,2.14219,Entire home/apt,Entire rental unit,6.0,3.0,5.0,2.0,207.0,34.5,27,100,1,2025-07-17,4.22,Spain - National registration number<br />ESFCTU00000806000008014500000000000000000HUTB-0047597<br /><br />Barcelona - Regional registration number<br />HUTB-004759,207.0,HUTB-004759,Apartamento turístico (HUTB / TU),HUTB-004759,HUTB,True,con_licencia,consta en el registro oficial,2025-07-17,sin_actividad_desde_09_2025
912414,Cozy Apartment near to Plaza España,4895881.0,Sergio,1.0,Sants-Montjuïc,Hostafrancs,41.37585,2.14478,Entire home/apt,Entire condo,2.0,1.0,1.0,5.0,285.4,142.7,340,185,0,2025-06-07,4.71,Barcelona - Regional registration number<br />HUTB-008378<br /><br />Spain - National registration number<br />ESFCTU0000080680002544810000000000000000HUTB008378681,285.4,HUTB-008378,Apartamento turístico (HUTB / TU),HUTB-008378,HUTB,True,con_licencia,consta en el registro oficial,2025-06-07,sin_actividad_desde_09_2025
1034761,OLYMPIC VILLAGE. CITY & BEACH,5695022.0,Rosario,1.0,Sant Martí,el Poblenou,41.39481,2.20087,Entire home/apt,Entire rental unit,4.0,2.0,3.0,1.0,353.67,88.42,220,53,0,2024-07-28,4.49,Barcelona - Regional registration number<br />HUTB-001825<br /><br />Spain - National registration number<br />ESFCTU000008072000702057000000000000000HUBT-001825875,353.67,HUTB-001825,Apartamento turístico (HUTB / TU),HUTB-001825,HUTB,True,con_licencia,consta en el registro oficial,2024-07-28,sin_actividad_desde_09_2025
1206052,Sagrada Familia - Nice apartment,2848016.0,Eloi,1.0,Eixample,la Sagrada Família,41.40927,2.17599,Entire home/apt,Entire rental unit,4.0,2.0,3.0,3.0,239.67,59.92,102,57,0,2024-10-04,4.88,Barcelona - Regional registration number<br />HUTB-006999<br /><br />Spain - National registration number<br />ESFCTU00000805800033444300000000000000000HUTB-0069995,239.67,HUTB-006999,Apartamento turístico (HUTB / TU),HUTB-006999,HUTB,True,con_licencia,consta en el registro oficial,2024-10-04,sin_actividad_desde_09_2025
1266363,Picasso Suites 3.1 Paseo de Gracia,131794.0,Damien,22.0,Eixample,la Dreta de l'Eixample,41.39753312094096,2.1695397967089383,Entire home/apt,Entire rental unit,8.0,3.0,3.0,1.0,313.67,39.21,325,170,1,2025-07-25,4.65,Spain - National registration number<br />ESFCTU00A00805400018090500000000000000000HUTB-0056312<br /><br />Barcelona - Regional registration number<br />HUTB-005631,313.67,HUTB-005631,Apartamento turístico (HUTB / TU),HUTB-005631,HUTB,True,con_licencia,consta en el registro oficial,2025-07-25,sin_actividad_desde_09_2025
1327003,Beach and down town at two steps. (HUTB-005567),663209.0,Walter,1.0,Eixample,Sant Antoni,41.3759,2.16294,Entire home/apt,Entire rental unit,4.0,3.0,,2.0,,,0,7,0,2015-09-23,4.43,Barcelona - Regional registration number<br />HUTB-005567<br /><br />Spain - National registration number<br />ESFCTU00000806900028549900000000000000000HUTB-0055675,,HUTB-005567,Apartamento turístico (HUTB / TU),HUTB-005567,HUTB,True,con_licencia,consta en el registro oficial,2015-09-23,sin_actividad_desde_09_2025
1387806,"bl2 ""Acomodis"" Great Flat - Poble Sec Center!",1447144.0,Acomodis Apartments,448.0,Sants-Montjuïc,el Poble Sec,41.37193,2.1674,Entire home/apt,Entire rental unit,5.0,2.0,2.0,1.0,252.0,50.4,365,1,0,2014-04-14,5.0,Barcelona - Regional registration number<br />HUTB-005943,252.0,HUTB-005943,Apartamento turístico (HUTB / TU),HUTB-005943,HUTB,True,con_licencia,consta en el registro oficial,2014-04-14,sin_actividad_desde_09_2025
1406121,Gracia Bliss,2439400.0,KeyBarcelona,27.0,Eixample,la Sagrada Família,41.40767,2.1699,Entire home/apt,Entire rental unit,8.0,4.0,5.0,2.0,401.0,50.12,308,91,0,2023-07-09,4.27,Spain - National registration number<br />ESFCTU00000805800012300900000000000000000000000046462<br /><br />Barcelona - Regional registration number<br />HUTB-004646,401.0,HUTB-004646,Apartamento turístico (HUTB / TU),HUTB-004646,HUTB,True,con_licencia,consta en el registro oficial,2023-07-09,sin_actividad_desde_09_2025
1429809,076. New Calabria Apartment,396363.0,Alcam Apartments,42.0,Eixample,Sant Antoni,41.37909,2.15582,Entire home/apt,Entire rental unit,6.0,3.0,5.0,2.0,447.0,74.5,332,16,0,2025-01-05,4.25,Spain - National registration number<br />ESFCTU000008067000510221000000000000000HUTB-004217224<br /><br />Barcelona - Regional registration number<br />HUTB-004217,447.0,HUTB-004217,Apartamento turístico (HUTB / TU),HUTB-004217,HUTB,True,con_licencia,consta en el registro oficial,2025-01-05,sin_actividad_desde_09_2025
1560631,"Disfruta Barcelona, C. Condal 3 a 6 p.",8304893.0,Anna Maria,3.0,Eixample,el Fort Pienc,41.39359,2.1784,Entire home/apt,Entire rental unit,6.0,4.0,4.0,6.0,279.67,46.61,235,143,0,2024-05-01,4.66,Barcelona - Regional registration number<br />HUTB-003880<br /><br />Spain - National registration number<br />ESFCTU00000805400049835200000000000000000HUTB-0038805,279.67,HUTB-003880,Apartamento turístico (HUTB / TU),HUTB-003880,HUTB,True,con_licencia,consta en el registro oficial,2024-05-01,sin_actividad_desde_09_2025
1616453,"bl1 ""Acomodis"" Happy Flat - Center Poble Sec!",1447144.0,Acomodis Apartments,448.0,Sants-Montjuïc,el Poble Sec,41.37179,2.16581,Entire home/apt,Entire rental unit,5.0,2.0,2.0,1.0,252.0,50.4,365,2,0,2014-09-27,5.0,Barcelona - Regional registration number<br />HUTB-005943,252.0,HUTB-005943,Apartamento turístico (HUTB / TU),HUTB-005943,HUTB,True,con_licencia,consta en el registro oficial,2014-09-27,sin_actividad_desde_09_2025
1808631,Apartment Ripoll WHITE,9478280.0,Angelica Y Pia,24.0,Ciutat Vella,el Barri Gòtic,41.38458,2.1741,Entire home/apt,Entire rental unit,4.0,2.0,3.0,1.0,355.67,88.92,122,60,0,2025-06-15,4.58,Spain - National registration number<br />ESFCTU00000805400049914400000000000000HUTB-001669-519<br /><br />Barcelona - Regional registration number<br />HUTB-001667,355.67,HUTB-001667,Apartamento turístico (HUTB / TU),HUTB-001667,HUTB,True,con_licencia,consta en el registro oficial,2025-06-15,sin_actividad_desde_09_2025
1808891,Apartment GREEN in the heart of Old Town,9478280.0,Angelica Y Pia,24.0,Ciutat Vella,el Barri Gòtic,41.3863,2.17423,Entire home/apt,Entire rental unit,4.0,2.0,3.0,1.0,377.67,94.42,97,6,0,2025-05-11,5.0,Spain - National registration number<br />ESFCTU00000805400049913700000000000000HUTB-001668-888<br /><br />Barcelona - Regional registration number<br />HUTB-001669,377.67,HUTB-001669,Apartamento turístico (HUTB / TU),HUTB-001669,HUTB,True,con_licencia,consta en el registro oficial,2025-05-11,sin_actividad_desde_09_2025
1831778,Picasso Suites 2.2 Paseo de Gracia,131794.0,Damien,22.0,Eixample,la Dreta de l'Eixample,41.39759608789896,2.16819292330227,Entire home/apt,Entire rental unit,7.0,3.0,3.0,1.0,460.0,65.71,335,67,0,2024-10-06,4.7,Spain - National registration number<br />ESFCTU00A00805400018090500000000000000000HUTB-0067769<br /><br />Barcelona - Regional registration number<br />HUTB-006776,460.0,HUTB-006776,Apartamento turístico (HUTB / TU),HUTB-006776,HUTB,True,con_licencia,consta en el registro oficial,2024-10-06,sin_actividad_desde_09_2025
2342332,Sagrada Familia Bliss,2439400.0,KeyBarcelona,27.0,Eixample,la Sagrada Família,41.40582,2.17556,Entire home/apt,Entire rental unit,4.0,2.0,3.0,2.0,260.5,65.12,329,18,0,2025-03-09,4.11,Barcelona - Regional registration number<br />HUTB-014175<br /><br />Spain - National registration number<br />ESFCTU00000807300091630700000000000000000HUTB-0141754,260.5,HUTB-014175,Apartamento turístico (HUTB / TU),HUTB-014175,HUTB,True,con_licencia,consta en el registro oficial,2025-03-09,sin_actividad_desde_09_2025
2439285,Mercedes Heritage-Apartamento de 3 Dorms y Terraza,2201772.0,Mercedes Heritage Apartments,8.0,Eixample,l'Antiga Esquerra de l'Eixample,41.38792,2.15233,Entire home/apt,Entire serviced apartment,6.0,3.0,4.0,1.0,312.0,52.0,151,12,0,2025-05-25,4.75,Spain - National registration number<br />ESFCTU00H00806000017771500000000000000000HUTB-0049708<br /><br />Barcelona - Regional registration number<br />HUTB-004970,312.0,HUTB-004970,Apartamento turístico (HUTB / TU),HUTB-004970,HUTB,True,con_licencia,consta en el registro oficial,2025-05-25,sin_actividad_desde_09_2025
2732115,Lovely apartment en Sagrada Familia,13982632.0,Rosa M,1.0,Eixample,la Sagrada Família,41.40849,2.1721,Entire home/apt,Entire rental unit,7.0,3.0,5.0,1.0,,,167,162,0,2019-12-29,4.46,Barcelona - Regional registration number<br />HUTB-012027,,HUTB-012027,Apartamento turístico (HUTB / TU),HUTB-012027,HUTB,True,con_licencia,consta en el registro oficial,2019-12-29,sin_actividad_desde_09_2025
2758050,Gracia Terrace,2439400.0,KeyBarcelona,27.0,Gràcia,la Vila de Gràcia,41.40034,2.15985,Entire home/apt,Entire rental unit,6.0,2.0,5.0,2.0,262.0,43.67,303,120,0,2025-03-21,4.23,Barcelona - Regional registration number<br />HUTB-009207<br /><br />Spain - National registration number<br />ESFCTU00000806600023391800000000000000000HUTB-0092072,262.0,HUTB-009207,Apartamento turístico (HUTB / TU),HUTB-009207,HUTB,True,con_licencia,consta en el registro oficial,2025-03-21,sin_actividad_desde_09_2025
3036626,Apartment Ripoll RED,9478280.0,Angelica Y Pia,24.0,Ciutat Vella,el Barri Gòtic,41.3865,2.17445,Entire home/apt,Entire rental unit,4.0,2.0,4.0,1.0,355.67,88.92,94,33,0,2023-05-19,4.73,Spain - National registration number<br />ESFCTU00000805400049912000000000000000HUTB-001667-454<br /><br />Barcelona - Regional registration number<br />HUTB-001668,355.67,HUTB-001668,Apartamento turístico (HUTB / TU),HUTB-001668,HUTB,True,con_licencia,consta en el registro oficial,2023-05-19,sin_actividad_desde_09_2025
3318625,Nice and quiet apartment.,16755009.0,Tse,1.0,Sant Andreu,Sant Andreu,41.43776,2.18669,Entire home/apt,Entire rental unit,4.0,2.0,,1.0,107.0,26.75,246,182,0,2022-08-23,4.63,Barcelona - Regional registration number<br />HUTB-012047,107.0,HUTB-012047,Apartamento turístico (HUTB / TU),HUTB-012047,HUTB,True,con_licencia,consta en el registro oficial,2022-08-23,sin_actividad_desde_09_2025
3374070,CAMP NOU STADIUM:MODERN AND COZY APARTMENT,17025004.0,Jose,1.0,Les Corts,la Maternitat i Sant Ramon,41.37652,2.11416,Entire home/apt,Entire rental unit,3.0,1.0,1.0,7.0,72.14,24.05,44,256,0,2020-11-01,4.85,Barcelona - Regional registration number<br />HUTB-011997,72.14,HUTB-011997,Apartamento turístico (HUTB / TU),HUTB-011997,HUTB,True,con_licencia,consta en el registro oficial,2020-11-01,sin_actividad_desde_09_2025
3515542,Lovely & Quiet apartment BCN Center,17701714.0,Sonia,1.0,Sants-Montjuïc,el Poble Sec,41.37126,2.16478,Entire home/apt,Entire rental unit,6.0,3.0,,2.0,,,0,272,0,2020-03-10,4.57,Barcelona - Regional registration number<br />HUTB-009415,,HUTB-009415,Apartamento turístico (HUTB / TU),HUTB-009415,HUTB,True,con_licencia,consta en el registro oficial,2020-03-10,sin_actividad_desde_09_2025
3548439,"FLAT W/ TERRACE, SEA VIEW+PARKING",17863445.0,Segolene,1.0,Horta-Guinardó,el Guinardó,41.41729,2.17317,Entire home/apt,Entire rental unit,8.0,3.0,,2.0,,,0,95,0,2021-08-08,4.69,Barcelona - Regional registration number<br />HUTB-012488,,HUTB-012488,Apartamento turístico (HUTB / TU),HUTB-012488,HUTB,True,con_licencia,consta en el registro oficial,2021-08-08,sin_actividad_desde_09_2025
4310497,Beautiful flat in Eixample 5,10231574.0,Graciela,2.0,Eixample,la Nova Esquerra de l'Eixample,41.38238,2.14829,Entire home/apt,Entire rental unit,4.0,2.0,3.0,2.0,456.5,114.12,76,67,0,2025-01-04,4.78,Barcelona - Regional registration number<br />HUTB-003774,456.5,HUTB-003774,Apartamento turístico (HUTB / TU),HUTB-003774,HUTB,True,con_licencia,consta en el registro oficial,2025-01-04,sin_actividad_desde_09_2025
4691263,Plaza Cataluña Bliss,2439400.0,KeyBarcelona,27.0,Eixample,la Dreta de l'Eixample,41.38755,2.16553,Entire home/apt,Entire rental unit,8.0,4.0,,1.0,,,0,128,0,2024-08-13,4.36,Barcelona - Regional registration number<br />HUTB-010010<br /><br />Spain - National registration number<br />ESFCTU00000805600027796800000000000000000HUTB-0100106,,HUTB-010010,Apartamento turístico (HUTB / TU),HUTB-010010,HUTB,True,con_licencia,consta en el registro oficial,2024-08-13,sin_actividad_desde_09_2025
4699752,"Stroll to Camp Nou from a Modern, Sunny Apartment",24291564.0,Casto,1.0,Les Corts,les Corts,41.38327,2.13019,Entire home/apt,Entire rental unit,5.0,3.0,5.0,7.0,339.14,67.83,361,26,0,2019-10-22,4.62,Barcelona - Regional registration number<br />HUTB-012907<br /><br />Spain - National registration number<br />ESFCTU00000806500032200400000000000000000HUTB-0129079,339.14,HUTB-012907,Apartamento turístico (HUTB / TU),HUTB-012907,HUTB,True,con_licencia,consta en el registro oficial,2019-10-22,sin_actividad_desde_09_2025
4764274,Luxurious Apartment Near Beach,24581284.0,Eli,1.0,Sant Martí,Provençals del Poblenou,41.40914,2.20444,Entire home/apt,Entire rental unit,4.0,2.0,3.0,2.0,559.5,139.88,329,52,0,2024-02-03,4.38,Barcelona - Regional registration number<br />HUTB-009022<br /><br />Spain - National registration number<br />ESFCTU000008138000674487000000000000000000HUTB0090222,559.5,HUTB-009022,Apartamento turístico (HUTB / TU),HUTB-009022,HUTB,True,con_licencia,consta en el registro oficial,2024-02-03,sin_actividad_desde_09_2025
5068892,pb2 IDEAL LOCATION! WITH TERRACE CHARMING & QUIET,1447144.0,Acomodis Apartments,448.0,Eixample,l'Antiga Esquerra de l'Eixample,41.38956,2.15072,Entire home/apt,Entire rental unit,2.0,1.0,2.0,25.0,185.36,92.68,347,4,0,2020-03-15,4.75,Barcelona - Regional registration number<br />HUTB-000166,185.36,HUTB-000166,Apartamento turístico (HUTB / TU),HUTB-000166,HUTB,True,con_licencia,consta en el registro oficial,2020-03-15,sin_actividad_desde_09_2025
5475163,Barcelona Retreat: 2BR w/ Pvt Terrace near Beach,28388457.0,Eduardo,21.0,Sant Martí,la Vila Olímpica del Poblenou,41.39152,2.1924,Entire home/apt,Entire rental unit,4.0,2.0,4.0,1.0,277.0,69.25,142,154,0,2024-07-02,4.4,Barcelona - Regional registration number<br />HUTB-000841<br /><br />Spain - National registration number<br />ESFCTU00000807200071880500000000000000000HUTB-0008417,277.0,HUTB-000841,Apartamento turístico (HUTB / TU),HUTB-000841,HUTB,True,con_licencia,consta en el registro oficial,2024-07-02,sin_actividad_desde_09_2025
5671013,Cute Apartment Sants Station w/HBO & Alexa & A/C,8457609.0,Lalie & Jordi,2.0,Les Corts,les Corts,41.38446,2.1409,Entire home/apt,Entire rental unit,3.0,2.0,2.0,2.0,249.0,83.0,75,97,0,2025-03-16,4.74,Barcelona - Regional registration number<br />HUTB-005606,249.0,HUTB-005606,Apartamento turístico (HUTB / TU),HUTB-005606,HUTB,True,con_licencia,consta en el registro oficial,2025-03-16,sin_actividad_desde_09_2025
5724813,Tapioles · Lovely apartment in Poble Sec,9478280.0,Angelica Y Pia,24.0,Sants-Montjuïc,el Poble Sec,41.3745,2.16338,Entire home/apt,Entire rental unit,4.0,2.0,3.0,1.0,236.0,59.0,76,66,0,2025-06-15,4.45,Spain - National registration number<br />ESFCTU00000806900013221200000000000000HUTB-009803-605<br /><br />Barcelona - Regional registration number<br />HUTB-009803,236.0,HUTB-009803,Apartamento turístico (HUTB / TU),HUTB-009803,HUTB,True,con_licencia,consta en el registro oficial,2025-06-15,sin_actividad_desde_09_2025
6235783,Lovely quiet apartment next to El Born,10586740.0,Carlos,1.0,Ciutat Vella,"Sant Pere, Santa Caterina i la Ribera",41.38876,2.18187,Entire home/apt,Entire rental unit,4.0,1.0,,3.0,,,0,148,0,2020-02-11,4.47,Barcelona - Regional registration number<br />HUTB-002786,,HUTB-002786,Apartamento turístico (HUTB / TU),HUTB-002786,HUTB,True,con_licencia,consta en el registro oficial,2020-02-11,sin_actividad_desde_09_2025
6395411,3 bedroom apartment in Plaza España,3376710.0,Marianne,12.0,Sants-Montjuïc,el Poble Sec,41.37333,2.15575,Entire home/apt,Entire rental unit,6.0,3.0,5.0,3.0,282.33,47.06,196,15,0,2025-04-07,3.67,Barcelona - Regional registration number<br />HUTB-007770<br /><br />Spain - National registration number<br />ESFCTU00000806900006246500000000000000000HUTB-0077703,282.33,HUTB-007770,Apartamento turístico (HUTB / TU),HUTB-007770,HUTB,True,con_licencia,consta en el registro oficial,2025-04-07,sin_actividad_desde_09_2025
6669821,3 apartments in Diagonal Mar,5729069.0,Barcelona,14.0,Sant Martí,Diagonal Mar i el Front Marítim del Poblenou,41.40227,2.21008,Entire home/apt,Entire rental unit,14.0,8.0,16.0,3.0,2100.0,150.0,180,4,0,2025-06-09,4.75,Spain - National registration number<br />ESFCTU00000807200076802200000000000000000HUTB-0087531<br /><br />Barcelona - Regional registration number<br />HUTB-008753,2100.0,HUTB-008753,Apartamento turístico (HUTB / TU),HUTB-008753,HUTB,True,con_licencia,consta en el registro oficial,2025-06-09,sin_actividad_desde_09_2025
7288715,"Well designed, very clean, comfortable - Barcelona",38169857.0,Toni,2.0,Sarrià-Sant Gervasi,Sant Gervasi - Galvany,41.39428,2.14304,Entire home/apt,Entire rental unit,3.0,3.0,,5.0,,,0,94,0,2020-01-02,4.97,Barcelona - Regional registration number<br />HUTB-007478<br /><br />Spain - National registration number<br />ESFCNT00000805900027694800000000000000000000000000007,,HUTB-007478,Apartamento turístico (HUTB / TU),HUTB-007478,HUTB,True,con_licencia,consta en el registro oficial,2020-01-02,sin_actividad_desde_09_2025
7574593,City center apartment with terrace,4498407.0,Barcelona,4.0,Eixample,la Dreta de l'Eixample,41.39124,2.16198,Entire home/apt,Entire rental unit,4.0,2.0,3.0,5.0,400.0,100.0,75,3,0,2017-08-04,3.67,Barcelona - Regional registration number<br />HUTB-006730<br /><br />Spain - National registration number<br />ESFCTU00000805600030443500000000000000000HUTB-0067607,400.0,HUTB-006730,Apartamento turístico (HUTB / TU),HUTB-006730,HUTB,True,con_licencia,consta en el registro oficial,2017-08-04,sin_actividad_desde_09_2025
7600385,Your chic home in Barcelona! (Deep ozone cleaning),857784.0,Lucía,1.0,Eixample,Sant Antoni,41.3769,2.16002,Entire home/apt,Entire rental unit,6.0,3.0,,1.0,,,0,127,0,2022-07-25,4.55,Barcelona - Regional registration number<br />HUTB-001524,,HUTB-001524,Apartamento turístico (HUTB / TU),HUTB-001524,HUTB,True,con_licencia,consta en el registro oficial,2022-07-25,sin_actividad_desde_09_2025
7729232,"Eclectic 2bed,Passeig Sant Joan area",18038725.0,Zane,3.0,Eixample,la Sagrada Família,41.40076,2.17419,Entire home/apt,Entire rental unit,3.0,2.0,3.0,5.0,888.8,296.27,90,117,0,2024-10-15,4.76,Spain - National registration number<br />ESFCTU00000807300003382000000000000000000HUTB-0123675<br /><br />Barcelona - Regional registration number<br />HUTB-012367,888.8,HUTB-012367,Apartamento turístico (HUTB / TU),HUTB-012367,HUTB,True,con_licencia,consta en el registro oficial,2024-10-15,sin_actividad_desde_09_2025
8631929,"pb4 WITH TERRACE QUIET & HAPPY FLAT ""ACOMODIS""!!!!",1447144.0,Acomodis Apartments,448.0,Eixample,l'Antiga Esquerra de l'Eixample,41.38874,2.1523,Entire home/apt,Entire rental unit,2.0,1.0,2.0,30.0,88.13,44.06,365,3,0,2016-02-11,4.0,Barcelona - Regional registration number<br />HUTB-000166,88.13,HUTB-000166,Apartamento turístico (HUTB / TU),HUTB-000166,HUTB,True,con_licencia,consta en el registro oficial,2016-02-11,sin_actividad_desde_09_2025
9309091,"pb1 Nice Barcelona, quiet flat with happy terrace",1447144.0,Acomodis Apartments,448.0,Eixample,la Nova Esquerra de l'Eixample,41.38729,2.15172,Entire home/apt,Entire rental unit,2.0,1.0,2.0,30.0,174.8,87.4,364,23,0,2020-03-08,4.7,Barcelona - Regional registration number<br />HUTB-000166,174.8,HUTB-000166,Apartamento turístico (HUTB / TU),HUTB-000166,HUTB,True,con_licencia,consta en el registro oficial,2020-03-08,sin_actividad_desde_09_2025
9362251,Plaza España Apartime,4396136.0,Homesearch S.L,11.0,Sants-Montjuïc,el Poble Sec,41.37333,2.15451,Entire home/apt,Entire rental unit,7.0,2.0,4.0,2.0,283.0,40.43,136,42,0,2024-05-05,4.36,Barcelona - Regional registration number<br />HUTB-005253<br /><br />Spain - National registration number<br />ESFCTU00000806900016402200000000000000000HUTB-0052535,283.0,HUTB-005253,Apartamento turístico (HUTB / TU),HUTB-005253,HUTB,True,con_licencia,consta en el registro oficial,2024-05-05,sin_actividad_desde_09_2025
9664354,1NEW LUXURY BCN....Sagrada Familia,8320113.0,Carles,2.0,Eixample,la Sagrada Família,41.40642,2.18154,Entire home/apt,Entire rental unit,5.0,3.0,,4.0,,,0,31,0,2020-01-03,4.74,Barcelona - Regional registration number<br />HUTB-006864<br /><br />Spain - National registration number<br />ESFCTU00000807300032297900000000000000000HUTB-0068644,,HUTB-006864,Apartamento turístico (HUTB / TU),HUTB-006864,HUTB,True,con_licencia,consta en el registro oficial,2020-01-03,sin_actividad_desde_09_2025
9911528,Two-Bedroom Penthouse with Terrace,22886148.0,Quartprimera Apartments,5.0,Eixample,la Dreta de l'Eixample,41.396270751953125,2.161439895629883,Entire home/apt,Entire serviced apartment,3.0,2.0,2.0,2.0,388.0,129.33,113,24,0,2024-04-11,4.92,Barcelona - Regional registration number<br />HUTB-008531<br /><br />Spain - National registration number<br />ESFCTU000080570008655130000000000000000000HUTB0085312,388.0,HUTB-008531,Apartamento turístico (HUTB / TU),HUTB-008531,HUTB,True,con_licencia,consta en el registro oficial,2024-04-11,sin_actividad_desde_09_2025
9914165,Two Bedroom Apartment Carrer Pelai,8130906.0,YouStylish Apartments,29.0,Eixample,la Dreta de l'Eixample,41.386,2.1664,Entire home/apt,Entire serviced apartment,4.0,2.0,3.0,2.0,316.0,79.0,248,81,0,2024-05-02,4.74,Barcelona - Regional registration number<br />HUTB-002673<br /><br />Spain - National registration number<br />ESFCTU00000805600072203100000000000000000002201112708,316.0,HUTB-002673,Apartamento turístico (HUTB / TU),HUTB-002673,HUTB,True,con_licencia,consta en el registro oficial,2024-05-02,sin_actividad_desde_09_2025
10727331,Plaza España/Montjuich,5784650.0,Franc,3.0,Sants-Montjuïc,Hostafrancs,41.37469,2.14815,Entire home/apt,Entire rental unit,4.0,2.0,,4.0,686.0,171.5,29,130,0,2023-08-28,4.77,Spain - National registration number<br />ESFCTU000008068000229151000000000000000000HUTB0055609<br /><br />Barcelona - Regional registration number<br />HUTB-005560,686.0,HUTB-005560,Apartamento turístico (HUTB / TU),HUTB-005560,HUTB,True,con_licencia,consta en el registro oficial,2023-08-28,sin_actividad_desde_09_2025
11411750,"Central, cosy, air-conditioned charming flat",4918740.0,Aspasios Charming Flats,7.0,Eixample,Sant Antoni,41.37593,2.15936,Entire home/apt,Entire serviced apartment,1.0,1.0,2.0,2.0,178.0,178.0,313,2,0,2018-02-25,3.5,Barcelona - Regional registration number<br />HUTB-012782,178.0,HUTB-012782,Apartamento turístico (HUTB / TU),HUTB-012782,HUTB,True,con_licencia,consta en el registro oficial,2018-02-25,sin_actividad_desde_09_2025
12587201,Elegant Boutique Apartment,68272406.0,Miguel,1.0,Eixample,Sant Antoni,41.37641,2.15932,Entire home/apt,Entire condo,4.0,2.0,3.0,2.0,414.67,103.67,289,13,0,2025-03-07,4.46,Barcelona - Regional registration number<br />HUTB-005092<br /><br />Spain - National registration number<br />ESFCTU00000806900043847500000000000000000HUTB-0050926,414.67,HUTB-005092,Apartamento turístico (HUTB / TU),HUTB-005092,HUTB,True,con_licencia,consta en el registro oficial,2025-03-07,sin_actividad_desde_09_2025
13742696,Luxury Apartment by BCN Rambla Catalunya Apartment,43565515.0,Homes In Blue,29.0,Eixample,la Dreta de l'Eixample,41.3933,2.16012,Entire home/apt,Entire rental unit,4.0,2.0,3.0,2.0,294.5,73.62,317,7,0,2025-06-14,4.57,Barcelona - Regional registration number<br />HUTB-004257<br /><br />Spain - National registration number<br />ESHFTU00000805600060842700100000000000HUTB-004257-836,294.5,HUTB-004257,Apartamento turístico (HUTB / TU),HUTB-004257,HUTB,True,con_licencia,consta en el registro oficial,2025-06-14,sin_actividad_desde_09_2025
14178223,Modern and stylish 3 bedroom apart (HUTB012080),85870267.0,Yuri,1.0,Sant Martí,el Poblenou,41.40621,2.20259,Entire home/apt,Entire rental unit,6.0,3.0,,3.0,,,0,5,0,2018-07-29,4.6,Barcelona - Regional registration number<br />HUTB-012080,,HUTB-012080,Apartamento turístico (HUTB / TU),HUTB-012080,HUTB,True,con_licencia,consta en el registro oficial,2018-07-29,sin_actividad_desde_09_2025
15534219,Autèntic Monumental P2,20790978.0,Autèntic Barcelona,15.0,Eixample,el Fort Pienc,41.40183,2.18225,Entire home/apt,Entire rental unit,6.0,3.0,5.0,1.0,404.0,67.33,67,14,0,2025-06-10,4.64,Barcelona - Regional registration number<br />HUTB-010525<br /><br />Spain - National registration number<br />ESFCTU00B20807300010989100000000000000000HUTB-0105255,404.0,HUTB-010525,Apartamento turístico (HUTB / TU),HUTB-010525,HUTB,True,con_licencia,consta en el registro oficial,2025-06-10,sin_actividad_desde_09_2025
15668556,Best views just in front of Sagrada Familia,101182990.0,Nuria,1.0,Eixample,la Sagrada Família,41.40361,2.175,Entire home/apt,Entire rental unit,4.0,2.0,,3.0,,,0,63,0,2019-07-31,5.0,Barcelona - Regional registration number<br />HUTB-009382,,HUTB-009382,Apartamento turístico (HUTB / TU),HUTB-009382,HUTB,True,con_licencia,consta en el registro oficial,2019-07-31,sin_actividad_desde_09_2025
16076152,Unique Penthouse 1 with terrace,61360206.0,Carles,11.0,Eixample,la Dreta de l'Eixample,41.3904,2.1762,Entire home/apt,Entire rental unit,4.0,2.0,3.0,1.0,616.33,154.08,246,63,0,2025-05-16,4.79,Barcelona - Regional registration number<br />HUTB-003872,616.33,HUTB-003872,Apartamento turístico (HUTB / TU),HUTB-003872,HUTB,True,con_licencia,consta en el registro oficial,2025-05-16,sin_actividad_desde_09_2025
16076627,Unique Penthouse 2 with terrace,61360206.0,Carles,11.0,Eixample,la Dreta de l'Eixample,41.3918,2.17613,Entire home/apt,Entire rental unit,4.0,2.0,3.0,1.0,616.33,154.08,311,36,0,2025-05-04,4.94,Barcelona - Regional registration number<br />HUTB-003878,616.33,HUTB-003878,Apartamento turístico (HUTB / TU),HUTB-003878,HUTB,True,con_licencia,consta en el registro oficial,2025-05-04,sin_actividad_desde_09_2025
16079084,Impressive Design-Forward Penthouse in an Historic Building,61360206.0,Carles,11.0,Eixample,la Dreta de l'Eixample,41.39042,2.17398,Entire home/apt,Entire loft,7.0,4.0,6.0,3.0,1426.67,203.81,242,11,0,2025-03-05,4.73,Barcelona - Regional registration number<br />HUTB-003877,1426.67,HUTB-003877,Apartamento turístico (HUTB / TU),HUTB-003877,HUTB,True,con_licencia,consta en el registro oficial,2025-03-05,sin_actividad_desde_09_2025
16384420,Modern Apartment Barcelona-Sants,97797707.0,Feel At Sants,6.0,Sants-Montjuïc,Sants,41.37602,2.13287,Entire home/apt,Entire rental unit,6.0,,,4.0,315.0,52.5,238,60,0,2022-05-23,4.73,Spain - National registration number<br />ESFCTU00000806500022396700000000000000000HUTB-0121385<br /><br />Barcelona - Regional registration number<br />HUTB-012138,315.0,HUTB-012138,Apartamento turístico (HUTB / TU),HUTB-012138,HUTB,True,con_licencia,consta en el registro oficial,2022-05-23,sin_actividad_desde_09_2025
16384978,Confort Apartment Barcelona-Sants.,97797707.0,Feel At Sants,6.0,Sants-Montjuïc,Sants,41.37458,2.13442,Entire home/apt,Entire rental unit,4.0,,,4.0,291.75,72.94,257,123,0,2025-01-02,4.69,Spain - National registration number<br />ESFCTU00000806500022398100000000000000000HUTB-0121350<br /><br />Barcelona - Regional registration number<br />HUTB-012135,291.75,HUTB-012135,Apartamento turístico (HUTB / TU),HUTB-012135,HUTB,True,con_licencia,consta en el registro oficial,2025-01-02,sin_actividad_desde_09_2025
16385602,Fancy Apartment Barcelona-Sants,97797707.0,Feel At Sants,6.0,Sants-Montjuïc,Sants,41.37432,2.13385,Entire home/apt,Entire rental unit,6.0,,,4.0,362.5,60.42,257,14,0,2022-09-26,4.36,Spain - National registration number<br />ESFCTU00000806500022400100000000000000000HUTB-0121347<br /><br />Barcelona - Regional registration number<br />HUTB-012134,362.5,HUTB-012134,Apartamento turístico (HUTB / TU),HUTB-012134,HUTB,True,con_licencia,consta en el registro oficial,2022-09-26,sin_actividad_desde_09_2025
16386312,Upper Apartment Barcelona-Sants,97797707.0,Feel At Sants,6.0,Sants-Montjuïc,Sants,41.37446,2.13377,Entire home/apt,Entire rental unit,8.0,,,4.0,405.0,50.62,238,3,0,2023-04-19,5.0,Spain - National registration number<br />ESFCTU00000806500060924200000000000000000HUTB-0121365<br /><br />Barcelona - Regional registration number<br />HUTB-012136,405.0,HUTB-012136,Apartamento turístico (HUTB / TU),HUTB-012136,HUTB,True,con_licencia,consta en el registro oficial,2023-04-19,sin_actividad_desde_09_2025
16386645,Charming Apartment Barcelona-Sants,97797707.0,Feel At Sants,6.0,Sants-Montjuïc,Sants,41.37453,2.13428,Entire home/apt,Entire rental unit,6.0,1.0,3.0,4.0,380.0,63.33,257,3,0,2024-06-25,4.67,Spain - National registration number<br />ESFCTU00000806500022394300000000000000000HUTB-0121334<br /><br />Barcelona - Regional registration number<br />HUTB-012133,380.0,HUTB-012133,Apartamento turístico (HUTB / TU),HUTB-012133,HUTB,True,con_licencia,consta en el registro oficial,2024-06-25,sin_actividad_desde_09_2025
16390841,Penthouse Apartment Barcelona-Sants,97797707.0,Feel At Sants,6.0,Sants-Montjuïc,Sants,41.3761,2.13472,Entire home/apt,Entire rental unit,5.0,,,4.0,362.5,72.5,257,6,0,2022-05-18,5.0,Spain - National registration number<br />ESFCTU00000806500022401800000000000000000HUTB-0121376<br /><br />Barcelona - Regional registration number<br />HUTB-012137,362.5,HUTB-012137,Apartamento turístico (HUTB / TU),HUTB-012137,HUTB,True,con_licencia,consta en el registro oficial,2022-05-18,sin_actividad_desde_09_2025
17245611,Barcelona at the beach,114164260.0,Silvia,2.0,Sant Martí,la Vila Olímpica del Poblenou,41.39267,2.19909,Entire home/apt,Entire rental unit,5.0,3.0,,4.0,,,0,44,0,2024-10-05,4.86,Barcelona - Regional registration number<br />HUTB-011459,,HUTB-011459,Apartamento turístico (HUTB / TU),HUTB-011459,HUTB,True,con_licencia,consta en el registro oficial,2024-10-05,sin_actividad_desde_09_2025
17252894,"SOL, G.TZA. Plaza España C. arenas, 3 ps Bus aerpt",9922976.0,Isa  Y Juan,2.0,Eixample,la Nova Esquerra de l'Eixample,41.37756,2.14883,Entire home/apt,Entire loft,3.0,1.0,,4.0,239.5,79.83,87,192,3,2025-08-27,4.41,Barcelona - Regional registration number<br />HUTB-010141,239.5,HUTB-010141,Apartamento turístico (HUTB / TU),HUTB-010141,HUTB,True,con_licencia,consta en el registro oficial,2025-08-27,sin_actividad_desde_09_2025
17987719,"Bcn-rentals  6, Just7-10 min to Ramblas",117890550.0,David Y Maria,4.0,Ciutat Vella,el Raval,41.37978,2.1675,Entire home/apt,Entire rental unit,7.0,3.0,6.0,3.0,342.67,48.95,277,4,0,2023-09-02,4.75,Spain - National registration number<br />ESHFTU00000805600046792500100000000000000HUTB-0135797<br /><br />Barcelona - Regional registration number<br />HUTB-013579,342.67,HUTB-013579,Apartamento turístico (HUTB / TU),HUTB-013579,HUTB,True,con_licencia,consta en el registro oficial,2023-09-02,sin_actividad_desde_09_2025
18438898,Chic nº8,10582280.0,Chic Apartments Barcelona,4.0,Eixample,la Sagrada Família,41.40036,2.17475,Entire home/apt,Entire rental unit,4.0,1.0,3.0,1.0,305.0,76.25,249,37,0,2025-01-19,4.43,Barcelona - Regional registration number<br />HUTB-008204,305.0,HUTB-008204,Apartamento turístico (HUTB / TU),HUTB-008204,HUTB,True,con_licencia,consta en el registro oficial,2025-01-19,sin_actividad_desde_09_2025
18530629,Chic nº6,10582280.0,Chic Apartments Barcelona,4.0,Eixample,la Sagrada Família,41.40024,2.17316,Entire home/apt,Entire rental unit,4.0,1.0,3.0,1.0,231.0,57.75,235,38,0,2023-04-29,4.58,Barcelona - Regional registration number<br />HUTB-008204,231.0,HUTB-008204,Apartamento turístico (HUTB / TU),HUTB-008204,HUTB,True,con_licencia,consta en el registro oficial,2023-04-29,sin_actividad_desde_09_2025
19191171,"Luxury penthouse, private terrace, pool",132596381.0,Casagrand Luxury Suites Barcelona,3.0,Gràcia,la Vila de Gràcia,41.39587,2.15592,Entire home/apt,Entire serviced apartment,3.0,1.0,2.0,1.0,400.0,133.33,262,16,0,2025-05-19,4.69,Barcelona - Regional registration number<br />HUTB-010186<br /><br />Spain - National registration number<br />ESHFTU00000806600007837301300000000000000HUTB-0101861,400.0,HUTB-010186,Apartamento turístico (HUTB / TU),HUTB-010186,HUTB,True,con_licencia,consta en el registro oficial,2025-05-19,sin_actividad_desde_09_2025
19865313,AB Park Güell Apartment  III-I,4459553.0,AB Apartment Barcelona,243.0,Horta-Guinardó,el Carmel,41.41878,2.15745,Entire home/apt,Entire rental unit,5.0,3.0,7.0,1.0,257.0,51.4,312,86,0,2024-07-23,4.31,Barcelona - Regional registration number<br />HUTB-002900<br /><br />Spain - National registration number<br />ESHFTU00000804800040100900700000000000HUTB-002900-921,257.0,HUTB-002900,Apartamento turístico (HUTB / TU),HUTB-002900,HUTB,True,con_licencia,consta en el registro oficial,2024-07-23,sin_actividad_desde_09_2025
20778861,Casa Tibidabo with Terrace + Wifi,148901183.0,José Luis,4.0,Sarrià-Sant Gervasi,el Putxet i el Farró,41.4107,2.13972,Entire home/apt,Entire rental unit,3.0,2.0,,5.0,,,0,122,0,2021-11-03,4.79,Barcelona - Regional registration number<br />HUTB-008590<br /><br />Spain - National registration number<br />ESFCTU00000806300018086000000000000000000HUTB-0085900,,HUTB-008590,Apartamento turístico (HUTB / TU),HUTB-008590,HUTB,True,con_licencia,consta en el registro oficial,2021-11-03,sin_actividad_desde_09_2025
21601117,Apartment with views to La Sagrada Familia,154788425.0,Marta & Cesc,6.0,Eixample,la Sagrada Família,41.403,2.17401,Entire home/apt,Entire rental unit,6.0,3.0,,9.0,,,0,120,0,2024-11-26,4.97,Spain - National registration number<br />ESFCTU00000807300085521700000000000000000000004395795<br /><br />Barcelona - Regional registration number<br />HUTB-004395,,HUTB-004395,Apartamento turístico (HUTB / TU),HUTB-004395,HUTB,True,con_licencia,consta en el registro oficial,2024-11-26,sin_actividad_desde_09_2025
21658683,Apartment Loft  en La Rambla - Boquería,117888638.0,Agustin,6.0,Ciutat Vella,el Barri Gòtic,41.38269,2.17208,Entire home/apt,Entire loft,4.0,1.0,1.0,1.0,262.5,65.62,232,4,0,2023-10-20,4.5,Spain - National registration number<br />ESHFTU00000805400049516000700000000000000HUTB-0358756<br /><br />Barcelona - Regional registration number<br />HUTB-035875,262.5,HUTB-035875,Apartamento turístico (HUTB / TU),HUTB-035875,HUTB,True,con_licencia,consta en el registro oficial,2023-10-20,sin_actividad_desde_09_2025
21670806,Beautiful Attic with private terrace,3193594.0,Jan,10.0,Horta-Guinardó,el Guinardó,41.41268141573768,2.175553699855185,Entire home/apt,Entire rental unit,2.0,1.0,1.0,5.0,267.2,133.6,31,3,0,2021-11-10,4.67,Spain - National registration number<br />ESFCTU00000805800000841200000000000000000HUTB-0044958<br /><br />Barcelona - Regional registration number<br />HUTB-004495,267.2,HUTB-004495,Apartamento turístico (HUTB / TU),HUTB-004495,HUTB,True,con_licencia,consta en el registro oficial,2021-11-10,sin_actividad_desde_09_2025
21971059,1casualapartment,160410607.0,⁨Team Jorla S.L.⁩,1.0,Sants-Montjuïc,Sants,41.37579,2.13189,Entire home/apt,Entire condo,4.0,2.0,4.0,1.0,350.0,87.5,130,13,0,2018-06-26,4.54,Spain - National registration number<br />ESHFTU00000806500028181300100000000000000HUTB-0121318<br /><br />Barcelona - Regional registration number<br />HUTB-012131,350.0,HUTB-012131,Apartamento turístico (HUTB / TU),HUTB-012131,HUTB,True,con_licencia,consta en el registro oficial,2018-06-26,sin_actividad_desde_09_2025
21993053,SAGRADA FAMILIA APARTMENT BALCONY,142876066.0,Lucia,2.0,Gràcia,el Camp d'en Grassot i Gràcia Nova,41.40225,2.16886,Entire home/apt,Entire rental unit,4.0,1.0,2.0,3.0,312.0,78.0,86,23,0,2024-09-23,4.7,Barcelona - Regional registration number<br />HUTB-010567<br /><br />Spain - National registration number<br />ESFCTU00000805700078146200000000000000000HUTB-0105675,312.0,HUTB-010567,Apartamento turístico (HUTB / TU),HUTB-010567,HUTB,True,con_licencia,consta en el registro oficial,2024-09-23,sin_actividad_desde_09_2025
22537657,BEST LOCATION IN GRACIA,3465149.0,Jordi,6.0,Gràcia,la Vila de Gràcia,41.40481,2.15667,Entire home/apt,Entire condo,7.0,2.0,4.0,3.0,287.33,41.05,273,15,0,2022-11-14,4.8,Barcelona - Regional registration number<br />HUTB-006824,287.33,HUTB-006824,Apartamento turístico (HUTB / TU),HUTB-006824,HUTB,True,con_licencia,consta en el registro oficial,2022-11-14,sin_actividad_desde_09_2025
22762840,LUXURY IN SAGRADA FAMILIA,168125583.0,María,1.0,Eixample,la Sagrada Família,41.40851,2.17471,Entire home/apt,Entire rental unit,6.0,3.0,,3.0,,,0,19,0,2020-03-12,4.89,Barcelona - Regional registration number<br />HUTB011393,,HUTB011393,Apartamento turístico (HUTB / TU),HUTB-011393,HUTB,True,con_licencia,consta en el registro oficial,2020-03-12,sin_actividad_desde_09_2025
22770039,Sunny private terrace - Barcelona center!,168187518.0,Barcelonalover,2.0,Eixample,el Fort Pienc,41.40113,2.17904,Entire home/apt,Entire rental unit,2.0,1.0,1.0,2.0,268.25,134.12,245,48,0,2024-08-15,4.63,Barcelona - Regional registration number<br />HUTB-008441,268.25,HUTB-008441,Apartamento turístico (HUTB / TU),HUTB-008441,HUTB,True,con_licencia,consta en el registro oficial,2024-08-15,sin_actividad_desde_09_2025
22967713,Apartamento Sagrada Familia,104217467.0,Consuelo,1.0,Sant Martí,el Clot,41.40631,2.18435,Entire home/apt,Entire rental unit,4.0,3.0,3.0,3.0,312.0,78.0,335,6,0,2024-04-18,4.5,Barcelona - Regional registration number<br />HUTB-006347<br /><br />Spain - National registration number<br />ESFCTU00000807300017863700000000000000000HUTB-0063472,312.0,HUTB-006347,Apartamento turístico (HUTB / TU),HUTB-006347,HUTB,True,con_licencia,consta en el registro oficial,2024-04-18,sin_actividad_desde_09_2025
23517823,Barcelona center: Rooftop with private terrace,168187518.0,Barcelonalover,2.0,Eixample,l'Antiga Esquerra de l'Eixample,41.38506,2.1619,Entire home/apt,Entire rental unit,4.0,1.0,1.0,1.0,363.0,90.75,327,28,0,2022-08-11,4.82,Barcelona - Regional registration number<br />HUTB-012041,363.0,HUTB-012041,Apartamento turístico (HUTB / TU),HUTB-012041,HUTB,True,con_licencia,consta en el registro oficial,2022-08-11,sin_actividad_desde_09_2025
24167970,Sleeps 20 off Paseo de Gracia,131794.0,Damien,22.0,Eixample,la Dreta de l'Eixample,41.39569,2.16921,Entire home/apt,Entire rental unit,16.0,9.0,10.0,3.0,2104.0,131.5,330,20,1,2025-06-27,4.9,Spain - National registration number<br />ESFCTU00D10805400024057900000000000000000HUTB-0056310<br /><br />Barcelona - Regional registration number<br />HUTB-005257,2104.0,HUTB-005257,Apartamento turístico (HUTB / TU),HUTB-005257,HUTB,True,con_licencia,consta en el registro oficial,2025-06-27,sin_actividad_desde_09_2025
24295747,APARTAMENTO LUMINOSO CERCA DE MONTJUIC,145488772.0,Jesús,2.0,Sants-Montjuïc,el Poble Sec,41.37252,2.16489,Entire home/apt,Entire rental unit,5.0,3.0,,3.0,,,0,19,0,2020-01-05,4.47,Barcelona - Regional registration number<br />HUTB-001040,,HUTB-001040,Apartamento turístico (HUTB / TU),HUTB-001040,HUTB,True,con_licencia,consta en el registro oficial,2020-01-05,sin_actividad_desde_09_2025
24448871,Plaza de Catalunya - Pso. de Gracia by Interhome,163379623.0,Sonia - Interhome,17.0,Eixample,la Dreta de l'Eixample,41.38807,2.1696,Entire home/apt,Entire rental unit,2.0,1.0,2.0,1.0,365.0,182.5,361,23,0,2025-03-16,4.43,Barcelona - Regional registration number<br />HUTB004935<br /><br />Spain - National registration number<br />ESFCTU000008056000550092000000000000000000HUTB0049354,365.0,HUTB004935,Apartamento turístico (HUTB / TU),HUTB-004935,HUTB,True,con_licencia,consta en el registro oficial,2025-03-16,sin_actividad_desde_09_2025
24589082,The Gran Via Penthouse Apartime,86551441.0,Maria Soledad,15.0,Eixample,la Dreta de l'Eixample,41.39206,2.17132,Entire home/apt,Entire rental unit,2.0,1.0,1.0,1.0,325.0,162.5,129,18,0,2025-03-24,4.39,Barcelona - Regional registration number<br />HUTB-005182<br /><br />Spain - National registration number<br />ESFCTU00000805400020377200000000000000HUTB-042966-673,325.0,HUTB-005182,Apartamento turístico (HUTB / TU),HUTB-005182,HUTB,True,con_licencia,consta en el registro oficial,2025-03-24,sin_actividad_desde_09_2025
24797878,Chic Apartments Barcelona,10582280.0,Chic Apartments Barcelona,4.0,Eixample,el Fort Pienc,41.39903,2.17466,Entire home/apt,Entire rental unit,4.0,1.0,3.0,1.0,277.1,69.28,244,43,0,2025-02-16,4.67,Barcelona - Regional registration number<br />HUTB-008086,277.1,HUTB-008086,Apartamento turístico (HUTB / TU),HUTB-008086,HUTB,True,con_licencia,consta en el registro oficial,2025-02-16,sin_actividad_desde_09_2025
25335202,Cozy apartment in Barcelona heart,48642013.0,Isabel,1.0,Eixample,l'Antiga Esquerra de l'Eixample,41.38583,2.16218,Entire home/apt,Entire rental unit,6.0,3.0,,1.0,,,0,77,0,2020-03-08,4.88,Barcelona - Regional registration number<br />HUTB-008246,,HUTB-008246,Apartamento turístico (HUTB / TU),HUTB-008246,HUTB,True,con_licencia,consta en el registro oficial,2020-03-08,sin_actividad_desde_09_2025
25453308,Exquisite apt. Open space and plently of light,5070884.0,Laia,3.0,Eixample,la Dreta de l'Eixample,41.39328,2.17513,Entire home/apt,Entire rental unit,3.0,1.0,2.0,31.0,138.09,46.03,206,5,0,2020-08-28,5.0,Spain - National registration number<br />ESFCTU00000805400018897000000000000000000HUTB-0086501<br /><br />Barcelona - Regional registration number<br />HUTB-008650,138.09,HUTB-008650,Apartamento turístico (HUTB / TU),HUTB-008650,HUTB,True,con_licencia,consta en el registro oficial,2020-08-28,sin_actividad_desde_09_2025
25971153,Very comfortable apartment for a familiy stay,3193594.0,Jan,10.0,Eixample,Sant Antoni,41.37758,2.16193,Entire home/apt,Entire rental unit,4.0,2.0,,4.0,,,0,2,0,2025-06-15,5.0,Barcelona - Regional registration number<br />HUTB-004774<br /><br />Spain - National registration number<br />ESFCTU00000806900021566300000000000000000HUTB-0047744,,HUTB-004774,Apartamento turístico (HUTB / TU),HUTB-004774,HUTB,True,con_licencia,consta en el registro oficial,2025-06-15,sin_actividad_desde_09_2025
26561889,Penthouse 1 bedroom + 1 bathroom terrace,104876399.0,Charmsuites,7.0,Sants-Montjuïc,el Poble Sec,41.37401,2.16868,Entire home/apt,Entire rental unit,4.0,,3.0,2.0,183.33,45.83,119,11,0,2023-06-06,3.91,Barcelona - Regional registration number<br />HUTB-002508,183.33,HUTB-002508,Apartamento turístico (HUTB / TU),HUTB-002508,HUTB,True,con_licencia,consta en el registro oficial,2023-06-06,sin_actividad_desde_09_2025
27011225,1 Luxury bedroom apartment,113020313.0,Javier,5.0,Eixample,la Dreta de l'Eixample,41.39645,2.16581,Entire home/apt,Entire rental unit,2.0,1.0,1.0,2.0,336.0,168.0,170,8,1,2025-08-16,4.5,Barcelona - Regional registration number<br />HUTB-001984<br /><br />Spain - National registration number<br />ESFCTU00000805400051866100000000000000000000040135001,336.0,HUTB-001984,Apartamento turístico (HUTB / TU),HUTB-001984,HUTB,True,con_licencia,consta en el registro oficial,2025-08-16,sin_actividad_desde_09_2025
27270668,1 bedroom superior apartment on the 5th floor,5614931.0,Fisa Rentals,44.0,Les Corts,les Corts,41.38537,2.14054,Entire home/apt,Entire serviced apartment,5.0,1.0,2.0,2.0,176.0,35.2,143,14,0,2025-05-15,4.93,Spain - National registration number<br />ESHFTU00000805600033832401300000000000HUTB-000104-432<br /><br />Barcelona - Regional registration number<br />HUTB-000104,176.0,HUTB-000104,Apartamento turístico (HUTB / TU),HUTB-000104,HUTB,True,con_licencia,consta en el registro oficial,2025-05-15,sin_actividad_desde_09_2025
27400786,S9-Deluxe flat near Sagrada Familia with Terrace,1093718.0,Alexey,14.0,Eixample,la Sagrada Família,41.40115,2.17652,Entire home/apt,Entire rental unit,6.0,3.0,3.0,2.0,88.09,14.68,225,13,1,2025-08-31,4.85,Spain - National registration number<br />ESFCNT00000807300010172700000000000000000000000000005<br /><br />Barcelona - Regional registration number<br />HUTB-006895,88.09,HUTB-006895,Apartamento turístico (HUTB / TU),HUTB-006895,HUTB,True,con_licencia,consta en el registro oficial,2025-08-31,sin_actividad_desde_09_2025
27810152,Cosy room located in Example´s golden square,169659048.0,Igor,2.0,Eixample,l'Antiga Esquerra de l'Eixample,41.38521,2.1594,Private room,Private room in rental unit,2.0,,,3.0,,,0,157,0,2024-07-01,4.94,Spain - National registration number<br />ESFCTU00000805600028729500000000000000000HUTB-0097424<br /><br />Barcelona - Regional registration number<br />HUTB-009742,,HUTB-009742,Apartamento turístico (HUTB / TU),HUTB-009742,HUTB,True,con_licencia,consta en el registro oficial,2024-07-01,sin_actividad_desde_09_2025
28325817,Durlet Beach Cosy 2 bedrooms apartment,29493595.0,Durlet Apartments,5.0,Sant Martí,el Poblenou,41.39817,2.2066,Entire home/apt,Entire serviced apartment,5.0,2.0,2.0,2.0,396.5,79.3,122,29,0,2022-12-05,4.72,Spain - National registration number<br />ESFCTU00000807200078228800000000000000000HUTB-0778736<br /><br />Barcelona - Regional registration number<br />HUTB-077873,396.5,HUTB-077873,Apartamento turístico (HUTB / TU),HUTB-077873,HUTB,True,con_licencia,consta en el registro oficial,2022-12-05,sin_actividad_desde_09_2025
28923740,"Cozy small Attic, big terrace, near Gràcia area",2750390.0,Cristina,2.0,Sarrià-Sant Gervasi,el Putxet i el Farró,41.40386,2.14766,Entire home/apt,Entire condo,4.0,1.0,2.0,3.0,207.33,51.83,214,69,0,2020-07-13,4.55,Barcelona - Regional registration number<br />HUTB-001455,207.33,HUTB-001455,Apartamento turístico (HUTB / TU),HUTB-001455,HUTB,True,con_licencia,consta en el registro oficial,2020-07-13,sin_actividad_desde_09_2025
29119662,Olimpica Pool Terrace,2819397.0,"Ale, Maria And Arthur Barcelonaforrent",16.0,Sant Martí,la Vila Olímpica del Poblenou,41.39297,2.19411,Entire home/apt,Entire rental unit,6.0,3.0,6.0,28.0,444.7,74.12,233,4,0,2022-06-06,5.0,Barcelona - Regional registration number<br />HUTB-013409<br /><br />Spain - National registration number<br />ESFCTU00000807200063872100000000000000000HUTB-0134091,444.7,HUTB-013409,Apartamento turístico (HUTB / TU),HUTB-013409,HUTB,True,con_licencia,consta en el registro oficial,2022-06-06,sin_actividad_desde_09_2025
29256804,Apartamento cerca de la Sagrada Familia,145488772.0,Jesús,2.0,Gràcia,el Camp d'en Grassot i Gràcia Nova,41.40726,2.16586,Entire home/apt,Entire rental unit,5.0,3.0,,3.0,,,0,4,0,2019-09-07,3.75,Barcelona - Regional registration number<br />HUTB-002442,,HUTB-002442,Apartamento turístico (HUTB / TU),HUTB-002442,HUTB,True,con_licencia,consta en el registro oficial,2019-09-07,sin_actividad_desde_09_2025
29562795,"Brand new! 3 bedroom ""Acomodis"" flat 2 bathrooms!",1447144.0,Acomodis Apartments,448.0,Eixample,la Sagrada Família,41.40539,2.18186,Entire home/apt,Entire rental unit,5.0,3.0,4.0,1.0,423.0,84.6,324,2,0,2020-03-31,4.5,Barcelona - Regional registration number<br />HUTB-006864,423.0,HUTB-006864,Apartamento turístico (HUTB / TU),HUTB-006864,HUTB,True,con_licencia,consta en el registro oficial,2020-03-31,sin_actividad_desde_09_2025
30150814,PASSEIG GRACIA SUN BALCONY 2 BEDROOMS we care about your safety,225905456.0,Batlle,1.0,Eixample,la Dreta de l'Eixample,41.39455,2.16023,Entire home/apt,Entire rental unit,5.0,2.0,4.0,2.0,359.0,71.8,99,35,0,2025-04-03,4.86,Barcelona - Regional registration number<br />HUTB-002828<br /><br />Spain - National registration number<br />ESFCTU00000805600070252100000000000000000HUTB-0028286,359.0,HUTB-002828,Apartamento turístico (HUTB / TU),HUTB-002828,HUTB,True,con_licencia,consta en el registro oficial,2025-04-03,sin_actividad_desde_09_2025
30247780,Piso 10 meridiana,21726991.0,Silvia De Lourdes,359.0,Nou Barris,Vilapicina i la Torre Llobeta,41.428371,2.184001,Entire home/apt,Entire rental unit,4.0,2.0,2.0,3.0,251.17,62.79,348,20,0,2025-05-04,4.15,Barcelona - Regional registration number<br />HUTB-012457<br /><br />Spain - National registration number<br />ESFCTU00000812000014847100000000000000000HUTB-0124575,251.17,HUTB-012457,Apartamento turístico (HUTB / TU),HUTB-012457,HUTB,True,con_licencia,consta en el registro oficial,2025-05-04,sin_actividad_desde_09_2025
30586527,Tu hogar en Barcelona,7906740.0,Angeles,5.0,Sants-Montjuïc,la Bordeta,41.37095,2.13378,Entire home/apt,Entire rental unit,2.0,1.0,,2.0,,,0,1,0,2021-07-11,5.0,Spain - National registration number<br />ESFCTU00000806500047587800000000000000HUTB-012687-559<br /><br />Barcelona - Regional registration number<br />HUTB-012687,,HUTB-012687,Apartamento turístico (HUTB / TU),HUTB-012687,HUTB,True,con_licencia,consta en el registro oficial,2021-07-11,sin_actividad_desde_09_2025
30832921,Acogedor loft en Barcelona,7906740.0,Angeles,5.0,Sants-Montjuïc,Sants,41.37113,2.1344,Entire home/apt,Entire rental unit,2.0,1.0,,2.0,,,0,1,0,2021-07-11,5.0,Spain - National registration number<br />ESFCTU00000806500047588500000000000000HUTB-012688-891<br /><br />Barcelona - Regional registration number<br />HUTB-012688,,HUTB-012688,Apartamento turístico (HUTB / TU),HUTB-012688,HUTB,True,con_licencia,consta en el registro oficial,2021-07-11,sin_actividad_desde_09_2025
31818050,Flateli. Navas 4-1,10547296.0,Flateli,45.0,Sant Andreu,el Congrés i els Indians,41.41997,2.18106,Entire home/apt,Entire rental unit,3.0,2.0,2.0,1.0,206.0,68.67,266,27,0,2025-05-06,4.22,Barcelona - Regional registration number<br />HUTB-073532<br /><br />Spain - National registration number<br />ESFCTU000008058000633621000000000000000000HUTB0735327,206.0,HUTB-073532,Apartamento turístico (HUTB / TU),HUTB-073532,HUTB,True,con_licencia,consta en el registro oficial,2025-05-06,sin_actividad_desde_09_2025
33698168,"bonito piso, luz 4 pers. junto metro, bus, tren",9922976.0,Isa  Y Juan,2.0,Sant Andreu,Sant Andreu,41.43026,2.18408,Entire home/apt,Entire rental unit,4.0,3.0,4.0,3.0,193.24,48.31,53,49,4,2025-08-25,4.37,Barcelona - Regional registration number<br />HUTB-007394<br /><br />Spain - National registration number<br />ESFCTU00000811400098623200000000000000000000000000004,193.24,HUTB-007394,Apartamento turístico (HUTB / TU),HUTB-007394,HUTB,True,con_licencia,consta en el registro oficial,2025-08-25,sin_actividad_desde_09_2025
34222206,Chic Apartments Barcelona,10582280.0,Chic Apartments Barcelona,4.0,Eixample,la Dreta de l'Eixample,41.39942,2.17379,Entire home/apt,Entire rental unit,4.0,2.0,2.0,1.0,221.0,55.25,210,17,0,2024-09-08,4.76,Barcelona - Regional registration number<br />HUTB-008086,221.0,HUTB-008086,Apartamento turístico (HUTB / TU),HUTB-008086,HUTB,True,con_licencia,consta en el registro oficial,2024-09-08,sin_actividad_desde_09_2025
34276094,Superior with Breakfast By Gaudi EnjoyBCN Apts,258720354.0,Gaudi,4.0,Eixample,la Sagrada Família,41.40541,2.17468,Entire home/apt,Entire serviced apartment,4.0,2.0,4.0,1.0,416.0,104.0,197,3,0,2023-03-26,4.67,Barcelona - Regional registration number<br />HUTB-000315<br /><br />Spain - National registration number<br />ESFCTU000008073000438946000000000000000000HUTB0003150,416.0,HUTB-000315,Apartamento turístico (HUTB / TU),HUTB-000315,HUTB,True,con_licencia,consta en el registro oficial,2023-03-26,sin_actividad_desde_09_2025
34302718,Superior views and Breakfast by Gaudi Enjoy BCN,258720354.0,Gaudi,4.0,Eixample,la Sagrada Família,41.40942,2.17262,Entire home/apt,Entire serviced apartment,6.0,2.0,4.0,1.0,443.0,73.83,195,1,0,2023-06-06,5.0,Barcelona - Regional registration number<br />HUTB-004639<br /><br />Spain - National registration number<br />ESFCTU000008073000438946000000000000000000HUTB0046393,443.0,HUTB-004639,Apartamento turístico (HUTB / TU),HUTB-004639,HUTB,True,con_licencia,consta en el registro oficial,2023-06-06,sin_actividad_desde_09_2025
34304002,Apart. Deluxe with breakfast by Dalí EnjoyBCN Apts,258164953.0,Dali,3.0,Ciutat Vella,"Sant Pere, Santa Caterina i la Ribera",41.38386,2.1796,Entire home/apt,Entire serviced apartment,7.0,4.0,7.0,1.0,579.0,82.71,181,3,0,2022-08-01,4.0,Barcelona - Regional registration number<br />HUTB-040324<br /><br />Spain - National registration number<br />ESFCTU00000811900017579200000000000000HUTB-040322-789,579.0,HUTB-040324,Apartamento turístico (HUTB / TU),HUTB-040324,HUTB,True,con_licencia,consta en el registro oficial,2022-08-01,sin_actividad_desde_09_2025
34304976,Apt Superior with breakfast by Colon EnjoyBCN Apts,258723902.0,Colon,4.0,Ciutat Vella,el Barri Gòtic,41.37775,2.17867,Entire home/apt,Entire serviced apartment,7.0,3.0,7.0,1.0,668.0,95.43,190,5,0,2025-06-15,4.8,Barcelona - Regional registration number<br />HUTB-003079<br /><br />Spain - National registration number<br />ESFCTU00000811900005796800000000000000000HUTB-0030799,668.0,HUTB-003079,Apartamento turístico (HUTB / TU),HUTB-003079,HUTB,True,con_licencia,consta en el registro oficial,2025-06-15,sin_actividad_desde_09_2025
34305408,Apt Deluxe with breakfast  by Colon EnjoyBCN Apts,258723902.0,Colon,4.0,Ciutat Vella,el Barri Gòtic,41.37775,2.17867,Entire home/apt,Entire serviced apartment,7.0,3.0,6.0,1.0,583.0,83.29,179,3,0,2024-05-04,3.33,Barcelona - Regional registration number<br />HUTB-003079<br /><br />Spain - National registration number<br />ESFCTU00000811900005796800000000000000000HUTB-0030799,583.0,HUTB-003079,Apartamento turístico (HUTB / TU),HUTB-003079,HUTB,True,con_licencia,consta en el registro oficial,2024-05-04,sin_actividad_desde_09_2025
34358181,Apt Deluxe con desayuno By Miro EnjoyBCN Apts,39328627.0,Enjoybcn,5.0,Eixample,Sant Antoni,41.38446,2.16231,Entire home/apt,Entire serviced apartment,10.0,5.0,8.0,1.0,925.0,92.5,186,13,5,2025-08-29,4.85,Barcelona - Regional registration number<br />HUTB-009929<br /><br />Spain - National registration number<br />ESFCTU00000805600031209600000000000000000HUTB-0099297,925.0,HUTB-009929,Apartamento turístico (HUTB / TU),HUTB-009929,HUTB,True,con_licencia,consta en el registro oficial,2025-08-29,sin_actividad_desde_09_2025
34494181,Comfortable Patio,16163954.0,Weflating,6.0,Eixample,Sant Antoni,41.37811,2.1623,Entire home/apt,Entire rental unit,4.0,2.0,3.0,1.0,230.0,57.5,99,28,1,2025-07-01,4.82,Spain - National registration number<br />ESFCTU00000806900043401900000000000000HUTB-010113-681<br /><br />Barcelona - Regional registration number<br />HUTB-010113,230.0,HUTB-010113,Apartamento turístico (HUTB / TU),HUTB-010113,HUTB,True,con_licencia,consta en el registro oficial,2025-07-01,sin_actividad_desde_09_2025
34564384,Oasis penthouse in Sant Antoni Market,16163954.0,Weflating,6.0,Eixample,Sant Antoni,41.37621,2.16332,Entire home/apt,Entire rental unit,4.0,1.0,2.0,1.0,177.0,44.25,96,54,0,2024-06-17,4.69,Spain - National registration number<br />ESFCTU00000806900043411800000000000000HUTB-010114-635<br /><br />Barcelona - Regional registration number<br />HUTB-010114,177.0,HUTB-010114,Apartamento turístico (HUTB / TU),HUTB-010114,HUTB,True,con_licencia,consta en el registro oficial,2024-06-17,sin_actividad_desde_09_2025
34708362,ch2x4a Large GroupFlat Ramblas - Fira Barcelona,1447144.0,Acomodis Apartments,448.0,Sants-Montjuïc,el Poble Sec,41.37449,2.1699,Entire home/apt,Entire rental unit,16.0,8.0,16.0,1.0,913.0,57.06,205,7,0,2024-03-18,4.57,Barcelona - Regional registration number<br />HUTB-002592,913.0,HUTB-002592,Apartamento turístico (HUTB / TU),HUTB-002592,HUTB,True,con_licencia,consta en el registro oficial,2024-03-18,sin_actividad_desde_09_2025
34875477,Beautiful apartment next to la Rambla,21537915.0,Helena,1.0,Ciutat Vella,el Raval,41.3772,2.17392,Entire home/apt,Entire rental unit,4.0,2.0,,6.0,,,0,8,0,2019-09-21,4.75,Barcelona - Regional registration number<br />HUTB-000696,,HUTB-000696,Apartamento turístico (HUTB / TU),HUTB-000696,HUTB,True,con_licencia,consta en el registro oficial,2019-09-21,sin_actividad_desde_09_2025
35138586,Durlet Beach 100m from the beach 1 bedroom flat,264648962.0,Durlet Apartments,2.0,Sant Martí,el Poblenou,41.39798,2.20621,Entire home/apt,Entire rental unit,3.0,1.0,1.0,2.0,312.0,104.0,173,2,0,2020-02-21,5.0,Spain - National registration number<br />ESFCTU00000807200078222600000000000000000HUTB-0778707<br /><br />Barcelona - Regional registration number<br />HUTB-077870,312.0,HUTB-077870,Apartamento turístico (HUTB / TU),HUTB-077870,HUTB,True,con_licencia,consta en el registro oficial,2020-02-21,sin_actividad_desde_09_2025
35144410,Durlet Beach superior two bedrooms apartment,264684655.0,Durlet Apartments,3.0,Sant Martí,el Poblenou,41.39945,2.20644,Entire home/apt,Entire rental unit,5.0,2.0,2.0,2.0,456.0,91.2,149,1,0,2025-03-04,5.0,Spain - National registration number<br />ESFCTU00000807200078179300000000000000HUTB-077879-933<br /><br />Barcelona - Regional registration number<br />HUTB-077879,456.0,HUTB-077879,Apartamento turístico (HUTB / TU),HUTB-077879,HUTB,True,con_licencia,consta en el registro oficial,2025-03-04,sin_actividad_desde_09_2025
35153558,Durlet Beach Amazing 1 bedroom apartment,264750238.0,Durlet Apartments,2.0,Sant Martí,el Poblenou,41.39799,2.20657,Entire home/apt,Entire rental unit,3.0,1.0,2.0,2.0,315.5,105.17,173,4,0,2025-05-26,5.0,Spain - National registration number<br />ESFCTU00000807200078227100000000000000000HUTB-0778721<br /><br />Barcelona - Regional registration number<br />HUTB-077872,315.5,HUTB-077872,Apartamento turístico (HUTB / TU),HUTB-077872,HUTB,True,con_licencia,consta en el registro oficial,2025-05-26,sin_actividad_desde_09_2025
36022888,Central Barcelona: Nice Apartment for 6 people!,1447144.0,Acomodis Apartments,448.0,Ciutat Vella,el Barri Gòtic,41.3829,2.17948,Entire home/apt,Entire rental unit,6.0,3.0,5.0,2.0,394.0,65.67,365,3,0,2025-02-16,5.0,Spain - National registration number<br />ESFCTU00000811900017260900000000000000000000018643507<br /><br />Barcelona - Regional registration number<br />HUTB-003804,394.0,HUTB-003804,Apartamento turístico (HUTB / TU),HUTB-003804,HUTB,True,con_licencia,consta en el registro oficial,2025-02-16,sin_actividad_desde_09_2025
36032969,Nice Apartment for 5ppl close to Chocolate Museum!,1447144.0,Acomodis Apartments,448.0,Ciutat Vella,"Sant Pere, Santa Caterina i la Ribera",41.38264,2.18051,Entire home/apt,Entire rental unit,5.0,3.0,4.0,2.0,319.53,63.91,364,2,0,2023-07-08,5.0,Spain - National registration number<br />ESFCTU00000811900017245600000000000000000000018627101<br /><br />Barcelona - Regional registration number<br />HUTB-003806,319.53,HUTB-003806,Apartamento turístico (HUTB / TU),HUTB-003806,HUTB,True,con_licencia,consta en el registro oficial,2023-07-08,sin_actividad_desde_09_2025
36060049,"pb3 NICE BARCELONA NICE ""ACOMODIS"" FLAT TERRACE",1447144.0,Acomodis Apartments,448.0,Eixample,la Nova Esquerra de l'Eixample,41.38752,2.15047,Entire home/apt,Entire rental unit,2.0,1.0,2.0,30.0,88.49,44.24,364,1,0,2019-08-27,4.0,Barcelona - Regional registration number<br />HUTB-000166,88.49,HUTB-000166,Apartamento turístico (HUTB / TU),HUTB-000166,HUTB,True,con_licencia,consta en el registro oficial,2019-08-27,sin_actividad_desde_09_2025
36332207,Claret3 three bedrooms Apartment,265137184.0,Espais Blaus Apartments,3.0,Gràcia,el Camp d'en Grassot i Gràcia Nova,41.40399,2.16377,Private room,Room in aparthotel,7.0,3.0,,31.0,,,0,105,9,2025-08-30,4.81,Barcelona - Regional registration number<br />HUTB004844<br /><br />Spain - National registration number<br />ESFCTU000008057000656777000000000000000000HUTB0048447,,HUTB004844,Apartamento turístico (HUTB / TU),HUTB-004844,HUTB,True,con_licencia,consta en el registro oficial,2025-08-30,sin_actividad_desde_09_2025
36332511,Apartament Studio Gracia,265137184.0,Espais Blaus Apartments,3.0,Gràcia,el Camp d'en Grassot i Gràcia Nova,41.40384,2.164,Private room,Room in aparthotel,2.0,1.0,2.0,1.0,271.0,135.5,342,15,0,2024-06-16,4.73,Barcelona - Regional registration number<br />HUTB004488<br /><br />Spain - National registration number<br />ESFCTU000008057000656791000000000000000000HUTB0044889,271.0,HUTB004488,Apartamento turístico (HUTB / TU),HUTB-004488,HUTB,True,con_licencia,consta en el registro oficial,2024-06-16,sin_actividad_desde_09_2025
36413831,Nice Location: Apartment for 5 people in El Born!,1447144.0,Acomodis Apartments,448.0,Ciutat Vella,"Sant Pere, Santa Caterina i la Ribera",41.38404,2.1811,Entire home/apt,Entire rental unit,5.0,3.0,4.0,2.0,394.0,78.8,312,2,0,2023-07-05,5.0,Barcelona - Regional registration number<br />HUTB-003801<br /><br />Spain - National registration number<br />ESFCTU00000811900017245600000000000000000000018627101,394.0,HUTB-003801,Apartamento turístico (HUTB / TU),HUTB-003801,HUTB,True,con_licencia,consta en el registro oficial,2023-07-05,sin_actividad_desde_09_2025
36823966,Modern 1 Bedroom Apartment in the Gothic,265193861.0,BeBarceloner,125.0,Ciutat Vella,el Barri Gòtic,41.37967,2.18137,Entire home/apt,Entire rental unit,2.0,1.0,1.0,2.0,297.5,148.75,324,4,0,2025-06-12,3.75,Barcelona - Regional registration number<br />HUTB013102<br /><br />Spain - National registration number<br />ESHFTU00000811900017134300200000000000000HUTB-0131022,297.5,HUTB013102,Apartamento turístico (HUTB / TU),HUTB-013102,HUTB,True,con_licencia,consta en el registro oficial,2025-06-12,sin_actividad_desde_09_2025
37901383,Urban studio in Sant Marti,3376710.0,Marianne,12.0,Sant Martí,la Verneda i la Pau,41.4218,2.20288,Entire home/apt,Entire rental unit,5.0,2.0,4.0,3.0,245.67,49.13,187,1,0,2020-02-21,2.0,Barcelona - Regional registration number<br />HUTB-010826,245.67,HUTB-010826,Apartamento turístico (HUTB / TU),HUTB-010826,HUTB,True,con_licencia,consta en el registro oficial,2020-02-21,sin_actividad_desde_09_2025
38082752,Ideal 2 bedroom apartment close to Plaza ESpaña,265193861.0,BeBarceloner,125.0,Sants-Montjuïc,Sants,41.37595,2.13831,Entire home/apt,Entire rental unit,4.0,2.0,,3.0,310.0,77.5,286,2,1,2025-07-06,5.0,Barcelona - Regional registration number<br />HUTB-071386<br /><br />Spain - National registration number<br />ESFCTU00000805600053762800000000000000HUTB-071386-316,310.0,HUTB-071386,Apartamento turístico (HUTB / TU),HUTB-071386,HUTB,True,con_licencia,consta en el registro oficial,2025-07-06,sin_actividad_desde_09_2025
38663884,Large GroupFlat Las Ramblas - Fira de Barcelona!,1447144.0,Acomodis Apartments,448.0,Sants-Montjuïc,el Poble Sec,41.37379,2.16959,Entire home/apt,Entire rental unit,8.0,4.0,8.0,2.0,611.0,76.38,196,5,0,2023-07-30,5.0,Barcelona - Regional registration number<br />HUTB-002598,611.0,HUTB-002598,Apartamento turístico (HUTB / TU),HUTB-002598,HUTB,True,con_licencia,consta en el registro oficial,2023-07-30,sin_actividad_desde_09_2025
39045025,"Great ""Acomodis"" Apartment in El Born 4 people!",1447144.0,Acomodis Apartments,448.0,Ciutat Vella,el Barri Gòtic,41.383,2.179,Entire home/apt,Entire rental unit,4.0,3.0,3.0,2.0,320.0,80.0,312,1,0,2025-05-17,5.0,Spain - National registration number<br />ESFCTU00000811900017259300000000000000000000018650200<br /><br />Barcelona - Regional registration number<br />HUTB-003803,320.0,HUTB-003803,Apartamento turístico (HUTB / TU),HUTB-003803,HUTB,True,con_licencia,consta en el registro oficial,2025-05-17,sin_actividad_desde_09_2025
39095888,"Comfortable apartment, nice Sant Antoni area",3193594.0,Jan,10.0,Eixample,Sant Antoni,41.37737,2.16206,Entire home/apt,Entire rental unit,2.0,2.0,,4.0,,,0,3,0,2025-03-14,4.67,Barcelona - Regional registration number<br />HUTB-004774<br /><br />Spain - National registration number<br />ESFCTU00000806900021566300000000000000000HUTB-0044361,,HUTB-004774,Apartamento turístico (HUTB / TU),HUTB-004774,HUTB,True,con_licencia,consta en el registro oficial,2025-03-14,sin_actividad_desde_09_2025
39576026,"Great ""Acomodis"" Apartment in the Old Town 5ppl!",1447144.0,Acomodis Apartments,448.0,Ciutat Vella,"Sant Pere, Santa Caterina i la Ribera",41.38379,2.18105,Entire home/apt,Entire rental unit,5.0,3.0,4.0,2.0,320.0,64.0,362,2,0,2024-07-28,5.0,Spain - National registration number<br />ESFCTU00000811900017253100000000000000000000018648704<br /><br />Barcelona - Regional registration number<br />HUTB-003798,320.0,HUTB-003798,Apartamento turístico (HUTB / TU),HUTB-003798,HUTB,True,con_licencia,consta en el registro oficial,2024-07-28,sin_actividad_desde_09_2025
39791562,chs4x2b Large GroupFlat Ramblas-Fira Barcelona,1447144.0,Acomodis Apartments,448.0,Sants-Montjuïc,el Poble Sec,41.37369,2.16765,Entire home/apt,Entire rental unit,16.0,8.0,16.0,2.0,884.5,55.28,205,1,0,2023-03-03,4.0,Barcelona - Regional registration number<br />HUTB-002598,884.5,HUTB-002598,Apartamento turístico (HUTB / TU),HUTB-002598,HUTB,True,con_licencia,consta en el registro oficial,2023-03-03,sin_actividad_desde_09_2025
40103238,Group Flat 4 nice Apartments in El Born Old Town,1447144.0,Acomodis Apartments,448.0,Ciutat Vella,el Barri Gòtic,41.38252,2.18046,Entire home/apt,Entire rental unit,16.0,12.0,16.0,1.0,1735.0,108.44,320,1,0,2024-08-18,5.0,Barcelona - Regional registration number<br />HUTB-003801<br /><br />Spain - National registration number<br />ESFCTU00000811900017245600000000000000000000018627101,1735.0,HUTB-003801,Apartamento turístico (HUTB / TU),HUTB-003801,HUTB,True,con_licencia,consta en el registro oficial,2024-08-18,sin_actividad_desde_09_2025
40133487,ch2x3a Large GroupFlat Las Ramblas-Fira Barcelona,1447144.0,Acomodis Apartments,448.0,Sants-Montjuïc,el Poble Sec,41.37373,2.16965,Entire home/apt,Entire rental unit,12.0,6.0,12.0,1.0,959.0,79.92,205,11,0,2024-07-01,4.45,Barcelona - Regional registration number<br />HUTB-002592,959.0,HUTB-002592,Apartamento turístico (HUTB / TU),HUTB-002592,HUTB,True,con_licencia,consta en el registro oficial,2024-07-01,sin_actividad_desde_09_2025
40199387,Cute Apartment for 4 people right in El Born!,1447144.0,Acomodis Apartments,448.0,Ciutat Vella,el Barri Gòtic,41.38276,2.17998,Entire home/apt,Entire rental unit,4.0,3.0,4.0,1.0,354.0,88.5,303,3,1,2025-07-27,4.33,Spain - National registration number<br />ESFCTU00000811900017250000000000000000000000018646102<br /><br />Barcelona - Regional registration number<br />HUTB-003810,354.0,HUTB-003810,Apartamento turístico (HUTB / TU),HUTB-003810,HUTB,True,con_licencia,consta en el registro oficial,2025-07-27,sin_actividad_desde_09_2025
40248216,Fabulous Attic in Sant Andreu nice terrace wifi,265193861.0,BeBarceloner,125.0,Sant Andreu,Sant Andreu,41.42979,2.18338,Entire home/apt,Entire rental unit,5.0,3.0,4.0,3.0,266.67,53.33,235,6,1,2025-08-12,3.5,Barcelona - Regional registration number<br />HUTB-072542<br /><br />Spain - National registration number<br />ESFCTU00000812000040757800000000000000HUTB-072542-340,266.67,HUTB-072542,Apartamento turístico (HUTB / TU),HUTB-072542,HUTB,True,con_licencia,consta en el registro oficial,2025-08-12,sin_actividad_desde_09_2025
40302779,Pent apartment in Sant Andreu easy to commute,265193861.0,BeBarceloner,125.0,Sant Andreu,Sant Andreu,41.430605188397394,2.183636535116723,Entire home/apt,Entire rental unit,2.0,1.0,,3.0,178.67,89.34,354,5,0,2025-05-05,4.2,Barcelona - Regional registration number<br />HUTB-072567<br /><br />Spain - National registration number<br />ESFCTU00000812000040759200000000000000000HUTB-0725675,178.67,HUTB-072567,Apartamento turístico (HUTB / TU),HUTB-072567,HUTB,True,con_licencia,consta en el registro oficial,2025-05-05,sin_actividad_desde_09_2025
40503194,Interior Design Award Winner on  Paseo de Gracia,34104245.0,Mark Thomas,1.0,Gràcia,la Vila de Gràcia,41.39631,2.15773,Entire home/apt,Entire condo,10.0,5.0,7.0,3.0,2253.82,225.38,170,2,0,2025-06-16,5.0,Barcelona - Regional registration number<br />HUTB-005180,2253.82,HUTB-005180,Apartamento turístico (HUTB / TU),HUTB-005180,HUTB,True,con_licencia,consta en el registro oficial,2025-06-16,sin_actividad_desde_09_2025
40688019,Group Flat 2 nice apartments El Born Old Town 11pp,1447144.0,Acomodis Apartments,448.0,Ciutat Vella,"Sant Pere, Santa Caterina i la Ribera",41.3832,2.18127,Entire home/apt,Entire rental unit,11.0,7.0,10.0,1.0,845.0,76.82,310,1,0,2020-01-19,5.0,Barcelona - Regional registration number<br />HUTB-003898,845.0,HUTB-003898,Apartamento turístico (HUTB / TU),HUTB-003898,HUTB,True,con_licencia,consta en el registro oficial,2020-01-19,sin_actividad_desde_09_2025
40743368,Fantastic 3 BR apartment in Sants,265193861.0,BeBarceloner,125.0,Sants-Montjuïc,Sants - Badal,41.37146,2.13001,Entire home/apt,Entire rental unit,4.0,3.0,,3.0,516.67,129.17,321,5,0,2024-08-13,2.8,Barcelona - Regional registration number<br />HUTB-077740<br /><br />Spain - National registration number<br />ESFCTU00000806500058429700000000000000HUTB-077740-675,516.67,HUTB-077740,Apartamento turístico (HUTB / TU),HUTB-077740,HUTB,True,con_licencia,consta en el registro oficial,2024-08-13,sin_actividad_desde_09_2025
40767970,ch2x3w Large GroupFlat Las Ramblas-Fira Barcelona!,1447144.0,Acomodis Apartments,448.0,Sants-Montjuïc,el Poble Sec,41.37392,2.16786,Entire home/apt,Entire rental unit,12.0,6.0,24.0,2.0,907.5,75.62,205,1,0,2020-02-20,5.0,Barcelona - Regional registration number<br />HUTB-002498,907.5,HUTB-002498,Apartamento turístico (HUTB / TU),HUTB-002498,HUTB,True,con_licencia,consta en el registro oficial,2020-02-20,sin_actividad_desde_09_2025
40942348,"Group Flat 3 nice apartments in El Born, Old Town",1447144.0,Acomodis Apartments,448.0,Ciutat Vella,el Barri Gòtic,41.38268,2.17977,Entire home/apt,Entire rental unit,13.0,9.0,8.0,3.0,1141.33,87.79,365,3,0,2025-02-06,5.0,Barcelona - Regional registration number<br />HUTB-003803<br /><br />Spain - National registration number<br />ESFCTU00000811900017259300000000000000000000018650200,1141.33,HUTB-003803,Apartamento turístico (HUTB / TU),HUTB-003803,HUTB,True,con_licencia,consta en el registro oficial,2025-02-06,sin_actividad_desde_09_2025
41426857,Group Flat 2 nice apartments El Born Old Town 11p,1447144.0,Acomodis Apartments,448.0,Ciutat Vella,"Sant Pere, Santa Caterina i la Ribera",41.38401,2.18124,Entire home/apt,Entire rental unit,11.0,6.0,11.0,2.0,1061.5,96.5,310,1,0,2022-10-16,5.0,Barcelona - Regional registration number<br />HUTB-003801,1061.5,HUTB-003801,Apartamento turístico (HUTB / TU),HUTB-003801,HUTB,True,con_licencia,consta en el registro oficial,2022-10-16,sin_actividad_desde_09_2025
41518092,Comfy apartment in El Born in the old town 4ppl,1447144.0,Acomodis Apartments,448.0,Ciutat Vella,"Sant Pere, Santa Caterina i la Ribera",41.38434,2.17921,Entire home/apt,Entire rental unit,4.0,3.0,4.0,2.0,320.0,80.0,311,2,0,2023-03-06,4.5,Spain - National registration number<br />ESFCTU00000811900017258600000000000000000000018650905<br /><br />Barcelona - Regional registration number<br />HUTB-003802,320.0,HUTB-003802,Apartamento turístico (HUTB / TU),HUTB-003802,HUTB,True,con_licencia,consta en el registro oficial,2023-03-06,sin_actividad_desde_09_2025
41519238,Apartment for 4 ppl: Nice Location in Barcelona!,1447144.0,Acomodis Apartments,448.0,Ciutat Vella,"Sant Pere, Santa Caterina i la Ribera",41.38424,2.17897,Entire home/apt,Entire rental unit,4.0,2.0,2.0,2.0,320.0,80.0,312,1,0,2020-02-22,5.0,Spain - National registration number<br />ESFCNT00000811900017248700000000000000000000000000007<br /><br />Barcelona - Regional registration number<br />HUTB-003809,320.0,HUTB-003809,Apartamento turístico (HUTB / TU),HUTB-003809,HUTB,True,con_licencia,consta en el registro oficial,2020-02-22,sin_actividad_desde_09_2025
41923523,Large GroupFlat Las Ramblas - Fira de Barcelona,1447144.0,Acomodis Apartments,448.0,Sants-Montjuïc,el Poble Sec,41.37413,2.16794,Entire home/apt,Entire rental unit,8.0,4.0,4.0,1.0,514.0,64.25,196,1,0,2023-09-10,5.0,Barcelona - Regional registration number<br />HUTB-002500,514.0,HUTB-002500,Apartamento turístico (HUTB / TU),HUTB-002500,HUTB,True,con_licencia,consta en el registro oficial,2023-09-10,sin_actividad_desde_09_2025
41981479,APARTM. TO 20 min-pl Cataluña-Ramblas-BARNA CITY,329942422.0,Julio,1.0,Sant Andreu,Sant Andreu,41.44063,2.18734,Entire home/apt,Entire rental unit,4.0,1.0,3.0,4.0,227.0,56.75,364,64,2,2025-07-28,4.58,Barcelona - Regional registration number<br />HUTB-004956,227.0,HUTB-004956,Apartamento turístico (HUTB / TU),HUTB-004956,HUTB,True,con_licencia,consta en el registro oficial,2025-07-28,sin_actividad_desde_09_2025
43029643,Great 2 bedroom flat min Plaza Cataluña-parking,265193861.0,BeBarceloner,125.0,Ciutat Vella,el Raval,41.37712,2.17271,Entire home/apt,Entire rental unit,5.0,2.0,4.0,2.0,340.0,68.0,335,32,0,2025-02-24,4.09,Barcelona - Regional registration number<br />HUTB-000692<br /><br />Spain - National registration number<br />ESFCTU00000805600073041800000000000000000HUTB-0006921,340.0,HUTB-000692,Apartamento turístico (HUTB / TU),HUTB-000692,HUTB,True,con_licencia,consta en el registro oficial,2025-02-24,sin_actividad_desde_09_2025
43724913,"Barcelona junto Playa, con Piscina y Pádel",420443.0,Jordi,1.0,Sant Martí,Diagonal Mar i el Front Marítim del Poblenou,41.40901,2.21747,Entire home/apt,Entire condo,4.0,2.0,,3.0,,,0,1,0,2020-08-08,5.0,Barcelona - Regional registration number<br />HUTB-000927,,HUTB-000927,Apartamento turístico (HUTB / TU),HUTB-000927,HUTB,True,con_licencia,consta en el registro oficial,2020-08-08,sin_actividad_desde_09_2025
44030376,Ola Living Petritxol La Boqueria,33278356.0,Ola,73.0,Ciutat Vella,el Raval,41.38211,2.17167,Entire home/apt,Entire rental unit,5.0,2.0,3.0,1.0,318.0,63.6,277,12,0,2025-02-13,4.25,Barcelona - Regional registration number<br />HUTB-013595<br /><br />Spain - National registration number<br />ESHFTU000008054000000999002000000000000HUTB-013595-70,318.0,HUTB-013595,Apartamento turístico (HUTB / TU),HUTB-013595,HUTB,True,con_licencia,consta en el registro oficial,2025-02-13,sin_actividad_desde_09_2025
44030381,Ola Living Petritxol Casa Batlló,33278356.0,Ola,73.0,Ciutat Vella,el Barri Gòtic,41.38235,2.17362,Entire home/apt,Entire rental unit,3.0,,2.0,1.0,250.5,83.5,328,37,0,2025-06-04,4.41,Barcelona - Regional registration number<br />HUTB-017249<br /><br />Spain - National registration number<br />ESHFTU00000805400000099900800000000000HUTB-017249-579,250.5,HUTB-017249,Apartamento turístico (HUTB / TU),HUTB-017249,HUTB,True,con_licencia,consta en el registro oficial,2025-06-04,sin_actividad_desde_09_2025
44424568,111TT31TAM43 · Beautiful apartment in Montjuic,1391607.0,Sh Barcelona Team,54.0,Sants-Montjuïc,el Poble Sec,41.37296,2.17197,Entire home/apt,Entire rental unit,3.0,2.0,2.0,2.0,195.67,65.22,119,119,0,2025-05-28,4.57,Barcelona - Regional registration number<br />HUTB-011348<br /><br />Spain - National registration number<br />ESFCTU000008069000136098002000000000000000HUTB-011348,195.67,HUTB-011348,Apartamento turístico (HUTB / TU),HUTB-011348,HUTB,True,con_licencia,consta en el registro oficial,2025-05-28,sin_actividad_desde_09_2025
44946736,Apartment Sants,362938077.0,Lana,1.0,Sants-Montjuïc,Sants,41.37553,2.1317,Entire home/apt,Entire rental unit,4.0,2.0,2.0,7.0,627.14,156.78,89,1,0,2021-01-09,5.0,Barcelona - Regional registration number<br />HUTB-012131,627.14,HUTB-012131,Apartamento turístico (HUTB / TU),HUTB-012131,HUTB,True,con_licencia,consta en el registro oficial,2021-01-09,sin_actividad_desde_09_2025
45171858,Great studio right in centre-top location,265193861.0,BeBarceloner,125.0,Ciutat Vella,el Barri Gòtic,41.38303,2.17888,Entire home/apt,Entire rental unit,2.0,,2.0,2.0,230.0,115.0,351,22,0,2025-05-25,4.64,Barcelona - Regional registration number<br />HUTB-003023<br /><br />Spain - National registration number<br />ESHFTU00000811900021500900200000000000000HUTB-0030231,230.0,HUTB-003023,Apartamento turístico (HUTB / TU),HUTB-003023,HUTB,True,con_licencia,consta en el registro oficial,2025-05-25,sin_actividad_desde_09_2025
45265445,Big 2 bedroom+2bathroom flat in Eixample parking,265193861.0,BeBarceloner,125.0,Eixample,el Fort Pienc,41.39686,2.17935,Entire home/apt,Entire rental unit,6.0,2.0,5.0,2.0,475.0,79.17,343,23,0,2025-01-02,4.57,Barcelona - Regional registration number<br />HUTB001937<br /><br />Spain - National registration number<br />ESFCTU00000805400052203300000000000000000HUTB-0019372,475.0,HUTB001937,Apartamento turístico (HUTB / TU),HUTB-001937,HUTB,True,con_licencia,consta en el registro oficial,2025-01-02,sin_actividad_desde_09_2025
45265578,Great studio in centre-top location,265193861.0,BeBarceloner,125.0,Ciutat Vella,el Barri Gòtic,41.38254,2.17747,Entire home/apt,Entire rental unit,2.0,,2.0,2.0,275.0,137.5,354,43,0,2025-03-31,4.44,Barcelona - Regional registration number<br />HUTB-003022<br /><br />Spain - National registration number<br />ESHFTU00000811900021500900100000000000000HUTB-0030225,275.0,HUTB-003022,Apartamento turístico (HUTB / TU),HUTB-003022,HUTB,True,con_licencia,consta en el registro oficial,2025-03-31,sin_actividad_desde_09_2025
45489180,apartamento 1 pax vistas 2 habitaciones,367613585.0,Suites Center,15.0,Gràcia,la Vila de Gràcia,41.39726,2.15962,Entire home/apt,Entire rental unit,5.0,2.0,2.0,1.0,378.0,75.6,330,1,0,2022-01-24,4.0,Barcelona - Regional registration number<br />HUTB-000567,378.0,HUTB-000567,Apartamento turístico (HUTB / TU),HUTB-000567,HUTB,True,con_licencia,consta en el registro oficial,2022-01-24,sin_actividad_desde_09_2025
45489465,apartamento 3 pax vistas 2 habitaciones,367613585.0,Suites Center,15.0,Gràcia,la Vila de Gràcia,41.39862,2.15753,Entire home/apt,Entire rental unit,5.0,2.0,2.0,1.0,378.0,75.6,330,1,0,2022-06-17,5.0,Barcelona - Regional registration number<br />HUTB-000576,378.0,HUTB-000576,Apartamento turístico (HUTB / TU),HUTB-000576,HUTB,True,con_licencia,consta en el registro oficial,2022-06-17,sin_actividad_desde_09_2025
45490049,HUTB-000580 · HUTB-000580 · HUTB-000580 · Suite...,367613585.0,Suites Center,15.0,Gràcia,la Vila de Gràcia,41.39897,2.15933,Entire home/apt,Entire rental unit,5.0,2.0,2.0,1.0,350.0,70.0,310,1,0,2022-11-13,5.0,Barcelona - Regional registration number<br />HUTB-000580,350.0,HUTB-000580,Apartamento turístico (HUTB / TU),HUTB-000580,HUTB,True,con_licencia,consta en el registro oficial,2022-11-13,sin_actividad_desde_09_2025
45646688,Superb studio ideally located right in Born,265193861.0,BeBarceloner,125.0,Ciutat Vella,"Sant Pere, Santa Caterina i la Ribera",41.38258,2.1822,Entire home/apt,Entire rental unit,2.0,,2.0,2.0,202.5,101.25,352,75,0,2025-05-17,4.33,Barcelona - Regional registration number<br />HUTB-003030<br /><br />Spain - National registration number<br />ESHFTU00000811900017418400200000000000000HUTB-0030307,202.5,HUTB-003030,Apartamento turístico (HUTB / TU),HUTB-003030,HUTB,True,con_licencia,consta en el registro oficial,2025-05-17,sin_actividad_desde_09_2025
45969373,One-bedroom apartment comfortable and cosy,5614931.0,Fisa Rentals,44.0,Eixample,la Dreta de l'Eixample,41.39116,2.17114,Entire home/apt,Entire serviced apartment,3.0,1.0,1.0,1.0,230.0,76.67,105,11,0,2025-03-28,4.64,Barcelona - Regional registration number<br />HUTB-004907<br /><br />Spain - National registration number<br />ESHFTU00000805400017860500200000000000HUTB-004907-541,230.0,HUTB-004907,Apartamento turístico (HUTB / TU),HUTB-004907,HUTB,True,con_licencia,consta en el registro oficial,2025-03-28,sin_actividad_desde_09_2025
45969832,Spacious and modern one-bedroom apartment,5614931.0,Fisa Rentals,44.0,Eixample,la Dreta de l'Eixample,41.39116,2.17114,Entire home/apt,Entire serviced apartment,3.0,1.0,1.0,1.0,285.0,95.0,142,24,0,2025-03-15,4.71,Barcelona - Regional registration number<br />HUTB-005145<br /><br />Spain - National registration number<br />ESHFTU00000805400017869800200000000000HUTB-005145-852,285.0,HUTB-005145,Apartamento turístico (HUTB / TU),HUTB-005145,HUTB,True,con_licencia,consta en el registro oficial,2025-03-15,sin_actividad_desde_09_2025
46062367,One-bedroom apartment on Gran Via,5614931.0,Fisa Rentals,44.0,Eixample,la Dreta de l'Eixample,41.39118,2.17124,Entire home/apt,Entire serviced apartment,3.0,1.0,2.0,1.0,230.0,76.67,105,14,0,2025-02-28,4.57,Barcelona - Regional registration number<br />HUTB-004908<br /><br />Spain - National registration number<br />ESHFTU00000805400017860500100000000000HUTB-004908-213,230.0,HUTB-004908,Apartamento turístico (HUTB / TU),HUTB-004908,HUTB,True,con_licencia,consta en el registro oficial,2025-02-28,sin_actividad_desde_09_2025
46102840,Wonderfully comfortable  Sant Antoni Apartment,3193594.0,Jan,10.0,Eixample,Sant Antoni,41.37651,2.16384,Entire home/apt,Entire rental unit,2.0,1.0,,4.0,,,0,2,0,2025-02-04,4.5,Barcelona - Regional registration number<br />HUTB-004437<br /><br />Spain - National registration number<br />ESFCTU00000806900021566300000000000000000HUTB-0044378,,HUTB-004437,Apartamento turístico (HUTB / TU),HUTB-004437,HUTB,True,con_licencia,consta en el registro oficial,2025-02-04,sin_actividad_desde_09_2025
46230308,HUTB-000575 · HUTB-000575 · HUTB-000575 · Suite...,367613585.0,Suites Center,15.0,Gràcia,la Vila de Gràcia,41.39846,2.15747,Entire home/apt,Entire rental unit,2.0,1.0,1.0,1.0,277.0,138.5,322,1,0,2022-08-11,5.0,Barcelona - Regional registration number<br />HUTB-000575,277.0,HUTB-000575,Apartamento turístico (HUTB / TU),HUTB-000575,HUTB,True,con_licencia,consta en el registro oficial,2022-08-11,sin_actividad_desde_09_2025
46386226,Amazing Sagrada Familia view - 2-bedroom apartment,4146729.0,Sensation Apartments,16.0,Eixample,la Sagrada Família,41.40342,2.17271,Entire home/apt,Entire serviced apartment,4.0,2.0,3.0,1.0,492.5,123.12,293,19,2,2025-08-26,4.79,Spain - National registration number<br />ESFCTU00000807300088769000000000000000000HUTB-0020808<br /><br />Barcelona - Regional registration number<br />Hutb-002080,492.5,Hutb-002080,Apartamento turístico (HUTB / TU),HUTB-002080,HUTB,True,con_licencia,consta en el registro oficial,2025-08-26,sin_actividad_desde_09_2025
46407113,Spacious 2-bedroom apartment in Sagrada Familia,4146729.0,Sensation Apartments,16.0,Eixample,la Sagrada Família,41.40571427178072,2.1734283754271355,Entire home/apt,Entire serviced apartment,4.0,2.0,3.0,1.0,427.5,106.88,254,21,0,2024-04-26,4.57,Spain - National registration number<br />ESFCTU00000807300088773700000000000000000HUTB-0020480<br /><br />Barcelona - Regional registration number<br />HUTB-002048,427.5,HUTB-002048,Apartamento turístico (HUTB / TU),HUTB-002048,HUTB,True,con_licencia,consta en el registro oficial,2024-04-26,sin_actividad_desde_09_2025
46410873,Large 3 bedroom Duplex with Sagrada Familia view,4146729.0,Sensation Apartments,16.0,Eixample,la Sagrada Família,41.404923960608215,2.17328358786266,Entire home/apt,Entire serviced apartment,6.0,3.0,5.0,1.0,634.0,105.67,238,4,1,2025-08-30,4.25,Spain - National registration number<br />ESFCTU00000807300088766900000000000000000HUTB-0020446<br /><br />Barcelona - Regional registration number<br />HUTB-002044,634.0,HUTB-002044,Apartamento turístico (HUTB / TU),HUTB-002044,HUTB,True,con_licencia,consta en el registro oficial,2025-08-30,sin_actividad_desde_09_2025
46636214,Boutique apartment in the city center,10704.0,María,11.0,Eixample,la Dreta de l'Eixample,41.392105,2.170545,Entire home/apt,Entire serviced apartment,2.0,1.0,1.0,1.0,307.5,153.75,79,54,0,2025-03-17,4.7,Spain - National registration number<br />ESHFTU00000805400020784800500000000000000HUTB-0019851<br /><br />Barcelona - Regional registration number<br />HUTB-001985,307.5,HUTB-001985,Apartamento turístico (HUTB / TU),HUTB-001985,HUTB,True,con_licencia,consta en el registro oficial,2025-03-17,sin_actividad_desde_09_2025
46718816,Quiet 2-bedroom apartment in Gracia neighbourhood,4146729.0,Sensation Apartments,16.0,Gràcia,el Camp d'en Grassot i Gràcia Nova,41.40630806755389,2.166783038290028,Entire home/apt,Entire serviced apartment,4.0,2.0,2.0,1.0,292.5,73.12,302,2,0,2022-11-20,5.0,Spain - National registration number<br />ESFCTU00000805800065052900000000000000000HUTB-0006224<br /><br />Barcelona - Regional registration number<br />HUTB-000622,292.5,HUTB-000622,Apartamento turístico (HUTB / TU),HUTB-000622,HUTB,True,con_licencia,consta en el registro oficial,2022-11-20,sin_actividad_desde_09_2025
46730224,Key Bcn Girona 2.2,2439400.0,KeyBarcelona,27.0,Eixample,la Dreta de l'Eixample,41.39894,2.16594,Entire home/apt,Entire rental unit,8.0,4.0,5.0,1.0,411.5,51.44,309,10,0,2024-09-23,3.7,Barcelona - Regional registration number<br />HUTB-010592<br /><br />Spain - National registration number<br />ESHFTU00000805700052995800600000000000000HUTB-0108921,411.5,HUTB-010592,Apartamento turístico (HUTB / TU),HUTB-010592,HUTB,True,con_licencia,consta en el registro oficial,2024-09-23,sin_actividad_desde_09_2025
47109913,Ideal 2bedroom city centre-Plaza Cataluña -parking,265193861.0,BeBarceloner,125.0,Ciutat Vella,el Raval,41.37682,2.17314,Entire home/apt,Entire rental unit,5.0,2.0,5.0,2.0,340.0,68.0,335,28,0,2025-02-21,4.0,Barcelona - Regional registration number<br />HUTB000695<br /><br />Spain - National registration number<br />ESFCTU00000805600073034000000000000000000HUTB-0006956,340.0,HUTB000695,Apartamento turístico (HUTB / TU),HUTB-000695,HUTB,True,con_licencia,consta en el registro oficial,2025-02-21,sin_actividad_desde_09_2025
47168832,Suites Center Apartamento 2 habitaciones,367613585.0,Suites Center,15.0,Gràcia,la Vila de Gràcia,41.39905,2.15891,Entire home/apt,Entire rental unit,5.0,2.0,2.0,1.0,350.0,70.0,310,2,0,2022-10-30,5.0,Barcelona - Regional registration number<br />HUTB-000577,350.0,HUTB-000577,Apartamento turístico (HUTB / TU),HUTB-000577,HUTB,True,con_licencia,consta en el registro oficial,2022-10-30,sin_actividad_desde_09_2025
48396953,Beautiful 2 bedroom Sagrada Familia.,390671331.0,Elena,2.0,Gràcia,el Camp d'en Grassot i Gràcia Nova,41.40682,2.16798,Entire home/apt,Entire serviced apartment,3.0,2.0,,2.0,,,0,56,0,2024-06-05,4.73,Barcelona - Regional registration number<br />HUTB-002633<br /><br />Spain - National registration number<br />ESFCTU00000805800063961600000000000000000HUTB-0026332,,HUTB-002633,Apartamento turístico (HUTB / TU),HUTB-002633,HUTB,True,con_licencia,consta en el registro oficial,2024-06-05,sin_actividad_desde_09_2025
49333332,Three-Bedroom apartment near Sagrada Família! #3,116349526.0,Diagonal,11.0,Eixample,el Fort Pienc,41.4016,2.18093,Entire home/apt,Entire rental unit,6.0,3.0,6.0,1.0,245.5,40.92,73,49,0,2024-10-19,4.47,Barcelona - Regional registration number<br />HUTB-003045<br /><br />Spain - National registration number<br />ESFCTU00000807300043105300000000000000000HUTB-0030454,245.5,HUTB-003045,Apartamento turístico (HUTB / TU),HUTB-003045,HUTB,True,con_licencia,consta en el registro oficial,2024-10-19,sin_actividad_desde_09_2025
49333514,Three-Bedroom superior apartment #1,116349526.0,Diagonal,11.0,Eixample,el Fort Pienc,41.4016,2.18093,Entire home/apt,Entire rental unit,6.0,3.0,6.0,1.0,245.5,40.92,73,67,0,2024-08-10,4.42,Barcelona - Regional registration number<br />HUTB-003050<br /><br />Spain - National registration number<br />ESFCTU00000807300043105300000000000000000HUTB-0030508,245.5,HUTB-003050,Apartamento turístico (HUTB / TU),HUTB-003050,HUTB,True,con_licencia,consta en el registro oficial,2024-08-10,sin_actividad_desde_09_2025
49375703,Stunning 4-bedroom apt with Sagrada Familia views,4146729.0,Sensation Apartments,16.0,Eixample,la Sagrada Família,41.40477,2.17359,Entire home/apt,Entire serviced apartment,8.0,4.0,7.0,1.0,617.5,77.19,236,7,0,2025-06-07,4.71,Spain - National registration number<br />ESFCTU00000807300088781200000000000000000HUTB-0020545<br /><br />Barcelona - Regional registration number<br />HUTB-002054,617.5,HUTB-002054,Apartamento turístico (HUTB / TU),HUTB-002054,HUTB,True,con_licencia,consta en el registro oficial,2025-06-07,sin_actividad_desde_09_2025
49492813,Impresionante Apt. 3hab reformado,4212095.0,Elio / Wilken,33.0,Les Corts,les Corts,41.38457,2.13086,Entire home/apt,Entire rental unit,4.0,3.0,3.0,1.0,,,37,8,0,2025-02-10,4.25,Spain - National registration number<br />ESHFTU00000806000052385700300000000000000HUTB-0068835<br /><br />Barcelona - Regional registration number<br />HUTB-006883,,HUTB-006883,Apartamento turístico (HUTB / TU),HUTB-006883,HUTB,True,con_licencia,consta en el registro oficial,2025-02-10,sin_actividad_desde_09_2025
50230242,"Pelai, Pelayo - Pça. Universitat i Pça. Catalunya-",3050422.0,David,2.0,Eixample,l'Antiga Esquerra de l'Eixample,41.38699,2.16499,Entire home/apt,Entire rental unit,6.0,3.0,5.0,2.0,465.5,77.58,180,11,1,2025-07-03,4.64,Barcelona - Regional registration number<br />HUTB-004442,465.5,HUTB-004442,Apartamento turístico (HUTB / TU),HUTB-004442,HUTB,True,con_licencia,consta en el registro oficial,2025-07-03,sin_actividad_desde_09_2025
50240943,Blau Atic Apartment,405597082.0,Blau,1.0,Ciutat Vella,el Barri Gòtic,41.38623,2.17525,Entire home/apt,Entire rental unit,4.0,2.0,2.0,3.0,1027.33,256.83,45,10,0,2022-06-28,4.4,Barcelona - Regional registration number<br />HUTB-000986,1027.33,HUTB-000986,Apartamento turístico (HUTB / TU),HUTB-000986,HUTB,True,con_licencia,consta en el registro oficial,2022-06-28,sin_actividad_desde_09_2025
50475779,Key BCN Girona 3.2 (8pax),2439400.0,KeyBarcelona,27.0,Eixample,la Dreta de l'Eixample,41.39981,2.16592,Entire home/apt,Entire rental unit,8.0,4.0,5.0,1.0,431.0,53.88,321,6,0,2024-06-03,4.0,Barcelona - Regional registration number<br />HUTB-010596<br /><br />Spain - National registration number<br />ESHFTU00000805700052995800800000000000000HUTB-0105966,431.0,HUTB-010596,Apartamento turístico (HUTB / TU),HUTB-010596,HUTB,True,con_licencia,consta en el registro oficial,2024-06-03,sin_actividad_desde_09_2025
52360100,Casa Cosi - La Gleva 3,35936647.0,Casa Cosi,43.0,Sarrià-Sant Gervasi,el Putxet i el Farró,41.40333557128906,2.146080017089844,Entire home/apt,Entire rental unit,4.0,2.0,2.0,3.0,275.0,68.75,354,41,4,2025-08-16,4.76,Barcelona - Regional registration number<br />HUTB-004632<br /><br />Spain - National registration number<br />ESHFTU00000805900050318102200000000000000HUTB-0046322,275.0,HUTB-004632,Apartamento turístico (HUTB / TU),HUTB-004632,HUTB,True,con_licencia,consta en el registro oficial,2025-08-16,sin_actividad_desde_09_2025
53347472,Casa Cosi - Casanova 7,35936647.0,Casa Cosi,43.0,Eixample,l'Antiga Esquerra de l'Eixample,41.3870849609375,2.1568939685821533,Entire home/apt,Entire rental unit,7.0,3.0,4.0,3.0,507.33,72.48,346,40,1,2025-08-21,4.6,Barcelona - Regional registration number<br />HUTB-004237<br /><br />Spain - National registration number<br />ESHFTU00000806000002825301300000000000000HUTB-0042375,507.33,HUTB-004237,Apartamento turístico (HUTB / TU),HUTB-004237,HUTB,True,con_licencia,consta en el registro oficial,2025-08-21,sin_actividad_desde_09_2025
53397556,Beautiful 4 bedrooms apartment in Barcelona,1205494.0,Gian Franco,11.0,Eixample,la Dreta de l'Eixample,41.39784,2.16672,Entire home/apt,Entire rental unit,8.0,4.0,8.0,1.0,604.0,75.5,220,1,0,2021-12-30,4.0,Barcelona - Regional registration number<br />HUTB-008815<br /><br />Spain - National registration number<br />ESFCTU00000805400015256800000000000000000HUTB-0088158,604.0,HUTB-008815,Apartamento turístico (HUTB / TU),HUTB-008815,HUTB,True,con_licencia,consta en el registro oficial,2021-12-30,sin_actividad_desde_09_2025
53410847,Sagrada Família Lepant,2439400.0,KeyBarcelona,27.0,Eixample,la Sagrada Família,41.40873,2.17233,Entire home/apt,Entire rental unit,7.0,4.0,4.0,1.0,298.5,42.64,316,16,0,2024-09-24,3.31,Barcelona - Regional registration number<br />HUTB-010860<br /><br />Spain - National registration number<br />ESFCTU00000805800013114100000000000000000HUTB-0108601,298.5,HUTB-010860,Apartamento turístico (HUTB / TU),HUTB-010860,HUTB,True,con_licencia,consta en el registro oficial,2024-09-24,sin_actividad_desde_09_2025
54269832,Apartment Suite Japan en La Rambla-Boqueria,117888638.0,Agustin,6.0,Ciutat Vella,el Barri Gòtic,41.382465,2.172445,Entire home/apt,Entire vacation home,4.0,1.0,2.0,1.0,305.0,76.25,190,10,0,2025-05-29,5.0,Spain - National registration number<br />ESHFTU00000805400049516001300000000000000HUTB-0328903<br /><br />Barcelona - Regional registration number<br />HUTB-032890,305.0,HUTB-032890,Apartamento turístico (HUTB / TU),HUTB-032890,HUTB,True,con_licencia,consta en el registro oficial,2025-05-29,sin_actividad_desde_09_2025
546918030066186092,Incredible apartament in Passeig de Gracia,441889600.0,Pablo PD,4.0,Eixample,la Dreta de l'Eixample,41.39455,2.15894,Entire home/apt,Entire rental unit,3.0,2.0,4.0,1.0,373.0,124.33,152,28,1,2025-08-12,4.86,Spain - National registration number<br />ESFCTU00000806600001582800000000000000000HUTB-0109358<br /><br />Barcelona - Regional registration number<br />HUTB-010935,373.0,HUTB-010935,Apartamento turístico (HUTB / TU),HUTB-010935,HUTB,True,con_licencia,consta en el registro oficial,2025-08-12,sin_actividad_desde_09_2025
546926799730785062,Quiet apartament in Passeig de Gracia,441889600.0,Pablo PD,4.0,Eixample,la Dreta de l'Eixample,41.39627,2.16062,Entire home/apt,Entire rental unit,5.0,2.0,4.0,1.0,279.0,55.8,138,5,0,2024-09-06,4.8,Spain - National registration number<br />ESFCTU00000806600001582800000000000000000HUTB-0084105<br /><br />Barcelona - Regional registration number<br />HUTB-008410,279.0,HUTB-008410,Apartamento turístico (HUTB / TU),HUTB-008410,HUTB,True,con_licencia,consta en el registro oficial,2024-09-06,sin_actividad_desde_09_2025
548261568232919218,1 Bedroom Apartment Passeig de Gracia,123413775.0,Uma,6.0,Eixample,la Dreta de l'Eixample,41.38865,2.16955,Entire home/apt,Entire rental unit,3.0,1.0,,1.0,485.0,161.67,5,29,0,2025-03-30,4.72,Spain - National registration number<br />ESFCTU000008054000502912000000000000000HUTB062262-783<br /><br />Barcelona - Regional registration number<br />HUTB-062262,485.0,HUTB-062262,Apartamento turístico (HUTB / TU),HUTB-062262,HUTB,True,con_licencia,consta en el registro oficial,2025-03-30,sin_actividad_desde_09_2025
563027866454562837,PARK GÜELL GREAT & STYLISH TRIPLEX & PATIO,367112877.0,Francesco,15.0,Gràcia,el Coll,41.41667,2.14729,Entire home/apt,Entire condo,6.0,2.0,,7.0,,,0,57,0,2024-07-02,4.95,Barcelona - Regional registration number<br />HUTB-009449<br /><br />Spain - National registration number<br />ESFCTU00000804800066168700000000000000000HUTB-0094494,,HUTB-009449,Apartamento turístico (HUTB / TU),HUTB-009449,HUTB,True,con_licencia,consta en el registro oficial,2024-07-02,sin_actividad_desde_09_2025
579508271168576240,Precioso apartamento en Les Corts,1391607.0,Sh Barcelona Team,54.0,Les Corts,les Corts,41.38421,2.13059,Entire home/apt,Entire rental unit,3.0,2.0,3.0,3.0,222.0,74.0,48,59,1,2025-07-24,4.2,Barcelona - Regional registration number<br />HUTB-010283<br /><br />Spain - National registration number<br />ESFCTU000008060000559108000000000000000000HUT-0102834,222.0,HUTB-010283,Apartamento turístico (HUTB / TU),HUTB-010283,HUTB,True,con_licencia,consta en el registro oficial,2025-07-24,sin_actividad_desde_09_2025
588941290836238401,Magnificent 4 bedroom apartment in Eixample,265193861.0,BeBarceloner,125.0,Eixample,la Nova Esquerra de l'Eixample,41.38891,2.14651,Entire home/apt,Entire rental unit,5.0,4.0,,3.0,277.67,55.53,178,3,0,2024-07-17,4.67,Barcelona - Regional registration number<br />HUTB-075578<br /><br />Spain - National registration number<br />ESFCNT00000806000011804600000000000000000000000000003,277.67,HUTB-075578,Apartamento turístico (HUTB / TU),HUTB-075578,HUTB,True,con_licencia,consta en el registro oficial,2024-07-17,sin_actividad_desde_09_2025
599870153668358945,Spacious and luminous apartment in Maragall,10693680.0,Ramón,12.0,Horta-Guinardó,el Guinardó,41.41964,2.1792,Entire home/apt,Entire rental unit,5.0,2.0,5.0,3.0,149.0,29.8,365,3,0,2023-03-04,4.0,Barcelona - Regional registration number<br />HUTB-011636,149.0,HUTB-011636,Apartamento turístico (HUTB / TU),HUTB-011636,HUTB,True,con_licencia,consta en el registro oficial,2023-03-04,sin_actividad_desde_09_2025
624597786723152106,Stylish apartment in trendy Sant Antoni area,3193594.0,Jan,10.0,Eixample,Sant Antoni,41.37619,2.16148,Entire home/apt,Entire rental unit,2.0,2.0,,4.0,,,0,3,1,2025-07-22,5.0,Barcelona - Regional registration number<br />HUTB-005572<br /><br />Spain - National registration number<br />ESFCTU00000806900021566300000000000000000HUTB-0055725,,HUTB-005572,Apartamento turístico (HUTB / TU),HUTB-005572,HUTB,True,con_licencia,consta en el registro oficial,2025-07-22,sin_actividad_desde_09_2025
657477525450520156,habitación individual muy cómoda,466105266.0,Basile,1.0,Sants-Montjuïc,Sants,41.3738213,2.1383285,Private room,Private room in rental unit,2.0,0.0,,28.0,,,0,44,0,2023-01-19,4.3,Barcelona - Regional registration number<br />HUTB-008014,,HUTB-008014,Apartamento turístico (HUTB / TU),HUTB-008014,HUTB,True,con_licencia,consta en el registro oficial,2023-01-19,sin_actividad_desde_09_2025
666020392449677597,BIG & NEW APARTMENT @ 900m from the BEACH / BORN,367112877.0,Francesco,15.0,Sant Martí,el Parc i la Llacuna del Poblenou,41.39367,2.18823,Entire home/apt,Entire vacation home,7.0,4.0,,7.0,,,0,56,0,2024-06-18,4.95,Barcelona - Regional registration number<br />HUTB-001735,,HUTB-001735,Apartamento turístico (HUTB / TU),HUTB-001735,HUTB,True,con_licencia,consta en el registro oficial,2024-06-18,sin_actividad_desde_09_2025
667414994619322879,Cozy and bright apartment to enjoy BCN safely,468299734.0,Jesus,1.0,Sarrià-Sant Gervasi,el Putxet i el Farró,41.4018985,2.1498397,Entire home/apt,Entire rental unit,2.0,1.0,,3.0,,,0,17,0,2023-05-26,4.88,Barcelona - Regional registration number<br />HUTB-008161,,HUTB-008161,Apartamento turístico (HUTB / TU),HUTB-008161,HUTB,True,con_licencia,consta en el registro oficial,2023-05-26,sin_actividad_desde_09_2025
717918147430255956,Dip3,24931874.0,漫步,4.0,Eixample,l'Antiga Esquerra de l'Eixample,41.38542,2.16215,Entire home/apt,Entire condo,4.0,2.0,,3.0,,,0,1,0,2022-10-30,5.0,Barcelona - Regional registration number<br />HUTB-007807,,HUTB-007807,Apartamento turístico (HUTB / TU),HUTB-007807,HUTB,True,con_licencia,consta en el registro oficial,2022-10-30,sin_actividad_desde_09_2025
736908352439783217,Modern apartment in Sant Marti,3376710.0,Marianne,12.0,Sant Martí,Provençals del Poblenou,41.41421,2.20438,Entire home/apt,Entire rental unit,5.0,3.0,4.0,23.0,71.44,14.29,316,1,0,2023-06-23,5.0,Barcelona - Regional registration number<br />HUTB-006756,71.44,HUTB-006756,Apartamento turístico (HUTB / TU),HUTB-006756,HUTB,True,con_licencia,consta en el registro oficial,2023-06-23,sin_actividad_desde_09_2025
762115583697681861,ch6h6bb Large GroupFlat Las Ramblas-Plaza España,1447144.0,Acomodis Apartments,448.0,Sants-Montjuïc,el Poble Sec,41.3747456,2.1687985,Entire home/apt,Entire rental unit,12.0,6.0,12.0,1.0,959.0,79.92,365,2,0,2023-02-26,4.0,Barcelona - Regional registration number<br />HUTB-002592,959.0,HUTB-002592,Apartamento turístico (HUTB / TU),HUTB-002592,HUTB,True,con_licencia,consta en el registro oficial,2023-02-26,sin_actividad_desde_09_2025
795548873560018819,One bedroom apartment,208199613.0,Tomás,15.0,Ciutat Vella,el Raval,41.379102548,2.174108184,Entire home/apt,Entire rental unit,4.0,1.0,4.0,1.0,226.0,56.5,258,1,0,2024-08-30,4.0,Barcelona - Regional registration number<br />HUTB-002457<br /><br />Spain - National registration number<br />ESHFTU00000805600071447000700000000000000HUTB-0024576,226.0,HUTB-002457,Apartamento turístico (HUTB / TU),HUTB-002457,HUTB,True,con_licencia,consta en el registro oficial,2024-08-30,sin_actividad_desde_09_2025
795560670495311147,Two-Bedroom Apartment with Terrace,208199613.0,Tomás,15.0,Ciutat Vella,el Raval,41.379076808,2.174146324,Entire home/apt,Entire rental unit,5.0,2.0,4.0,1.0,260.0,52.0,235,4,1,2025-07-15,4.25,Barcelona - Regional registration number<br />HUTB-076789,260.0,HUTB-076789,Apartamento turístico (HUTB / TU),HUTB-076789,HUTB,True,con_licencia,consta en el registro oficial,2025-07-15,sin_actividad_desde_09_2025
802757391673405434,Sagrada Familia flat for 6 pple!,491301242.0,Konstantin,4.0,Eixample,el Fort Pienc,41.39935029185473,2.176562474383736,Entire home/apt,Entire rental unit,6.0,4.0,7.0,1.0,424.52,70.75,212,6,0,2023-09-15,4.83,Barcelona - Regional registration number<br />HUTB-046760<br /><br />Spain - National registration number<br />ESFCTU00000807300010176500000000000000000HUTB-0467605,424.52,HUTB-046760,Apartamento turístico (HUTB / TU),HUTB-046760,HUTB,True,con_licencia,consta en el registro oficial,2023-09-15,sin_actividad_desde_09_2025
843975708540678323,Appartement dans la Sagrada Familia II,1391607.0,Sh Barcelona Team,54.0,Eixample,la Sagrada Família,41.40822,2.1746144,Entire home/apt,Entire rental unit,4.0,2.0,3.0,3.0,257.67,64.42,308,38,2,2025-08-20,4.45,Barcelona - Regional registration number<br />HUTB-008035<br /><br />Spain - National registration number<br />ESFCTU00000805800068131800000000000000000HUTB-0080354,257.67,HUTB-008035,Apartamento turístico (HUTB / TU),HUTB-008035,HUTB,True,con_licencia,consta en el registro oficial,2025-08-20,sin_actividad_desde_09_2025
849010473355090427,Numa | 2 Bedroom Apartment with Balcony & Sofa Bed,503523430.0,Numa Barcelona Colmena,4.0,Sarrià-Sant Gervasi,el Putxet i el Farró,41.4057322,2.1487462,Entire home/apt,Entire serviced apartment,6.0,2.0,3.0,1.0,239.4,39.9,297,2,0,2025-02-07,5.0,Barcelona - Regional registration number<br />HUTB-005532<br /><br />Spain - National registration number<br />ESFCTU00000806300012660800000000000000000000000054553,239.4,HUTB-005532,Apartamento turístico (HUTB / TU),HUTB-005532,HUTB,True,con_licencia,consta en el registro oficial,2025-02-07,sin_actividad_desde_09_2025
849427626663947834,Gracia & Park Güell Ground floor & patio,367112877.0,Francesco,15.0,Gràcia,Vallcarca i els Penitents,41.41194,2.14778,Entire home/apt,Entire rental unit,5.0,2.0,,7.0,,,0,32,0,2024-05-23,4.88,Barcelona - Regional registration number<br />HUTB-008523<br /><br />Spain - National registration number<br />ESFCTU00000804800042942300000000000000000000008523420,,HUTB-008523,Apartamento turístico (HUTB / TU),HUTB-008523,HUTB,True,con_licencia,consta en el registro oficial,2024-05-23,sin_actividad_desde_09_2025
862747820432662167,Barcelona Rector Triadó | 2-Bedroom Apt. + terrace,418270816.0,Limehome,13.0,Sants-Montjuïc,Hostafrancs,41.377277,2.144125,Entire home/apt,Entire rental unit,6.0,2.0,3.0,1.0,395.0,65.83,299,9,0,2025-04-08,4.78,Spain - National registration number<br />ESFCTU00000806700055058600000000000000000HUTB-0145772<br /><br />Barcelona - Regional registration number<br />HUTB-014577,395.0,HUTB-014577,Apartamento turístico (HUTB / TU),HUTB-014577,HUTB,True,con_licencia,consta en el registro oficial,2025-04-08,sin_actividad_desde_09_2025
870911753083476226,Cozy Duplex with Terrace in Gracia,13199607.0,Carlota,1.0,Gràcia,la Vila de Gràcia,41.4046,2.15471,Entire home/apt,Entire home,6.0,3.0,3.0,2.0,445.5,74.25,145,10,0,2024-03-31,4.9,Spain - National registration number<br />ESFCTU00000806600027507900000000000000000HUTB-0092786<br /><br />Barcelona - Regional registration number<br />HUTB-009278,445.5,HUTB-009278,Apartamento turístico (HUTB / TU),HUTB-009278,HUTB,True,con_licencia,consta en el registro oficial,2024-03-31,sin_actividad_desde_09_2025
879485762386282670,Uma Suites Sagrada Familia - Estudio,511837914.0,Uma Suites,3.0,Eixample,la Sagrada Família,41.4024627,2.1764974,Entire home/apt,Entire rental unit,2.0,1.0,1.0,1.0,205.0,102.5,84,4,0,2025-06-09,4.5,Barcelona - Regional registration number<br />HUTB-076690<br /><br />Spain - National registration number<br />ESFCTU0000080730001446490000000000000000HUTB076690456,205.0,HUTB-076690,Apartamento turístico (HUTB / TU),HUTB-076690,HUTB,True,con_licencia,consta en el registro oficial,2025-06-09,sin_actividad_desde_09_2025
902616134023182966,"Apartment with pool, garden, and parking by sea",10808083.0,Pepa,1.0,Sant Martí,la Vila Olímpica del Poblenou,41.39074908254854,2.19061858269041,Entire home/apt,Entire rental unit,6.0,3.0,8.0,31.0,380.94,63.49,334,1,0,2023-09-01,4.0,Spain - National registration number<br />ESFCNT00000811900008787300000000000000000000000000001<br /><br />Barcelona - Regional registration number<br />HUTB000008,380.94,HUTB000008,Apartamento turístico (HUTB / TU),HUTB-000008,HUTB,True,con_licencia,consta en el registro oficial,2023-09-01,sin_actividad_desde_09_2025
909315937234693602,Aticco Living Gracia - Boutique Apartments Rooftop,518888520.0,Aticco Living,105.0,Gràcia,la Vila de Gràcia,41.404045281447225,2.1525074588106974,Entire home/apt,Entire rental unit,4.0,3.0,3.0,2.0,287.5,71.88,196,6,0,2024-02-29,3.5,Spain - National registration number<br />ESFCTU00000806600001828700000000000000000HUTB-0073774<br /><br />Barcelona - Regional registration number<br />HUTB-007377,287.5,HUTB-007377,Apartamento turístico (HUTB / TU),HUTB-007377,HUTB,True,con_licencia,consta en el registro oficial,2024-02-29,sin_actividad_desde_09_2025
913581229263494529,Sagrada Familia Apartime,9784103.0,Apartime S.L,11.0,Eixample,la Sagrada Família,41.400780905,2.174068884,Entire home/apt,Entire rental unit,2.0,1.0,1.0,2.0,250.0,125.0,181,1,0,2023-10-25,5.0,Barcelona - Regional registration number<br />HUTB-007230<br /><br />Spain - National registration number<br />ESFCTU00000807300019951900000000000000000HUTB-0072308,250.0,HUTB-007230,Apartamento turístico (HUTB / TU),HUTB-007230,HUTB,True,con_licencia,consta en el registro oficial,2023-10-25,sin_actividad_desde_09_2025
925357299875420324,Apartamento Eixample Sagrada Familia P23,3615168.0,Eduardo,6.0,Eixample,la Dreta de l'Eixample,41.3976421,2.1703724,Entire home/apt,Entire rental unit,3.0,2.0,,3.0,,,0,27,0,2025-04-24,5.0,Spain - National registration number<br />ESHFTU00000805400043229500900000000000000HUTB-0767211<br /><br />Barcelona - Regional registration number<br />HUTB-076721,,HUTB-076721,Apartamento turístico (HUTB / TU),HUTB-076721,HUTB,True,con_licencia,consta en el registro oficial,2025-04-24,sin_actividad_desde_09_2025
935293020961594238,Apartamento céntrico Barcelona,23923228.0,Jordi,4.0,Sant Martí,el Camp de l'Arpa del Clot,41.41403409999999,2.1804695,Entire home/apt,Entire rental unit,4.0,2.0,2.0,2.0,399.5,99.88,162,2,0,2024-01-14,5.0,Barcelona - Regional registration number<br />HUTB076704<br /><br />Spain - National registration number<br />ESFCTU00000805800066961300000000000000000HUTB-0767044,399.5,HUTB076704,Apartamento turístico (HUTB / TU),HUTB-076704,HUTB,True,con_licencia,consta en el registro oficial,2024-01-14,sin_actividad_desde_09_2025
941144778839882076,Nice 2 Bedroom Flat steps from Las Ramblas & Port!,1447144.0,Acomodis Apartments,448.0,Sants-Montjuïc,el Poble Sec,41.37303,2.17141,Entire home/apt,Entire rental unit,4.0,2.0,3.0,1.0,788.0,197.0,270,1,0,2024-03-10,4.0,Barcelona - Regional registration number<br />HUTB-000066,788.0,HUTB-000066,Apartamento turístico (HUTB / TU),HUTB-000066,HUTB,True,con_licencia,consta en el registro oficial,2024-03-10,sin_actividad_desde_09_2025
941267843854689530,Nice Group Flat 4bedr 4bathr 2 flats Port-Ramblas,1447144.0,Acomodis Apartments,448.0,Sants-Montjuïc,el Poble Sec,41.37285791189962,2.169444250042256,Entire home/apt,Entire rental unit,8.0,4.0,6.0,1.0,1575.0,196.88,270,1,0,2025-01-23,5.0,Barcelona - Regional registration number<br />HUTB-000067,1575.0,HUTB-000067,Apartamento turístico (HUTB / TU),HUTB-000067,HUTB,True,con_licencia,consta en el registro oficial,2025-01-23,sin_actividad_desde_09_2025
960741517135824803,"Spacious, Bright and modern 4BD in Gran Via",394270439.0,Laura,40.0,Ciutat Vella,el Raval,41.38583,2.16506,Entire home/apt,Entire rental unit,9.0,4.0,,31.0,,,18,10,0,2024-01-01,4.9,Barcelona - Regional registration number<br />HUTB-005697<br /><br />Spain - National registration number<br />ESFCNT00F10805600022502000000000000000000000000000000,,HUTB-005697,Apartamento turístico (HUTB / TU),HUTB-005697,HUTB,True,con_licencia,consta en el registro oficial,2024-01-01,sin_actividad_desde_09_2025
962334318588170173,Nice GroupFlat 8 bedr 6 bathr 3 flats Port-Ramblas,1447144.0,Acomodis Apartments,448.0,Sants-Montjuïc,el Poble Sec,41.371595667892045,2.16977754528434,Entire home/apt,Entire rental unit,16.0,8.0,11.0,1.0,2066.0,129.12,365,1,0,2024-09-10,5.0,Barcelona - Regional registration number<br />HUTB-000067,2066.0,HUTB-000067,Apartamento turístico (HUTB / TU),HUTB-000067,HUTB,True,con_licencia,consta en el registro oficial,2024-09-10,sin_actividad_desde_09_2025
979716604328446215,Nice 2 bedroom Apartment close St Pau Hospital,1447144.0,Acomodis Apartments,448.0,Sant Martí,el Camp de l'Arpa del Clot,41.41173,2.18155,Entire home/apt,Entire rental unit,4.0,2.0,3.0,1.0,651.0,162.75,269,1,1,2025-08-04,5.0,Barcelona - Regional registration number<br />HUTB-003545,651.0,HUTB-003545,Apartamento turístico (HUTB / TU),HUTB-003545,HUTB,True,con_licencia,consta en el registro oficial,2025-08-04,sin_actividad_desde_09_2025
980349688183793774,Cozy and central apartment,151733127.0,Hoomy Bcn,1.0,Horta-Guinardó,el Baix Guinardó,41.41217842698631,2.165413751322045,Entire home/apt,Entire condo,6.0,2.0,,2.0,,,1,7,1,2025-08-10,5.0,Barcelona - Regional registration number<br />HUTB-007562,,HUTB-007562,Apartamento turístico (HUTB / TU),HUTB-007562,HUTB,True,con_licencia,consta en el registro oficial,2025-08-10,sin_actividad_desde_09_2025
996824937935693120,Sant Pau Modernist H COZY TWIN 2,367112877.0,Francesco,15.0,Sant Andreu,Navas,41.4189,2.1847,Entire home/apt,Entire rental unit,2.0,1.0,,7.0,,,0,4,0,2024-05-02,5.0,Barcelona - Regional registration number<br />HUTB-069380<br /><br />Spain - National registration number<br />ESFCTU00B008058000012167000000000000000000HUTB0693805,,HUTB-069380,Apartamento turístico (HUTB / TU),HUTB-069380,HUTB,True,con_licencia,consta en el registro oficial,2024-05-02,sin_actividad_desde_09_2025
999014137585731678,Sant Pau Modernist H COZY TWIN 1,367112877.0,Francesco,15.0,Sant Andreu,Navas,41.42062190587793,2.1845097833645784,Entire home/apt,Entire rental unit,3.0,2.0,,20.0,,,0,4,0,2023-11-06,5.0,Barcelona - Regional registration number<br />HUTB-069383<br /><br />Spain - National registration number<br />ESFCTU00B108058000012167000000000000000000HUTB0693833,,HUTB-069383,Apartamento turístico (HUTB / TU),HUTB-069383,HUTB,True,con_licencia,consta en el registro oficial,2023-11-06,sin_actividad_desde_09_2025
1010777930286882008,Apartment Plaza España-Fira 3º,120559440.0,Mari Carmen,1.0,Sants-Montjuïc,Hostafrancs,41.3758404,2.1437009,Entire home/apt,Entire vacation home,5.0,3.0,6.0,3.0,160.33,32.07,71,10,0,2025-06-15,5.0,Barcelona - Regional registration number<br />HUTB007971<br /><br />Spain - National registration number<br />ESFCTU0000080670002894790000000000000000HUTB007971795,160.33,HUTB007971,Apartamento turístico (HUTB / TU),HUTB-007971,HUTB,True,con_licencia,consta en el registro oficial,2025-06-15,sin_actividad_desde_09_2025
1015683414768230026,112TT64COR11 · Plaza España,1391607.0,Sh Barcelona Team,54.0,Eixample,Sant Antoni,41.37704,2.15642,Entire home/apt,Entire rental unit,3.0,2.0,3.0,7.0,219.57,73.19,329,38,0,2025-05-26,4.37,Barcelona - Regional registration number<br />HUTB-001687<br /><br />Spain - National registration number<br />ESFCTUO0000806900021227300000000000000000HUT8 -001687,219.57,HUTB-001687,Apartamento turístico (HUTB / TU),HUTB-001687,HUTB,True,con_licencia,consta en el registro oficial,2025-05-26,sin_actividad_desde_09_2025
1017356688808942192,Great 3 bedroom apartment Sagrada Familia!,1447144.0,Acomodis Apartments,448.0,Eixample,la Sagrada Família,41.40864,2.1786,Entire home/apt,Entire rental unit,4.0,3.0,3.0,2.0,439.5,109.88,270,6,0,2024-06-14,5.0,Barcelona - Regional registration number<br />HUTB002091,439.5,HUTB002091,Apartamento turístico (HUTB / TU),HUTB-002091,HUTB,True,con_licencia,consta en el registro oficial,2024-06-14,sin_actividad_desde_09_2025
1020074882962094525,Turo Park - Lujo 2 habitaciones + 2 baños,75620994.0,Sabrina,14.0,Sarrià-Sant Gervasi,Sant Gervasi - Galvany,41.3940126,2.1395385,Entire home/apt,Entire rental unit,4.0,2.0,2.0,10.0,287.6,71.9,233,2,1,2025-07-07,3.5,Spain - National registration number<br />ESFCTU0000080590004728450000000000000000HUTB011458208<br /><br />Barcelona - Regional registration number<br />HUTB-011458,287.6,HUTB-011458,Apartamento turístico (HUTB / TU),HUTB-011458,HUTB,True,con_licencia,consta en el registro oficial,2025-07-07,sin_actividad_desde_09_2025
1026673971311302976,Recently refurbished 2-bedroom duplex,265193861.0,BeBarceloner,125.0,Sants-Montjuïc,Sants,41.38436,2.14115,Entire home/apt,Entire rental unit,4.0,2.0,,3.0,241.67,60.42,213,1,0,2024-07-17,5.0,Spain - National registration number<br />ESFCTU00000805600066461400000000000000HUTB-072673-558<br /><br />Barcelona - Regional registration number<br />HUTB-072673,241.67,HUTB-072673,Apartamento turístico (HUTB / TU),HUTB-072673,HUTB,True,con_licencia,consta en el registro oficial,2024-07-17,sin_actividad_desde_09_2025
1026856731346737455,Great Apartment with Terrace Born center 3 people!,1447144.0,Acomodis Apartments,448.0,Ciutat Vella,"Sant Pere, Santa Caterina i la Ribera",41.38472532603616,2.1812827899944214,Entire home/apt,Entire rental unit,3.0,1.0,3.0,2.0,320.0,106.67,311,1,0,2024-04-12,5.0,Spain - National registration number<br />ESFCTU00000811900018053600000000000000000000018644809<br /><br />Barcelona - Regional registration number<br />HUTB-003805,320.0,HUTB-003805,Apartamento turístico (HUTB / TU),HUTB-003805,HUTB,True,con_licencia,consta en el registro oficial,2024-04-12,sin_actividad_desde_09_2025
1039180509338421359,Nice 12-Bedr Group Flat near Sagrada Familia 24ppl,1447144.0,Acomodis Apartments,448.0,Eixample,la Sagrada Família,41.40169,2.17597,Entire home/apt,Entire rental unit,16.0,12.0,18.0,1.0,3664.0,229.0,270,1,0,2024-04-28,5.0,Barcelona - Regional registration number<br />HUTB-011577,3664.0,HUTB-011577,Apartamento turístico (HUTB / TU),HUTB-011577,HUTB,True,con_licencia,consta en el registro oficial,2024-04-28,sin_actividad_desde_09_2025
1043980484757862393,Great 3-Bedroom apartment 2-Bathrooms L'Eixample,1447144.0,Acomodis Apartments,448.0,Eixample,la Nova Esquerra de l'Eixample,41.37902005050149,2.146970334745613,Entire home/apt,Entire rental unit,6.0,3.0,4.0,1.0,451.0,75.17,278,1,0,2025-06-01,5.0,Spain - National registration number<br />ESHFTU000008067000256426004000000000000000HUTB0067625<br /><br />Barcelona - Regional registration number<br />HUTB-006762,451.0,HUTB-006762,Apartamento turístico (HUTB / TU),HUTB-006762,HUTB,True,con_licencia,consta en el registro oficial,2025-06-01,sin_actividad_desde_09_2025
1045093479700785292,Group Flat 2 nice apartments El Born Old Town 8ppl,1447144.0,Acomodis Apartments,448.0,Ciutat Vella,"Sant Pere, Santa Caterina i la Ribera",41.38296,2.18087,Entire home/apt,Entire rental unit,8.0,6.0,7.0,1.0,845.0,105.62,310,1,0,2024-09-14,5.0,Barcelona - Regional registration number<br />HUTB003800,845.0,HUTB003800,Apartamento turístico (HUTB / TU),HUTB-003800,HUTB,True,con_licencia,consta en el registro oficial,2024-09-14,sin_actividad_desde_09_2025
1051338207146039925,Great 12-Bedrooms 8-Bathrooms Group Flat 27 ppl,1447144.0,Acomodis Apartments,448.0,Eixample,la Nova Esquerra de l'Eixample,41.37979281305531,2.1515038102154285,Entire home/apt,Entire rental unit,16.0,12.0,18.0,1.0,1826.0,114.12,270,1,0,2024-07-19,3.0,Spain - National registration number<br />ESFCTU00E308067000389186000000000000000000HUTB0089710<br /><br />Barcelona - Regional registration number<br />HUTB-008971,1826.0,HUTB-008971,Apartamento turístico (HUTB / TU),HUTB-008971,HUTB,True,con_licencia,consta en el registro oficial,2024-07-19,sin_actividad_desde_09_2025
1060266404133622778,Pierre & Vacances - Studio 3 personnes,540456518.0,Pierre Et Vacances,4.0,Sants-Montjuïc,Sants - Badal,41.37508930554593,2.1236785360173327,Entire home/apt,Entire rental unit,2.0,,2.0,1.0,,,360,2,0,2025-04-03,3.0,Barcelona - Regional registration number<br />HUTB-005413,,HUTB-005413,Apartamento turístico (HUTB / TU),HUTB-005413,HUTB,True,con_licencia,consta en el registro oficial,2025-04-03,sin_actividad_desde_09_2025
1096308508319443491,"Great Location 3 Bedrooms 1 Bathroom, L'Eixample",1447144.0,Acomodis Apartments,448.0,Eixample,la Nova Esquerra de l'Eixample,41.37854916079417,2.1467890932821247,Entire home/apt,Entire rental unit,5.0,3.0,4.0,1.0,451.0,90.2,278,2,0,2025-05-31,5.0,Spain - National registration number<br />ESHFTU000008067000256426007000000000000000HUTB0072596<br /><br />Barcelona - Regional registration number<br />HUTB-007259,451.0,HUTB-007259,Apartamento turístico (HUTB / TU),HUTB-007259,HUTB,True,con_licencia,consta en el registro oficial,2025-05-31,sin_actividad_desde_09_2025
1100017067608924440,Central and Spacious 5-bedroom Flat,528446174.0,Angella,1.0,Eixample,la Dreta de l'Eixample,41.40049393702659,2.1712937707351414,Entire home/apt,Entire rental unit,9.0,5.0,7.0,1.0,519.5,57.72,20,18,5,2025-08-26,4.94,Barcelona - Regional registration number<br />HUTB-010435<br /><br />Spain - National registration number<br />ESFCTU00D10805400037256000000000000000000HUTB-0104352,519.5,HUTB-010435,Apartamento turístico (HUTB / TU),HUTB-010435,HUTB,True,con_licencia,consta en el registro oficial,2025-08-26,sin_actividad_desde_09_2025
1101671063560980163,Group Flat 3 nice flats nice area Pl. Espanya 16pp,1447144.0,Acomodis Apartments,448.0,Eixample,la Nova Esquerra de l'Eixample,41.38064,2.14758,Entire home/apt,Entire rental unit,16.0,9.0,12.0,1.0,1284.0,80.25,365,1,0,2024-04-08,5.0,Spain - National registration number<br />ESHFTU000008067000256426001000000000000000HUTB0089859<br /><br />Barcelona - Regional registration number<br />HUTB-008985,1284.0,HUTB-008985,Apartamento turístico (HUTB / TU),HUTB-008985,HUTB,True,con_licencia,consta en el registro oficial,2024-04-08,sin_actividad_desde_09_2025
1103704412322820263,P2MAL1166 - Fantastic apartment,562920793.0,Mercantil Brescia,23.0,Eixample,la Sagrada Família,41.40687,2.17779,Entire home/apt,Entire rental unit,5.0,2.0,3.0,2.0,296.5,59.3,247,2,0,2025-03-10,5.0,Spain - National registration number<br />ESFCTU000008073000933731000000000000000HUTB-076687149<br /><br />Barcelona - Regional registration number<br />HUTB-076687,296.5,HUTB-076687,Apartamento turístico (HUTB / TU),HUTB-076687,HUTB,True,con_licencia,consta en el registro oficial,2025-03-10,sin_actividad_desde_09_2025
1112379860968362912,Navas 2,496924226.0,Holidu,1.0,Sant Andreu,Navas,41.4154118,2.1877208,Entire home/apt,Entire rental unit,6.0,3.0,,1.0,,,364,1,0,2024-06-11,4.0,Barcelona - Regional registration number<br />HUTB-004033,,HUTB-004033,Apartamento turístico (HUTB / TU),HUTB-004033,HUTB,True,con_licencia,consta en el registro oficial,2024-06-11,sin_actividad_desde_09_2025
1117870468049269184,Apt for 3 close to Plaça Catalunya,566729533.0,Enrique,7.0,Eixample,la Dreta de l'Eixample,41.39189904770456,2.1679844717072374,Entire home/apt,Entire rental unit,3.0,1.0,2.0,2.0,1039.5,346.5,37,39,1,2025-06-26,4.74,Barcelona - Regional registration number<br />HUTB-011494,1039.5,HUTB-011494,Apartamento turístico (HUTB / TU),HUTB-011494,HUTB,True,con_licencia,consta en el registro oficial,2025-06-26,sin_actividad_desde_09_2025
1119293730710917108,Acogedor estudio en Gracia,523314637.0,Maximo,1.0,Gràcia,la Vila de Gràcia,41.40255348596866,2.1607741237722453,Entire home/apt,Entire rental unit,2.0,1.0,1.0,1.0,245.0,122.5,307,3,0,2024-08-17,4.0,Barcelona - Regional registration number<br />HUTB-009561,245.0,HUTB-009561,Apartamento turístico (HUTB / TU),HUTB-009561,HUTB,True,con_licencia,consta en el registro oficial,2024-08-17,sin_actividad_desde_09_2025
1120246413792546112,112TT85GR1Ab · Apartamento con vistas,1391607.0,Sh Barcelona Team,54.0,Horta-Guinardó,el Baix Guinardó,41.41150772980684,2.166865243610872,Entire home/apt,Entire rental unit,5.0,3.0,3.0,2.0,306.33,61.27,309,39,2,2025-08-03,4.38,Barcelona - Regional registration number<br />HUTB-005309<br /><br />Spain - National registration number<br />ESFCTU0000080580001250410000000000000000-HUTB-0053-09,306.33,HUTB-005309,Apartamento turístico (HUTB / TU),HUTB-005309,HUTB,True,con_licencia,consta en el registro oficial,2025-08-03,sin_actividad_desde_09_2025
1120791125729506189,Almirall Beach 51,566054440.0,Lodging Apartments,11.0,Ciutat Vella,la Barceloneta,41.38131445860032,2.19224215525776,Entire home/apt,Entire rental unit,2.0,1.0,1.0,1.0,312.0,156.0,247,21,0,2025-06-15,4.38,Barcelona - Regional registration number<br />HUTB-077729<br /><br />Spain - National registration number<br />ESFCTU00000811900021202200000000000000000HUTB-0777292,312.0,HUTB-077729,Apartamento turístico (HUTB / TU),HUTB-077729,HUTB,True,con_licencia,consta en el registro oficial,2025-06-15,sin_actividad_desde_09_2025
1147765505964672167,111TTSIB132ARA13b · Bonito apartamento para 6,1391607.0,Sh Barcelona Team,54.0,Eixample,la Dreta de l'Eixample,41.39147388114209,2.1622270682909988,Entire home/apt,Entire rental unit,6.0,3.0,4.0,3.0,192.33,32.06,291,3,0,2024-08-25,2.33,Barcelona - Regional registration number<br />HUTB-005874<br /><br />Spain - National registration number<br />ESFCTU00D10805600047316200000000000000000HUTB-0058749,192.33,HUTB-005874,Apartamento turístico (HUTB / TU),HUTB-005874,HUTB,True,con_licencia,consta en el registro oficial,2024-08-25,sin_actividad_desde_09_2025
1150686705476054239,Happy nice 12 bedr Group Flat Pl Espanya 24 people,1447144.0,Acomodis Apartments,448.0,Sants-Montjuïc,Sants,41.37677,2.1407,Entire home/apt,Entire rental unit,16.0,12.0,18.0,1.0,3664.0,229.0,270,1,1,2025-07-27,5.0,Barcelona - Regional registration number<br />HUTB-006940<br /><br />Spain - National registration number<br />ESFCTU00000805600034461500000000000000000HUTB-0069490,3664.0,HUTB-006940,Apartamento turístico (HUTB / TU),HUTB-006940,HUTB,True,con_licencia,consta en el registro oficial,2025-07-27,sin_actividad_desde_09_2025
1157973201240537138,"""Acomodis"" 4-bedrooms 2-bathrooms Gaudi Avenue",1447144.0,Acomodis Apartments,448.0,Eixample,la Sagrada Família,41.40560945655525,2.17480431950084,Entire home/apt,Entire rental unit,7.0,4.0,4.0,1.0,936.0,133.71,270,1,0,2024-06-03,5.0,Barcelona - Regional registration number<br />HUTB-004482,936.0,HUTB-004482,Apartamento turístico (HUTB / TU),HUTB-004482,HUTB,True,con_licencia,consta en el registro oficial,2024-06-03,sin_actividad_desde_09_2025
1174344347022316569,Great 8 Bedrooms 4 Bathr Group Flat L'Eixample 15p,1447144.0,Acomodis Apartments,448.0,Eixample,la Nova Esquerra de l'Eixample,41.37932,2.15313,Entire home/apt,Entire rental unit,15.0,8.0,11.0,1.0,913.0,60.87,270,2,0,2025-03-08,4.0,Spain - National registration number<br />ESFCTU002108067000389186000000000000000000HUTB0073589<br /><br />Barcelona - Regional registration number<br />HUTB-007358,913.0,HUTB-007358,Apartamento turístico (HUTB / TU),HUTB-007358,HUTB,True,con_licencia,consta en el registro oficial,2025-03-08,sin_actividad_desde_09_2025
1178189674856297359,Cosy 2 bedroom flat in Sants,265193861.0,BeBarceloner,125.0,Sants-Montjuïc,Sants,41.37374,2.13336,Entire home/apt,Entire rental unit,4.0,2.0,4.0,2.0,355.0,88.75,287,3,0,2024-10-13,4.33,Barcelona - Regional registration number<br />HUTB-012707<br /><br />Spain - National registration number<br />ESFCTU00000806500002652000000000000000000HUTB-0127079,355.0,HUTB-012707,Apartamento turístico (HUTB / TU),HUTB-012707,HUTB,True,con_licencia,consta en el registro oficial,2024-10-13,sin_actividad_desde_09_2025
1181651122070037388,Dúplex con terraza en Barcelona,70278696.0,Miguel,7.0,Horta-Guinardó,el Carmel,41.42210864105178,2.152371123554832,Entire home/apt,Entire rental unit,5.0,1.0,,3.0,,,0,8,0,2024-11-10,4.75,Barcelona - Regional registration number<br />HUTB-012124<br /><br />Spain - National registration number<br />ESFCTU00000804800066555500000000000000000HUTB-0121242,,HUTB-012124,Apartamento turístico (HUTB / TU),HUTB-012124,HUTB,True,con_licencia,consta en el registro oficial,2024-11-10,sin_actividad_desde_09_2025
1183139935289156751,Planta baja con terraza en Barcelona,70278696.0,Miguel,7.0,Horta-Guinardó,el Carmel,41.4232264,2.1514669,Entire home/apt,Entire loft,2.0,1.0,,1.0,,,0,5,0,2025-01-01,4.2,Barcelona - Regional registration number<br />HUTB-012125<br /><br />Spain - National registration number<br />ESFCTU00000804800066556200000000000000000HUTB-0121257,,HUTB-012125,Apartamento turístico (HUTB / TU),HUTB-012125,HUTB,True,con_licencia,consta en el registro oficial,2025-01-01,sin_actividad_desde_09_2025
1197588737580538038,Apartamento 2 habitaciones,537848787.0,Maria Dolores,5.0,Eixample,la Dreta de l'Eixample,41.39387,2.17238,Entire home/apt,Entire rental unit,4.0,2.0,4.0,1.0,451.0,112.75,113,1,0,2024-09-17,2.0,Barcelona - Regional registration number<br />HUTB-010255,451.0,HUTB-010255,Apartamento turístico (HUTB / TU),HUTB-010255,HUTB,True,con_licencia,consta en el registro oficial,2024-09-17,sin_actividad_desde_09_2025
1198387333196750651,Great 2 Bedroom Apartment close Plaza España 5 ppl,1447144.0,Acomodis Apartments,448.0,Eixample,la Nova Esquerra de l'Eixample,41.37938791027055,2.146038110591691,Entire home/apt,Entire rental unit,5.0,2.0,4.0,1.0,343.0,68.6,269,1,0,2025-03-17,5.0,Spain - National registration number<br />ESFCTU00000806700055095100000000000000000HUTB-0013770<br /><br />Barcelona - Regional registration number<br />HUTB-001377,343.0,HUTB-001377,Apartamento turístico (HUTB / TU),HUTB-001377,HUTB,True,con_licencia,consta en el registro oficial,2025-03-17,sin_actividad_desde_09_2025
1199996731779573327,Great 8 Bedrooms 3 Bathr Group Flat in L'Eixample!,1447144.0,Acomodis Apartments,448.0,Eixample,la Nova Esquerra de l'Eixample,41.38120860925715,2.1513443696208525,Entire home/apt,Entire rental unit,16.0,8.0,12.0,1.0,913.0,57.06,269,1,0,2025-04-07,5.0,Spain - National registration number<br />ESFCTU002308067000389186000000000000000000HUTB0059099<br /><br />Barcelona - Regional registration number<br />HUTB-005909,913.0,HUTB-005909,Apartamento turístico (HUTB / TU),HUTB-005909,HUTB,True,con_licencia,consta en el registro oficial,2025-04-07,sin_actividad_desde_09_2025
1201981256889427471,Ático con terraza - cama doble,537848787.0,Maria Dolores,5.0,Eixample,la Dreta de l'Eixample,41.39269517717915,2.173082438623055,Entire home/apt,Entire rental unit,2.0,1.0,1.0,1.0,198.0,99.0,78,1,0,2024-09-17,1.0,Barcelona - Regional registration number<br />HUTB-010264,198.0,HUTB-010264,Apartamento turístico (HUTB / TU),HUTB-010264,HUTB,True,con_licencia,consta en el registro oficial,2024-09-17,sin_actividad_desde_09_2025
1201988144739551432,Ático con terraza-2 habitaciones,537848787.0,Maria Dolores,5.0,Eixample,la Dreta de l'Eixample,41.392727372064,2.173189726983651,Entire home/apt,Entire rental unit,3.0,2.0,2.0,1.0,220.0,73.33,79,5,0,2024-10-26,3.8,Barcelona - Regional registration number<br />HUTB-010258,220.0,HUTB-010258,Apartamento turístico (HUTB / TU),HUTB-010258,HUTB,True,con_licencia,consta en el registro oficial,2024-10-26,sin_actividad_desde_09_2025
1201992586208097271,Apartamento 3 habitaciones,537848787.0,Maria Dolores,5.0,Eixample,la Dreta de l'Eixample,41.39264688482199,2.173189726983651,Entire home/apt,Entire rental unit,6.0,3.0,4.0,1.0,506.0,84.33,64,1,0,2024-08-30,4.0,Barcelona - Regional registration number<br />HUTB-010260,506.0,HUTB-010260,Apartamento turístico (HUTB / TU),HUTB-010260,HUTB,True,con_licencia,consta en el registro oficial,2024-08-30,sin_actividad_desde_09_2025
1204138121863893550,Modern apartment with Terrace in Hospital Clinic,1391607.0,Sh Barcelona Team,54.0,Eixample,la Nova Esquerra de l'Eixample,41.3868440258262,2.1434125141857714,Entire home/apt,Entire rental unit,2.0,1.0,1.0,2.0,216.0,108.0,323,6,0,2025-03-21,3.67,Barcelona - Regional registration number<br />HUTB-001949<br /><br />Spain - National registration number<br />ESFCTU00000806000006955300000000000000000HUTB-0019495,216.0,HUTB-001949,Apartamento turístico (HUTB / TU),HUTB-001949,HUTB,True,con_licencia,consta en el registro oficial,2025-03-21,sin_actividad_desde_09_2025
1229441398544053040,Renovated Apartment in Vila de Gràcia,3972936.0,Willem,17.0,Gràcia,la Vila de Gràcia,41.40603,2.15462,Entire home/apt,Entire rental unit,5.0,3.0,3.0,2.0,342.0,68.4,290,4,0,2025-05-19,4.25,Barcelona - Regional registration number<br />HUTB-001484<br /><br />Spain - National registration number<br />ESFCTU00000805700053781600000000000000000HUTB-0014849,342.0,HUTB-001484,Apartamento turístico (HUTB / TU),HUTB-001484,HUTB,True,con_licencia,consta en el registro oficial,2025-05-19,sin_actividad_desde_09_2025
1232055341998595744,Great 12-Bedrooms 6-Bath Group Flat L'Eixample 23p,1447144.0,Acomodis Apartments,448.0,Eixample,la Nova Esquerra de l'Eixample,41.37928,2.1527,Entire home/apt,Entire rental unit,16.0,12.0,16.0,1.0,1370.0,85.62,365,2,0,2025-02-02,5.0,Spain - National registration number<br />ESFCTU00E308067000389186000000000000000000HUTB0089710<br /><br />Barcelona - Regional registration number<br />HUTB-008971,1370.0,HUTB-008971,Apartamento turístico (HUTB / TU),HUTB-008971,HUTB,True,con_licencia,consta en el registro oficial,2025-02-02,sin_actividad_desde_09_2025
1264687570868768394,Great Group Flat 6 Bedr 6 Bathr next city center,1447144.0,Acomodis Apartments,448.0,Eixample,la Dreta de l'Eixample,41.39537103507616,2.170255886482287,Entire home/apt,Entire rental unit,12.0,6.0,9.0,1.0,1815.0,151.25,271,1,0,2025-02-08,5.0,Spain - National registration number<br />ESHFTU000008054000523177020000000000000000HUTB0097121<br /><br />Barcelona - Regional registration number<br />HUTB-009712,1815.0,HUTB-009712,Apartamento turístico (HUTB / TU),HUTB-009712,HUTB,True,con_licencia,consta en el registro oficial,2025-02-08,sin_actividad_desde_09_2025
1265031889187348802,Flateli. Pelayo H2,10547296.0,Flateli,45.0,Ciutat Vella,el Raval,41.38555383196204,2.165723782851414,Entire home/apt,Entire rental unit,4.0,2.0,3.0,1.0,,,288,6,1,2025-08-11,3.5,Barcelona - Regional registration number<br />HUTB-014065,,HUTB-014065,Apartamento turístico (HUTB / TU),HUTB-014065,HUTB,True,con_licencia,consta en el registro oficial,2025-08-11,sin_actividad_desde_09_2025
1283905497797412428,Wth Views on Paseo de Gracia(B4),10380563.0,Tendency Apartments,37.0,Eixample,la Dreta de l'Eixample,41.3916966,2.1661883,Entire home/apt,Entire rental unit,3.0,1.0,,1.0,,,65,2,0,2024-12-21,5.0,Barcelona - Regional registration number<br />HUTB-004357,,HUTB-004357,Apartamento turístico (HUTB / TU),HUTB-004357,HUTB,True,con_licencia,consta en el registro oficial,2024-12-21,sin_actividad_desde_09_2025
1289711807265910334,Ola Living Boqueria 3,33278356.0,Ola,73.0,Ciutat Vella,el Barri Gòtic,41.38157,2.17343,Entire home/apt,Entire rental unit,7.0,3.0,,1.0,216.0,30.86,291,2,0,2024-12-18,5.0,Barcelona - Regional registration number<br />HUTB-016435<br /><br />Spain - National registration number<br />ESHFTU00B10805600031109900100000000000HUTB-016435-287,216.0,HUTB-016435,Apartamento turístico (HUTB / TU),HUTB-016435,HUTB,True,con_licencia,consta en el registro oficial,2024-12-18,sin_actividad_desde_09_2025
1289712054628616343,Ola Living Boqueria 5,33278356.0,Ola,73.0,Ciutat Vella,el Raval,41.38070879865246,2.173520988329295,Entire home/apt,Entire rental unit,8.0,3.0,,1.0,422.0,52.75,303,1,0,2024-12-14,5.0,Barcelona - Regional registration number<br />HUTB-016438<br /><br />Spain - National registration number<br />ESHFTU00C10805600031109900100000000000000HUTB-0164388,422.0,HUTB-016438,Apartamento turístico (HUTB / TU),HUTB-016438,HUTB,True,con_licencia,consta en el registro oficial,2024-12-14,sin_actividad_desde_09_2025
1299233825680769998,Great 4 Bedroom GroupFlat close Plaza España 10ppl,1447144.0,Acomodis Apartments,448.0,Eixample,la Nova Esquerra de l'Eixample,41.3789959649227,2.147559758877285,Entire home/apt,Entire rental unit,10.0,4.0,8.0,1.0,685.0,68.5,365,1,0,2025-06-12,5.0,Spain - National registration number<br />ESFCTU00000806700055086900000000000000000HUTB-0013792<br /><br />Barcelona - Regional registration number<br />HUTB-001379,685.0,HUTB-001379,Apartamento turístico (HUTB / TU),HUTB-001379,HUTB,True,con_licencia,consta en el registro oficial,2025-06-12,sin_actividad_desde_09_2025
1307980669393269424,112TT061AD43 Apartamento en Diagonal,1391607.0,Sh Barcelona Team,54.0,Sant Martí,Provençals del Poblenou,41.40698318960638,2.195679439352769,Entire home/apt,Entire rental unit,6.0,3.0,4.0,2.0,356.33,59.39,300,5,3,2025-08-19,3.6,Barcelona - Regional registration number<br />HUTB-006732<br /><br />Spain - National registration number<br />ESFCTU00000813800074197400000000000000000HUTB-0067328,356.33,HUTB-006732,Apartamento turístico (HUTB / TU),HUTB-006732,HUTB,True,con_licencia,consta en el registro oficial,2025-08-19,sin_actividad_desde_09_2025
1308648086744624847,Comfortable Corts Apartment,1391607.0,Sh Barcelona Team,54.0,Les Corts,les Corts,41.38765,2.13427,Entire home/apt,Entire rental unit,3.0,,1.0,2.0,150.67,50.22,338,1,0,2025-06-19,2.0,Barcelona - Regional registration number<br />HUTB-005795<br /><br />Spain - National registration number<br />ESFCTU00000806000031776000000000000000HUTB-005795-924,150.67,HUTB-005795,Apartamento turístico (HUTB / TU),HUTB-005795,HUTB,True,con_licencia,consta en el registro oficial,2025-06-19,sin_actividad_desde_09_2025
1308693253144149108,1-BR flat with terrace -Eixample,170513081.0,Georgina,29.0,Eixample,la Nova Esquerra de l'Eixample,41.38111,2.14693,Entire home/apt,Entire rental unit,3.0,1.0,3.0,2.0,241.2,80.4,334,1,0,2025-01-05,1.0,Barcelona - Regional registration number<br />HUTB-075693<br /><br />Spain - National registration number<br />ESFCTU00000806700073773400000000000000HUTB-075693-788,241.2,HUTB-075693,Apartamento turístico (HUTB / TU),HUTB-075693,HUTB,True,con_licencia,consta en el registro oficial,2025-01-05,sin_actividad_desde_09_2025
1310131832748359862,Nice Attic 2 bedroom with big terrace in Sants,170513081.0,Georgina,29.0,Sants-Montjuïc,Sants,41.3733704,2.1322673,Entire home/apt,Entire rental unit,4.0,2.0,3.0,2.0,315.0,78.75,343,2,0,2025-03-29,5.0,Barcelona - Regional registration number<br />HUTB-012705<br /><br />Spain - National registration number<br />ESFCTU00000806500002652000000000000000000HUTB-0127055,315.0,HUTB-012705,Apartamento turístico (HUTB / TU),HUTB-012705,HUTB,True,con_licencia,consta en el registro oficial,2025-03-29,sin_actividad_desde_09_2025
1310155812196416061,Just 10 minutes from Casa Batlló Gaudi - 10 people,1447144.0,Acomodis Apartments,448.0,Eixample,la Dreta de l'Eixample,41.39647189242086,2.169644285578184,Entire home/apt,Entire rental unit,10.0,4.0,8.0,1.0,2397.0,239.7,365,1,1,2025-08-07,5.0,Spain - National registration number<br />ESFCTU000008054000513468000000000000000000HUTB0004111<br /><br />Barcelona - Regional registration number<br />HUTB-000411,2397.0,HUTB-000411,Apartamento turístico (HUTB / TU),HUTB-000411,HUTB,True,con_licencia,consta en el registro oficial,2025-08-07,sin_actividad_desde_09_2025
1318671408001838181,Progres Apartime,86551441.0,Maria Soledad,15.0,Gràcia,la Vila de Gràcia,41.399512310400105,2.1596200367403258,Entire home/apt,Entire rental unit,4.0,2.0,,2.0,197.5,49.38,179,4,1,2025-08-05,3.0,Barcelona - Regional registration number<br />HUTB-006848<br /><br />Spain - National registration number<br />ESFCTU00000806600027488100000000000000000HUTB-0068484,197.5,HUTB-006848,Apartamento turístico (HUTB / TU),HUTB-006848,HUTB,True,con_licencia,consta en el registro oficial,2025-08-05,sin_actividad_desde_09_2025
1334850920640908759,habitación cómoda sagrada,370567841.0,Giovanny,1.0,Eixample,la Sagrada Família,41.40884950244668,2.173026256824264,Private room,Private room in rental unit,2.0,,1.0,1.0,60.0,30.0,276,3,0,2025-05-15,4.33,Barcelona - Regional registration number<br />HUTB-008606,60.0,HUTB-008606,Apartamento turístico (HUTB / TU),HUTB-008606,HUTB,True,con_licencia,consta en el registro oficial,2025-05-15,sin_actividad_desde_09_2025
1343296223453824356,OR42 Family Apartment - 3 bedrooms and 2 bathrooms,673329235.0,Rosa,33.0,Gràcia,la Vila de Gràcia,41.4023493,2.1560753,Entire home/apt,Entire rental unit,6.0,3.0,4.0,1.0,290.0,48.33,161,1,0,2025-06-13,4.0,Spain - National registration number<br />ESFCTU00000805700050053700000000000000HUTB-076371-784<br /><br />Barcelona - Regional registration number<br />HUTB-076362,290.0,HUTB-076362,Apartamento turístico (HUTB / TU),HUTB-076362,HUTB,True,con_licencia,consta en el registro oficial,2025-06-13,sin_actividad_desde_09_2025
1344786460506580150,Apartamento céntrico para 6,1391607.0,Sh Barcelona Team,54.0,Eixample,la Dreta de l'Eixample,41.3911420684385,2.174363362047043,Entire home/apt,Entire rental unit,6.0,3.0,5.0,3.0,263.67,43.94,326,2,0,2025-03-01,1.5,Barcelona - Regional registration number<br />HUTB-002281<br /><br />Spain - National registration number<br />ESFCTU000008065000566101000000000000000000HUTB-012655,263.67,HUTB-002281,Apartamento turístico (HUTB / TU),HUTB-002281,HUTB,True,con_licencia,consta en el registro oficial,2025-03-01,sin_actividad_desde_09_2025
1369524636715523843,Beautiful Guinardó apartment,1391607.0,Sh Barcelona Team,54.0,Horta-Guinardó,el Baix Guinardó,41.41170149095586,2.1682404353846843,Entire home/apt,Entire rental unit,2.0,1.0,1.0,2.0,200.33,100.16,330,3,0,2025-05-09,4.0,Barcelona - Regional registration number<br />HUTB-003109<br /><br />Spain - National registration number<br />ESFCTU000008058000214264000000000000000000HUTB-003109,200.33,HUTB-003109,Apartamento turístico (HUTB / TU),HUTB-003109,HUTB,True,con_licencia,consta en el registro oficial,2025-05-09,sin_actividad_desde_09_2025
1376006688454754148,Great apartment families-Sants,265193861.0,BeBarceloner,125.0,Sants-Montjuïc,Sants,41.3744985,2.1354894,Entire home/apt,Entire rental unit,7.0,3.0,6.0,2.0,497.5,71.07,336,2,1,2025-07-23,4.5,Barcelona - Regional registration number<br />HUTB-000156<br /><br />Spain - National registration number<br />ESFCTU00000806500066888100000000000000000HUTB-0001562,497.5,HUTB-000156,Apartamento turístico (HUTB / TU),HUTB-000156,HUTB,True,con_licencia,consta en el registro oficial,2025-07-23,sin_actividad_desde_09_2025
1376012590107118769,Big & spacious 3BR flat in Sants,265193861.0,BeBarceloner,125.0,Sants-Montjuïc,Sants,41.3744985,2.1354894,Entire home/apt,Entire rental unit,7.0,3.0,6.0,2.0,472.5,67.5,336,1,0,2025-04-04,5.0,Barcelona - Regional registration number<br />HUTB-000157<br /><br />Spain - National registration number<br />ESFCTU00000806500066889800000000000000000HUTB-0001577,472.5,HUTB-000157,Apartamento turístico (HUTB / TU),HUTB-000157,HUTB,True,con_licencia,consta en el registro oficial,2025-04-04,sin_actividad_desde_09_2025
1395517298662932132,3 bedroom apartment with private terrace,265193861.0,BeBarceloner,125.0,Sants-Montjuïc,Sants,41.3733704,2.1322673,Entire home/apt,Entire rental unit,5.0,3.0,4.0,2.0,550.0,110.0,347,3,0,2025-06-17,4.0,Barcelona - Regional registration number<br />HUTB-012711<br /><br />Spain - National registration number<br />ESFCTU00000806500002652000000000000000000HUTB-0127116,550.0,HUTB-012711,Apartamento turístico (HUTB / TU),HUTB-012711,HUTB,True,con_licencia,consta en el registro oficial,2025-06-17,sin_actividad_desde_09_2025
1711438650156593716,Cosy studio quick acess to city center,170513081.0,Georgina,29.0,Sant Andreu,Sant Andreu,41.43136000000001,2.1884698,Entire home/apt,Entire rental unit,2.0,,1.0,3.0,266.67,133.34,345,7,0,2025-04-20,4.29,Spain - National registration number<br />ESHFTU00000811400029807600300000000000000HUTB-0713584<br /><br />Barcelona - Regional registration number<br />HUTB-071358,266.67,HUTB-071358,Apartamento turístico (HUTB / TU),HUTB-071358,HUTB,True,con_licencia,consta en el registro oficial,2025-04-20,sin_actividad_desde_09_2025
