licencia_id,nombre_comercial,tipo,municipio,codi_ine,barrio,categoria,estrellas,tipo_alojamiento,plazas,habitaciones,titular_id,lat,lon,precision,precio_noche_final,banda_precio,precio_plaza,banda_plaza,precio_es_estimado,apoyo_estimacion
ATB-000001,Atenea Calabria,apartament_turistic,Barcelona,080193,la Nova Esquerra de l'Eixample,Sense categoritzar,,apartament_turistic,160.0,80.0,9.0,41.38093723,2.15320424,geocodificada,130.67,€€,65.33,€€,False,observado
ATB-000002,Voramar,apartament_turistic,Castelldefels,080569,,Sense categoritzar,,,36.0,18.0,583.0,41.26524821,1.96547021,geocodificada,,,,,,
ATB-000003,Gutenberg,apartament_turistic,Barcelona,080193,el Raval,Sense categoritzar,,apartament_turistic,170.0,85.0,45.0,41.37690275,2.17469336,geocodificada,155.3300018310547,€€,77.67,€€€,True,escaso
ATB-000004,Montserrat,apartament_turistic,Sitges,082704,,Sense categoritzar,,,12.0,6.0,,41.23731673,1.80620226,geocodificada,,,,,,
ATB-000005,Silver,apartament_turistic,Barcelona,080193,la Vila de Gràcia,Sense categoritzar,,apartament_turistic,98.0,49.0,14.0,41.40207972,2.15116101,geocodificada,122.41,€€,61.2,€€,False,observado
ATB-000006,Castellmar,apartament_turistic,Castelldefels,080569,,Sense categoritzar,,,22.0,10.0,471.0,41.26620553,1.98046241,geocodificada,,,,,,
ATB-000007,Marfina,apartament_turistic,Castelldefels,080569,,Sense categoritzar,,,47.0,22.0,471.0,41.26543376,1.97776906,geocodificada,,,,,,
ATB-000008,Porta Coeli,apartament_turistic,Castelldefels,080569,,Sense categoritzar,,,34.0,15.0,471.0,,,,,,,,,
ATB-000009,SENATOR BARCELONA APARTMENTS,apartament_turistic,Barcelona,080193,Sant Gervasi - Galvany,Sense categoritzar,,apartament_turistic,36.0,18.0,71.0,41.39846605,2.14267689,geocodificada,118.22,€€,59.11,€€,False,observado
ATB-000010,Marítim,apartament_turistic,Castelldefels,080569,,Sense categoritzar,,,52.0,20.0,327.0,41.26557422,1.9661344,geocodificada,,,,,,
ATB-000012,Velor,apartament_turistic,Castelldefels,080569,,Sense categoritzar,,,80.0,32.0,642.0,41.27039993,1.98393141,geocodificada,,,,,,
ATB-000013,Amapola,apartament_turistic,Sitges,082704,,Sense categoritzar,,,48.0,24.0,211.0,41.23452773,1.79676552,geocodificada,,,,,,
ATB-000014,San Jorge,apartament_turistic,Sitges,082704,,Sense categoritzar,,,64.0,26.0,211.0,41.23534069,1.79876808,geocodificada,,,,,,
ATB-000015,Apollo,apartament_turistic,Sitges,082704,,Sense categoritzar,,,60.0,30.0,211.0,41.24161083,1.81120421,geocodificada,,,,,,
ATB-000016,Atlanta,apartament_turistic,Sitges,082704,,Sense categoritzar,,,60.0,30.0,211.0,41.23441841,1.79741733,geocodificada,,,,,,
ATB-000017,Arizona,apartament_turistic,Sitges,082704,,Sense categoritzar,,,48.0,12.0,211.0,41.23723393,1.81005551,geocodificada,,,,,,
ATB-000018,Tara,apartament_turistic,Sitges,082704,,Sense categoritzar,,,30.0,12.0,211.0,41.23499677,1.79824166,geocodificada,,,,,,
ATB-000019,Atenea Park I,apartament_turistic,Vilanova i la Geltrú,083073,,Sense categoritzar,,,76.0,38.0,551.0,41.2138214,1.72104259,geocodificada,,,,,,
ATB-000020,Atenea Park II,apartament_turistic,Vilanova i la Geltrú,083073,,Sense categoritzar,,,80.0,40.0,551.0,41.21425817,1.72110836,geocodificada,,,,,,
ATB-000021,Atenea Park III,apartament_turistic,Vilanova i la Geltrú,083073,,Sense categoritzar,,,46.0,23.0,551.0,41.21619379,1.7248283,geocodificada,,,,,,
ATB-000022,La Falda del Montseny,apartament_turistic,Campins,080399,,Sense categoritzar,,,20.0,10.0,369.0,,,,,,,,,
ATB-000026,Ginosi,apartament_turistic,Castelldefels,080569,,Sense categoritzar,,,30.0,15.0,812.0,41.27843543,1.97690012,geocodificada,,,,,,
ATB-000027,Cal Jepa,apartament_turistic,Olèrdola,081458,,Sense categoritzar,,,12.0,5.0,999.0,41.34815147,1.73992497,geocodificada,,,,,,
ATB-000028,Royal Marina Gardens I,apartament_turistic,Castelldefels,080569,,Sense categoritzar,,,36.0,17.0,572.0,41.26784145,1.99282466,geocodificada,,,,,,
ATB-000029,Royal Marina Gardens II,apartament_turistic,Castelldefels,080569,,Sense categoritzar,,,36.0,17.0,572.0,,,,,,,,,
ATB-000030,APARTAMENTS TURISTICS MASD MEDITERRANEO,apartament_turistic,Castelldefels,080569,,Sense categoritzar,,,48.0,17.0,615.0,,,,,,,,,
ATB-000031,Caru,apartament_turistic,Castelldefels,080569,,Sense categoritzar,,,30.0,9.0,384.0,41.2732501,1.97913301,geocodificada,,,,,,
ATB-000035,Fernández Adell,apartament_turistic,Sant Boi de Llobregat,082009,,Sense categoritzar,,,15.0,6.0,482.0,41.34705335,2.03507331,geocodificada,,,,,,
ATB-000036,Lam,apartament_turistic,Torrelles de Llobregat,082896,,Sense categoritzar,,,39.0,13.0,385.0,,,,,,,,,
ATB-000037,APARTHOTEL LAS PALMERAS (Antic Cosmopolita),apartament_turistic,Castelldefels,080569,,Sense categoritzar,,,34.0,17.0,239.0,41.26790216,1.99234889,geocodificada,,,,,,
ATB-000038,Casablanca,apartament_turistic,Calella,080351,,Sense categoritzar,,,30.0,15.0,376.0,,,,,,,,,
ATB-000039,Aragó 44,apartament_turistic,Castelldefels,080569,,Sense categoritzar,,,16.0,8.0,,41.27157506,1.98457967,geocodificada,,,,,,
ATB-000041,Bellamar,apartament_turistic,Malgrat de Mar,081108,,Sense categoritzar,,,100.0,50.0,,41.642782,2.74269558,geocodificada,,,,,,
ATB-000042,MASTER LA RAMBLA,apartament_turistic,Barcelona,080193,el Barri Gòtic,Sense categoritzar,,apartament_turistic,69.0,33.0,911.0,41.37886667,2.17584125,geocodificada,253.62,€€€,121.3,€€€€,False,observado
ATB-000044,Descartes,apartament_turistic,Barcelona,080193,Sant Gervasi - Galvany,Sense categoritzar,,apartament_turistic,30.0,15.0,437.0,41.40038137,2.14306326,geocodificada,145.75,€€,72.88,€€€,True,escaso
ATB-000049,Villa Sagrada,apartament_turistic,Barcelona,080193,la Sagrada Família,Sense categoritzar,,apartament_turistic,18.0,9.0,636.0,41.40611736,2.18017454,geocodificada,153.0,€€,76.5,€€€,True,escaso
ATB-000051,Abarco,apartament_turistic,Santa Coloma de Gramenet,082457,,Sense categoritzar,,,30.0,15.0,341.0,,,,,,,,,
ATB-000052,DENIS PLAYA,apartament_turistic,Castelldefels,080569,,Sense categoritzar,,,28.0,14.0,822.0,41.26524268,1.96662338,geocodificada,,,,,,
ATB-000053,DORAMAR - Apartament 2,apartament_turistic,Castelldefels,080569,,Sense categoritzar,,,28.0,14.0,822.0,41.26524268,1.96662338,geocodificada,,,,,,
ATB-000056,Marsol,apartament_turistic,Castelldefels,080569,,Sense categoritzar,,,70.0,29.0,504.0,41.27009984,1.9831752,geocodificada,,,,,,
ATB-000062,Tibidabo Apartments,apartament_turistic,Barcelona,080193,Sant Genís dels Agudells,Sense categoritzar,,apartament_turistic,14.0,4.0,245.0,41.42139829,2.13865956,geocodificada,161.02,€€,46.01,€€,False,observado
ATB-000072,Apartaments Turistics,apartament_turistic,Pineda de Mar,081635,,Sense categoritzar,,,116.0,48.0,792.0,41.62350168,2.68412514,geocodificada,,,,,,
ATB-000073,Playafels,apartament_turistic,Castelldefels,080569,,Sense categoritzar,,,28.0,14.0,16.0,41.26526956,1.96752671,geocodificada,,,,,,
ATB-000074,El Petit Palauet,apartament_turistic,Canet de Mar,080403,,Sense categoritzar,,,10.0,5.0,,,,,,,,,,
ATB-000075,Mar Blau,apartament_turistic,Calella,080351,,Sense categoritzar,,,94.0,47.0,65.0,41.61405061,2.65346108,geocodificada,,,,,,
ATB-000077,Aurapark Sud,apartament_turistic,"Hospitalet de Llobregat, l'",081017,,Sense categoritzar,,,170.0,58.0,701.0,,,,,,,,,
ATB-000080,Grus Apartments,apartament_turistic,"Masnou, el",081189,,Sense categoritzar,,,20.0,8.0,366.0,,,,,,,,,
ATB-000081,Ona Living Barcelona,apartament_turistic,"Hospitalet de Llobregat, l'",081017,,Sense categoritzar,,,42.0,21.0,441.0,,,,,,,,,
ATB-000082,SG Costa BCN,apartament_turistic,Castelldefels,080569,,Sense categoritzar,,,124.0,53.0,549.0,41.26786314,1.97926954,geocodificada,,,,,,
ATB-000083,DV Apartamentos,apartament_turistic,Barcelona,080193,Sants - Badal,Sense categoritzar,,apartament_turistic,36.0,18.0,393.0,41.37402238,2.12480175,geocodificada,113.4,€€,56.7,€€,False,observado
ATB-000085,El Bosquet Apartaments,apartament_turistic,Sant Cugat del Vallès,082055,,Sense categoritzar,,,5.0,2.0,,41.45972533,2.04715183,geocodificada,,,,,,
ATB-000086,Midtown Apartments,apartament_turistic,Barcelona,080193,la Dreta de l'Eixample,Sense categoritzar,,apartament_turistic,100.0,30.0,209.0,41.39122438,2.17300359,geocodificada,240.35,€€€,72.1,€€€,False,observado
ATB-000088,Apartamentos Turisticos,apartament_turistic,Barcelona,080193,el Camp de l'Arpa del Clot,Sense categoritzar,,apartament_turistic,18.0,9.0,955.0,41.41074115,2.18615951,geocodificada,152.64999389648438,€€,76.32,€€€,True,escaso
ATB-000089,Hostemplo,apartament_turistic,Barcelona,080193,la Sagrada Família,Sense categoritzar,,apartament_turistic,20.0,10.0,703.0,41.40086452,2.17460967,geocodificada,164.5,€€,82.25,€€€,True,escaso
ATB-000090,Passeig Marina,apartament_turistic,Castelldefels,080569,,Sense categoritzar,,,34.0,17.0,830.0,41.26783639,1.98023859,geocodificada,,,,,,
ATB-000091,Kare No Art Studios,apartament_turistic,Sitges,082704,,Sense categoritzar,,,14.0,7.0,793.0,41.23542687,1.81098465,geocodificada,,,,,,
ATB-000093,Bellavista-Can Fisa,apartament_turistic,Corbera de Llobregat,080728,,Sense categoritzar,,,54.0,24.0,390.0,41.41660052,1.9186836,geocodificada,,,,,,
ATB-000156,Apartaments turístics Angel Guimerà 94,apartament_turistic,"Hospitalet de Llobregat, l'",081017,,Sense categoritzar,,,17.0,7.0,465.0,,,,,,,,,
ATB-000163,FERIAPISO APARTMENTS,apartament_turistic,"Hospitalet de Llobregat, l'",081017,,Sense categoritzar,,,10.0,3.0,479.0,,,,,,,,,
ATB-000167,APARTAMENTS COMFORT CALELLA,apartament_turistic,Calella,080351,,Sense categoritzar,,,54.0,27.0,266.0,41.61850575,2.66549301,geocodificada,,,,,,
ATB-000170,Apartaments Checkin Beatrix,apartament_turistic,Pineda de Mar,081635,,Sense categoritzar,,,64.0,32.0,817.0,41.62623,2.69352616,geocodificada,,,,,,
ATB-000172,Pis a L'Ametlla de Merola,apartament_turistic,Puig-reig,081751,,Sense categoritzar,,,6.0,3.0,,41.90876196,1.88252929,geocodificada,,,,,,
ATB-000178,CASTELL BEACH,apartament_turistic,Castelldefels,080569,,Sense categoritzar,,,63.0,26.0,287.0,41.2684901,1.97157507,geocodificada,,,,,,
ATB-000181,PROGRES 56,apartament_turistic,Badalona,080155,,Sense categoritzar,,,16.0,7.0,,41.44366211,2.24272139,geocodificada,,,,,,
ATB-000182,BADANSELM RENT,apartament_turistic,Badalona,080155,,Sense categoritzar,,,18.0,6.0,877.0,41.44968404,2.24438918,geocodificada,,,,,,
ATB-000183,MARQUES DE MONTROIG 1,apartament_turistic,Badalona,080155,,Sense categoritzar,,,14.0,4.0,,41.44497165,2.23945345,geocodificada,,,,,,
ATB-000184,MUSEO APARTAMENT RENT,apartament_turistic,Badalona,080155,,Sense categoritzar,,,18.0,6.0,877.0,41.44992588,2.24406413,geocodificada,,,,,,
ATB-000185,Sense especificar,apartament_turistic,Mataró,081213,,Sense categoritzar,,,4.0,2.0,,41.54033686,2.44858196,geocodificada,,,,,,
ATB-000189,BADAMAR HOUSE,apartament_turistic,Badalona,080155,,Sense categoritzar,,,9.0,3.0,,41.44789866,2.22877675,geocodificada,,,,,,
ATB-000196,Villa Muniente,apartament_turistic,Badalona,080155,,Sense categoritzar,,,4.0,2.0,,41.47720015,2.23644463,geocodificada,,,,,,
ATB-000204,MADRE MÍA! BARCELONA APARTAMENTOS,apartament_turistic,"Hospitalet de Llobregat, l'",081017,,Sense categoritzar,,,11.0,3.0,848.0,,,,,,,,,
ATB-000211,Llicència turística,apartament_turistic,Badalona,080155,,Sense categoritzar,,,8.0,4.0,,41.43714865,2.22035385,geocodificada,,,,,,
ATB-000222,APARTAMENTS VORALMAR,apartament_turistic,Caldes d'Estrac,080327,,Sense categoritzar,,,20.0,6.0,,41.57048722,2.52618532,geocodificada,,,,,,
ATB-000223,ART APARTMENTS,apartament_turistic,Castelldefels,080569,,Sense categoritzar,,,60.0,28.0,570.0,41.27834069,1.97704307,geocodificada,,,,,,
ATB-000233,ROSA DE ABRIL,apartament_turistic,Teià,082819,,Sense categoritzar,,,30.0,11.0,883.0,41.48905781,2.32062433,geocodificada,,,,,,
ATB-000234,Rosich 15,apartament_turistic,"Hospitalet de Llobregat, l'",081017,,Sense categoritzar,,,20.0,6.0,938.0,,,,,,,,,
ATB-000237,BALISSE,apartament_turistic,Castelldefels,080569,,Sense categoritzar,,,22.0,11.0,145.0,41.26595542,1.97082741,geocodificada,,,,,,
ATB-000239,8 LACUS,apartament_turistic,"Hospitalet de Llobregat, l'",081017,,Sense categoritzar,,,17.0,8.0,188.0,,,,,,,,,
ATB-000242,Les Begues Apartments,apartament_turistic,Begues,080207,,Sense categoritzar,,,22.0,11.0,642.0,41.333435,1.90614424,geocodificada,,,,,,
ATB-000256,WEFLATING FIRA,apartament_turistic,"Hospitalet de Llobregat, l'",081017,,Sense categoritzar,,,20.0,10.0,662.0,,,,,,,,,
ATB-000260,BAMBLUE BOUTIQUE APARTMENTS,apartament_turistic,Pineda de Mar,081635,,Sense categoritzar,,,154.0,49.0,37.0,41.62316312,2.68378603,geocodificada,,,,,,
ATB-000268,APARTAMENTS TURISTICS,apartament_turistic,"Hospitalet de Llobregat, l'",081017,,Sense categoritzar,,,18.0,9.0,890.0,,,,,,,,,
ATB-000274,APARTACO APARTAMENTOS,apartament_turistic,Sitges,082704,,Sense categoritzar,,,6.0,3.0,,41.23574374,1.8106754,geocodificada,,,,,,
ATB-000275,Topdown Apartments,apartament_turistic,"Hospitalet de Llobregat, l'",081017,,Sense categoritzar,,,10.0,5.0,585.0,,,,,,,,,
ATB-000276,MONTURIOL APARTAMENTS,apartament_turistic,Barcelona,080193,el Clot,Sense categoritzar,,apartament_turistic,18.0,9.0,697.0,41.41002109,2.19243613,geocodificada,152.09,€€,76.04,€€€,False,observado
ATB-000277,APARTAMENTOS TURÍSTICOS - EDIFICIO MANHATTAN,apartament_turistic,Sitges,082704,,Sense categoritzar,,,8.0,3.0,358.0,41.23644026,1.81049993,geocodificada,,,,,,
ATB-000280,Fira Building,apartament_turistic,"Hospitalet de Llobregat, l'",081017,,Sense categoritzar,,,7.0,3.0,919.0,,,,,,,,,
ATB-000281,EL NIU,apartament_turistic,"Hospitalet de Llobregat, l'",081017,,Sense categoritzar,,,11.0,4.0,,,,,,,,,,
ATB-000286,EUROPA BARCELONA APARTMENT,apartament_turistic,"Hospitalet de Llobregat, l'",081017,,4 claus,,,65.0,16.0,909.0,,,,,,,,,
ATB-000287,FELS APARTMENTS,apartament_turistic,Castelldefels,080569,,Sense categoritzar,,,107.0,28.0,719.0,41.26853603,1.98160255,geocodificada,,,,,,
ATB-000288,AT Dalt Badalona,apartament_turistic,Badalona,080155,,Sense categoritzar,,,19.0,6.0,829.0,41.45180644,2.24498002,geocodificada,,,,,,
ATB-000289,PENSI,apartament_turistic,"Hospitalet de Llobregat, l'",081017,,Sense categoritzar,,,24.0,7.0,291.0,,,,,,,,,
ATB-000291,CAN TIRANASI,apartament_turistic,Badalona,080155,,Sense categoritzar,,,29.0,6.0,,41.4516313,2.24627837,geocodificada,,,,,,
ATB-000292,WOLF HOUSE,apartament_turistic,"Hospitalet de Llobregat, l'",081017,,Sense categoritzar,,,19.0,8.0,234.0,,,,,,,,,
ATB-000294,EDIFICI DAPARTAMENTS TURÍSTICS,apartament_turistic,"Hospitalet de Llobregat, l'",081017,,Sense categoritzar,,,19.0,8.0,600.0,,,,,,,,,
ATB-000303,APARTAMENTS TURISTICS VILA BADALONA,apartament_turistic,Badalona,080155,,Sense categoritzar,,,19.0,6.0,829.0,41.45222115,2.245751,geocodificada,,,,,,
ATB-000304,ARIQUS FIRA APARTMENTS,apartament_turistic,"Hospitalet de Llobregat, l'",081017,,Sense categoritzar,,,20.0,10.0,864.0,,,,,,,,,
ATB-000305,APARTAMENTS TURISTICS,apartament_turistic,Sitges,082704,,Sense categoritzar,,,17.0,11.0,814.0,41.23748856,1.80915722,geocodificada,,,,,,
ATB-000310,BRABO APARTMENTS,apartament_turistic,"Hospitalet de Llobregat, l'",081017,,Sense categoritzar,,,46.0,12.0,879.0,,,,,,,,,
ATB-000311,Topdown Barcelona,apartament_turistic,"Hospitalet de Llobregat, l'",081017,,Sense categoritzar,,,13.0,5.0,585.0,,,,,,,,,
ATB-000313,APARTAMENTS TURISTICS,apartament_turistic,"Hospitalet de Llobregat, l'",081017,,Sense categoritzar,,,19.0,8.0,861.0,,,,,,,,,
ATCC-000003,Ca L'Americano,apartament_turistic,"Llacuna, la",081043,,Sense categoritzar,,,21.0,9.0,,,,,,,,,,
ATCC-000004,Can Vilafort,apartament_turistic,Collsuspina,080706,,Sense categoritzar,,,20.0,7.0,659.0,41.82576713,2.17545273,geocodificada,,,,,,
ATCC-000005,Nord,apartament_turistic,Capellades,080446,,Sense categoritzar,,,12.0,6.0,,,,,,,,,,
ATCC-000008,Els Cingles,apartament_turistic,Tavertet,082802,,Sense categoritzar,,,13.0,3.0,1009.0,41.99429023,2.41606521,geocodificada,,,,,,
ATCC-000011,Tilopi,apartament_turistic,Roda de Ter,081831,,Sense categoritzar,,,30.0,6.0,545.0,41.98573947,2.31103125,geocodificada,,,,,,
ATCC-000013,Ca l'Estamenya,apartament_turistic,Perafita,081607,,Sense categoritzar,,,19.0,5.0,656.0,42.04182487,2.10711779,geocodificada,,,,,,
ATCC-000014,Casanova de Pere Riera,apartament_turistic,Muntanyola,081290,,Sense categoritzar,,,4.0,2.0,666.0,41.93419926,2.12051367,geocodificada,,,,,,
ATCC-000016,Ca l'Alzina,apartament_turistic,Perafita,081607,,Sense categoritzar,,,8.0,2.0,,,,,,,,,,
ATCC-000018,Casa Cal Xaro,apartament_turistic,"Pobla de Claramunt, la",081653,,Sense categoritzar,,,11.0,1.0,,,,,,,,,,
ATCC-000020,Can Pistola,apartament_turistic,Borredà,080240,,Sense categoritzar,,,6.0,3.0,,,,,,,,,,
ATCC-000025,Can Nogué,apartament_turistic,Tavertet,082802,,Sense categoritzar,,,4.0,1.0,183.0,41.99416717,2.41731183,geocodificada,,,,,,
ATCC-000026,L'Alzina,apartament_turistic,Tavertet,082802,,Sense categoritzar,,,7.0,3.0,,41.99515343,2.41669545,geocodificada,,,,,,
ATCC-000027,Cel.les Abat Marcet,apartament_turistic,Monistrol de Montserrat,081271,,Sense categoritzar,,,236.0,79.0,81.0,,,,,,,,,
ATCC-000173,APARTAMENT AVELINA,apartament_turistic,Gironella,080924,,Sense categoritzar,,,6.0,3.0,,42.03585746,1.88454254,geocodificada,,,,,,
ATCC-000218,Agulles de Montserrat,apartament_turistic,Monistrol de Montserrat,081271,,Sense categoritzar,,,8.0,4.0,901.0,41.61005427,1.8408315,geocodificada,,,,,,
ATCC-000224,CA LA RAMONA,apartament_turistic,Castellbell i el Vilar,080538,,Sense categoritzar,,,8.0,4.0,965.0,41.63978548,1.81815006,geocodificada,,,,,,
ATCC-000267,APARTAMENTOS EN MANRESA,apartament_turistic,Manresa,081136,,Sense categoritzar,,,13.0,4.0,852.0,41.72678717,1.82428588,geocodificada,,,,,,
ATCC-000282,Holidays Domus Papokkio,apartament_turistic,Igualada,081022,,Sense categoritzar,,,9.0,4.0,,41.57829863,1.61748329,geocodificada,,,,,,
ATCC-000316,SOCIETAT D'INVERSIO MONROS ARCONADA SL,apartament_turistic,Manresa,081136,,Sense categoritzar,,,6.0,3.0,324.0,,,,,,,,,
HB-000002,Suizo,hotel,Barcelona,080193,el Barri Gòtic,3 estrelles,3.0,hotel_estrellas,99.0,50.0,229.0,41.38381826558655,2.17832017276016,exacta,155.60000610351562,€€,78.59,€€€,True,suficiente
HB-000005,Hostal Abrevadero,hotel,Barcelona,080193,el Poble Sec,No aplica,,sin_estrellas,45.0,25.0,414.0,41.3741977,2.16847754,geocodificada,107.72000122070312,€€,59.84,€€,True,justo
HB-000006,Hostal Valls,hotel,Barcelona,080193,Sant Gervasi - Galvany,No aplica,,sin_estrellas,17.0,9.0,,41.39730878,2.14663789,geocodificada,112.91000366210938,€€,59.78,€€,True,suficiente
HB-000011,HOTEL FORNOS,hotel,Barcelona,080193,el Barri Gòtic,2 estrelles,2.0,hotel_estrellas,47.0,29.0,932.0,41.37959188566095,2.1749199534758232,exacta,174.41,€€,107.61,€€€,False,observado
HB-000012,Granvía,hotel,Barcelona,080193,la Dreta de l'Eixample,3 estrelles,3.0,hotel_estrellas,105.0,58.0,205.0,41.39005003654941,2.169525637778747,exacta,225.06,€€€,124.32,€€€€,False,observado
HB-000016,Avenida Palace,hotel,Barcelona,080193,la Dreta de l'Eixample,4 estrelles,4.0,hotel_estrellas,274.0,150.0,556.0,41.3890669628778,2.167360082559941,exacta,207.32,€€€,113.5,€€€,False,observado
HB-000017,Astoria,hotel,Barcelona,080193,l'Antiga Esquerra de l'Eixample,3 estrelles,3.0,hotel_estrellas,205.0,117.0,8.0,41.39400038288808,2.153522866045725,exacta,135.01,€€,77.05,€€€,False,observado
HB-000018,Regina,hotel,Barcelona,080193,la Dreta de l'Eixample,4 estrelles,4.0,hotel_estrellas,176.0,99.0,35.0,41.38596221474435,2.1679174068507456,exacta,199.47,€€€,112.2,€€€,False,observado
HB-000019,Hostal París,hotel,Barcelona,080193,el Barri Gòtic,No aplica,,sin_estrellas,68.0,41.0,985.0,41.38151775,2.17345019,geocodificada,130.97,€€,78.97,€€€,False,observado
HB-000022,Autohogar,hotel,Barcelona,080193,el Raval,3 estrelles,3.0,hotel_estrellas,276.0,152.0,7.0,41.37518687076357,2.169408733101533,exacta,91.6,€,50.45,€€,False,observado
HB-000023,Regencia Colón,hotel,Barcelona,080193,el Barri Gòtic,3 estrelles,3.0,hotel_estrellas,95.0,50.0,5.0,41.3853321424925,2.175631560214969,exacta,154.75999450683594,€€,81.45,€€€,True,suficiente
HB-000025,Lloret,hotel,Barcelona,080193,el Raval,1 estrella,1.0,hotel_estrellas,98.0,56.0,,41.384856019140464,2.170219188630123,exacta,120.78,€€,69.02,€€,False,observado
HB-000026,Rialto,hotel,Barcelona,080193,el Barri Gòtic,3 estrelles,3.0,hotel_estrellas,370.0,205.0,225.0,41.38211239514697,2.1764859594212758,exacta,129.99,€€,72.02,€€€,False,observado
HB-000030,San Agustín,hotel,Barcelona,080193,el Raval,3 estrelles,3.0,hotel_estrellas,146.0,77.0,200.0,41.38053937421624,2.1716098075677057,exacta,114.62,€€,60.45,€€,False,observado
HB-000033,Hostal Operaramblas,hotel,Barcelona,080193,el Raval,No aplica,,sin_estrellas,116.0,68.0,1003.0,41.38023634,2.17288382,geocodificada,122.01000213623048,€€,71.52,€€€,True,justo
HB-000034,Inglés,hotel,Barcelona,080193,el Barri Gòtic,1 estrella,1.0,hotel_estrellas,44.0,28.0,227.0,41.38149751809368,2.1739836073152587,exacta,128.44000244140625,€€,81.73,€€€,True,suficiente
HB-000035,INTERNACIONAL RAMBLAS ATIRAM HOTEL,hotel,Barcelona,080193,el Barri Gòtic,1 estrella,1.0,hotel_estrellas,92.0,60.0,847.0,41.3811241297046,2.1735930187947985,exacta,131.66000366210938,€€,85.87,€€€,True,suficiente
HB-000036,Jardí,hotel,Barcelona,080193,el Barri Gòtic,No aplica,,sin_estrellas,65.0,40.0,92.0,41.38250273,2.17396256,geocodificada,119.41,€€,73.48,€€€,False,observado
HB-000038,Majestic,hotel,Barcelona,080193,la Dreta de l'Eixample,Gran luxe,5.0,hotel_estrellas,531.0,274.0,708.0,41.39349340602512,2.1638241954906543,exacta,336.52,€€€€,173.65,€€€€,False,observado
HB-000039,Le Meridien Barcelona,hotel,Barcelona,080193,el Raval,Gran luxe,5.0,hotel_estrellas,466.0,233.0,387.0,41.3839066821341,2.1709265519982144,exacta,353.85,€€€€,176.92,€€€€,False,observado
HB-000041,Moderno,hotel,Barcelona,080193,el Raval,3 estrelles,3.0,hotel_estrellas,86.0,49.0,226.0,41.3810692133775,2.172720867502443,exacta,146.5,€€,83.47,€€€,False,observado
HB-000042,Mesón de Castilla Atiram Hotel,hotel,Barcelona,080193,el Raval,2 estrelles,2.0,hotel_estrellas,90.0,57.0,109.0,41.38473901311326,2.1665352954464194,exacta,146.25,€€,92.62,€€€,False,observado
HB-000043,Montecarlo,hotel,Barcelona,080193,el Poble Sec,4 estrelles,4.0,hotel_estrellas,96.0,51.0,214.0,41.37394283,2.16883799,geocodificada,158.32000732421875,€€,84.11,€€€,True,suficiente
HB-000047,Cataluña,hotel,Barcelona,080193,el Barri Gòtic,2 estrelles,2.0,hotel_estrellas,61.0,40.0,206.0,41.38548562672458,2.171754068301337,exacta,169.52,€€,111.16,€€€,False,observado
HB-000049,COLÓN,hotel,Barcelona,080193,el Barri Gòtic,5 estrelles,5.0,hotel_estrellas,252.0,125.0,5.0,41.38490946085381,2.1757421345687917,exacta,355.0799865722656,€€€€,176.13,€€€€,True,suficiente
HB-000050,Comercio,hotel,Barcelona,080193,el Barri Gòtic,1 estrella,1.0,hotel_estrellas,88.0,51.0,,41.37936108,2.17607158,geocodificada,131.6300048828125,€€,76.29,€€€,True,suficiente
HB-000051,HOTEL CONDAL,hotel,Barcelona,080193,el Barri Gòtic,3 estrelles,3.0,hotel_estrellas,92.0,52.0,367.0,41.38156813651423,2.1742622276082075,exacta,172.74,€€,97.64,€€€,False,observado
HB-000053,Continental,hotel,Barcelona,080193,el Barri Gòtic,3 estrelles,3.0,hotel_estrellas,73.0,40.0,6.0,41.38514182378773,2.170638831395403,exacta,149.3699951171875,€€,81.85,€€€,True,suficiente
HB-000055,Ibiza,hotel,Sitges,082704,,1 estrella,,,36.0,20.0,,41.23719626,1.80932732,geocodificada,,,,,,
HB-000061,ME SITGES TERRAMAR,hotel,Sitges,082704,,5 estrelles,,,426.0,213.0,851.0,41.22522198,1.78762399,geocodificada,,,,,,
HB-000062,Subur,hotel,Sitges,082704,,3 estrelles,,,168.0,95.0,342.0,41.23492257,1.81113586,geocodificada,,,,,,
HB-000063,Roma Reial,hotel,Barcelona,080193,el Barri Gòtic,1 estrella,1.0,hotel_estrellas,95.0,52.0,412.0,41.3800844064027,2.17582156576961,exacta,133.08999633789062,€€,72.85,€€€,True,suficiente
HB-000064,El Palace,hotel,Barcelona,080193,la Dreta de l'Eixample,Gran luxe,5.0,hotel_estrellas,244.0,120.0,722.0,41.39159498396441,2.17158164718764,exacta,326.5199890136719,€€€€,160.58,€€€€,True,suficiente
HB-000066,Condado,hotel,Barcelona,080193,Sant Gervasi - Galvany,3 estrelles,3.0,hotel_estrellas,146.0,76.0,95.0,41.39571761482612,2.149499078428965,exacta,123.78,€€,64.43,€€,False,observado
HB-000069,Vincci Mae,hotel,Barcelona,080193,Sant Gervasi - Galvany,4 estrelles,4.0,hotel_estrellas,170.0,85.0,172.0,41.39339076062834,2.146037164829496,exacta,189.32,€€€,94.66,€€€,False,observado
HB-000071,Cuatro Naciones,hotel,Barcelona,080193,el Barri Gòtic,2 estrelles,2.0,hotel_estrellas,106.0,54.0,975.0,41.37927717941231,2.175171863820001,exacta,144.36000061035156,€€,73.54,€€€,True,suficiente
HB-000073,HOTEL ESPAÑA,hotel,Barcelona,080193,el Raval,4 estrelles,4.0,hotel_estrellas,149.0,82.0,295.0,41.37998177436281,2.1728476146789286,exacta,181.74,€€€,100.02,€€€,False,observado
HB-000078,Nouvel,hotel,Barcelona,080193,el Barri Gòtic,3 estrelles,3.0,hotel_estrellas,136.0,78.0,330.0,41.38530378088554,2.1715445758064598,exacta,146.9,€€,84.25,€€€,False,observado
HB-000080,Oriente Atiram Hotel,hotel,Barcelona,080193,el Raval,3 estrelles,3.0,hotel_estrellas,270.0,142.0,785.0,41.37981376393028,2.174220296291638,exacta,142.14,€€,74.76,€€€,False,observado
HB-000081,Palermo,hotel,Barcelona,080193,el Barri Gòtic,No aplica,,sin_estrellas,42.0,27.0,,41.38149616,2.17407083,geocodificada,102.8,€€,66.09,€€,False,observado
HB-000082,Park Hotel,hotel,Barcelona,080193,"Sant Pere, Santa Caterina i la Ribera",3 estrelles,3.0,hotel_estrellas,157.0,91.0,319.0,41.38425443779292,2.1843724753789293,exacta,144.93,€€,84.0,€€€,False,observado
HB-000083,HOSTAL PENSION LOS MARTINEZ SL,hotel,Sabadell,081878,,No aplica,,,15.0,8.0,311.0,41.52711943,2.12269745,geocodificada,,,,,,
HB-000085,Principal,hotel,Barcelona,080193,el Raval,3 estrelles,3.0,hotel_estrellas,174.0,111.0,954.0,41.38010973790395,2.171172056333984,exacta,154.75999450683594,€€,98.73,€€€,True,suficiente
HB-000087,Fontanella Green House,hotel,Barcelona,080193,el Barri Gòtic,No aplica,,sin_estrellas,20.0,11.0,304.0,41.38827082,2.17284373,geocodificada,117.46,€€,64.6,€€,False,observado
HB-000088,Lleó,hotel,Barcelona,080193,el Raval,3 estrelles,3.0,hotel_estrellas,175.0,92.0,349.0,41.38569493880871,2.166454986668302,exacta,146.28,€€,76.9,€€€,False,observado
HB-000089,HOSTAL LEVANTE,hotel,Barcelona,080193,el Barri Gòtic,No aplica,,sin_estrellas,85.0,48.0,1001.0,41.38134104,2.1765847,geocodificada,98.96,€,55.88,€€,False,observado
HB-000090,Layetana,hotel,Barcelona,080193,el Barri Gòtic,No aplica,,sin_estrellas,32.0,20.0,988.0,41.38460127,2.17744791,geocodificada,117.75,€€,73.59,€€€,True,justo
HB-000094,Hostal Residencia Europa,hotel,Barcelona,080193,el Barri Gòtic,No aplica,,sin_estrellas,75.0,44.0,,41.38152139,2.1744338,geocodificada,122.03,€€,71.59,€€€,False,observado
HB-000097,Residencia 45,hotel,Barcelona,080193,el Raval,No aplica,,sin_estrellas,39.0,20.0,3.0,41.38479637,2.16797334,geocodificada,67.33,€,34.53,€,False,observado
HB-000098,Via Augusta,hotel,Barcelona,080193,Sant Gervasi - Galvany,2 estrelles,2.0,hotel_estrellas,137.0,87.0,350.0,41.400092633075815,2.151422551784381,exacta,133.60000610351562,€€,84.84,€€€,True,suficiente
HB-000101,California,hotel,Barcelona,080193,el Barri Gòtic,3 estrelles,3.0,hotel_estrellas,47.0,29.0,375.0,41.38099143150901,2.17532169767954,exacta,174.88,€€,107.9,€€€,False,observado
HB-000114,Prisma,hotel,Barcelona,080193,les Corts,2 estrelles,2.0,hotel_estrellas,70.0,48.0,284.0,41.38914756453868,2.1429934561998336,exacta,134.47000122070312,€€,92.21,€€€,True,suficiente
HB-000127,Capri,hotel,Sitges,082704,,3 estrelles,,,51.0,26.0,353.0,41.23491671,1.80331731,geocodificada,,,,,,
HB-000144,Playafels,hotel,Castelldefels,080569,,4 estrelles,,,70.0,34.0,16.0,,,,,,,,,
HB-000146,Gran Hotel Rey Don Jaime,hotel,Castelldefels,080569,,4 estrelles,,,410.0,220.0,462.0,41.26999026,1.96171823,geocodificada,,,,,,
HB-000157,Hostal Oliva,hotel,Barcelona,080193,la Dreta de l'Eixample,No aplica,,sin_estrellas,26.0,16.0,,41.39081934,2.16709172,geocodificada,120.12999725341795,€€,73.93,€€€,True,justo
HB-000163,Balneari Termas Victoria,hotel,Caldes de Montbui,080333,,3 estrelles,,,141.0,85.0,54.0,41.63389003,2.16165339,geocodificada,,,,,,
HB-000164,Balneari Broquetas,hotel,Caldes de Montbui,080333,,3 estrelles,,,141.0,86.0,116.0,41.63464596,2.16165846,geocodificada,,,,,,
HB-000167,Santa Fe,hotel,Fogars de Montclús,080811,,No aplica,,,20.0,10.0,87.0,41.72890531,2.44293434,geocodificada,,,,,,
HB-000169,Gran Hotel Balneari Blancafort,hotel,"Garriga, la",080885,,4 estrelles,,,274.0,155.0,754.0,,,,,,,,,
HB-000196,Miramar,hotel,Badalona,080155,,3 estrelles,,,84.0,48.0,484.0,41.45028756,2.25369629,geocodificada,,,,,,
HB-000197,Sant Pancraç,hotel,Cerdanyola del Vallès,082665,,1 estrella,,,22.0,12.0,444.0,41.5008865,2.0897951,geocodificada,,,,,,
HB-000199,Casa Fonda Europa,hotel,Granollers,080961,,3 estrelles,,,72.0,37.0,131.0,41.6082307,2.28904933,geocodificada,,,,,,
HB-000208,Balmes,hotel,Calella,080351,,3 estrelles,,,340.0,176.0,119.0,41.6190055,2.66699022,geocodificada,,,,,,
HB-000221,Malgrat,hotel,Malgrat de Mar,081108,,No aplica,,,45.0,24.0,382.0,,,,,,,,,
HB-000222,Husa Sant Bernat,hotel,Montseny,081379,,3 estrelles,,,46.0,23.0,59.0,,,,,,,,,
HB-000225,ESPANYA - 30º HOTELS,hotel,Calella,080351,,3 estrelles,,,143.0,80.0,832.0,41.61333507,2.66063092,geocodificada,,,,,,
HB-000241,Antibes,hotel,Barcelona,080193,el Fort Pienc,2 estrelles,2.0,hotel_estrellas,137.0,69.0,140.0,41.39854480962535,2.1780779539887094,exacta,134.7,€€,67.84,€€,False,observado
HB-000245,HOTEL EL CASTELL,hotel,Sant Boi de Llobregat,082009,,3 estrelles,,,77.0,44.0,888.0,41.34499717,2.04360591,geocodificada,,,,,,
HB-000249,Garbí,hotel,Calella,080351,,3 estrelles,,,308.0,154.0,834.0,41.61148848,2.65431532,geocodificada,,,,,,
HB-000250,Hostal Maricel,hotel,Sitges,082704,,No aplica,,,20.0,10.0,,41.23544033,1.81054276,geocodificada,,,,,,
HB-000253,Celimar,hotel,Sitges,082704,,3 estrelles,,,32.0,24.0,399.0,41.23513327,1.80918955,geocodificada,,,,,,
HB-000258,Medium Sitges Park,hotel,Sitges,082704,,3 estrelles,,,165.0,85.0,710.0,41.23703282,1.81021843,geocodificada,,,,,,
HB-000268,Normandie,hotel,Sitges,082704,,1 estrella,,,17.0,16.0,517.0,41.23731515,1.80933915,geocodificada,,,,,,
HB-000273,IBERSOL SORRA D'OR,hotel,Malgrat de Mar,081108,,2 estrelles,,,443.0,254.0,252.0,41.64191596,2.74183855,geocodificada,,,,,,
HB-000276,Tròpic Park,hotel,Malgrat de Mar,081108,,4 estrelles,,,391.0,204.0,48.0,,,,,,,,,
HB-000279,Bel-Air,hotel,Castelldefels,080569,,4 estrelles,,,86.0,44.0,201.0,41.2653486,1.97654478,geocodificada,,,,,,
HB-000280,Carlets,hotel,Castelldefels,080569,,1 estrella,,,31.0,16.0,,,,,,,,,,
HB-000283,HOTEL 153,hotel,Castelldefels,080569,,3 estrelles,,,62.0,32.0,616.0,41.26746014,1.97330945,geocodificada,,,,,,
HB-000293,Haromar,hotel,Calella,080351,,3 estrelles,,,206.0,111.0,122.0,41.61067478,2.6514915,geocodificada,,,,,,
HB-000296,HOTEL MARITIM,hotel,Calella,080351,,4 estrelles,,,311.0,162.0,25.0,,,,,,,,,
HB-000301,Sant Jordi,hotel,Calella,080351,,5 estrelles,,,73.0,37.0,70.0,41.61116952,2.6495874,geocodificada,,,,,,
HB-000310,Neptuno,hotel,Calella,080351,,3 estrelles,,,191.0,100.0,317.0,41.61534755,2.66009665,geocodificada,,,,,,
HB-000312,Arroyo,hotel,Castelldefels,080569,,2 estrelles,,,30.0,15.0,,41.26623782,1.98307095,geocodificada,,,,,,
HB-000317,HCC Hotel Taber,hotel,Barcelona,080193,la Dreta de l'Eixample,3 estrelles,3.0,hotel_estrellas,169.0,92.0,588.0,41.39066219821351,2.16313072421,exacta,156.32,€€,85.1,€€€,False,observado
HB-000319,Cortes,hotel,Barcelona,080193,el Barri Gòtic,2 estrelles,2.0,hotel_estrellas,72.0,44.0,228.0,41.385520512782165,2.171666520341029,exacta,131.03,€€,80.07,€€€,False,observado
HB-000320,Goya,hotel,Barcelona,080193,la Dreta de l'Eixample,No aplica,,sin_estrellas,21.0,12.0,,41.38938401,2.17174449,geocodificada,130.08999633789062,€€,74.34,€€€,True,suficiente
HB-000328,Hostal El Putxet,hotel,Barcelona,080193,el Putxet i el Farró,No aplica,,sin_estrellas,24.0,18.0,764.0,41.40589121638933,2.144640409035982,exacta,99.42,€,74.57,€€€,False,observado
HB-000329,Hesperia Barri Gòtic,hotel,Barcelona,080193,el Barri Gòtic,3 estrelles,3.0,hotel_estrellas,115.0,71.0,142.0,41.38046232752719,2.179928349935375,exacta,166.03,€€,102.51,€€€,False,observado
HB-000336,H Top Pineda Palace,hotel,Pineda de Mar,081635,,4 estrelles superior,,,388.0,194.0,298.0,41.62158262,2.69023612,geocodificada,,,,,,
HB-000338,HOTEL MERCE,hotel,Pineda de Mar,081635,,3 estrelles,,,265.0,153.0,231.0,41.62819847,2.68981936,geocodificada,,,,,,
HB-000339,FERGUS Club Pineda Splash,hotel,Pineda de Mar,081635,,4 estrelles,,,498.0,246.0,816.0,41.62631998,2.69218675,geocodificada,,,,,,
HB-000348,Madison Bahia,hotel,Sitges,082704,,2 estrelles,,,49.0,25.0,,41.23634986,1.80745076,geocodificada,,,,,,
HB-000358,LITTLE BEACH HOUSE BARCELONA,hotel,Sitges,082704,,2 estrelles,,,41.0,21.0,825.0,41.25455885,1.90448014,geocodificada,,,,,,
HB-000362,Lima,hotel,Barcelona,080193,el Barri Gòtic,No aplica,,sin_estrellas,6.0,4.0,,41.38798429,2.17249943,geocodificada,112.5999984741211,€€,75.07,€€€,True,suficiente
HB-000363,Montserrat,hotel,Sitges,082704,,2 estrelles,,,49.0,28.0,1002.0,41.23702695,1.8065266,geocodificada,,,,,,
HB-000364,PLATJADOR,hotel,Sitges,082704,,3 estrelles,,,114.0,59.0,224.0,41.23504458,1.80771935,geocodificada,,,,,,
HB-000366,HOTEL UTOPIA,hotel,Sitges,082704,,2 estrelles,,,68.0,38.0,629.0,41.23248371,1.79499511,geocodificada,,,,,,
HB-000371,jaume I,hotel,Barcelona,080193,el Barri Gòtic,1 estrella,1.0,hotel_estrellas,67.0,39.0,795.0,41.38335786031799,2.177887718408392,exacta,128.77000427246094,€€,74.96,€€€,True,suficiente
HB-000372,Eurostars Cristal Palace,hotel,Barcelona,080193,la Dreta de l'Eixample,4 estrelles,4.0,hotel_estrellas,250.0,148.0,30.0,41.38982724010406,2.166084940870228,exacta,164.94000244140625,€€,97.64,€€€,True,suficiente
HB-000381,Alexandra,hotel,Sitges,082704,,1 estrella,,,32.0,16.0,1028.0,41.23673365,1.80501604,geocodificada,,,,,,
HB-000386,Zènit Barcelona,hotel,Barcelona,080193,Sant Gervasi - Galvany,4 estrelles,4.0,hotel_estrellas,118.0,71.0,978.0,41.3949438601972,2.1468868053299315,exacta,175.14,€€€,105.38,€€€,False,observado
HB-000387,Nostre Mar Aparthotel,hotel,Pineda de Mar,081635,,3 estrelles,,,62.0,31.0,320.0,41.62257435,2.69097584,geocodificada,,,,,,
HB-000388,HOTEL SORRABONA,hotel,Pineda de Mar,081635,,4 estrelles,,,150.0,75.0,222.0,41.62138472,2.68946517,geocodificada,,,,,,
HB-000403,Ciudad de Castelldefels,hotel,Castelldefels,080569,,3 estrelles,,,300.0,104.0,16.0,41.26740246,1.96680615,geocodificada,,,,,,
HB-000418,HOTEL URPI,hotel,Sabadell,081878,,3 estrelles,,,237.0,121.0,415.0,41.55303052,2.1056225,geocodificada,,,,,,
HB-000421,El Cid,hotel,Sitges,082704,,1 estrella,,,145.0,76.0,973.0,,,,,,,,,
HB-000424,Galeón,hotel,Sitges,082704,,3 estrelles,,,83.0,47.0,196.0,41.23757241,1.80824613,geocodificada,,,,,,
HB-000428,Rocatel,hotel,Canet de Mar,080403,,1 estrella,,,76.0,40.0,,,,,,,,,,
HB-000439,Ciudad Condal,hotel,Barcelona,080193,la Dreta de l'Eixample,No aplica,,sin_estrellas,22.0,14.0,,41.39337193,2.16175861,geocodificada,133.58999633789062,€€,85.01,€€€,True,suficiente
HB-000443,Lourdes,hotel,Barcelona,080193,"Sant Pere, Santa Caterina i la Ribera",No aplica,,sin_estrellas,47.0,27.0,526.0,41.38484012,2.17991866,geocodificada,129.72000122070312,€€,74.52,€€€,True,justo
HB-000446,Casa Pince,hotel,Barcelona,080193,el Barri Gòtic,2 estrelles,2.0,hotel_estrellas,70.0,38.0,251.0,41.38116956764499,2.175037990346006,exacta,140.89,€€,76.48,€€€,False,observado
HB-000448,Lirio,hotel,Barcelona,080193,el Barri Gòtic,No aplica,,sin_estrellas,31.0,21.0,,41.37875896,2.17777534,geocodificada,111.28,€€,75.38,€€€,False,observado
HB-000454,Barcelona Center Inn,hotel,Barcelona,080193,la Dreta de l'Eixample,No aplica,,sin_estrellas,23.0,13.0,596.0,41.39318936,2.17372725,geocodificada,118.7300033569336,€€,67.11,€€,True,suficiente
HB-000456,Capitol,hotel,Barcelona,080193,el Poble Sec,No aplica,,sin_estrellas,20.0,11.0,,41.37312077,2.16798258,geocodificada,85.13,€,46.82,€€,False,observado
HB-000457,SOM NIT PORT VELL,hotel,Barcelona,080193,"Sant Pere, Santa Caterina i la Ribera",No aplica,,sin_estrellas,20.0,10.0,750.0,41.38135744,2.18321589,geocodificada,125.97,€€,62.98,€€,False,observado
HB-000467,Palmera,hotel,Barcelona,080193,el Raval,No aplica,,sin_estrellas,33.0,20.0,723.0,41.38189524,2.1707537,geocodificada,104.23,€€,63.17,€€,False,observado
HB-000478,Turisol,hotel,Barcelona,080193,el Barri Gòtic,No aplica,,sin_estrellas,27.0,17.0,,41.37888779,2.1767219,geocodificada,125.11000061035156,€€,78.77,€€€,True,justo
HB-000480,Toledano,hotel,Barcelona,080193,el Barri Gòtic,1 estrella,1.0,hotel_estrellas,30.0,17.0,,41.38514182378773,2.170638831395403,exacta,96.81,€,54.86,€€,False,observado
HB-000485,Outsite Barcelona,hotel,Barcelona,080193,el Barri Gòtic,No aplica,,sin_estrellas,31.0,18.0,190.0,41.37997958,2.17989358,geocodificada,162.69,€€,94.47,€€€,False,observado
HB-000488,Sense especificar,hotel,Barcelona,080193,el Raval,2 estrelles,2.0,hotel_estrellas,80.0,52.0,687.0,41.3854076552862,2.169683995090584,exacta,144.9499969482422,€€,94.22,€€€,True,suficiente
HB-000491,Bienestar,hotel,Barcelona,080193,el Barri Gòtic,No aplica,,sin_estrellas,26.0,16.0,,41.38128194,2.17433758,geocodificada,129.02000427246094,€€,79.4,€€€,True,justo
HB-000495,Santa Marta,hotel,Barcelona,080193,"Sant Pere, Santa Caterina i la Ribera",2 estrelles,2.0,hotel_estrellas,108.0,47.0,445.0,41.3836820501458,2.185160503910115,exacta,150.57000732421875,€€,65.53,€€,True,suficiente
HB-000502,Hostal Ruta de Francia,hotel,Barcelona,080193,la Sagrada Família,No aplica,,sin_estrellas,17.0,13.0,,41.4037968,2.18205223,geocodificada,118.87000274658205,€€,90.9,€€€,True,suficiente
HB-000508,Hostal Rembrandt,hotel,Barcelona,080193,el Barri Gòtic,No aplica,,sin_estrellas,42.0,27.0,,41.38378347,2.17349131,geocodificada,117.75,€€,75.7,€€€,True,justo
HB-000516,som nit triomf,hotel,Barcelona,080193,la Dreta de l'Eixample,No aplica,,sin_estrellas,20.0,11.0,750.0,41.39002266,2.17710554,geocodificada,130.08999633789062,€€,71.55,€€€,True,suficiente
HB-000558,Ceferino,hotel,Vilanova i la Geltrú,083073,,3 estrelles,,,52.0,22.0,998.0,41.2146278,1.72475751,geocodificada,,,,,,
HB-000573,Hostal Tres Leones,hotel,Vilassar de Mar,082191,,No aplica,,,10.0,6.0,,41.50156858,2.39132079,geocodificada,,,,,,
HB-000577,HOTEL SUIS,hotel,Sant Celoni,082021,,3 estrelles,,,65.0,34.0,521.0,41.68980712,2.4915801,geocodificada,,,,,,
HB-000589,Bonavista,hotel,Calella,080351,,No aplica,,,54.0,30.0,,41.61955033,2.66733033,geocodificada,,,,,,
HB-000605,Pancheta,hotel,Sant Pol de Mar,082359,,No aplica,,,18.0,11.0,,41.60031611,2.62083492,geocodificada,,,,,,
HB-000620,Casanovas,hotel,"Papiol, el",081580,,No aplica,,,22.0,14.0,1018.0,,,,,,,,,
HB-000624,Planamar,hotel,Malgrat de Mar,081108,,3 estrelles,,,309.0,156.0,207.0,41.64006648,2.73659709,geocodificada,,,,,,
HB-000627,Manel,hotel,Martorell,081141,,2 estrelles,,,51.0,29.0,230.0,41.47454426,1.93581354,geocodificada,,,,,,
HB-000633,Can Fisa,hotel,Corbera de Llobregat,080728,,2 estrelles,,,26.0,16.0,390.0,41.41589788,1.9170237,geocodificada,,,,,,
HB-000655,Mare Nostrum,hotel,Cabrera de Mar,080291,,No aplica,,,16.0,8.0,,,,,,,,,,
HB-000671,Medium Romàntic,hotel,Sitges,082704,,2 estrelles,,,59.0,36.0,430.0,41.23796344,1.81001239,geocodificada,,,,,,
HB-000674,TORINO,hotel,"Masnou, el",081189,,1 estrella,,,19.0,11.0,,,,,,,,,,
HB-000701,GAT RAVAL,hotel,Barcelona,080193,el Raval,No aplica,,sin_estrellas,41.0,24.0,885.0,41.38280939,2.16558179,geocodificada,130.5399932861328,€€,76.41,€€€,True,justo
HB-000702,Hotel Cèsar,hotel,Vilanova i la Geltrú,083073,,3 estrelles,,,49.0,30.0,480.0,41.21460155,1.72314619,geocodificada,,,,,,
HB-000709,HOTEL SORRA DAURADA SPLASH,hotel,Malgrat de Mar,081108,,4 estrelles,,,500.0,245.0,203.0,41.6404751,2.73733282,geocodificada,,,,,,
HB-000710,Rosa Nàutica,hotel,Malgrat de Mar,081108,,3 estrelles,,,273.0,142.0,199.0,,,,,,,,,
HB-000712,L'Hostalet de Canet,hotel,Canet de Mar,080403,,No aplica,,,22.0,12.0,632.0,41.58763617,2.58196172,geocodificada,,,,,,
HB-000723,Orleans,hotel,Barcelona,080193,"Sant Pere, Santa Caterina i la Ribera",No aplica,,sin_estrellas,34.0,17.0,,41.38440389,2.18453051,geocodificada,129.72000122070312,€€,64.86,€€,True,justo
HB-000726,Camarote H,hotel,Castelldefels,080569,,1 estrella,,,17.0,10.0,838.0,41.26572472,1.97858378,geocodificada,,,,,,
HB-000729,Flora Parc,hotel,Castelldefels,080569,,3 estrelles,,,136.0,68.0,453.0,41.28593782,1.98623657,geocodificada,,,,,,
HB-000739,Portugal,hotel,Barcelona,080193,el Barri Gòtic,No aplica,,sin_estrellas,23.0,16.0,,41.37788792,2.17821929,geocodificada,123.26000213623048,€€,85.75,€€€,True,justo
HB-000755,HOSTAL COLIBRI,hotel,Calella,080351,,No aplica,,,37.0,21.0,189.0,41.61600634,2.66066711,geocodificada,,,,,,
HB-000759,Miami,hotel,Calella,080351,,3 estrelles,,,282.0,145.0,68.0,41.61769376,2.66364114,geocodificada,,,,,,
HB-000760,Marisol,hotel,Calella,080351,,2 estrelles,,,147.0,85.0,40.0,41.61865623,2.66832308,geocodificada,,,,,,
HB-000764,Monteplaya,hotel,Malgrat de Mar,081108,,4 estrelles superior,,,296.0,168.0,152.0,41.63847963,2.73237611,geocodificada,,,,,,
HB-000776,Boutique Barcelona,hotel,Barcelona,080193,la Dreta de l'Eixample,No aplica,,sin_estrellas,12.0,6.0,1030.0,41.39388061,2.16541959,geocodificada,166.03,€€,83.02,€€€,False,observado
HB-000780,Sant Marçal,hotel,Montseny,081379,,1 estrella,,,16.0,8.0,,,,,,,,,,
HB-000782,Hostal BCN Ramblas,hotel,Barcelona,080193,el Raval,No aplica,,sin_estrellas,18.0,11.0,263.0,41.37570639,2.17066133,geocodificada,107.72000122070312,€€,65.83,€€,True,suficiente
HB-000791,Alegria Maripins,hotel,Malgrat de Mar,081108,,4 estrelles,,,360.0,205.0,736.0,41.63962487,2.73541354,geocodificada,,,,,,
HB-000801,Hostal Central Barcelona,hotel,Barcelona,080193,la Dreta de l'Eixample,No aplica,,sin_estrellas,18.0,11.0,,41.39644632,2.17528966,geocodificada,118.7300033569336,€€,72.56,€€€,True,suficiente
HB-000838,Aribau,hotel,Barcelona,080193,l'Antiga Esquerra de l'Eixample,No aplica,,sin_estrellas,6.0,3.0,,41.38758673,2.16021558,geocodificada,56.17,€,28.08,€,False,observado
HB-000839,Hotel Everest,hotel,Barcelona,080193,el Baix Guinardó,2 estrelles,2.0,hotel_estrellas,34.0,17.0,123.0,41.41131961651871,2.1732896725799096,exacta,99.14,€,49.57,€€,False,observado
HB-000845,Hostal Santcarlo,hotel,Barcelona,080193,la Dreta de l'Eixample,No aplica,,sin_estrellas,13.0,8.0,,41.38948805,2.17295069,geocodificada,83.2,€,51.2,€€,False,observado
HB-000855,Amílcar,hotel,Barcelona,080193,el Guinardó,1 estrella,1.0,hotel_estrellas,85.0,49.0,,41.42385563,2.17258536,geocodificada,109.11000061035156,€€,62.9,€€,True,suficiente
HB-000859,Lyon,hotel,Barcelona,080193,"Sant Pere, Santa Caterina i la Ribera",1 estrella,1.0,hotel_estrellas,19.0,15.0,,41.38321993965877,2.184767263029884,exacta,87.86,€,69.36,€€,False,observado
HB-000862,Norma,hotel,Barcelona,080193,la Vila de Gràcia,No aplica,,sin_estrellas,27.0,18.0,,41.40059298,2.15444412,geocodificada,133.02000427246094,€€,88.68,€€€,True,justo
HB-000893,San Francisco,hotel,Cerdanyola del Vallès,082665,,No aplica,,,20.0,10.0,,41.4937536,2.13850097,geocodificada,,,,,,
HB-000898,HOTEL VILA,hotel,Calella,080351,,3 estrelles,,,316.0,164.0,637.0,41.61551769,2.65984923,geocodificada,,,,,,
HB-000899,Parisien,hotel,Barcelona,080193,el Poble Sec,No aplica,,sin_estrellas,20.0,13.0,,41.37437511,2.16928131,geocodificada,131.93,€€,85.75,€€€,False,observado
HB-000930,Hostal Montserrat,hotel,Montseny,081379,,No aplica,,,33.0,19.0,,,,,,,,,,
HB-000935,Mimi Las Ramblas,hotel,Barcelona,080193,el Raval,No aplica,,sin_estrellas,10.0,7.0,739.0,41.37916642,2.17442328,geocodificada,64.83,€,45.38,€€,False,observado
HB-000939,Safaja,hotel,Sant Quirze Safaja,082397,,1 estrella,,,10.0,5.0,1011.0,41.72797634,2.1517122,geocodificada,,,,,,
HB-000947,Annex,hotel,Barcelona,080193,el Barri Gòtic,1 estrella,1.0,hotel_estrellas,12.0,8.0,316.0,41.38325726026674,2.177936178383138,exacta,116.62999725341795,€€,77.75,€€€,True,justo
HB-000948,Sumus Hotel Stella & Spa 4*S,hotel,Pineda de Mar,081635,,4 estrelles superior,,,367.0,195.0,198.0,41.62470012,2.69341733,geocodificada,,,,,,
HB-000952,Girona,hotel,Barcelona,080193,la Dreta de l'Eixample,No aplica,,sin_estrellas,13.0,9.0,565.0,41.39190984,2.17517259,geocodificada,108.6999969482422,€€,75.25,€€€,True,suficiente
HB-000957,VAGANTO HOTEL S.L.,hotel,Barcelona,080193,el Poble Sec,No aplica,,sin_estrellas,23.0,18.0,464.0,41.37469466,2.16781434,geocodificada,170.26,€€,133.25,€€€€,False,observado
HB-000975,Fernando,hotel,Barcelona,080193,el Barri Gòtic,No aplica,,sin_estrellas,55.0,38.0,567.0,41.38142014,2.17545488,geocodificada,137.19,€€,94.79,€€€,False,observado
HB-001059,Casa d'Àustria,hotel,Calella,080351,,No aplica,,,17.0,9.0,418.0,41.61702894,2.66902287,geocodificada,,,,,,
HB-001122,Call,hotel,Barcelona,080193,el Barri Gòtic,1 estrella,1.0,hotel_estrellas,49.0,25.0,147.0,41.382293980195776,2.1757129034720064,exacta,123.22,€€,62.87,€€,False,observado
HB-001130,Hostal Razio Central Station BCN,hotel,Barcelona,080193,el Raval,No aplica,,sin_estrellas,18.0,11.0,,41.38016898,2.16957164,geocodificada,117.75,€€,71.96,€€€,True,suficiente
HB-001131,Albi,hotel,Barcelona,080193,el Barri Gòtic,No aplica,,sin_estrellas,16.0,11.0,991.0,41.38019022,2.17929159,geocodificada,129.72000122070312,€€,89.18,€€€,True,suficiente
HB-001135,Bresus,hotel,Barcelona,080193,"Sant Pere, Santa Caterina i la Ribera",No aplica,,sin_estrellas,12.0,7.0,,41.38917081,2.17803777,geocodificada,113.20999908447266,€€,66.04,€€,True,suficiente
HB-001137,Canaletas,hotel,Barcelona,080193,el Poble Sec,No aplica,,sin_estrellas,12.0,8.0,,41.37321597,2.16832506,geocodificada,102.83000183105467,€€,68.55,€€,True,suficiente
HB-001151,Gemini,hotel,Sitges,082704,,No aplica,,,24.0,12.0,,41.2338119,1.80152872,geocodificada,,,,,,
HB-001187,Cerdanya Pensió,hotel,Barcelona,080193,la Dreta de l'Eixample,No aplica,,sin_estrellas,12.0,7.0,,41.39251473,2.17400032,geocodificada,108.6999969482422,€€,63.41,€€,True,suficiente
HB-001199,Colmenero,hotel,Barcelona,080193,el Barri Gòtic,No aplica,,sin_estrellas,9.0,7.0,,41.38288232,2.17289696,geocodificada,110.75,€€,86.14,€€€,True,suficiente
HB-001206,Villanueva,hotel,Barcelona,080193,el Barri Gòtic,No aplica,,sin_estrellas,44.0,29.0,80.0,41.38010135,2.17477304,geocodificada,103.27,€€,68.06,€€,False,observado
HB-001213,RAVAL HOUSE,hotel,Barcelona,080193,el Raval,3 estrelles,3.0,hotel_estrellas,100.0,55.0,904.0,41.38001981371473,2.169014849771575,exacta,142.88,€€,78.58,€€€,False,observado
HB-001216,Solarium,hotel,Barcelona,080193,el Raval,No aplica,,sin_estrellas,33.0,17.0,,41.37777199,2.17415488,geocodificada,70.14,€,36.13,€,False,observado
HB-001219,Gótico,hotel,Barcelona,080193,el Barri Gòtic,4 estrelles,4.0,hotel_estrellas,149.0,81.0,445.0,41.38349181893135,2.1782357567822936,exacta,173.9600067138672,€€,94.57,€€€,True,suficiente
HB-001239,Golf Can Rafel,hotel,Cervelló,080689,,4 estrelles,,,50.0,25.0,519.0,41.39443289,1.96349309,geocodificada,,,,,,
HB-001241,Montaltmar,hotel,Sant Vicenç de Montalt,082649,,No aplica,,,18.0,9.0,374.0,41.58009739,2.50440805,geocodificada,,,,,,
HB-001276,Coral,hotel,Barcelona,080193,el Barri Gòtic,No aplica,,sin_estrellas,36.0,25.0,854.0,41.38148514,2.17856331,geocodificada,88.75,€,61.63,€€,False,observado
HB-001278,Sol y K,hotel,Barcelona,080193,el Barri Gòtic,No aplica,,sin_estrellas,24.0,14.0,,41.38107387,2.17740529,geocodificada,130.97,€€,76.4,€€€,False,observado
HB-001419,Rey-Mar Playa,hotel,Malgrat de Mar,081108,,3 estrelles,,,392.0,210.0,103.0,,,,,,,,,
HB-001579,PENSION AROSA,hotel,Barcelona,080193,el Barri Gòtic,No aplica,,sin_estrellas,10.0,7.0,882.0,41.38539309,2.17351036,geocodificada,75.5,€,52.85,€€,False,observado
HB-001619,Noya,hotel,Barcelona,080193,el Poble Sec,No aplica,,sin_estrellas,15.0,8.0,,41.37321597,2.16832506,geocodificada,118.04000091552734,€€,62.95,€€,True,suficiente
HB-001620,Ciudadela,hotel,Barcelona,080193,"Sant Pere, Santa Caterina i la Ribera",No aplica,,sin_estrellas,11.0,6.0,,41.38470818,2.18469377,geocodificada,111.3499984741211,€€,60.74,€€,True,suficiente
HB-001650,HOTEL ALEGRIA CARTAGO NOVA,hotel,Malgrat de Mar,081108,,3 estrelles,,,414.0,214.0,889.0,41.63672209,2.72758801,geocodificada,,,,,,
HB-001665,Hostal Eixample,hotel,Barcelona,080193,la Dreta de l'Eixample,No aplica,,sin_estrellas,14.0,8.0,308.0,41.39080402,2.17470887,geocodificada,111.7,€€,63.83,€€,False,observado
HB-001678,Benidorm,hotel,Barcelona,080193,el Raval,No aplica,,sin_estrellas,68.0,44.0,968.0,41.37778256,2.17298709,geocodificada,120.61,€€,78.04,€€€,False,observado
HB-001690,El Puchi Barcelona,hotel,Barcelona,080193,Sant Antoni,No aplica,,sin_estrellas,20.0,12.0,1034.0,41.38433247,2.16193662,geocodificada,132.49000549316406,€€,79.49,€€€,True,suficiente
HB-001703,HOTEL SANTA MONICA,hotel,Calella,080351,,4 estrelles,,,392.0,216.0,78.0,41.61147092,2.64985024,geocodificada,,,,,,
HB-001705,Venècia,hotel,Barcelona,080193,el Raval,No aplica,,sin_estrellas,18.0,15.0,,41.37992219,2.17146078,geocodificada,129.02000427246094,€€,107.52,€€€,True,suficiente
HB-001709,Francia,hotel,Barcelona,080193,,No aplica,,sin_estrellas,20.0,11.0,1019.0,,,,130.08999633789062,€€,71.55,€€€,True,suficiente
HB-001723,Best Western Hotel Mediterráneo,hotel,Castelldefels,080569,,4 estrelles,,,89.0,47.0,125.0,41.26588995,1.96204889,geocodificada,,,,,,
HB-001747,Hostal Mont Thabor,hotel,Barcelona,080193,el Raval,No aplica,,sin_estrellas,19.0,12.0,,41.37604423,2.1710122,geocodificada,69.34,€,43.79,€€,False,observado
HB-001748,Picasso,hotel,Barcelona,080193,el Raval,No aplica,,sin_estrellas,24.0,16.0,460.0,41.37809151,2.17330758,geocodificada,145.07,€€,96.71,€€€,False,observado
HB-001753,HOSTAL SANT PERE 70,hotel,Sant Pere de Riudebitlles,082325,,No aplica,,,10.0,5.0,,41.45002347,1.70509994,geocodificada,,,,,,
HB-001755,Nuevo Colón,hotel,Barcelona,080193,"Sant Pere, Santa Caterina i la Ribera",No aplica,,sin_estrellas,42.0,24.0,,41.38499288,2.18503212,geocodificada,101.26,€€,57.86,€€,False,observado
HB-001798,Calípolis,hotel,Sitges,082704,,4 estrelles,,,335.0,170.0,10.0,41.2341187,1.80426099,geocodificada,,,,,,
HB-001821,Hostal Ambos Mundos,hotel,Barcelona,080193,el Barri Gòtic,No aplica,,sin_estrellas,23.0,13.0,,41.38022221,2.17559994,geocodificada,145.63,€€,82.31,€€€,False,observado
HB-001832,Golden Taurus Park Resort,hotel,Pineda de Mar,081635,,4 estrelles,,,929.0,439.0,11.0,41.61945152,2.68297694,geocodificada,,,,,,
HB-001842,L'Hostalet d'Arenys de Mar,hotel,Arenys de Mar,080060,,No aplica,,,22.0,12.0,828.0,41.58005939,2.54881825,geocodificada,,,,,,
HB-001847,Santo Domingo,hotel,Barcelona,080193,la Vila de Gràcia,No aplica,,sin_estrellas,22.0,16.0,,41.39960836,2.15608949,geocodificada,133.02000427246094,€€,96.74,€€€,True,justo
HB-001855,HOTEL LA PAU,hotel,Barcelona,080193,el Barri Gòtic,No aplica,,sin_estrellas,65.0,42.0,19.0,41.37754896511456,2.1780011765324376,exacta,225.32,€€€,145.59,€€€€,False,observado
HB-001860,Hostal Solimar,hotel,Badalona,080155,,No aplica,,,58.0,39.0,982.0,41.45090013,2.25083134,geocodificada,,,,,,
HB-001861,La Costa,hotel,Badalona,080155,,No aplica,,,34.0,17.0,,41.43320363,2.21679963,geocodificada,,,,,,
HB-001862,Las Flores,hotel,Barcelona,080193,el Raval,No aplica,,sin_estrellas,19.0,15.0,1012.0,41.37642196,2.17157676,geocodificada,113.9499969482422,€€,89.96,€€€,True,suficiente
HB-001883,Hostal Apolo,hotel,Barcelona,080193,el Poble Sec,No aplica,,sin_estrellas,32.0,20.0,,41.37380146,2.16942541,geocodificada,97.88,€,61.18,€€,False,observado
HB-001911,Hesperia Presidente,hotel,Barcelona,080193,Sant Gervasi - Galvany,4 estrelles,4.0,hotel_estrellas,301.0,156.0,221.0,41.39414022868595,2.148991044269223,exacta,208.54,€€€,108.08,€€€,False,observado
HB-001927,Gaudí,hotel,Barcelona,080193,el Raval,3 estrelles,3.0,hotel_estrellas,136.0,73.0,540.0,41.37895624489913,2.174016697616009,exacta,199.11,€€€,106.88,€€€,False,observado
HB-001931,Palacio,hotel,Barcelona,080193,"Sant Pere, Santa Caterina i la Ribera",No aplica,,sin_estrellas,12.0,9.0,633.0,41.38193324,2.18303623,geocodificada,107.48999786376952,€€,80.62,€€€,True,suficiente
HB-001934,Royal,hotel,Barcelona,080193,el Raval,4 estrelles,4.0,hotel_estrellas,226.0,119.0,34.0,41.38437398916098,2.170584328337652,exacta,173.02000427246094,€€,91.1,€€€,True,suficiente
HB-001950,CASA TRAFALGAR,hotel,Barcelona,080193,la Dreta de l'Eixample,1 estrella,1.0,hotel_estrellas,31.0,18.0,238.0,41.389345214488856,2.1741559288787093,exacta,169.18,€€,98.23,€€€,False,observado
HB-001951,Chic  Basic Tallers,hotel,Barcelona,080193,el Raval,No aplica,,sin_estrellas,25.0,14.0,620.0,41.38526097,2.16431198,geocodificada,132.49000549316406,€€,74.19,€€€,True,suficiente
HB-001956,Hostal Santa Gemma,hotel,Sant Andreu de Llavaneres,081976,,No aplica,,,15.0,8.0,,41.55558148,2.4968333,geocodificada,,,,,,
HB-001969,NH Barcelona Stadium,hotel,Barcelona,080193,la Maternitat i Sant Ramon,4 estrelles,4.0,hotel_estrellas,185.0,106.0,336.0,41.381479374471255,2.1270969524414016,exacta,160.23,€€,91.81,€€€,False,observado
HB-001970,Castell de Mata,hotel,Mataró,081213,,3 estrelles,,,101.0,52.0,132.0,,,,,,,,,
HB-001980,Mont Rosa,hotel,Calella,080351,,3 estrelles,,,216.0,120.0,12.0,41.61113195,2.65281578,geocodificada,,,,,,
HB-001996,HOTEL PAPI,hotel,Malgrat de Mar,081108,,3 estrelles,,,248.0,132.0,561.0,,,,,,,,,
HB-002004,Dani,hotel,Barcelona,080193,el Raval,No aplica,,sin_estrellas,9.0,7.0,,41.38468756,2.16972063,geocodificada,110.75,€€,86.14,€€€,True,suficiente
HB-002007,Best Western Premier Hotel Dante,hotel,Barcelona,080193,l'Antiga Esquerra de l'Eixample,4 estrelles,4.0,hotel_estrellas,144.0,81.0,371.0,41.38943646417619,2.1565145579298437,exacta,178.42,€€€,100.36,€€€,False,observado
HB-002018,Gran Sol,hotel,Sant Pol de Mar,082359,,3 estrelles,,,85.0,44.0,220.0,,,,,,,,,
HB-002034,PENSIÓN MARGARITA,hotel,Pineda de Mar,081635,,No aplica,,,23.0,14.0,,41.62390478,2.69052691,geocodificada,,,,,,
HB-002040,Hostal Felipe II,hotel,Barcelona,080193,la Dreta de l'Eixample,No aplica,,sin_estrellas,17.0,11.0,559.0,41.3982317,2.16820769,geocodificada,118.7300033569336,€€,76.83,€€€,True,suficiente
HB-002043,Travesera,hotel,Barcelona,080193,la Salut,2 estrelles,2.0,hotel_estrellas,22.0,16.0,448.0,41.4123244926752,2.1589797507660515,exacta,139.69,€€,101.59,€€€,False,observado
HB-002044,Casa de Barca,hotel,Barcelona,080193,la Dreta de l'Eixample,No aplica,,sin_estrellas,9.0,7.0,681.0,41.39090744,2.17649293,geocodificada,81.37,€,63.29,€€,False,observado
HB-002057,HCC Hotel Regente,hotel,Barcelona,080193,la Dreta de l'Eixample,4 estrelles,4.0,hotel_estrellas,143.0,78.0,586.0,41.39223331674776,2.162192579213957,exacta,174.4499969482422,€€,95.15,€€€,True,suficiente
HB-002059,NH Collection Gran Hotel Calderón,hotel,Barcelona,080193,la Dreta de l'Eixample,5 estrelles,5.0,hotel_estrellas,503.0,255.0,336.0,41.38936743631295,2.1661144753718227,exacta,295.72,€€€,149.92,€€€€,False,observado
HB-002066,Apartaments Atzavara Hotel Apartament,hotel,Calella,080351,,1 estrella,,,49.0,19.0,279.0,41.6132099,2.65568958,geocodificada,,,,,,
HB-002081,Mont Palau,hotel,Pineda de Mar,081635,,3 estrelles,,,202.0,128.0,378.0,41.62696036,2.68852922,geocodificada,,,,,,
HB-002085,Parrots,hotel,Sitges,082704,,3 estrelles,,,48.0,27.0,628.0,41.23570084,1.80718586,geocodificada,,,,,,
HB-002089,Hostal Parada,hotel,Viladecans,083015,,No aplica,,,10.0,8.0,,41.31912899,2.02580559,geocodificada,,,,,,
HB-002097,HOSTAL FINA,hotel,Barcelona,080193,el Barri Gòtic,No aplica,,sin_estrellas,27.0,19.0,748.0,41.38346329,2.17267617,geocodificada,117.75,€€,82.86,€€€,True,justo
HB-002107,Fonda Neus,hotel,Sant Sadurní d'Anoia,082401,,No aplica,,,10.0,7.0,,41.42413534,1.78961656,geocodificada,,,,,,
HB-002108,Alamar,hotel,Barcelona,080193,el Barri Gòtic,No aplica,,sin_estrellas,15.0,13.0,,41.38075666,2.17804835,geocodificada,129.72000122070312,€€,112.42,€€€,True,suficiente
HB-002126,DYNAMIC HOTELS CALDETES BARCELONA,hotel,Caldes d'Estrac,080327,,3 estrelles,,,56.0,30.0,863.0,,,,,,,,,
HB-002151,HOSTAL SANTA ANNA,hotel,Barcelona,080193,el Barri Gòtic,No aplica,,sin_estrellas,24.0,15.0,930.0,41.38542036,2.17156569,geocodificada,72.03,€,45.02,€€,False,observado
HB-002161,Pensió Bertolin,hotel,Barcelona,080193,el Raval,No aplica,,sin_estrellas,10.0,5.0,,41.37976358,2.16625073,geocodificada,108.18000030517578,€€,54.09,€€,True,suficiente
HB-002168,Express II,hotel,Calella,080351,,2 estrelles,,,64.0,36.0,433.0,41.61216024,2.65425839,geocodificada,,,,,,
HB-002186,BAR HOTEL TIBURON,hotel,Castelldefels,080569,,1 estrella,,,28.0,18.0,276.0,41.26636028,1.98191529,geocodificada,,,,,,
HB-002191,Hostal de la Plaça,hotel,Cabrils,080305,,3 estrelles,,,17.0,9.0,528.0,,,,,,,,,
HB-002211,Hosteria Grau,hotel,Barcelona,080193,el Raval,No aplica,,sin_estrellas,35.0,18.0,,41.38473225,2.16814766,geocodificada,147.13,€€,75.67,€€€,False,observado
HB-002223,Triunfo,hotel,Barcelona,080193,"Sant Pere, Santa Caterina i la Ribera",1 estrella,1.0,hotel_estrellas,28.0,16.0,316.0,41.38709330231145,2.183497724731481,exacta,135.9600067138672,€€,77.69,€€€,True,suficiente
HB-002226,Chavarria,hotel,Sant Joan Despí,082172,,No aplica,,,11.0,9.0,,41.37038249,2.05848203,geocodificada,,,,,,
HB-002253,Aneto,hotel,Barcelona,080193,el Raval,1 estrella,1.0,hotel_estrellas,28.0,16.0,964.0,41.38208176030717,2.169791173399842,exacta,134.50999450683594,€€,76.86,€€€,True,suficiente
HB-002264,Càmping Masnou,hotel,"Masnou, el",081189,,No aplica,,,18.0,9.0,547.0,,,,,,,,,
HB-002275,HOSTAL TERMES S.L.,hotel,Sitges,082704,,No aplica,,,24.0,12.0,442.0,41.23729842,1.80525151,geocodificada,,,,,,
HB-002278,Ventura,hotel,Montcada i Reixac,081252,,No aplica,,,21.0,13.0,,41.49629034,2.1828861,geocodificada,,,,,,
HB-002279,Oasis,hotel,Barcelona,080193,"Sant Pere, Santa Caterina i la Ribera",2 estrelles,2.0,hotel_estrellas,141.0,94.0,334.0,41.38275271715371,2.184714161998721,exacta,119.01,€€,79.34,€€€,False,observado
HB-002282,La Calma,hotel,Barcelona,080193,el Barri Gòtic,No aplica,,sin_estrellas,14.0,8.0,858.0,41.38096628,2.17608165,geocodificada,129.02000427246094,€€,73.73,€€€,True,suficiente
HB-002286,Hostal Athenas,hotel,Sant Adrià de Besòs,081944,,No aplica,,,41.0,23.0,558.0,41.43193656,2.21795223,geocodificada,,,,,,
HB-002351,Hostal Parellades,hotel,Sitges,082704,,No aplica,,,12.0,8.0,,41.23631864,1.80868873,geocodificada,,,,,,
HB-002354,Cornellà,hotel,Cornellà de Llobregat,080734,,No aplica,,,29.0,16.0,423.0,41.36351255,2.07457155,geocodificada,,,,,,
HB-002357,Hostal Lesseps,hotel,Barcelona,080193,la Vila de Gràcia,No aplica,,sin_estrellas,25.0,15.0,,41.40537782,2.15067405,geocodificada,95.91,€,57.55,€€,False,observado
HB-002362,Terramar,hotel,Calella,080351,,3 estrelles,,,389.0,210.0,397.0,41.61151614,2.65231164,geocodificada,,,,,,
HB-002395,Ginebra,hotel,Barcelona,080193,la Dreta de l'Eixample,1 estrella,1.0,hotel_estrellas,19.0,10.0,751.0,41.38754669720353,2.1680584693791247,exacta,135.6199951171875,€€,71.38,€€€,True,justo
HB-002396,Hotel Sabiote,hotel,Pineda de Mar,081635,,1 estrella,,,52.0,26.0,231.0,41.62877656,2.68930069,geocodificada,,,,,,
HB-002400,Galeón Pavillón,hotel,Sitges,082704,,3 estrelles,,,49.0,27.0,196.0,41.23828062,1.80832318,geocodificada,,,,,,
HB-002403,Central,hotel,Sitges,082704,,1 estrella,,,45.0,23.0,517.0,41.23737202,1.80927962,geocodificada,,,,,,
HB-002406,Nitzs BCN,hotel,Barcelona,080193,el Barri Gòtic,No aplica,,sin_estrellas,17.0,12.0,680.0,41.38148514,2.17856331,geocodificada,91.48,€,64.57,€€,False,observado
HB-002459,Serrats,hotel,Malgrat de Mar,081108,,No aplica,,,20.0,10.0,970.0,41.63986926,2.73559683,geocodificada,,,,,,
HB-002460,Wilson Boutique,hotel,Barcelona,080193,Sant Gervasi - Galvany,4 estrelles,4.0,hotel_estrellas,95.0,52.0,23.0,41.39439716906904,2.150024939104464,exacta,173.83,€€,95.15,€€€,False,observado
HB-002486,Pensió Torrent,hotel,Canet de Mar,080403,,No aplica,,,36.0,18.0,,41.58871807,2.58492471,geocodificada,,,,,,
HB-002490,Subur Maritim,hotel,Sitges,082704,,4 estrelles,,,90.0,46.0,342.0,,,,,,,,,
HB-002491,Hostal Sans,hotel,Barcelona,080193,Sants,No aplica,,sin_estrellas,144.0,85.0,151.0,41.37503135,2.13542446,geocodificada,84.73,€,50.01,€€,False,observado
HB-002532,Turín,hotel,Barcelona,080193,el Raval,3 estrelles,3.0,hotel_estrellas,100.0,60.0,499.0,41.38310112516655,2.170178687546506,exacta,223.22,€€€,133.93,€€€€,False,observado
HB-002534,Can Campa,hotel,Montornès del Vallès,081363,,1 estrella,,,24.0,14.0,,41.54442262,2.26581553,geocodificada,,,,,,
HB-002540,Hostal Olimpia,hotel,Castelldefels,080569,,No aplica,,,14.0,7.0,,41.27927021,1.97587833,geocodificada,,,,,,
HB-002546,Santema,hotel,Caldes d'Estrac,080327,,No aplica,,,26.0,15.0,,,,,,,,,,
HB-002568,Solfina,hotel,Palafolls,081555,,No aplica,,,163.0,94.0,318.0,,,,,,,,,
HB-002593,Can Gil,hotel,Pineda de Mar,081635,,No aplica,,,38.0,20.0,,41.62613453,2.69242536,geocodificada,,,,,,
HB-002597,Internacional,hotel,Calella,080351,,2 estrelles,,,228.0,120.0,121.0,41.61068207,2.65100802,geocodificada,,,,,,
HB-002599,Pensió Vallés,hotel,Malgrat de Mar,081108,,No aplica,,,66.0,33.0,,,,,,,,,,
HB-002600,Lleida,hotel,Barcelona,080193,l'Antiga Esquerra de l'Eixample,No aplica,,sin_estrellas,16.0,14.0,434.0,41.39054569,2.1512164,geocodificada,125.3000030517578,€€,109.64,€€€,True,suficiente
HB-002606,Balmoral,hotel,Barcelona,080193,Sant Gervasi - Galvany,4 estrelles,4.0,hotel_estrellas,196.0,103.0,17.0,41.396207183479504,2.155190161506966,exacta,174.4499969482422,€€,91.68,€€€,True,suficiente
HB-002608,Alberdi,hotel,Barcelona,080193,la Vila de Gràcia,No aplica,,sin_estrellas,16.0,14.0,,41.40189969,2.15735782,geocodificada,133.02000427246094,€€,116.39,€€€,True,suficiente
HB-002619,Lausanne,hotel,Barcelona,080193,el Barri Gòtic,No aplica,,sin_estrellas,24.0,17.0,,41.3859101,2.17286707,geocodificada,89.94,€,63.71,€€,False,observado
HB-002644,Marina Folch,hotel,Barcelona,080193,la Barceloneta,1 estrella,1.0,hotel_estrellas,19.0,10.0,404.0,41.380819068069954,2.1874895443653903,exacta,134.85000610351562,€€,70.97,€€€,True,justo
HB-002650,Hostal Can Feliu,hotel,Santa Susanna,082613,,No aplica,,,39.0,20.0,27.0,,,,,,,,,
HB-002661,Bon Repòs,hotel,Calella,080351,,3 estrelles,,,420.0,210.0,20.0,41.61364821,2.65076049,geocodificada,,,,,,
HB-002662,Hostal La Terrassa,hotel,Barcelona,080193,el Raval,No aplica,,sin_estrellas,64.0,42.0,128.0,41.37999769,2.17139567,geocodificada,96.3,€,63.2,€€,False,observado
HB-002670,Ribes Roges,hotel,Vilanova i la Geltrú,083073,,2 estrelles,,,24.0,12.0,,41.2143188,1.72162678,geocodificada,,,,,,
HB-002693,Centro,hotel,Sant Feliu de Llobregat,082114,,2 estrelles,,,49.0,28.0,396.0,,,,,,,,,
HB-002694,Hostal Cèntric,hotel,Barcelona,080193,Sant Antoni,No aplica,,sin_estrellas,52.0,24.0,451.0,41.38245621,2.16249035,geocodificada,168.64,€€,77.83,€€€,False,observado
HB-002714,Hamsa House Hotel,hotel,Barcelona,080193,el Barri Gòtic,No aplica,,sin_estrellas,39.0,29.0,853.0,41.37951203,2.17556505,geocodificada,228.4,€€€,169.84,€€€€,False,observado
HB-002721,Hostal Hill,hotel,Barcelona,080193,la Dreta de l'Eixample,No aplica,,sin_estrellas,12.0,8.0,438.0,41.39903231,2.16700076,geocodificada,114.72000122070312,€€,76.48,€€€,True,suficiente
HB-002726,Del Mar,hotel,Barcelona,080193,"Sant Pere, Santa Caterina i la Ribera",3 estrelles,3.0,hotel_estrellas,142.0,72.0,61.0,41.38209877451946,2.184042806145207,exacta,124.31,€€,63.03,€€,False,observado
HB-002733,U232,hotel,Barcelona,080193,l'Antiga Esquerra de l'Eixample,4 estrelles,4.0,hotel_estrellas,186.0,102.0,205.0,41.38955263201844,2.1490560076474603,exacta,135.43,€€,74.27,€€€,False,observado
HB-002741,Teruel,hotel,Barcelona,080193,el Raval,No aplica,,sin_estrellas,13.0,8.0,,41.38382674,2.16963089,geocodificada,69.34,€,42.67,€€,False,observado
HB-002743,Fonda Huix,hotel,Sabadell,081878,,No aplica,,,32.0,19.0,274.0,41.55619457,2.10941232,geocodificada,,,,,,
HB-002753,HOTEL 139,hotel,Castelldefels,080569,,1 estrella,,,23.0,16.0,616.0,41.26752447,1.97570402,geocodificada,,,,,,
HB-002757,H Top Amaika,hotel,Calella,080351,,4 estrelles superior,,,448.0,228.0,704.0,41.61212429,2.65424472,geocodificada,,,,,,
HB-002775,Hostal Barcelona,hotel,Barcelona,080193,el Poble Sec,No aplica,,sin_estrellas,72.0,58.0,986.0,41.37290068,2.16628973,geocodificada,78.72,€,63.41,€€,False,observado
HB-002794,Derby,hotel,Barcelona,080193,les Corts,4 estrelles,4.0,hotel_estrellas,212.0,117.0,15.0,41.38980186410714,2.141985641711951,exacta,141.29,€€,77.98,€€€,False,observado
HB-002801,El Colorado,hotel,Castelldefels,080569,,No aplica,,,10.0,6.0,,41.27832373,1.97599428,geocodificada,,,,,,
HB-002812,HOTEL CHECKIN CATALONIA,hotel,Calella,080351,,3 estrelles,,,246.0,130.0,929.0,41.61147785,2.64931835,geocodificada,,,,,,
HB-002813,Continental,hotel,Calella,080351,,2 estrelles,,,287.0,147.0,62.0,41.61791404,2.66675483,geocodificada,,,,,,
HB-002816,Cantón,hotel,Barcelona,080193,el Barri Gòtic,1 estrella,1.0,hotel_estrellas,80.0,47.0,699.0,41.3785383572826,2.1780663307951977,exacta,93.6,€,54.99,€€,False,observado
HB-002835,Laforja,hotel,Barcelona,080193,Sant Gervasi - Galvany,No aplica,,sin_estrellas,7.0,4.0,,41.39707911,2.14652315,geocodificada,123.51000213623048,€€,70.58,€€€,True,suficiente
HB-002836,Renaissance,hotel,Barcelona,080193,la Dreta de l'Eixample,5 estrelles,5.0,hotel_estrellas,422.0,211.0,950.0,41.39278915746396,2.167276383207326,exacta,336.49,€€€€,168.24,€€€€,False,observado
HB-002846,Galícia,hotel,Cardedeu,080462,,No aplica,,,26.0,19.0,,41.63657501,2.3505694,geocodificada,,,,,,
HB-002851,RIO DE CASTRO,hotel,Barcelona,080193,el Poble Sec,No aplica,,sin_estrellas,15.0,12.0,,41.37480558,2.16072275,geocodificada,121.22000122070312,€€,96.98,€€€,True,suficiente
HB-002875,Aris,hotel,Barcelona,080193,el Barri Gòtic,No aplica,,sin_estrellas,11.0,6.0,,41.38792459,2.1724482,geocodificada,112.5999984741211,€€,61.42,€€,True,suficiente
HB-002891,Acci,hotel,Santa Coloma de Gramenet,082457,,No aplica,,,24.0,17.0,,41.4510821,2.21663211,geocodificada,,,,,,
HB-002895,Elkano,hotel,Barcelona,080193,el Poble Sec,No aplica,,sin_estrellas,24.0,14.0,,41.37409817,2.16021961,geocodificada,102.54,€€,59.82,€€,False,observado
HB-002907,Hostal Conde Guell,hotel,Barcelona,080193,la Maternitat i Sant Ramon,No aplica,,sin_estrellas,30.0,18.0,164.0,41.37742895,2.12266419,geocodificada,111.36000061035156,€€,66.82,€€,True,justo
HB-002912,Ramblas Barcelona,hotel,Barcelona,080193,el Raval,3 estrelles,3.0,hotel_estrellas,159.0,88.0,669.0,41.379049614922494,2.174891612512325,exacta,133.39,€€,73.83,€€€,False,observado
HB-002927,HOTEL BRICK (antigo Hotel Climent),hotel,Barcelona,080193,la Font de la Guatlla,1 estrella,1.0,hotel_estrellas,56.0,35.0,522.0,41.37246036,2.14621603,geocodificada,108.93,€€,68.08,€€,False,observado
HB-002935,Hostal Ballestero,hotel,Barcelona,080193,Porta,No aplica,,sin_estrellas,34.0,26.0,1004.0,41.43039981,2.18182606,geocodificada,99.05999755859376,€,75.75,€€€,True,justo
HB-002941,Summer Hotel,hotel,Calella,080351,,4 estrelles,,,143.0,74.0,436.0,41.61390007,2.65022587,geocodificada,,,,,,
HB-002952,KAKTUS PLAYA,hotel,Calella,080351,,5 estrelles,,,402.0,201.0,120.0,41.61109309,2.650649,geocodificada,,,,,,
HB-002956,MUMM BY PILLOW,hotel,Vilanova i la Geltrú,083073,,2 estrelles,,,24.0,12.0,886.0,41.21662297,1.73269692,geocodificada,,,,,,
HB-002961,Mozart,hotel,Barcelona,080193,la Vila de Gràcia,No aplica,,sin_estrellas,19.0,15.0,,41.39931984,2.15823272,geocodificada,170.66,€€,134.73,€€€€,False,observado
HB-002962,Casa Maria,hotel,Mollet del Vallès,081249,,No aplica,,,9.0,7.0,,41.53415604,2.21619625,geocodificada,,,,,,
HB-002964,PEDRO III EL GRANDE,hotel,Vilafranca del Penedès,083054,,3 estrelles,,,96.0,51.0,870.0,41.34409999,1.69956922,geocodificada,,,,,,
HB-002976,Hotel Alhambra,hotel,Santa Susanna,082613,,4 estrelles,,,379.0,216.0,22.0,41.63549303,2.72339721,geocodificada,,,,,,
HB-002987,Piccadilly,hotel,Sitges,082704,,3 estrelles,,,48.0,28.0,399.0,41.23696172,1.80644673,geocodificada,,,,,,
HB-002998,Ca La Maria,hotel,Tordera,082845,,No aplica,,,72.0,36.0,364.0,41.70446372,2.76054733,geocodificada,,,,,,
HB-003022,Coll,hotel,Calella,080351,,No aplica,,,10.0,6.0,,41.61301221,2.65609819,geocodificada,,,,,,
HB-003049,Hostal Ramos,hotel,Barcelona,080193,el Raval,No aplica,,sin_estrellas,43.0,29.0,,41.38089431,2.17160827,geocodificada,108.32,€€,73.05,€€€,False,observado
HB-003052,Alpí,hotel,Granollers,080961,,No aplica,,,29.0,22.0,994.0,41.60051418,2.28936659,geocodificada,,,,,,
HB-003055,Villa Romero,hotel,Granollers,080961,,1 estrella,,,57.0,30.0,543.0,,,,,,,,,
HB-003061,Galícia,hotel,Canovelles,080410,,No aplica,,,20.0,16.0,1031.0,41.61654105,2.28359001,geocodificada,,,,,,
HB-003063,Turó de l'Home,hotel,Santa Maria de Palautordera,082592,,1 estrella,,,14.0,8.0,463.0,41.69299593,2.44456643,geocodificada,,,,,,
HB-003065,LA SANTA MARIA,hotel,Sitges,082704,,3 estrelles,,,62.0,36.0,292.0,41.23457609,1.8061449,geocodificada,,,,,,
HB-003069,Rosita,hotel,"Prat de Llobregat, el",081691,,No aplica,,,18.0,12.0,,,,,,,,,,
HB-003071,CARLOS III,hotel,"Prat de Llobregat, el",081691,,No aplica,,,29.0,18.0,,,,,,,,,,
HB-003078,Peiró,hotel,Barcelona,080193,el Poble Sec,No aplica,,sin_estrellas,19.0,16.0,,41.37380146,2.16942541,geocodificada,118.04000091552734,€€,99.4,€€€,True,justo
HB-003092,HOTEL IBERSOL ANTEMARE,hotel,Sitges,082704,,4 estrelles,,,223.0,117.0,645.0,41.2319944,1.79613846,geocodificada,,,,,,
HB-003103,Hostal Els Avets,hotel,Sant Celoni,082021,,No aplica,,,6.0,4.0,983.0,41.6890144,2.48940441,geocodificada,,,,,,
HB-003104,Hostal Bonanza,hotel,Sitges,082704,,No aplica,,,10.0,6.0,984.0,41.23698387,1.81760347,geocodificada,,,,,,
HB-003116,Casablanca,hotel,Barcelona,080193,el Barri Gòtic,No aplica,,sin_estrellas,14.0,8.0,976.0,41.38376272,2.17881444,geocodificada,115.56,€€,66.03,€€,False,observado
HB-003122,Illa Cristina,hotel,Mataró,081213,,No aplica,,,22.0,12.0,772.0,,,,,,,,,
HB-003125,HOTEL RIVIERA,hotel,Santa Susanna,082613,,4 estrelles,,,483.0,249.0,76.0,,,,,,,,,
HB-003141,"MY HABITUAL, SL",hotel,Malgrat de Mar,081108,,No aplica,,,49.0,24.0,878.0,41.64398939,2.74236938,geocodificada,,,,,,
HB-003147,Brustar Gòtic,hotel,Barcelona,080193,la Dreta de l'Eixample,No aplica,,sin_estrellas,9.0,5.0,716.0,41.39151227,2.17914274,geocodificada,113.20999908447266,€€,62.89,€€,True,suficiente
HB-003154,Peninsular,hotel,Barcelona,080193,el Raval,1 estrella,1.0,hotel_estrellas,100.0,59.0,108.0,41.37962578754925,2.1725113181323525,exacta,89.47,€,52.79,€€,False,observado
HB-003184,Mar Blau,hotel,Calella,080351,,3 estrelles,,,440.0,220.0,26.0,,,,,,,,,
HB-003201,Calella Park,hotel,Calella,080351,,3 estrelles,,,103.0,54.0,368.0,41.61434417,2.6633235,geocodificada,,,,,,
HB-003214,Esplai,hotel,Calella,080351,,3 estrelles,,,372.0,198.0,24.0,41.61442263,2.65244674,geocodificada,,,,,,
HB-003216,Solvi,hotel,Vilanova i la Geltrú,083073,,2 estrelles,,,58.0,29.0,712.0,41.21474617,1.72507758,geocodificada,,,,,,
HB-003221,Luna Park,hotel,Malgrat de Mar,081108,,3 estrelles,,,281.0,144.0,394.0,,,,,,,,,
HB-003226,President,hotel,Calella,080351,,3 estrelles,,,609.0,315.0,28.0,,,,,,,,,
HB-003231,Reymar,hotel,Malgrat de Mar,081108,,3 estrelles,,,395.0,222.0,21.0,,,,,,,,,
HB-003233,Paradis Park,hotel,Pineda de Mar,081635,,3 estrelles,,,87.0,44.0,37.0,41.62316312,2.68378603,geocodificada,,,,,,
HB-003249,Europark,hotel,Barcelona,080193,la Dreta de l'Eixample,3 estrelles,3.0,hotel_estrellas,197.0,105.0,204.0,41.39633228550639,2.170125055518385,exacta,163.17,€€,86.97,€€€,False,observado
HB-003250,Mari Luz Eva,hotel,Barcelona,080193,el Barri Gòtic,No aplica,,sin_estrellas,18.0,13.0,536.0,41.38121646,2.17790151,geocodificada,129.72000122070312,€€,93.69,€€€,True,suficiente
HB-003252,Paseo de Gracia,hotel,Barcelona,080193,la Dreta de l'Eixample,1 estrella,1.0,hotel_estrellas,62.0,33.0,,41.39575189818473,2.1610230318551493,exacta,129.50999450683594,€€,68.93,€€,True,suficiente
HB-003272,ARENAS ATIRAM HOTEL,hotel,Barcelona,080193,Pedralbes,4 estrelles,4.0,hotel_estrellas,110.0,59.0,60.0,41.390447951286205,2.1262550338590867,exacta,153.44,€€,82.3,€€€,False,observado
HB-003276,Volga,hotel,Calella,080351,,4 estrelles,,,305.0,164.0,31.0,41.61545501,2.66694249,geocodificada,,,,,,
HB-003292,Hostal Drassanes,hotel,Barcelona,080193,el Barri Gòtic,No aplica,,sin_estrellas,20.0,13.0,,41.37898963,2.17891049,geocodificada,114.8000030517578,€€,74.62,€€€,True,suficiente
HB-003293,Santa Susanna Resort,hotel,Santa Susanna,082613,,3 estrelles,,,406.0,215.0,518.0,,,,,,,,,
HB-003296,Bonanova Park,hotel,Barcelona,080193,Sarrià,2 estrelles,2.0,hotel_estrellas,102.0,60.0,554.0,41.39310055264144,2.124796434706897,exacta,115.28,€€,67.81,€€,False,observado
HB-003303,H TOP CALELLA PALACE,hotel,Calella,080351,,4 estrelles superior,,,671.0,339.0,268.0,41.61487458,2.65339164,geocodificada,,,,,,
HB-003304,Checkin Pineda,hotel,Pineda de Mar,081635,,3 estrelles,,,305.0,157.0,817.0,41.62697708,2.69123704,geocodificada,,,,,,
HB-003305,H Top Olympic,hotel,Calella,080351,,3 estrelles,,,1022.0,517.0,259.0,,,,,,,,,
HB-003319,Hostal la Lluna,hotel,Arenys de Mar,080060,,No aplica,,,17.0,10.0,647.0,41.57870114,2.54835369,geocodificada,,,,,,
HB-003321,Hostal Univers,hotel,Calella,080351,,No aplica,,,50.0,25.0,,,,,,,,,,
HB-003322,Hostal El Pescador,hotel,Badalona,080155,,No aplica,,,22.0,14.0,,41.44369857,2.24727968,geocodificada,,,,,,
HB-003324,Siles,hotel,"Prat de Llobregat, el",081691,,No aplica,,,43.0,29.0,1007.0,,,,,,,,,
HB-003336,Hostal River,hotel,Barcelona,080193,el Raval,No aplica,,sin_estrellas,35.0,24.0,,41.37963379,2.17261791,geocodificada,117.75,€€,80.74,€€€,True,justo
HB-003342,Mercure Barcelona Condor,hotel,Barcelona,080193,Sant Gervasi - Galvany,4 estrelles,4.0,hotel_estrellas,169.0,78.0,827.0,41.400007976119575,2.145241473761365,exacta,153.92999267578125,€€,71.04,€€€,True,suficiente
HB-003347,L'Avet Blau,hotel,Fogars de Montclús,080811,,No aplica,,,18.0,9.0,997.0,,,,,,,,,
HB-003356,Sant Antoni Hostal - Sustainable tourism,hotel,Barcelona,080193,Sant Antoni,No aplica,,sin_estrellas,16.0,10.0,744.0,41.38246492,2.16021696,geocodificada,89.43,€,55.89,€€,False,observado
HB-003364,AC Victoria Suites,hotel,Barcelona,080193,Pedralbes,4 estrelles,4.0,hotel_estrellas,122.0,58.0,197.0,41.38920413619536,2.121442473186611,exacta,321.16,€€€€,152.68,€€€€,False,observado
HB-003368,Amaraigua,hotel,Malgrat de Mar,081108,,4 estrelles,,,165.0,88.0,436.0,41.63836276,2.73350008,geocodificada,,,,,,
HB-003372,Solifemar,hotel,Castelldefels,080569,,2 estrelles,,,88.0,44.0,673.0,41.26543904,1.99456187,geocodificada,,,,,,
HB-003375,Bar Pensió Cerdanyola,hotel,Cerdanyola del Vallès,082665,,No aplica,,,12.0,9.0,,41.49296644,2.14681305,geocodificada,,,,,,
HB-003376,Portbou,hotel,Barcelona,080193,"Sant Pere, Santa Caterina i la Ribera",No aplica,,sin_estrellas,9.0,6.0,,41.38489519,2.18444724,geocodificada,111.3499984741211,€€,74.23,€€€,True,suficiente
HB-003387,Europa Splash,hotel,Malgrat de Mar,081108,,4 estrelles superior,,,258.0,137.0,728.0,41.63735656,2.72937119,geocodificada,,,,,,
HB-003391,Fàtima,hotel,Granollers,080961,,No aplica,,,57.0,38.0,622.0,41.61241076,2.27987169,geocodificada,,,,,,
HB-003398,Gatell,hotel,Vilanova i la Geltrú,083073,,1 estrella,,,81.0,60.0,753.0,41.22227932,1.72961955,geocodificada,,,,,,
HB-003405,Miño,hotel,Castelldefels,080569,,1 estrella,,,36.0,18.0,,41.26772579,1.95816181,geocodificada,,,,,,
HB-003411,Alba,hotel,Barcelona,080193,el Raval,3 estrelles,3.0,hotel_estrellas,20.0,14.0,157.0,41.38031962918608,2.1700623712630063,exacta,118.35,€€,82.84,€€€,False,observado
HB-003420,El Mesón,hotel,Badalona,080155,,No aplica,,,21.0,15.0,,41.44562297,2.2221461,geocodificada,,,,,,
HB-003443,Coronado,hotel,Barcelona,080193,el Poble Sec,1 estrella,1.0,hotel_estrellas,60.0,30.0,,41.37338347558224,2.1682419408357427,exacta,121.1500015258789,€€,60.58,€€,True,suficiente
HB-003451,Hostal Barcelona Rambla,hotel,Barcelona,080193,el Raval,No aplica,,sin_estrellas,42.0,29.0,,41.37749523,2.17252112,geocodificada,110.88999938964844,€€,76.57,€€€,True,justo
HB-003463,Melià Barcelona,hotel,Barcelona,080193,les Corts,5 estrelles,5.0,hotel_estrellas,642.0,333.0,166.0,41.391069780547305,2.1420082494613,exacta,282.54,€€€,146.55,€€€€,False,observado
HB-003468,Iris,hotel,Malgrat de Mar,081108,,1 estrella,,,24.0,12.0,413.0,41.64117818,2.73870966,geocodificada,,,,,,
HB-003479,Hostal Bell Sol,hotel,Pineda de Mar,081635,,No aplica,,,30.0,15.0,966.0,41.6184444,2.67940265,geocodificada,,,,,,
HB-003487,HOTEL SOFIA,hotel,Barcelona,080193,la Maternitat i Sant Ramon,Gran luxe,5.0,hotel_estrellas,869.0,466.0,962.0,41.38655957403626,2.123127261001395,exacta,325.3099975585937,€€€€,174.45,€€€€,True,suficiente
HB-003505,Xurin,hotel,Cardedeu,080462,,3 estrelles,,,55.0,30.0,383.0,41.63683239,2.35680691,geocodificada,,,,,,
HB-003542,NH Sants Barcelona,hotel,Barcelona,080193,les Corts,4 estrelles,4.0,hotel_estrellas,347.0,203.0,336.0,41.384607363201255,2.13783478351816,exacta,140.62,€€,82.26,€€€,False,observado
HB-003566,Nou Raval,hotel,Barcelona,080193,el Raval,No aplica,,sin_estrellas,30.0,21.0,,41.37990177,2.16870122,geocodificada,129.02000427246094,€€,90.31,€€€,True,justo
HB-003580,MOXY BARCELONA,hotel,Barcelona,080193,Hostafrancs,4 estrelles,4.0,hotel_estrellas,804.0,414.0,212.0,41.379211046363714,2.142944885907326,exacta,152.04,€€,78.29,€€€,False,observado
HB-003614,Bellaterra,hotel,Cerdanyola del Vallès,082665,,3 estrelles,,,232.0,116.0,18.0,,,,,,,,,
HB-003629,HOTEL OASIS PARK SPLASH,hotel,Calella,080351,,4 estrelles,,,422.0,208.0,255.0,41.61288364,2.6496442,geocodificada,,,,,,
HB-003636,Espalter,hotel,Sitges,082704,,No aplica,,,32.0,16.0,,41.23754885,1.80716615,geocodificada,,,,,,
HB-003643,Alguer Nou,hotel,Barcelona,080193,la Maternitat i Sant Ramon,2 estrelles,2.0,hotel_estrellas,59.0,33.0,840.0,41.37706938368696,2.117890985340077,exacta,92.14,€,51.54,€€,False,observado
HB-003651,Balmes,hotel,Cornellà de Llobregat,080734,,No aplica,,,30.0,18.0,,41.35435425,2.06586327,geocodificada,,,,,,
HB-003653,Residència Rovira,hotel,Vilafranca del Penedès,083054,,No aplica,,,18.0,12.0,,41.34697107,1.69556998,geocodificada,,,,,,
HB-003657,Som Nit Triomf,hotel,Barcelona,080193,la Dreta de l'Eixample,No aplica,,sin_estrellas,19.0,11.0,750.0,41.39002266,2.17710554,geocodificada,130.08999633789062,€€,75.32,€€€,True,suficiente
HB-003660,Sant Jordi,hotel,Cubelles,080749,,1 estrella,,,36.0,21.0,992.0,41.2064117,1.67237796,geocodificada,,,,,,
HB-003662,Miami,hotel,Barcelona,080193,el Raval,No aplica,,sin_estrellas,59.0,38.0,217.0,41.38374571,2.16473734,geocodificada,132.49000549316406,€€,85.33,€€€,True,justo
HB-003666,NH Les Corts,hotel,Barcelona,080193,les Corts,3 estrelles,3.0,hotel_estrellas,155.0,81.0,336.0,41.38753095003239,2.136508176520952,exacta,120.82,€€,63.14,€€,False,observado
HB-003669,Hostal Baires,hotel,Barcelona,080193,el Barri Gòtic,No aplica,,sin_estrellas,26.0,17.0,843.0,41.38031411,2.17915522,geocodificada,118.38999938964844,€€,77.41,€€€,True,justo
HB-003673,Bèjar,hotel,Barcelona,080193,Hostafrancs,No aplica,,sin_estrellas,10.0,7.0,,41.37705203,2.14556239,geocodificada,108.73999786376952,€€,76.12,€€€,True,suficiente
HB-003687,Eurostars Mitre,hotel,Barcelona,080193,el Putxet i el Farró,3 estrelles,3.0,hotel_estrellas,105.0,57.0,472.0,41.4050416681033,2.1406069958015874,exacta,129.75,€€,70.44,€€€,False,observado
HB-003690,Iris,hotel,Granollers,080961,,3 estrelles,,,79.0,53.0,,41.60128857,2.29022816,geocodificada,,,,,,
HB-003693,San Ramón,hotel,Barcelona,080193,el Raval,No aplica,,sin_estrellas,50.0,30.0,,41.37782083,2.1718912,geocodificada,78.34,€,47.0,€€,False,observado
HB-003712,Augusta,hotel,Barcelona,080193,el Putxet i el Farró,3 estrelles,3.0,hotel_estrellas,90.0,30.0,58.0,41.40159331152714,2.148305485811022,exacta,136.1999969482422,€€,45.4,€€,True,suficiente
HB-003714,HOTEL LA CARTOIXA,hotel,Fogars de Montclús,080811,,No aplica,,,28.0,15.0,,,,,,,,,,
HB-003726,Romay,hotel,Barcelona,080193,el Barri Gòtic,No aplica,,sin_estrellas,15.0,9.0,,41.38019022,2.17929159,geocodificada,129.72000122070312,€€,77.83,€€€,True,suficiente
HB-003728,HOTEL CASA TEVA,hotel,Barcelona,080193,el Raval,1 estrella,1.0,hotel_estrellas,86.0,54.0,932.0,41.37781081503087,2.1715572901434474,exacta,154.27,€€,96.87,€€€,False,observado
HB-003731,Alegria Mar Mediterània,hotel,Santa Susanna,082613,,4 estrelles superior,,,236.0,128.0,215.0,,,,,,,,,
HB-003739,Casa Paco,hotel,Santa Margarida i els Monjos,082515,,No aplica,,,24.0,12.0,363.0,41.32331906,1.65832867,geocodificada,,,,,,
HB-003748,Canadiense,hotel,Barcelona,080193,el Barri Gòtic,No aplica,,sin_estrellas,15.0,8.0,,41.38140374,2.17652833,geocodificada,129.02000427246094,€€,68.81,€€,True,suficiente
HB-003751,Gran Derby,hotel,Barcelona,080193,les Corts,4 estrelles,4.0,hotel_estrellas,86.0,43.0,55.0,41.39004905469853,2.1422574919190187,exacta,156.67,€€,78.33,€€€,False,observado
HB-003753,Lorenzo,hotel,Terrassa,082798,,No aplica,,,12.0,7.0,,41.57574653,2.02264894,geocodificada,,,,,,
HB-003754,Catalonia Mikado,hotel,Barcelona,080193,Sant Gervasi - la Bonanova,3 estrelles,3.0,hotel_estrellas,134.0,68.0,38.0,41.40324278618563,2.127127436069705,exacta,102.84,€€,52.19,€€,False,observado
HB-003757,Catalonia Park Putxet,hotel,Barcelona,080193,el Putxet i el Farró,4 estrelles,4.0,hotel_estrellas,288.0,152.0,39.0,41.40736633947064,2.144194750525623,exacta,109.81,€€,57.96,€€,False,observado
HB-003761,Racó d'en Pepe,hotel,Calella,080351,,2 estrelles,,,104.0,56.0,351.0,41.61440681,2.65043355,geocodificada,,,,,,
HB-003762,Medium Renaixença,hotel,Sitges,082704,,1 estrella,,,16.0,8.0,430.0,41.2375368,1.80976511,geocodificada,,,,,,
HB-003766,Madrazo,hotel,Barcelona,080193,Sant Gervasi - Galvany,No aplica,,sin_estrellas,15.0,8.0,,41.3982616,2.14654964,geocodificada,123.72000122070312,€€,65.98,€€,True,suficiente
HB-003771,L'Ou de Reig,hotel,Fogars de Montclús,080811,,No aplica,,,13.0,7.0,,,,,,,,,,
HB-003773,Mitus,hotel,Canet de Mar,080403,,1 estrella,,,21.0,12.0,400.0,41.58774143,2.58354508,geocodificada,,,,,,
HB-003775,Pekinaire,hotel,Calella,080351,,No aplica,,,30.0,18.0,,41.61329016,2.6548887,geocodificada,,,,,,
HB-003777,Limehome,hotel,Barcelona,080193,Sarrià,3 estrelles,3.0,hotel_estrellas,53.0,30.0,177.0,41.39477739,2.12451106,geocodificada,113.6,€€,64.3,€€,False,observado
HB-003778,LA PREMSA,hotel,Arenys de Mar,080060,,No aplica,,,15.0,10.0,237.0,41.58016112,2.54883835,geocodificada,,,,,,
HB-003779,Liberty,hotel,Sitges,082704,,2 estrelles,,,28.0,14.0,456.0,41.2385326,1.80881297,geocodificada,,,,,,
HB-003781,Barcelona Gotic,hotel,Barcelona,080193,el Barri Gòtic,No aplica,,sin_estrellas,48.0,28.0,450.0,41.38049051,2.17834896,geocodificada,118.38999938964844,€€,69.06,€€,True,justo
HB-003785,Catalonia Castellnou,hotel,Barcelona,080193,les Tres Torres,3 estrelles,3.0,hotel_estrellas,59.0,49.0,202.0,41.39649229975706,2.1286346704476555,exacta,98.07,€,81.45,€€€,False,observado
HB-003790,Catalonia Park Güell,hotel,Barcelona,080193,el Coll,3 estrelles,3.0,hotel_estrellas,254.0,141.0,29.0,41.41436217194459,2.1448197221746903,exacta,91.97,€,51.05,€€,False,observado
HB-003791,Catalonia Sagrada Família,hotel,Barcelona,080193,el Camp de l'Arpa del Clot,3 estrelles,3.0,hotel_estrellas,337.0,205.0,33.0,41.40753200245415,2.184991910728208,exacta,135.86,€€,82.64,€€€,False,observado
HB-003795,Catalonia Barcelona 505,hotel,Barcelona,080193,Sant Gervasi - la Bonanova,4 estrelles,4.0,hotel_estrellas,192.0,115.0,323.0,41.4032807207347,2.1372619507525354,exacta,135.9,€€,81.4,€€€,False,observado
HB-003797,MONUMENT HOTEL,hotel,Barcelona,080193,la Dreta de l'Eixample,Gran luxe,5.0,hotel_estrellas,210.0,109.0,824.0,41.39394824496016,2.162231908951848,exacta,479.48,€€€€,248.87,€€€€,False,observado
HB-003800,Barcelona City Seven,hotel,Barcelona,080193,Sant Gervasi - Galvany,No aplica,,sin_estrellas,13.0,7.0,,41.39750708,2.14753688,geocodificada,123.51000213623048,€€,66.51,€€,True,suficiente
HB-003801,Mallorca II,hotel,Malgrat de Mar,081108,,No aplica,,,14.0,7.0,996.0,41.64285829,2.74338349,geocodificada,,,,,,
HB-003804,Bertran,hotel,Barcelona,080193,el Putxet i el Farró,3 estrelles,3.0,hotel_estrellas,60.0,30.0,91.0,41.41040800386629,2.139743831333812,exacta,116.34,€€,58.17,€€,False,observado
HB-003805,HOTEL REKORD,hotel,Barcelona,080193,Sant Gervasi - Galvany,4 estrelles,4.0,hotel_estrellas,26.0,13.0,335.0,41.39856837231797,2.143845119021243,exacta,145.43,€€,72.72,€€€,False,observado
HB-003809,Catalonia Atenas,hotel,Barcelona,080193,el Camp de l'Arpa del Clot,4 estrelles,4.0,hotel_estrellas,356.0,201.0,63.0,41.41099626821288,2.186579658593092,exacta,126.12,€€,71.21,€€€,False,observado
HB-003821,HG CITY SUITES BARCELONA,hotel,Barcelona,080193,Sant Gervasi - Galvany,4 estrelles,4.0,hotel_estrellas,116.0,58.0,850.0,41.400865323262096,2.150030176756053,exacta,131.62,€€,65.81,€€,False,observado
HB-003822,Sol i Vi,hotel,Subirats,082732,,2 estrelles,,,47.0,25.0,347.0,,,,,,,,,
HB-003827,ELLA HOSTEL RAMBLAS,hotel,Barcelona,080193,el Raval,No aplica,,sin_estrellas,11.0,6.0,289.0,41.38475182,2.16976504,geocodificada,159.67,€€,87.09,€€€,False,observado
HB-003834,Hostal Sant Llop,hotel,Tordera,082845,,No aplica,,,9.0,6.0,525.0,41.69722561,2.71382342,geocodificada,,,,,,
HB-003838,Les Torres,hotel,Sant Esteve Sesrovires,082080,,No aplica,,,44.0,22.0,380.0,,,,,,,,,
HB-003839,Trànsit,hotel,Barcelona,080193,Hostafrancs,1 estrella,1.0,hotel_estrellas,40.0,33.0,334.0,41.37819148848145,2.143058820712392,exacta,169.07,€€,139.48,€€€€,False,observado
HB-003841,Radio,hotel,Barcelona,080193,el Raval,No aplica,,sin_estrellas,72.0,36.0,1021.0,41.38221885,2.16414698,geocodificada,127.91000366210938,€€,63.96,€€,True,justo
HB-003842,Don Ángel,hotel,Santa Susanna,082613,,3 estrelles,,,396.0,226.0,104.0,41.63360257,2.72100404,geocodificada,,,,,,
HB-003845,Florida Park,hotel,Santa Susanna,082613,,4 estrelles,,,638.0,354.0,98.0,41.63483028,2.72281463,geocodificada,,,,,,
HB-003846,Catalonia Plaça Catalunya,hotel,Barcelona,080193,la Dreta de l'Eixample,4 estrelles,4.0,hotel_estrellas,257.0,147.0,323.0,41.38640360214881,2.16844362950778,exacta,174.4499969482422,€€,99.78,€€€,True,suficiente
HB-003847,Pelayo,hotel,Barcelona,080193,la Dreta de l'Eixample,1 estrella,1.0,hotel_estrellas,22.0,14.0,,41.38588533316105,2.166547614101155,exacta,135.6199951171875,€€,86.3,€€€,True,justo
HB-003850,Regàs,hotel,Barcelona,080193,Sant Gervasi - Galvany,No aplica,,sin_estrellas,74.0,37.0,144.0,41.39872522496308,2.152118433620536,exacta,97.42,€,48.71,€€,False,observado
HB-003851,"ALEXANDRA BARCELONA HOTEL, CURIO COLLECTION BY HILTON",hotel,Barcelona,080193,la Dreta de l'Eixample,4 estrelles superior,4.5,hotel_estrellas,226.0,116.0,111.0,41.393227459906655,2.161545197119747,exacta,241.36,€€€,123.88,€€€€,False,observado
HB-003859,Best Western Alfa Aeropuerto,hotel,Barcelona,080193,la Marina del Prat Vermell,4 estrelles,4.0,hotel_estrellas,190.0,99.0,101.0,41.32850372104673,2.11312573190792,exacta,151.88999938964844,€€,79.14,€€€,True,suficiente
HB-003860,NH Eixample,hotel,Barcelona,080193,l'Antiga Esquerra de l'Eixample,3 estrelles,3.0,hotel_estrellas,149.0,81.0,336.0,41.38603037541219,2.15424614438744,exacta,148.93,€€,80.96,€€€,False,observado
HB-003862,Aqua Hotel Aquamarina  Spa,hotel,Santa Susanna,082613,,4 estrelles,,,1053.0,547.0,100.0,41.63389682,2.72154621,geocodificada,,,,,,
HB-003863,Aparthotel Bonanova,hotel,Barcelona,080193,Sant Gervasi - la Bonanova,3 estrelles,3.0,hotel_estrellas,42.0,21.0,341.0,41.40550702323458,2.136125269204444,exacta,124.3,€€,62.15,€€,False,observado
HB-003865,Gravina,hotel,Barcelona,080193,el Raval,3 estrelles,3.0,hotel_estrellas,142.0,84.0,193.0,41.385448994083006,2.1658289689529493,exacta,125.35,€€,74.15,€€€,False,observado
HB-003868,Rosa,hotel,Vallirana,082956,,No aplica,,,8.0,5.0,,41.38537023,1.93165536,geocodificada,,,,,,
HB-003869,HOTEL INDALO PARK,hotel,Santa Susanna,082613,,4 estrelles,,,616.0,308.0,110.0,41.63549303,2.72339721,geocodificada,,,,,,
HB-003871,Alogar,hotel,Barcelona,080193,Sant Gervasi - Galvany,No aplica,,sin_estrellas,11.0,6.0,595.0,41.39650194,2.14528281,geocodificada,119.2300033569336,€€,65.03,€€,True,suficiente
HB-003872,Bèjar 2,hotel,Barcelona,080193,Hostafrancs,No aplica,,sin_estrellas,15.0,11.0,,41.37701811,2.14541505,geocodificada,117.02999877929688,€€,85.82,€€€,True,suficiente
HB-003873,Catalonia Roma,hotel,Barcelona,080193,la Nova Esquerra de l'Eixample,3 estrelles,3.0,hotel_estrellas,80.0,49.0,323.0,41.38190904234011,2.1458681566479894,exacta,133.09,€€,81.52,€€€,False,observado
HB-003875,LA FRANÇA TRAVELLERS,hotel,Barcelona,080193,el Poble Sec,2 estrelles,2.0,hotel_estrellas,148.0,74.0,143.0,41.37222673,2.157411,geocodificada,137.4199981689453,€€,68.71,€€,True,suficiente
HB-003877,Serhs Sant Jordi,hotel,Santa Susanna,082613,,3 estrelles,,,330.0,175.0,139.0,,,,,,,,,
HB-003878,Rívoli Ramblas,hotel,Barcelona,080193,el Barri Gòtic,4 estrelles,4.0,hotel_estrellas,241.0,125.0,75.0,41.38428896561813,2.171160466628736,exacta,160.69,€€,83.35,€€€,False,observado
HB-003881,Caprici,hotel,Santa Susanna,082613,,4 estrelles,,,433.0,238.0,117.0,,,,,,,,,
HB-003882,Ronda House,hotel,Barcelona,080193,el Raval,3 estrelles,3.0,hotel_estrellas,147.0,84.0,428.0,41.38127287509119,2.1640546140368317,exacta,162.64,€€,92.94,€€€,False,observado
HB-003883,Hostal La Plaça,hotel,Vilanova i la Geltrú,083073,,No aplica,,,34.0,18.0,,41.21338103,1.68000979,geocodificada,,,,,,
HB-003884,Hesperia Sant Just,hotel,Sant Just Desvern,082212,,4 estrelles,,,300.0,150.0,97.0,41.37508354,2.07421056,geocodificada,,,,,,
HB-003885,Arc La Rambla,hotel,Barcelona,080193,el Raval,3 estrelles,3.0,hotel_estrellas,172.0,98.0,345.0,41.37816786818198,2.17558533778509,exacta,135.74,€€,77.34,€€€,False,observado
HB-003886,Miami Park,hotel,Calella,080351,,3 estrelles,,,210.0,102.0,114.0,41.61765376,2.66381873,geocodificada,,,,,,
HB-003887,Bernat II,hotel,Calella,080351,,4 estrelles superior,,,249.0,137.0,223.0,41.61196849,2.65143248,geocodificada,,,,,,
HB-003888,Balmes,hotel,Barcelona,080193,l'Antiga Esquerra de l'Eixample,4 estrelles,4.0,hotel_estrellas,196.0,111.0,106.0,41.391207128320815,2.15923500979415,exacta,170.62,€€,96.63,€€€,False,observado
HB-003889,Barcelona City Street,hotel,Barcelona,080193,Sant Gervasi - Galvany,No aplica,,sin_estrellas,11.0,6.0,,41.39901992,2.14818825,geocodificada,88.44,€,48.24,€€,False,observado
HB-003891,HCC Hotel St. Moritz,hotel,Barcelona,080193,la Dreta de l'Eixample,4 estrelles,4.0,hotel_estrellas,169.0,91.0,578.0,41.39110759584428,2.1681671542016323,exacta,174.4499969482422,€€,93.93,€€€,True,suficiente
HB-003892,Hilton Barcelona,hotel,Barcelona,080193,les Corts,4 estrelles superior,4.5,hotel_estrellas,580.0,290.0,283.0,41.38889951928566,2.1313819383017742,exacta,252.23,€€€,126.12,€€€€,False,observado
HB-003893,Reding,hotel,Barcelona,080193,el Raval,3 estrelles,3.0,hotel_estrellas,86.0,44.0,112.0,41.38532836229915,2.1656693493158388,exacta,152.29,€€,77.92,€€€,False,observado
HB-003894,La Paloma,hotel,Barcelona,080193,el Raval,No aplica,,sin_estrellas,66.0,33.0,94.0,41.38197812,2.16420298,geocodificada,160.59,€€,80.3,€€€,False,observado
HB-003895,Safari,hotel,Calella,080351,,2 estrelles,,,120.0,60.0,376.0,41.61391209,2.65192501,geocodificada,,,,,,
HB-003896,Guitart Grand Passage,hotel,Barcelona,080193,l'Antiga Esquerra de l'Eixample,4 estrelles superior,4.5,hotel_estrellas,98.0,45.0,257.0,41.393627560185095,2.150381312096251,exacta,193.42999267578125,€€€,88.82,€€€,True,suficiente
HB-003898,Mercury,hotel,Santa Susanna,082613,,4 estrelles superior,,,646.0,299.0,265.0,,,,,,,,,
HB-003900,San Sebastián Playa,hotel,Sitges,082704,,4 estrelles,,,102.0,51.0,410.0,41.23642733,1.81463958,geocodificada,,,,,,
HB-003901,Paral.lel,hotel,Barcelona,080193,el Poble Sec,2 estrelles,2.0,hotel_estrellas,122.0,66.0,352.0,41.37462023735875,2.165999997800113,exacta,120.36,€€,65.11,€€,False,observado
HB-003904,Hostal Badalona,hotel,Badalona,080155,,No aplica,,,14.0,10.0,,41.45143989,2.23891436,geocodificada,,,,,,
HB-003906,HOTEL ALMIRANTE,hotel,Barcelona,080193,"Sant Pere, Santa Caterina i la Ribera",4 estrelles,4.0,hotel_estrellas,151.0,86.0,305.0,41.38610140293681,2.1761456151478527,exacta,152.9,€€,87.08,€€€,False,observado
HB-003907,Motel Punt 14,hotel,Gavà,080898,,No aplica,,,116.0,58.0,102.0,41.27171501,2.02861143,geocodificada,,,,,,
HB-003909,Catalán,hotel,Mollet del Vallès,081249,,3 estrelles,,,126.0,65.0,138.0,41.54511407,2.21957366,geocodificada,,,,,,
HB-003910,URH Ciutat de Mataró,hotel,Mataró,081213,,4 estrelles,,,242.0,123.0,301.0,41.53172993,2.43725947,geocodificada,,,,,,
HB-003911,Esplugues,hotel,Esplugues de Llobregat,080771,,2 estrelles,,,78.0,43.0,149.0,41.37487081,2.07888859,geocodificada,,,,,,
HB-003913,DOMO,hotel,Vilafranca del Penedès,083054,,4 estrelles,,,88.0,44.0,800.0,41.34151443,1.69392918,geocodificada,,,,,,
HB-003914,Atlantis,hotel,Barcelona,080193,el Raval,3 estrelles,3.0,hotel_estrellas,96.0,50.0,113.0,41.385705692044745,2.1663391352924557,exacta,154.75999450683594,€€,80.6,€€€,True,suficiente
HB-003915,Hotel Catalonia Boulevard,hotel,Barcelona,080193,la Dreta de l'Eixample,4 estrelles superior,4.5,hotel_estrellas,215.0,110.0,322.0,41.39493704320259,2.159305725824152,exacta,187.5,€€€,95.93,€€€,False,observado
HB-003916,Gran Hotel Havana,hotel,Barcelona,080193,la Dreta de l'Eixample,4 estrelles superior,4.5,hotel_estrellas,290.0,145.0,107.0,41.392732367978354,2.172213612138101,exacta,210.19000244140625,€€€,105.1,€€€,True,suficiente
HB-003917,Médicis,hotel,Barcelona,080193,el Baix Guinardó,2 estrelles,2.0,hotel_estrellas,51.0,29.0,773.0,41.410641495579966,2.173117986404865,exacta,134.32000732421875,€€,76.38,€€€,True,suficiente
HB-003918,Catalonia Diagonal Centro,hotel,Barcelona,080193,la Dreta de l'Eixample,4 estrelles,4.0,hotel_estrellas,162.0,84.0,43.0,41.39390024070434,2.156808319586479,exacta,220.88,€€€,114.53,€€€,False,observado
HB-003923,Abbot,hotel,Barcelona,080193,la Nova Esquerra de l'Eixample,4 estrelles,4.0,hotel_estrellas,78.0,42.0,593.0,41.38152977846601,2.145003783714932,exacta,153.66000366210938,€€,82.74,€€€,True,suficiente
HB-003924,Delfos,hotel,Barcelona,080193,Sant Antoni,No aplica,,sin_estrellas,19.0,12.0,,41.38465103,2.16371175,geocodificada,132.49000549316406,€€,83.68,€€€,True,suficiente
HB-003925,Barcelona City Hotel-Universal,hotel,Barcelona,080193,la Dreta de l'Eixample,1 estrella,1.0,hotel_estrellas,28.0,18.0,630.0,41.39325283783173,2.166033539518021,exacta,127.04,€€,81.67,€€€,False,observado
HB-003926,AIR PENEDES,hotel,Vilafranca del Penedès,083054,,3 estrelles,,,111.0,59.0,871.0,41.32944138,1.67783188,geocodificada,,,,,,
HB-003930,Sant Pere II,hotel,Rubí,081846,,3 estrelles,,,32.0,18.0,360.0,,,,,,,,,
HB-003933,Hotel Claris and Spa,hotel,Barcelona,080193,la Dreta de l'Eixample,Gran luxe,5.0,hotel_estrellas,244.0,124.0,93.0,41.39449063546727,2.165031162882456,exacta,244.84,€€€,124.43,€€€€,False,observado
HB-003934,Acta City 47,hotel,Barcelona,080193,Sants,4 estrelles,4.0,hotel_estrellas,130.0,80.0,808.0,41.383543117300974,2.140758278268045,exacta,125.31,€€,77.11,€€€,False,observado
HB-003937,El Xalet,hotel,Sitges,082704,,2 estrelles,,,20.0,11.0,373.0,41.23824176,1.8092577,geocodificada,,,,,,
HB-003938,Don Cándido,hotel,Terrassa,082798,,4 estrelles superior,,,246.0,126.0,86.0,41.55250184,2.00822618,geocodificada,,,,,,
HB-003939,Catalonia Albéniz,hotel,Barcelona,080193,el Camp de l'Arpa del Clot,3 estrelles,3.0,hotel_estrellas,86.0,47.0,296.0,41.408175800067006,2.18584726362128,exacta,146.37,€€,79.99,€€€,False,observado
HB-003940,INTERCONTINENTAL BARCELONA,hotel,Barcelona,080193,el Poble Sec,5 estrelles,5.0,hotel_estrellas,546.0,273.0,158.0,41.37273240481753,2.154561805336506,exacta,650.37,€€€€,325.18,€€€€,False,observado
HB-003942,HOTEL CATALONIA SABADELL,hotel,Sabadell,081878,,4 estrelles,,,218.0,110.0,210.0,41.57078781,2.08478231,geocodificada,,,,,,
HB-003943,Gimón,hotel,Barcelona,080193,el Camp de l'Arpa del Clot,No aplica,,sin_estrellas,13.0,10.0,,41.40941181,2.18313848,geocodificada,112.7699966430664,€€,86.75,€€€,True,suficiente
HB-003944,Azul,hotel,Barcelona,080193,Hostafrancs,3 estrelles,3.0,hotel_estrellas,90.0,39.0,137.0,41.37301587166661,2.145987172189599,exacta,128.88999938964844,€€,55.85,€€,True,suficiente
HB-003945,Melià Sitges,hotel,Sitges,082704,,4 estrelles,,,609.0,307.0,82.0,41.23662626,1.82348538,geocodificada,,,,,,
HB-003946,Campanile,hotel,Barberà del Vallès,082520,,3 estrelles,,,424.0,212.0,99.0,,,,,,,,,
HB-003947,NH Sant'Angelo,hotel,Barcelona,080193,la Nova Esquerra de l'Eixample,3 estrelles,3.0,hotel_estrellas,71.0,50.0,389.0,41.37927026629753,2.150161651252509,exacta,132.10000610351562,€€,93.03,€€€,True,suficiente
HB-003949,Novotel Barcelona Sant Cugat,hotel,Sant Cugat del Vallès,082055,,4 estrelles,,,300.0,150.0,41.0,,,,,,,,,
HB-003951,Silken Ramblas,hotel,Barcelona,080193,el Raval,4 estrelles,4.0,hotel_estrellas,210.0,105.0,650.0,41.38300582600392,2.1700337407342327,exacta,184.52,€€€,92.26,€€€,False,observado
HB-003952,HOTEL CONDES DE BARCELONA,hotel,Barcelona,080193,la Dreta de l'Eixample,4 estrelles,4.0,hotel_estrellas,143.0,74.0,312.0,41.39358463996283,2.162684406282639,exacta,228.14,€€€,118.06,€€€,False,observado
HB-003953,Top Royal Sun,hotel,Santa Susanna,082613,,4 estrelles,,,408.0,216.0,258.0,,,,,,,,,
HB-003954,Barceló Sants,hotel,Barcelona,080193,Sants,4 estrelles,4.0,hotel_estrellas,754.0,377.0,4.0,41.379556967903945,2.1408179856438947,exacta,134.32,€€,67.16,€€,False,observado
HB-003955,Vila de Caldes,hotel,Caldes de Montbui,080333,,4 estrelles,,,60.0,30.0,116.0,41.63280265,2.16319599,geocodificada,,,,,,
HB-003956,Can Barrina,hotel,Montseny,081379,,2 estrelles,,,21.0,11.0,337.0,,,,,,,,,
HB-003957,GRAN HOTEL VERDI,hotel,Sabadell,081878,,4 estrelles,,,336.0,172.0,210.0,41.55538782,2.0979119,geocodificada,,,,,,
HB-003960,Hostal Mare Nostrum,hotel,Barcelona,080193,el Raval,No aplica,,sin_estrellas,59.0,30.0,,41.38091751,2.17315716,geocodificada,144.19,€€,73.32,€€€,False,observado
HB-003961,Hotel Gran Melià Torre Melina,hotel,Barcelona,080193,la Maternitat i Sant Ramon,5 estrelles,5.0,hotel_estrellas,866.0,432.0,129.0,41.38348913494405,2.1096645797823563,exacta,251.38,€€€,125.4,€€€€,False,observado
HB-003965,H10 Catalunya Plaza,hotel,Barcelona,080193,la Dreta de l'Eixample,3 estrelles,3.0,hotel_estrellas,74.0,46.0,148.0,41.3870134395621,2.168580579042271,exacta,173.85,€€,108.07,€€€,False,observado
HB-003966,Hotel Augusta Barcelona Valles,hotel,Vilanova del Vallès,089024,,4 estrelles,,,197.0,102.0,432.0,,,,,,,,,
HB-003967,Catalonia Barcelona Plaza,hotel,Barcelona,080193,Hostafrancs,4 estrelles,4.0,hotel_estrellas,658.0,347.0,348.0,41.37540311456058,2.1483405861545544,exacta,154.14,€€,81.29,€€€,False,observado
HB-003969,Gran Hotel Barcino,hotel,Barcelona,080193,el Barri Gòtic,4 estrelles,4.0,hotel_estrellas,116.0,61.0,229.0,41.383145746925344,2.177788494005563,exacta,187.01,€€€,98.34,€€€,False,observado
HB-003970,Century Park,hotel,Barcelona,080193,l'Antiga Esquerra de l'Eixample,3 estrelles,3.0,hotel_estrellas,68.0,47.0,155.0,41.38617801370477,2.154815844377651,exacta,125.24,€€,86.56,€€€,False,observado
HB-003971,Ònix Fira,hotel,Barcelona,080193,la Nova Esquerra de l'Eixample,3 estrelles,3.0,hotel_estrellas,150.0,80.0,50.0,41.37697686038284,2.149845033494451,exacta,114.58,€€,61.11,€€,False,observado
HB-003972,HOTEL ENTENZA,hotel,Barcelona,080193,les Corts,3 estrelles,3.0,hotel_estrellas,91.0,48.0,273.0,41.38571882547642,2.1405185976328425,exacta,114.33,€€,60.31,€€,False,observado
HB-003973,Husa L'Illa,hotel,Barcelona,080193,les Corts,4 estrelles,4.0,hotel_estrellas,204.0,103.0,953.0,41.38974559970474,2.1353959606306443,exacta,196.83,€€€,99.38,€€€,False,observado
HB-003974,Iznajar,hotel,Barcelona,080193,el Raval,No aplica,,sin_estrellas,13.0,8.0,,41.38204935,2.16976815,geocodificada,110.75,€€,68.15,€€,True,suficiente
HB-003976,Eurostars Parc del Vallès,hotel,Cerdanyola del Vallès,082665,,4 estrelles,,,164.0,82.0,457.0,,,,,,,,,
HB-003977,Aqua Hotel Promenade,hotel,Pineda de Mar,081635,,4 estrelles,,,358.0,172.0,146.0,41.62192101,2.69134753,geocodificada,,,,,,
HB-003980,Granollers,hotel,Granollers,080961,,3 estrelles,,,134.0,72.0,365.0,41.59416413,2.2856781,geocodificada,,,,,,
HB-003981,Ciutat de Granollers,hotel,Granollers,080961,,4 estrelles,,,218.0,111.0,359.0,41.60074769,2.2961065,geocodificada,,,,,,
HB-003983,Pensió Sant Just,hotel,Santa Coloma de Gramenet,082457,,No aplica,,,58.0,44.0,274.0,41.44746051,2.21166229,geocodificada,,,,,,
HB-003984,Arts Barcelona,hotel,Barcelona,080193,la Barceloneta,Gran luxe,5.0,hotel_estrellas,1012.0,494.0,425.0,41.38708282257405,2.1965599785366923,exacta,416.33,€€€€,203.23,€€€€,False,observado
HB-003985,NH Podium,hotel,Barcelona,080193,la Dreta de l'Eixample,4 estrelles,4.0,hotel_estrellas,280.0,145.0,150.0,41.39174743833108,2.177699871910969,exacta,212.65,€€€,110.12,€€€,False,observado
HB-003986,Can Parera,hotel,Parets del Vallès,081593,,No aplica,,,32.0,16.0,429.0,41.5742396,2.23465469,geocodificada,,,,,,
HB-003988,Barcelona Apolo Affiliated by Melia,hotel,Barcelona,080193,el Poble Sec,4 estrelles,4.0,hotel_estrellas,614.0,314.0,166.0,41.374782332271344,2.170335682261541,exacta,177.25999450683594,€€€,90.65,€€€,True,suficiente
HB-003989,H Top BCN City,hotel,Barcelona,080193,el Baix Guinardó,1 estrella,1.0,hotel_estrellas,75.0,40.0,783.0,41.41096964568408,2.173190122938874,exacta,126.68,€€,67.56,€€,False,observado
HB-003990,Sant Joan,hotel,Martorell,081141,,No aplica,,,33.0,23.0,,41.47824802,1.92636357,geocodificada,,,,,,
HB-003991,Atenea Barcelona Aparthotel,hotel,Barcelona,080193,les Corts,4 estrelles,4.0,hotel_estrellas,210.0,105.0,331.0,41.386265679203696,2.129507954550707,exacta,226.83,€€€,113.42,€€€,False,observado
HB-003992,Citadines,hotel,Barcelona,080193,el Barri Gòtic,3 estrelles,3.0,hotel_estrellas,262.0,131.0,167.0,41.38387005517167,2.171462635664817,exacta,166.83,€€,83.42,€€€,False,observado
HB-003994,Montmeló,hotel,Montmeló,081350,,2 estrelles,,,47.0,30.0,195.0,41.55417103,2.25042425,geocodificada,,,,,,
HB-003995,Xarau,hotel,Cerdanyola del Vallès,082665,,No aplica,,,38.0,28.0,355.0,41.49701376,2.1372731,geocodificada,,,,,,
HB-003996,Hostal Lami,hotel,Esplugues de Llobregat,080771,,No aplica,,,125.0,67.0,343.0,41.37787476,2.08478929,geocodificada,,,,,,
HB-003998,Estela Barcelona-Hotel del Arte,hotel,Sitges,082704,,4 estrelles,,,132.0,57.0,752.0,41.23562007,1.82684664,geocodificada,,,,,,
HB-003999,PENSION MIRAMAR,hotel,Viladecans,083015,,No aplica,,,16.0,10.0,,41.32012121,2.00413847,geocodificada,,,,,,
HB-004002,Caledonian,hotel,Barcelona,080193,Sant Antoni,3 estrelles,3.0,hotel_estrellas,98.0,57.0,356.0,41.3842914812135,2.161858180414201,exacta,188.41,€€€,109.59,€€€,False,observado
HB-004003,Atlàntida,hotel,Sant Celoni,082021,,2 estrelles,,,34.0,17.0,346.0,,,,,,,,,
HB-004004,Madison,hotel,Sitges,082704,,No aplica,,,22.0,12.0,875.0,41.23714109,1.80938538,geocodificada,,,,,,
HB-004005,HOSTAL SOFIA,hotel,Barcelona,080193,la Nova Esquerra de l'Eixample,No aplica,,sin_estrellas,20.0,12.0,900.0,41.38101786,2.14378351,geocodificada,113.41000366210938,€€,68.05,€€,True,suficiente
HB-004007,Quintasol,hotel,Malgrat de Mar,081108,,1 estrella,,,48.0,24.0,105.0,,,,,,,,,
HB-004010,HOTEL ALIMARA BARCELONA,hotel,Barcelona,080193,la Vall d'Hebron,4 estrelles,4.0,hotel_estrellas,312.0,156.0,328.0,41.43378489117596,2.147351984381241,exacta,78.85,€,39.42,€,False,observado
HB-004011,Catalonia Bristol,hotel,Sant Andreu de la Barca,081960,,3 estrelles,,,98.0,57.0,43.0,41.44875787,1.97051733,geocodificada,,,,,,
HB-004012,Glòries,hotel,Barcelona,080193,el Fort Pienc,3 estrelles,3.0,hotel_estrellas,94.0,67.0,466.0,41.401167267780885,2.18299201887239,exacta,118.21,€€,84.26,€€€,False,observado
HB-004013,Acacia Aparthotel,hotel,Barcelona,080193,l'Antiga Esquerra de l'Eixample,4 estrelles,4.0,hotel_estrellas,52.0,26.0,341.0,41.38795068669856,2.1511859180839137,exacta,148.38,€€,74.19,€€€,False,observado
HB-004015,Aqua Hotel Silhouette  Spa,hotel,Malgrat de Mar,081108,,4 estrelles,,,596.0,301.0,88.0,,,,,,,,,
HB-004018,Vila de Premià,hotel,Premià de Mar,081727,,2 estrelles,,,36.0,22.0,386.0,41.48890146,2.35834768,geocodificada,,,,,,
HB-004021,HLG City Park Terranova,hotel,Rubí,081846,,2 estrelles,,,68.0,39.0,56.0,41.5055861,2.03960484,geocodificada,,,,,,
HB-004023,Aqua Hotel Montagut Suites,hotel,Santa Susanna,082613,,4 estrelles superior,,,371.0,186.0,154.0,41.63563143,2.72397034,geocodificada,,,,,,
HB-004024,Hesperia Sant Joan,hotel,Sant Joan Despí,082172,,3 estrelles,,,272.0,128.0,221.0,41.37341689,2.07080293,geocodificada,,,,,,
HB-004025,ANGLI-78,hotel,Barcelona,080193,Sarrià,2 estrelles,2.0,hotel_estrellas,22.0,10.0,487.0,41.40461603273179,2.1216805328216366,exacta,137.41000366210938,€€,62.46,€€,True,justo
HB-004026,Flor Parks,hotel,Barcelona,080193,el Barri Gòtic,3 estrelles,3.0,hotel_estrellas,37.0,26.0,552.0,41.38073012797148,2.173945708810752,exacta,161.79,€€,113.69,€€€,False,observado
HB-004027,Turó de Vilana,hotel,Barcelona,080193,Sant Gervasi - la Bonanova,4 estrelles,4.0,hotel_estrellas,36.0,20.0,452.0,41.404913486886464,2.1288425994189195,exacta,132.9,€€,73.83,€€€,False,observado
HB-004028,Lazza,hotel,Barcelona,080193,el Camp d'en Grassot i Gràcia Nova,No aplica,,sin_estrellas,10.0,6.0,,41.4057108,2.16911983,geocodificada,113.01000213623048,€€,67.81,€€,True,suficiente
HB-004030,APARTHOTEL NÀPOLS**,hotel,Barcelona,080193,el Fort Pienc,2 estrelles,2.0,hotel_estrellas,100.0,39.0,133.0,41.39542029617384,2.179585425982012,exacta,146.77,€€,57.24,€€,False,observado
HB-004033,Hostal Can Missé,hotel,Collbató,080692,,2 estrelles,,,17.0,10.0,443.0,41.56995672,1.82880459,geocodificada,,,,,,
HB-004034,H Top Royal Sun Suites,hotel,Santa Susanna,082613,,4 estrelles superior,,,252.0,106.0,260.0,,,,,,,,,
HB-004036,Catalonia Portal de l'Angel,hotel,Barcelona,080193,el Barri Gòtic,3 estrelles,3.0,hotel_estrellas,159.0,83.0,84.0,41.385604131533405,2.172957914254088,exacta,193.83,€€€,101.18,€€€,False,observado
HB-004037,L'EUROPEU,hotel,Parets del Vallès,081593,,1 estrella,,,9.0,5.0,,41.55508382,2.23206252,geocodificada,,,,,,
HB-004038,Comte,hotel,Barcelona,080193,la Nova Esquerra de l'Eixample,2 estrelles,2.0,hotel_estrellas,70.0,42.0,649.0,41.382698982577146,2.156996606873641,exacta,144.9499969482422,€€,86.97,€€€,True,suficiente
HB-004039,Hostal Eden,hotel,Barcelona,080193,l'Antiga Esquerra de l'Eixample,No aplica,,sin_estrellas,16.0,12.0,508.0,41.38949575,2.1622051,geocodificada,121.91999816894533,€€,91.44,€€€,True,suficiente
HB-004041,Cim Vallès,hotel,Santa Perpètua de Mogoda,082606,,3 estrelles,,,137.0,78.0,355.0,,,,,,,,,
HB-004043,Hostal Porta de Ferro,hotel,Sant Boi de Llobregat,082009,,No aplica,,,8.0,4.0,,41.34568457,2.03148513,geocodificada,,,,,,
HB-004044,Tahití Playa,hotel,Santa Susanna,082613,,4 estrelles superior,,,820.0,459.0,13.0,,,,,,,,,
HB-004046,HOTEL SANT PAU,hotel,Barcelona,080193,el Guinardó,3 estrelles,3.0,hotel_estrellas,177.0,93.0,473.0,41.414013868313845,2.177880075735898,exacta,106.26,€€,55.83,€€,False,observado
HB-004050,Acta Splendid,hotel,Barcelona,080193,Sant Antoni,3 estrelles,3.0,hotel_estrellas,78.0,40.0,461.0,41.38405393847892,2.1630462799097723,exacta,204.07,€€€,104.65,€€€,False,observado
HB-004054,Sant Gervasi,hotel,Barcelona,080193,Sant Gervasi - la Bonanova,3 estrelles,3.0,hotel_estrellas,124.0,63.0,163.0,41.40468222114898,2.138812682918912,exacta,117.0,€€,59.44,€€,False,observado
HB-004057,Ibis Barcelona Fira de Cornellà,hotel,Cornellà de Llobregat,080734,,2 estrelles,,,244.0,122.0,41.0,41.34878782,2.08190004,geocodificada,,,,,,
HB-004058,Midmost,hotel,Barcelona,080193,el Raval,4 estrelles,4.0,hotel_estrellas,98.0,56.0,408.0,41.385740590399095,2.1659518396428186,exacta,169.06,€€,96.61,€€€,False,observado
HB-004060,CASA SUSANNA,hotel,Palau-solità i Plegamans,081568,,No aplica,,,8.0,4.0,,41.58333792,2.17904081,geocodificada,,,,,,
HB-004061,PENSIÓ CAMI REIAL,hotel,Palau-solità i Plegamans,081568,,No aplica,,,8.0,4.0,,41.58323784,2.17921663,geocodificada,,,,,,
HB-004063,Hotel Kimpton Vividora,hotel,Barcelona,080193,el Barri Gòtic,5 estrelles,5.0,hotel_estrellas,276.0,156.0,927.0,41.3847223933667,2.172925170937131,exacta,278.97,€€€,157.68,€€€€,False,observado
HB-004065,Canal Olímpic,hotel,Castelldefels,080569,,3 estrelles,,,92.0,48.0,233.0,,,,,,,,,
HB-004066,Tàrrega,hotel,Terrassa,082798,,2 estrelles,,,20.0,12.0,967.0,41.57519257,2.03317929,geocodificada,,,,,,
HB-004068,AC Som,hotel,"Hospitalet de Llobregat, l'",081017,,4 estrelles,,,204.0,102.0,2.0,,,,,,,,,
HB-004069,Park Sedó,hotel,Rubí,081846,,3 estrelles,,,87.0,45.0,52.0,41.48017206,2.0367109,geocodificada,,,,,,
HB-004071,Viladomat,hotel,Barcelona,080193,la Nova Esquerra de l'Eixample,3 estrelles,3.0,hotel_estrellas,162.0,81.0,297.0,41.38369635783948,2.1518530491218733,exacta,142.39999389648438,€€,71.2,€€€,True,suficiente
HB-004073,Masferrer,hotel,Gualba,080977,,4 estrelles,,,21.0,11.0,467.0,,,,,,,,,
HB-004074,Guillermo Tell,hotel,Barcelona,080193,el Putxet i el Farró,4 estrelles,4.0,hotel_estrellas,119.0,61.0,422.0,41.40178493638491,2.1477633499258744,exacta,153.92999267578125,€€,78.91,€€€,True,suficiente
HB-004075,LIHSA HOTELES SA,hotel,Barcelona,080193,les Tres Torres,3 estrelles,3.0,hotel_estrellas,108.0,56.0,60.0,41.39993108536729,2.1299971158177406,exacta,137.6699981689453,€€,71.38,€€€,True,suficiente
HB-004077,Brustar Sant Pau Aristol,hotel,Barcelona,080193,el Baix Guinardó,3 estrelles,3.0,hotel_estrellas,44.0,22.0,716.0,41.41336455,2.17127138,geocodificada,130.74000549316406,€€,65.37,€€,True,suficiente
HB-004078,HOTEL ABBA SANTS,hotel,Barcelona,080193,Sants,4 estrelles,4.0,hotel_estrellas,265.0,140.0,176.0,41.38259938483807,2.140037535310247,exacta,147.7,€€,78.03,€€€,False,observado
HB-004080,Hostalet de Barcelona,hotel,Barcelona,080193,l'Antiga Esquerra de l'Eixample,No aplica,,sin_estrellas,10.0,9.0,1016.0,41.39101712,2.15115918,geocodificada,106.71,€€,96.04,€€€,False,observado
HB-004081,checkin sirius,hotel,Santa Susanna,082613,,4 estrelles superior,,,302.0,161.0,857.0,,,,,,,,,
HB-004082,Ibis Castelldefels,hotel,Castelldefels,080569,,2 estrelles,,,148.0,74.0,299.0,41.28147622,1.98584327,geocodificada,,,,,,
HB-004083,Petit,hotel,Barcelona,080193,Sant Gervasi - Galvany,No aplica,,sin_estrellas,7.0,4.0,980.0,41.39691661,2.14624897,geocodificada,123.51000213623048,€€,70.58,€€€,True,suficiente
HB-004084,The Moods Oasis,hotel,Barcelona,080193,Sant Gervasi - Galvany,3 estrelles,3.0,hotel_estrellas,65.0,36.0,855.0,41.39716047631681,2.1514145555775768,exacta,133.5,€€,73.94,€€€,False,observado
HB-004086,Sansi Pedralbes,hotel,Barcelona,080193,Pedralbes,4 estrelles,4.0,hotel_estrellas,115.0,64.0,280.0,41.39369966517085,2.1115669344893933,exacta,207.51,€€€,115.48,€€€,False,observado
HB-004087,Marvi,hotel,Barcelona,080193,el Raval,2 estrelles,2.0,hotel_estrellas,56.0,30.0,66.0,41.385813263172665,2.165137191742496,exacta,146.14999389648438,€€,78.29,€€€,True,suficiente
HB-004088,Hcc Hotel Montblanc,hotel,Barcelona,080193,el Barri Gòtic,3 estrelles,3.0,hotel_estrellas,307.0,157.0,587.0,41.38776233552521,2.1735706643202626,exacta,133.41,€€,68.23,€€,False,observado
HB-004089,La Pinta,hotel,Sitges,082704,,3 estrelles,,,30.0,17.0,405.0,41.23445905,1.80576387,geocodificada,,,,,,
HB-004090,Sense especificar,hotel,Barcelona,080193,el Poble Sec,2 estrelles,2.0,hotel_estrellas,56.0,40.0,711.0,41.37319805341738,2.1699840575806006,exacta,132.6199951171875,€€,94.73,€€€,True,suficiente
HB-004091,Blauet,hotel,"Prat de Llobregat, el",081691,,1 estrella,,,39.0,29.0,971.0,,,,,,,,,
HB-004092,Goya Principal,hotel,Barcelona,080193,la Dreta de l'Eixample,No aplica,,sin_estrellas,13.0,7.0,,41.38938401,2.17174449,geocodificada,112.5999984741211,€€,60.63,€€,True,suficiente
HB-004093,Aqua Hotel Onabrava  Spa,hotel,Santa Susanna,082613,,4 estrelles superior,,,697.0,350.0,153.0,41.63154179,2.71803382,geocodificada,,,,,,
HB-004094,Catalonia La Pedrera,hotel,Barcelona,080193,la Dreta de l'Eixample,4 estrelles,4.0,hotel_estrellas,128.0,79.0,256.0,41.39872149598455,2.1623928970808004,exacta,165.74,€€,102.29,€€€,False,observado
HB-004095,TERRASSA CONFORT,hotel,Terrassa,082798,,3 estrelles,,,133.0,74.0,475.0,41.55143257,2.02444017,geocodificada,,,,,,
HB-004096,HOTEL SERCOTEL CORNELLA,hotel,Cornellà de Llobregat,080734,,3 estrelles,,,156.0,78.0,826.0,41.3594228,2.06629067,geocodificada,,,,,,
HB-004097,Roger de Lluria,hotel,Barcelona,080193,la Dreta de l'Eixample,4 estrelles,4.0,hotel_estrellas,87.0,48.0,469.0,41.39110060804099,2.171776299153139,exacta,187.61,€€€,103.51,€€€,False,observado
HB-004099,Barcelona Aeropuerto Affiliated by Melia,hotel,"Prat de Llobregat, el",081691,,4 estrelles,,,404.0,205.0,166.0,,,,,,,,,
HB-004100,Novotel Sant Joan Despí,hotel,Sant Joan Despí,082172,,4 estrelles,,,322.0,161.0,41.0,41.37495451,2.07220719,geocodificada,,,,,,
HB-004101,HOTEL EXE LAIETANA PALACE,hotel,Barcelona,080193,el Barri Gòtic,4 estrelles,4.0,hotel_estrellas,95.0,62.0,648.0,41.38341189946309,2.1793367675769977,exacta,173.9600067138672,€€,113.53,€€€,True,suficiente
HB-004102,Continental Palacete,hotel,Barcelona,080193,la Dreta de l'Eixample,3 estrelles,3.0,hotel_estrellas,24.0,19.0,6.0,41.389758375212566,2.165583800164204,exacta,167.43,€€,132.55,€€€€,False,observado
HB-004103,HOTEL FOUR POINTS BY SHERATON BARCELONA DIAGONAL,hotel,Barcelona,080193,el Poblenou,4 estrelles,4.0,hotel_estrellas,308.0,154.0,473.0,41.405374423317205,2.1961909501081034,exacta,268.15,€€€,134.07,€€€€,False,observado
HB-004104,Que Tal,hotel,Barcelona,080193,la Dreta de l'Eixample,No aplica,,sin_estrellas,23.0,13.0,1013.0,41.39645088,2.166216,geocodificada,131.6199951171875,€€,74.39,€€€,True,suficiente
HB-004105,Sant Celoni,hotel,Sant Celoni,082021,,3 estrelles,,,28.0,20.0,497.0,41.69045421,2.49899178,geocodificada,,,,,,
HB-004106,Atenea Valles,hotel,Granollers,080961,,4 estrelles,,,161.0,77.0,118.0,,,,,,,,,
HB-004107,BCN Condal Apartments,hotel,Barcelona,080193,la Sagrada Família,No aplica,,sin_estrellas,16.0,8.0,,41.40662721,2.17291317,geocodificada,97.07,€,48.54,€€,False,observado
HB-004111,Joan Marina,hotel,Subirats,082732,,No aplica,,,17.0,9.0,,,,,,,,,,
HB-004112,Praktik Rambla,hotel,Barcelona,080193,la Dreta de l'Eixample,No aplica,,sin_estrellas,70.0,37.0,617.0,41.38906064,2.16593789,geocodificada,131.6199951171875,€€,69.57,€€,True,justo
HB-004113,B B HOTEL Barcelona Mollet Porta de Gallecs,hotel,Mollet del Vallès,081249,,3 estrelles,,,104.0,64.0,786.0,41.54907245,2.20761918,geocodificada,,,,,,
HB-004114,Barcelona Universal,hotel,Barcelona,080193,el Raval,4 estrelles,4.0,hotel_estrellas,334.0,167.0,205.0,41.3751889339732,2.1683138995370026,exacta,144.91,€€,72.46,€€€,False,observado
HB-004115,Rocapins,hotel,Calella,080351,,No aplica,,,30.0,16.0,,,,,,,,,,
HB-004116,Hostal del Palau,hotel,Barcelona,080193,"Sant Pere, Santa Caterina i la Ribera",No aplica,,sin_estrellas,13.0,7.0,902.0,41.38722238,2.1754495,geocodificada,104.0,€€,56.0,€€,False,observado
HB-004117,Colors,hotel,Barcelona,080193,Horta,1 estrella,1.0,hotel_estrellas,45.0,25.0,742.0,41.43533371568471,2.153860582109364,exacta,79.04,€,43.91,€€,False,observado
HB-004118,L'Hostalet,hotel,Cabrils,080305,,No aplica,,,8.0,4.0,420.0,41.52535493,2.36875925,geocodificada,,,,,,
HB-004119,Torre Vermella,hotel,Cerdanyola del Vallès,082665,,1 estrella,,,56.0,28.0,506.0,41.49138072,2.13702204,geocodificada,,,,,,
HB-004120,Hostal Eden II,hotel,Barcelona,080193,l'Antiga Esquerra de l'Eixample,No aplica,,sin_estrellas,11.0,6.0,508.0,41.38949575,2.1622051,geocodificada,111.11000061035156,€€,60.61,€€,True,suficiente
HB-004121,Banys Orientals,hotel,Barcelona,080193,"Sant Pere, Santa Caterina i la Ribera",3 estrelles,3.0,hotel_estrellas,82.0,43.0,476.0,41.38379933297751,2.180066620137655,exacta,150.17999267578125,€€,78.75,€€€,True,suficiente
HB-004122,MOTHERN BYPILLOW,hotel,Barcelona,080193,la Dreta de l'Eixample,3 estrelles,3.0,hotel_estrellas,87.0,64.0,288.0,41.38877012728022,2.171757497360589,exacta,132.31,€€,97.33,€€€,False,observado
HB-004124,Can Martinet,hotel,Abrera,080018,,1 estrella,,,39.0,24.0,141.0,41.51660695,1.90220576,geocodificada,,,,,,
HB-004125,Milenium,hotel,Santa Margarida i els Monjos,082515,,No aplica,,,34.0,17.0,363.0,41.32346682,1.65891316,geocodificada,,,,,,
HB-004126,Girona,hotel,Barcelona,080193,la Dreta de l'Eixample,No aplica,,sin_estrellas,15.0,10.0,565.0,41.39190984,2.17517259,geocodificada,125.58999633789062,€€,83.73,€€€,True,suficiente
HB-004127,Basic Hotel,hotel,Olèrdola,081458,,2 estrelles,,,112.0,72.0,563.0,,,,,,,,,
HB-004128,STANDBYME RAMBLAS,hotel,Barcelona,080193,el Raval,No aplica,,sin_estrellas,31.0,18.0,192.0,41.37560091,2.17055571,geocodificada,118.04000091552734,€€,68.54,€€,True,justo
HB-004129,Llobera,hotel,Sant Antoni de Vilamajor,081982,,No aplica,,,16.0,8.0,989.0,41.67270889,2.40141482,geocodificada,,,,,,
HB-004130,Neri,hotel,Barcelona,080193,el Barri Gòtic,5 estrelles,5.0,hotel_estrellas,44.0,22.0,51.0,41.38322770631599,2.1755026408898988,exacta,434.29,€€€€,217.14,€€€€,False,observado
HB-004131,Hotel Kalima,hotel,Caldes d'Estrac,080327,,No aplica,,,19.0,11.0,881.0,41.56953486,2.52934411,geocodificada,,,,,,
HB-004134,DWO Les Palmeres,hotel,Calella,080351,,4 estrelles,,,184.0,96.0,929.0,41.61185377,2.65396968,geocodificada,,,,,,
HB-004135,Mediterráneo Plaza,hotel,Castelldefels,080569,,4 estrelles,,,36.0,20.0,125.0,41.2666838,1.96229335,geocodificada,,,,,,
HB-004138,Constanza,hotel,Barcelona,080193,la Dreta de l'Eixample,2 estrelles,2.0,hotel_estrellas,87.0,46.0,392.0,41.391625305801135,2.172968114848732,exacta,135.37,€€,71.57,€€€,False,observado
HB-004139,Porta d'Alella,hotel,Alella,080039,,4 estrelles,,,18.0,11.0,664.0,41.50459947,2.30069063,geocodificada,,,,,,
HB-004140,Luna Club,hotel,Malgrat de Mar,081108,,4 estrelles superior,,,251.0,128.0,394.0,,,,,,,,,
HB-004144,Hostal Poble Nou,hotel,Barcelona,080193,el Poblenou,No aplica,,sin_estrellas,11.0,6.0,,41.39830854,2.20438128,geocodificada,118.75,€€,64.77,€€,True,suficiente
HB-004145,ILUNION LES CORTS SPA,hotel,Barcelona,080193,la Maternitat i Sant Ramon,4 estrelles,4.0,hotel_estrellas,392.0,213.0,170.0,41.37701761496102,2.1138532534292875,exacta,225.02,€€€,122.27,€€€€,False,observado
HB-004147,Duquesa de Cardona,hotel,Barcelona,080193,el Barri Gòtic,4 estrelles superior,4.5,hotel_estrellas,128.0,64.0,474.0,41.37987687800618,2.1805893026700027,exacta,233.11,€€€,116.56,€€€,False,observado
HB-004148,Hostal del Carmen,hotel,Terrassa,082798,,No aplica,,,18.0,11.0,866.0,41.52894906,2.03783573,geocodificada,,,,,,
HB-004149,Front Maritim,hotel,Barcelona,080193,Diagonal Mar i el Front Marítim del Poblenou,4 estrelles,4.0,hotel_estrellas,235.0,177.0,941.0,41.40406420436568,2.214109065509765,exacta,564.87,€€€€,425.46,€€€€,False,observado
HB-004150,HOSTAL SOFIA2,hotel,Barcelona,080193,la Nova Esquerra de l'Eixample,No aplica,,sin_estrellas,6.0,5.0,900.0,41.38101786,2.14378351,geocodificada,109.30999755859376,€€,91.09,€€€,True,suficiente
HB-004151,H10 Itaca,hotel,Barcelona,080193,la Nova Esquerra de l'Eixample,4 estrelles,4.0,hotel_estrellas,146.0,97.0,470.0,41.38119396449098,2.1454585925837777,exacta,159.2100067138672,€€,105.78,€€€,True,suficiente
HB-004152,HOSTAL CENTRO,hotel,Barcelona,080193,l'Antiga Esquerra de l'Eixample,No aplica,,sin_estrellas,8.0,4.0,674.0,41.39099101,2.16022488,geocodificada,111.11000061035156,€€,55.56,€€,True,suficiente
HB-004153,America,hotel,Barcelona,080193,l'Antiga Esquerra de l'Eixample,4 estrelles,4.0,hotel_estrellas,78.0,59.0,488.0,41.39185422254023,2.157308317484884,exacta,159.82,€€,120.89,€€€€,False,observado
HB-004154,Abba Garden,hotel,Esplugues de Llobregat,080771,,4 estrelles,,,271.0,138.0,175.0,,,,,,,,,
HB-004155,Eurostars Grand Marina Hotel,hotel,Barcelona,080193,el Raval,Gran luxe,5.0,hotel_estrellas,576.0,288.0,489.0,41.372956920075445,2.1800722140573696,exacta,305.54,€€€€,152.77,€€€€,False,observado
HB-004156,Cactus Residencial,hotel,Castelldefels,080569,,2 estrelles,,,24.0,12.0,548.0,41.27185012,1.98594624,geocodificada,,,,,,
HB-004157,Mil.lenni,hotel,Barcelona,080193,el Raval,4 estrelles,4.0,hotel_estrellas,82.0,45.0,79.0,41.37601607509099,2.166969888839461,exacta,116.84,€€,64.12,€€,False,observado
HB-004159,Ibis Meridiana,hotel,Barcelona,080193,Porta,2 estrelles,2.0,hotel_estrellas,282.0,143.0,41.0,41.43543328264804,2.181632363244148,exacta,83.98,€,42.59,€€,False,observado
HB-004160,Serhs Carlit,hotel,Barcelona,080193,la Dreta de l'Eixample,3 estrelles,3.0,hotel_estrellas,71.0,38.0,737.0,41.39716834363273,2.1758631715778107,exacta,158.22,€€,84.68,€€€,False,observado
HB-004161,Hotel Catalonia Barcelona Beach (ab Hotel Hesperia del Mar),hotel,Barcelona,080193,Diagonal Mar i el Front Marítim del Poblenou,4 estrelles,4.0,hotel_estrellas,150.0,84.0,272.0,41.401596709479406,2.21007561017675,exacta,209.5399932861328,€€€,117.34,€€€,True,suficiente
HB-004162,Onix Rambla,hotel,Barcelona,080193,la Dreta de l'Eixample,3 estrelles,3.0,hotel_estrellas,80.0,40.0,50.0,41.38920601219498,2.166337919700029,exacta,144.58,€€,72.29,€€€,False,observado
HB-004163,Novotel Barcelona Cornella,hotel,Cornellà de Llobregat,080734,,4 estrelles,,,306.0,153.0,41.0,41.35148681,2.0903569,geocodificada,,,,,,
HB-004164,H10 Racó del Pi,hotel,Barcelona,080193,el Barri Gòtic,3 estrelles,3.0,hotel_estrellas,63.0,37.0,470.0,41.383352442603865,2.1739531000240064,exacta,149.3699951171875,€€,87.73,€€€,True,suficiente
HB-004165,SERCOTEL PORTA BARCELONA,hotel,Sant Just Desvern,082212,,3 estrelles,,,184.0,99.0,826.0,41.37720765,2.07897351,geocodificada,,,,,,
HB-004166,Llagotel,hotel,"Llagosta, la",081056,,No aplica,,,12.0,8.0,391.0,,,,,,,,,
HB-004168,Hostal Arianel·la de Can Coral,hotel,Torrelles de Foix,082883,,No aplica,,,12.0,6.0,,,,,,,,,,
HB-004170,SERCOTEL ARRAHONA,hotel,Sabadell,081878,,3 estrelles,,,206.0,88.0,593.0,41.53185273,2.1140893,geocodificada,,,,,,
HB-004171,Betrés,hotel,Barcelona,080193,les Corts,No aplica,,sin_estrellas,18.0,9.0,564.0,41.38602616,2.14062138,geocodificada,125.3000030517578,€€,62.65,€€,True,suficiente
HB-004172,Eurostars Barberà Parc,hotel,Barberà del Vallès,082520,,4 estrelles,,,240.0,120.0,533.0,,,,,,,,,
HB-004174,Ibis Budget Barcelona Sant Andreu de la Barca,hotel,Sant Andreu de la Barca,081960,,2 estrelles,,,140.0,72.0,41.0,41.45368979,1.97468514,geocodificada,,,,,,
HB-004176,HOTEL NOUCENTISTA,hotel,Sitges,082704,,2 estrelles,,,19.0,11.0,,41.23777346,1.80953971,geocodificada,,,,,,
HB-004177,Vilamarí,hotel,Barcelona,080193,Sant Antoni,2 estrelles,2.0,hotel_estrellas,158.0,90.0,333.0,41.376707056595,2.1524537675316493,exacta,108.67,€€,61.9,€€,False,observado
HB-004178,Caprici Verd,hotel,Santa Susanna,082613,,4 estrelles superior,,,489.0,266.0,512.0,41.63080205,2.71628062,geocodificada,,,,,,
HB-004182,SERCOTEL CASPE,hotel,Barcelona,080193,el Fort Pienc,4 estrelles,4.0,hotel_estrellas,282.0,141.0,566.0,41.39610608008493,2.179481225396938,exacta,128.75,€€,64.38,€€,False,observado
HB-004183,Evenia Rosselló,hotel,Barcelona,080193,l'Antiga Esquerra de l'Eixample,4 estrelles,4.0,hotel_estrellas,164.0,94.0,511.0,41.39243455892933,2.154985585974796,exacta,153.7,€€,88.1,€€€,False,observado
HB-004184,HOTEL SANT CUGAT,hotel,Sant Cugat del Vallès,082055,,4 estrelles superior,,,194.0,97.0,51.0,41.47080119,2.08612046,geocodificada,,,,,,
HB-004185,Colón,hotel,Caldes d'Estrac,080327,,4 estrelles,,,168.0,84.0,132.0,,,,,,,,,
HB-004186,Portofino,hotel,Arenys de Mar,080060,,No aplica,,,12.0,6.0,,41.57929278,2.55173072,geocodificada,,,,,,
HB-004187,Les Torres,hotel,Sant Esteve Sesrovires,082080,,3 estrelles,,,80.0,40.0,493.0,,,,,,,,,
HB-004189,ACEVI VILLARROEL,hotel,Barcelona,080193,l'Antiga Esquerra de l'Eixample,4 estrelles,4.0,hotel_estrellas,168.0,84.0,535.0,41.38536543153754,2.156786869481321,exacta,173.02000427246094,€€,86.51,€€€,True,suficiente
HB-004190,H10 Marina Barcelona,hotel,Barcelona,080193,la Vila Olímpica del Poblenou,4 estrelles,4.0,hotel_estrellas,440.0,235.0,502.0,41.39309706918292,2.192423387549554,exacta,138.39,€€,73.91,€€€,False,observado
HB-004191,HOSTAL BALER SCP,hotel,Barcelona,080193,Hostafrancs,No aplica,,sin_estrellas,19.0,15.0,1008.0,41.37603894,2.14402622,geocodificada,103.73999786376952,€€,81.9,€€€,True,suficiente
HB-004192,Hostal Centro 2,hotel,Barcelona,080193,l'Antiga Esquerra de l'Eixample,No aplica,,sin_estrellas,11.0,6.0,,41.39099101,2.16022488,geocodificada,111.11000061035156,€€,60.61,€€,True,suficiente
HB-004193,Barcelona City Centre,hotel,Barcelona,080193,la Dreta de l'Eixample,No aplica,,sin_estrellas,20.0,10.0,,41.38960627,2.16243068,geocodificada,126.03,€€,63.02,€€,False,observado
HB-004194,Sansi Diputació,hotel,Barcelona,080193,la Dreta de l'Eixample,4 estrelles,4.0,hotel_estrellas,97.0,55.0,569.0,41.38835681196832,2.164501431031276,exacta,174.4499969482422,€€,98.91,€€€,True,suficiente
HB-004195,Rafael Diagonal Port,hotel,Barcelona,080193,Diagonal Mar i el Front Marítim del Poblenou,4 estrelles,4.0,hotel_estrellas,230.0,115.0,169.0,41.40068047105535,2.2088335117523843,exacta,209.5399932861328,€€€,104.77,€€€,True,suficiente
HB-004196,Barna Hostal,hotel,Barcelona,080193,la Dreta de l'Eixample,No aplica,,sin_estrellas,16.0,8.0,811.0,41.39391108,2.15983193,geocodificada,121.91999816894533,€€,60.96,€€,True,suficiente
HB-004197,Evenia Rocafort,hotel,Barcelona,080193,Sant Antoni,3 estrelles,3.0,hotel_estrellas,79.0,51.0,507.0,41.37626400901892,2.1571850375481807,exacta,136.66000366210938,€€,88.22,€€€,True,suficiente
HB-004198,Absolut,hotel,Barcelona,080193,l'Antiga Esquerra de l'Eixample,No aplica,,sin_estrellas,8.0,4.0,,41.38550145,2.15883,geocodificada,113.7300033569336,€€,56.87,€€,True,suficiente
HB-004199,Prestige Congres,hotel,"Hospitalet de Llobregat, l'",081017,,4 estrelles,,,320.0,160.0,937.0,,,,,,,,,
HB-004200,Sixtytwo Barcelona,hotel,Barcelona,080193,la Dreta de l'Eixample,4 estrelles,4.0,hotel_estrellas,84.0,45.0,688.0,41.39295484694663,2.164494179716713,exacta,294.42,€€€,157.72,€€€€,False,observado
HB-004201,Sagrada Família,hotel,Barcelona,080193,la Sagrada Família,3 estrelles,3.0,hotel_estrellas,141.0,86.0,523.0,41.40591097677745,2.17158051155554,exacta,122.6,€€,74.78,€€€,False,observado
HB-004202,Hilton Diagonal Mar,hotel,Barcelona,080193,Diagonal Mar i el Front Marítim del Poblenou,4 estrelles,4.0,hotel_estrellas,862.0,431.0,281.0,41.40827149175515,2.218377295428622,exacta,809.0,€€€€,404.5,€€€€,False,observado
HB-004203,Ciutat de Sant Adrià,hotel,Sant Adrià de Besòs,081944,,2 estrelles,,,24.0,24.0,515.0,41.42992401,2.2212911,geocodificada,,,,,,
HB-004204,Barceló Hotel Atenea Mar,hotel,Barcelona,080193,Diagonal Mar i el Front Marítim del Poblenou,4 estrelles,4.0,hotel_estrellas,346.0,191.0,4.0,41.4024533163308,2.211829316746771,exacta,209.5399932861328,€€€,115.67,€€€,True,suficiente
HB-004205,Ciutat Martorell,hotel,Martorell,081141,,3 estrelles,,,184.0,92.0,952.0,,,,,,,,,
HB-004206,Hostal Eden III,hotel,Barcelona,080193,l'Antiga Esquerra de l'Eixample,No aplica,,sin_estrellas,8.0,6.0,508.0,41.38949575,2.1622051,geocodificada,111.11000061035156,€€,83.33,€€€,True,suficiente
HB-004207,"The Hoxton, Poblenou",hotel,Barcelona,080193,el Parc i la Llacuna del Poblenou,4 estrelles,4.0,hotel_estrellas,480.0,240.0,951.0,41.40393173856846,2.1903273937000427,exacta,303.93,€€€€,151.96,€€€€,False,observado
HB-004208,Palou,hotel,Sant Pere de Ribes,082310,,3 estrelles,,,20.0,10.0,574.0,41.26267951,1.77837883,geocodificada,,,,,,
HB-004209,Casa Camper,hotel,Barcelona,080193,el Raval,4 estrelles,4.0,hotel_estrellas,50.0,25.0,313.0,41.38329847544325,2.1685101370536484,exacta,224.66,€€€,112.33,€€€,False,observado
HB-004210,HOTEL CATALONIA LA MAQUINISTA,hotel,Barcelona,080193,el Bon Pastor,4 estrelles,4.0,hotel_estrellas,180.0,92.0,83.0,41.43929677845805,2.199877157601278,exacta,93.69,€,47.89,€€,False,observado
HB-004211,H10 Universitat,hotel,Barcelona,080193,la Dreta de l'Eixample,4 estrelles,4.0,hotel_estrellas,156.0,94.0,502.0,41.38685374561615,2.16664300883231,exacta,174.4499969482422,€€,105.12,€€€,True,suficiente
HB-004212,HOTEL LEONARDO GRAN VIA,hotel,Barcelona,080193,la Nova Esquerra de l'Eixample,3 estrelles,3.0,hotel_estrellas,200.0,100.0,958.0,41.38112756977953,2.1548907267364816,exacta,154.75999450683594,€€,77.38,€€€,True,suficiente
HB-004213,HOTEL PULITZER,hotel,Barcelona,080193,la Dreta de l'Eixample,4 estrelles superior,4.5,hotel_estrellas,178.0,91.0,553.0,41.38615564886564,2.1683742623160835,exacta,198.25,€€€,101.35,€€€,False,observado
HB-004214,Zenit Borrell,hotel,Barcelona,080193,la Nova Esquerra de l'Eixample,4 estrelles,4.0,hotel_estrellas,101.0,74.0,979.0,41.38599346732167,2.151445135952773,exacta,198.66,€€€,145.55,€€€€,False,observado
HB-004215,HOSTAL ROC BLANC,hotel,Terrassa,082798,,No aplica,,,13.0,10.0,639.0,41.55489899,1.9997761,geocodificada,,,,,,
HB-004217,Castell de l'Oliver,hotel,Sant Vicenç de Montalt,082649,,4 estrelles,,,14.0,7.0,592.0,41.58716215,2.51706698,geocodificada,,,,,,
HB-004218,HOTEL EUROSTARS SITGES,hotel,Sitges,082704,,5 estrelles,,,523.0,263.0,931.0,41.22922297,1.77293979,geocodificada,,,,,,
HB-004219,Casa Fuster,hotel,Barcelona,080193,la Vila de Gràcia,Gran luxe,5.0,hotel_estrellas,210.0,105.0,270.0,41.39801599366713,2.158025884692545,exacta,226.36,€€€,113.18,€€€,False,observado
HB-004220,Silken Concordia,hotel,Barcelona,080193,el Poble Sec,4 estrelles,4.0,hotel_estrellas,176.0,88.0,579.0,41.37483551026784,2.161173954583217,exacta,150.1,€€,75.05,€€€,False,observado
HB-004222,"Inn Ninot Barcelona, S.L.",hotel,Barcelona,080193,l'Antiga Esquerra de l'Eixample,No aplica,,sin_estrellas,12.0,8.0,913.0,41.39187227,2.15227872,geocodificada,115.66000366210938,€€,77.11,€€€,True,suficiente
HB-004223,Leonardo Royal Hotel Barcelona Forum,hotel,Barcelona,080193,Diagonal Mar i el Front Marítim del Poblenou,4 estrelles,4.0,hotel_estrellas,736.0,368.0,943.0,41.410204014174376,2.21869540018755,exacta,205.1,€€€,102.55,€€€,False,observado
HB-004224,EUROHOTEL GRAN VIA FIRA,hotel,"Hospitalet de Llobregat, l'",081017,,4 estrelles,,,216.0,116.0,691.0,,,,,,,,,
HB-004225,Barcelona Center Inn,hotel,Barcelona,080193,la Dreta de l'Eixample,No aplica,,sin_estrellas,10.0,6.0,596.0,41.39424719,2.17396557,geocodificada,117.01000213623048,€€,70.21,€€€,True,suficiente
HB-004226,Hesperia Tower,hotel,"Hospitalet de Llobregat, l'",081017,,5 estrelles,,,562.0,281.0,221.0,,,,,,,,,
HB-004227,Jazz,hotel,Barcelona,080193,la Dreta de l'Eixample,3 estrelles,3.0,hotel_estrellas,216.0,108.0,338.0,41.38594482150712,2.165871871325046,exacta,185.13,€€€,92.56,€€€,False,observado
HB-004228,KALMA SITGES HOTEL,hotel,Sitges,082704,,4 estrelles,,,61.0,46.0,593.0,41.23427436,1.80520251,geocodificada,,,,,,
HB-004229,Sunway Playa Golf,hotel,Sitges,082704,,4 estrelles,,,443.0,122.0,211.0,41.22424251,1.78438609,geocodificada,,,,,,
HB-004230,Aranea,hotel,Barcelona,080193,el Fort Pienc,3 estrelles,3.0,hotel_estrellas,140.0,84.0,7.0,41.398539783459846,2.1757825400899518,exacta,123.31,€€,73.99,€€€,False,observado
HB-004231,Cram,hotel,Barcelona,080193,l'Antiga Esquerra de l'Eixample,4 estrelles,4.0,hotel_estrellas,134.0,67.0,,41.3880747357833,2.159984736019471,exacta,154.38,€€,77.19,€€€,False,observado
HB-004232,Raval Rooms,hotel,Barcelona,080193,el Raval,No aplica,,sin_estrellas,48.0,31.0,605.0,41.37946319,2.16664817,geocodificada,125.47000122070312,€€,81.03,€€€,True,justo
HB-004233,Pere IV,hotel,Barcelona,080193,el Parc i la Llacuna del Poblenou,4 estrelles,4.0,hotel_estrellas,353.0,191.0,134.0,41.39703348538714,2.1923892777719374,exacta,177.02000427246094,€€€,95.78,€€€,True,suficiente
HB-004235,Ciutat del Prat,hotel,"Prat de Llobregat, el",081691,,4 estrelles,,,228.0,130.0,134.0,,,,,,,,,
HB-004236,Citypark Pelai,hotel,Barcelona,080193,la Dreta de l'Eixample,2 estrelles,2.0,hotel_estrellas,69.0,47.0,127.0,41.385984347232885,2.165454650325526,exacta,146.14999389648438,€€,99.55,€€€,True,suficiente
HB-004237,HLG Citypark Sant Just,hotel,Sant Just Desvern,082212,,4 estrelles,,,228.0,120.0,56.0,41.38009991,2.05678835,geocodificada,,,,,,
HB-004239,Granados 83,hotel,Barcelona,080193,l'Antiga Esquerra de l'Eixample,4 estrelles superior,4.5,hotel_estrellas,135.0,77.0,495.0,41.39188397012157,2.156845487991017,exacta,321.52,€€€€,183.39,€€€€,False,observado
HB-004240,Hostal Sant Sadurní,hotel,Sant Sadurní d'Anoia,082401,,No aplica,,,16.0,10.0,,41.42354807,1.78431271,geocodificada,,,,,,
HB-004241,Fashion House,hotel,Barcelona,080193,la Dreta de l'Eixample,No aplica,,sin_estrellas,16.0,8.0,1015.0,41.39022887,2.1747675,geocodificada,100.15,€€,50.08,€€,False,observado
HB-004243,Amister,hotel,Barcelona,080193,la Nova Esquerra de l'Eixample,4 estrelles,4.0,hotel_estrellas,118.0,59.0,426.0,41.384358086929325,2.15149492306307,exacta,111.25,€€,55.62,€€,False,observado
HB-004245,Hostal LK Barcelona,hotel,Barcelona,080193,Hostafrancs,No aplica,,sin_estrellas,24.0,13.0,746.0,41.37633001,2.14558182,geocodificada,111.61,€€,60.46,€€,False,observado
HB-004246,Montemar Marítim,hotel,Santa Susanna,082613,,4 estrelles,,,371.0,187.0,264.0,41.63120361,2.7170899,geocodificada,,,,,,
HB-004247,SB Icària Barcelona Hotel,hotel,Barcelona,080193,la Vila Olímpica del Poblenou,4 estrelles,4.0,hotel_estrellas,298.0,180.0,290.0,41.39354882137261,2.1993876749895045,exacta,160.56,€€,96.98,€€€,False,observado
HB-004248,La Ciudadela,hotel,Barcelona,080193,"Sant Pere, Santa Caterina i la Ribera",1 estrella,1.0,hotel_estrellas,28.0,18.0,409.0,41.38955284988465,2.1836142474250586,exacta,134.58,€€,86.52,€€€,False,observado
HB-004249,Catalonia Eixample 1864,hotel,Barcelona,080193,la Dreta de l'Eixample,4 estrelles,4.0,hotel_estrellas,242.0,124.0,323.0,41.39361699600464,2.168446303614445,exacta,294.27,€€€,150.78,€€€€,False,observado
HB-004250,MEDICAL HOME BARCELONA MADRID SL,hotel,Barcelona,080193,la Dreta de l'Eixample,No aplica,,sin_estrellas,16.0,10.0,,41.39111277,2.17096072,geocodificada,130.08999633789062,€€,81.31,€€€,True,suficiente
HB-004251,Montserrat Hotel Training  Center,hotel,Collbató,080692,,3 estrelles,,,223.0,113.0,981.0,,,,,,,,,
HB-004252,Dolce Barcelona Resort by Wyndham,hotel,Sant Esteve Sesrovires,082080,,4 estrelles superior,,,300.0,150.0,934.0,41.50333972,1.88072625,geocodificada,,,,,,
HB-004253,Mar Blava Apart-Hotel,hotel,Cubelles,080749,,2 estrelles,,,30.0,15.0,477.0,41.19811857,1.65871779,geocodificada,,,,,,
HB-004254,Mar Blava 2 Apart-Hotel,hotel,Cubelles,080749,,2 estrelles,,,30.0,15.0,293.0,41.19820642,1.65958736,geocodificada,,,,,,
HB-004255,Luxtal,hotel,Barcelona,080193,Hostafrancs,No aplica,,sin_estrellas,10.0,5.0,611.0,41.37966677,2.1430828,geocodificada,113.76000213623048,€€,56.88,€€,True,suficiente
HB-004256,Holiday Inn Express Molins de Rei,hotel,Molins de Rei,081234,,3 estrelles,,,222.0,111.0,498.0,,,,,,,,,
HB-004258,HOTEL IBIS MONTMELÓ,hotel,Granollers,080961,,2 estrelles,,,200.0,100.0,299.0,41.57044657,2.26530338,geocodificada,,,,,,
HB-004259,Ilunion Bel Art,hotel,Barcelona,080193,el Baix Guinardó,4 estrelles,4.0,hotel_estrellas,165.0,94.0,170.0,41.41016647281284,2.169515153338363,exacta,167.27,€€,95.29,€€€,False,observado
HB-004261,Molí de la Torre,hotel,Bigues i Riells del Fai del Fai,080235,,3 estrelles,,,26.0,13.0,573.0,,,,,,,,,
HB-004263,GRAN HOTEL LA FLORIDA,hotel,Barcelona,080193,"Vallvidrera, el Tibidabo i les Planes",Gran luxe,5.0,hotel_estrellas,140.0,70.0,248.0,41.42565250707581,2.1212427361500685,exacta,302.86,€€€€,151.43,€€€€,False,observado
HB-004264,Hostal Ciudad Condal 2,hotel,Barcelona,080193,la Dreta de l'Eixample,No aplica,,sin_estrellas,11.0,6.0,993.0,41.39330502,2.16166969,geocodificada,111.11000061035156,€€,60.61,€€,True,suficiente
HB-004265,La Violeta,hotel,Castellterçol,080641,,4 estrelles,,,12.0,6.0,627.0,41.75012474,2.12340996,geocodificada,,,,,,
HB-004266,Hostal Badaloni,hotel,Badalona,080155,,No aplica,,,22.0,11.0,591.0,41.4458411,2.23808347,geocodificada,,,,,,
HB-004267,IBIS BARCELONA MOLINS DE REI,hotel,Molins de Rei,081234,,2 estrelles,,,208.0,104.0,41.0,41.41515613,2.0121411,geocodificada,,,,,,
HB-004268,BCN-Montjuic Servicios Inmobiliarios,hotel,Barcelona,080193,la Font de la Guatlla,3 estrelles,3.0,hotel_estrellas,114.0,57.0,285.0,41.37014880241207,2.14414786098601,exacta,130.2899932861328,€€,65.14,€€,True,suficiente
HB-004269,Calasanz,hotel,Molins de Rei,081234,,3 estrelles,,,36.0,24.0,501.0,41.40913086,2.02028096,geocodificada,,,,,,
HB-004270,Atrium Palace,hotel,Barcelona,080193,la Dreta de l'Eixample,4 estrelles,4.0,hotel_estrellas,134.0,67.0,530.0,41.39094745935365,2.1707177028670186,exacta,169.19,€€,84.6,€€€,False,observado
HB-004271,HOTEL BARCELONA CATEDRAL,hotel,Barcelona,080193,el Barri Gòtic,4 estrelles superior,4.5,hotel_estrellas,160.0,80.0,339.0,41.38481520145631,2.1750576014458023,exacta,208.47000122070312,€€€,104.24,€€€,True,suficiente
HB-004272,SERCOTEL SANT BOI,hotel,Sant Boi de Llobregat,082009,,3 estrelles,,,248.0,124.0,826.0,41.32420097,2.03275083,geocodificada,,,,,,
HB-004273,SiR Victor Hotel,hotel,Barcelona,080193,la Dreta de l'Eixample,5 estrelles,5.0,hotel_estrellas,182.0,91.0,887.0,41.3962267388646,2.160986828869708,exacta,653.56,€€€€,326.78,€€€€,False,observado
HB-004278,SUNOTEL JUNIOR,hotel,Barcelona,080193,la Nova Esquerra de l'Eixample,2 estrelles,2.0,hotel_estrellas,44.0,34.0,491.0,41.389839073738685,2.1473509838197558,exacta,134.47000122070312,€€,103.91,€€€,True,suficiente
HB-004280,GRAND HOTEL CENTRAL,hotel,Barcelona,080193,"Sant Pere, Santa Caterina i la Ribera",5 estrelles,5.0,hotel_estrellas,272.0,147.0,693.0,41.38494628095664,2.177669150538514,exacta,360.22,€€€€,194.68,€€€€,False,observado
HB-004282,BB Hotel Barcelona Mollet,hotel,Mollet del Vallès,081249,,1 estrella,,,160.0,80.0,945.0,41.54218831,2.22278441,geocodificada,,,,,,
HB-004283,Ilunion Auditori,hotel,Barcelona,080193,el Fort Pienc,3 estrelles,3.0,hotel_estrellas,216.0,108.0,165.0,41.39592129793331,2.18119263000691,exacta,156.88999938964844,€€,78.44,€€€,True,suficiente
HB-004284,Masia Mas Trader,hotel,Cubelles,080749,,1 estrella,,,23.0,12.0,939.0,41.2243113,1.65877032,geocodificada,,,,,,
HB-004285,GRACIA GARDEN,hotel,Barcelona,080193,la Vila de Gràcia,No aplica,,sin_estrellas,24.0,12.0,835.0,41.39829104,2.15744484,geocodificada,173.03,€€,86.52,€€€,False,observado
HB-004286,HOTEL VINCCI MARÍTIMO,hotel,Barcelona,080193,Diagonal Mar i el Front Marítim del Poblenou,4 estrelles,4.0,hotel_estrellas,288.0,144.0,172.0,41.4081108740704,2.212527298257556,exacta,297.83,€€€,148.92,€€€€,False,observado
HB-004287,NH COLLECTION CONSTANZA,hotel,Barcelona,080193,les Corts,4 estrelles,4.0,hotel_estrellas,618.0,308.0,124.0,41.3889342026126,2.136308559177166,exacta,183.08,€€€,91.24,€€€,False,observado
HB-004288,Barcelona City North,hotel,Barcelona,080193,el Putxet i el Farró,No aplica,,sin_estrellas,18.0,9.0,630.0,41.40370126,2.14662564,geocodificada,107.4,€€,53.7,€€,False,observado
HB-004289,AC Gavà Mar,hotel,Gavà,080898,,4 estrelles,,,138.0,69.0,940.0,41.26809365,2.02473526,geocodificada,,,,,,
HB-004290,Actual,hotel,Barcelona,080193,la Dreta de l'Eixample,3 estrelles,3.0,hotel_estrellas,70.0,35.0,136.0,41.39604936987211,2.161124615504911,exacta,150.60000610351562,€€,75.3,€€€,True,suficiente
HB-004291,Mas de Baix,hotel,Cabrils,080305,,4 estrelles,,,17.0,9.0,608.0,41.52482685,2.3691425,geocodificada,,,,,,
HB-004292,Hostal Agua Alegre,hotel,Barcelona,080193,la Dreta de l'Eixample,No aplica,,sin_estrellas,13.0,7.0,,41.39291014,2.16896321,geocodificada,105.29000091552734,€€,56.69,€€,True,suficiente
HB-004293,L'Hostalet de la Merceria,hotel,Figaró-Montmany,081347,,2 estrelles,,,5.0,3.0,,41.72174951,2.2732995,geocodificada,,,,,,
HB-004295,HOTEL SB BCN EVENTS,hotel,Castelldefels,080569,,4 estrelles superior,,,736.0,323.0,290.0,41.28149693,1.98999629,geocodificada,,,,,,
HB-004296,Barcelona Center,hotel,Barcelona,080193,l'Antiga Esquerra de l'Eixample,4 estrelles,4.0,hotel_estrellas,262.0,132.0,271.0,41.39174920826254,2.1592763481264403,exacta,159.89,€€,80.56,€€€,False,observado
HB-004297,Barcelona Airport,hotel,"Prat de Llobregat, el",081691,,4 estrelles,,,501.0,259.0,500.0,,,,,,,,,
HB-004298,SUNOTEL ASTON,hotel,Barcelona,080193,la Nova Esquerra de l'Eixample,3 estrelles,3.0,hotel_estrellas,137.0,80.0,491.0,41.3894153824004,2.147431119447276,exacta,143.5800018310547,€€,83.84,€€€,True,suficiente
HB-004300,Eurostars Anglí,hotel,Barcelona,080193,Sarrià,4 estrelles,4.0,hotel_estrellas,96.0,48.0,613.0,41.4031284407866,2.123133575987476,exacta,160.49000549316406,€€,80.25,€€€,True,suficiente
HB-004301,Holiday In Express Granollers,hotel,Granollers,080961,,3 estrelles,,,200.0,100.0,498.0,41.56975252,2.26576117,geocodificada,,,,,,
HB-004302,Barcelona Princess,hotel,Barcelona,080193,Diagonal Mar i el Front Marítim del Poblenou,4 estrelles,4.0,hotel_estrellas,728.0,364.0,458.0,41.4110045090144,2.218573600631514,exacta,590.96,€€€€,295.48,€€€€,False,observado
HB-004303,Serhs del Port,hotel,Barcelona,080193,el Raval,3 estrelles,3.0,hotel_estrellas,77.0,48.0,49.0,41.37502470594311,2.172491156193394,exacta,140.83,€€,87.79,€€€,False,observado
HB-004304,AC Irla,hotel,Barcelona,080193,Sant Gervasi - Galvany,3 estrelles,3.0,hotel_estrellas,63.0,36.0,115.0,41.394843835098754,2.1434923809957,exacta,138.3000030517578,€€,79.03,€€€,True,suficiente
HB-004305,Madanis,hotel,"Hospitalet de Llobregat, l'",081017,,4 estrelles,,,60.0,30.0,510.0,,,,,,,,,
HB-004307,Hostal HMB,hotel,Barcelona,080193,la Vila de Gràcia,No aplica,,sin_estrellas,40.0,28.0,625.0,41.39847748,2.1598078,geocodificada,121.91999816894533,€€,85.34,€€€,True,justo
HB-004308,Petit Palace Museum,hotel,Barcelona,080193,la Dreta de l'Eixample,4 estrelles,4.0,hotel_estrellas,122.0,61.0,171.0,41.38892315462137,2.1652548921021864,exacta,174.4499969482422,€€,87.22,€€€,True,suficiente
HB-004309,Petit Palace BCN,hotel,Barcelona,080193,la Dreta de l'Eixample,4 estrelles,4.0,hotel_estrellas,67.0,37.0,171.0,41.39103750558952,2.1714827736630458,exacta,168.3699951171875,€€,92.98,€€€,True,suficiente
HB-004310,Petit Palace Opera Garden,hotel,Barcelona,080193,el Barri Gòtic,4 estrelles,4.0,hotel_estrellas,189.0,103.0,171.0,41.38142179607159,2.173957740803392,exacta,163.75,€€,89.24,€€€,False,observado
HB-004311,TRAVELODGE BARCELONA CORNELLÁ FIRA,hotel,Cornellà de Llobregat,080734,,3 estrelles,,,276.0,138.0,942.0,41.34822754,2.08287932,geocodificada,,,,,,
HB-004312,BCN Port,hotel,Barcelona,080193,el Poble Sec,No aplica,,sin_estrellas,56.0,32.0,590.0,41.37448067,2.17473487,geocodificada,99.12,€,56.64,€€,False,observado
HB-004313,Ilunion Barcelona,hotel,Barcelona,080193,el Poblenou,4 estrelles,4.0,hotel_estrellas,448.0,224.0,165.0,41.39879429127325,2.202607059469988,exacta,157.69,€€,78.84,€€€,False,observado
HB-004314,HOTEL INDIGO BARCELONA PLAZA ESPAÑA,hotel,Barcelona,080193,la Font de la Guatlla,4 estrelles,4.0,hotel_estrellas,360.0,189.0,309.0,41.3733165097944,2.1472832541315308,exacta,168.62,€€,88.53,€€€,False,observado
HB-004316,Suitesbarcelona,hotel,Barcelona,080193,la Dreta de l'Eixample,No aplica,,sin_estrellas,14.0,7.0,589.0,41.39332113,2.16010362,geocodificada,172.47,€€,86.24,€€€,False,observado
HB-004317,Romaní,hotel,Caldes d'Estrac,080327,,No aplica,,,7.0,4.0,,,,,,,,,,
HB-004318,Sofitel Skipper Barcelona,hotel,Barcelona,080193,la Barceloneta,5 estrelles,5.0,hotel_estrellas,482.0,241.0,948.0,41.38605535022618,2.1947558032935275,exacta,288.12,€€€,144.06,€€€€,False,observado
HB-004319,B-hotel,hotel,Barcelona,080193,la Nova Esquerra de l'Eixample,3 estrelles,3.0,hotel_estrellas,168.0,84.0,205.0,41.37653339269045,2.1505627650478845,exacta,149.44,€€,74.72,€€€,False,observado
HB-004320,Fonda Neus 2,hotel,Sant Sadurní d'Anoia,082401,,1 estrella,,,18.0,10.0,,41.42404627,1.78915176,geocodificada,,,,,,
HB-004321,Abac restaurant  hotel,hotel,Barcelona,080193,Sant Gervasi - la Bonanova,Gran luxe,5.0,hotel_estrellas,30.0,15.0,319.0,41.410687165714535,2.136538939015184,exacta,270.510009765625,€€€,135.26,€€€€,True,justo
HB-004322,Ibis Budget Barcelona Aeropuerto Viladecans,hotel,Viladecans,083015,,No aplica,,,198.0,99.0,41.0,41.32163142,2.02864042,geocodificada,,,,,,
HB-004323,IBIS BARCELONA AEROPUERTO VILADECANS,hotel,Viladecans,083015,,1 estrella,,,204.0,102.0,41.0,41.32163142,2.02864042,geocodificada,,,,,,
HB-004324,Cal Batlle,hotel,Sant Celoni,082021,,4 estrelles,,,22.0,12.0,665.0,41.68712399,2.49179033,geocodificada,,,,,,
HB-004325,Holiday Inn Express Barcelona City 22@,hotel,Barcelona,080193,el Poblenou,3 estrelles,3.0,hotel_estrellas,372.0,186.0,498.0,41.40158259154649,2.197904675794053,exacta,263.59,€€€,131.79,€€€€,False,observado
HB-004326,Mariano Cubí,hotel,Barcelona,080193,Sant Gervasi - Galvany,4 estrelles,4.0,hotel_estrellas,134.0,67.0,481.0,41.398196625069225,2.149429914329515,exacta,155.92,€€,77.96,€€€,False,observado
HB-004327,Axel,hotel,Barcelona,080193,l'Antiga Esquerra de l'Eixample,4 estrelles,4.0,hotel_estrellas,195.0,105.0,539.0,41.387490427552414,2.1603936374778963,exacta,178.55,€€€,96.14,€€€,False,observado
HB-004328,H10 Montcada,hotel,Barcelona,080193,"Sant Pere, Santa Caterina i la Ribera",3 estrelles,3.0,hotel_estrellas,95.0,79.0,470.0,41.38435696745752,2.178450594247824,exacta,252.98,€€€,210.37,€€€€,False,observado
HB-004329,Villa Emilia,hotel,Barcelona,080193,la Nova Esquerra de l'Eixample,4 estrelles,4.0,hotel_estrellas,106.0,53.0,580.0,41.38028439778812,2.154115367780378,exacta,223.93,€€€,111.96,€€€,False,observado
HB-004330,Hesperia Fira Suites,hotel,"Hospitalet de Llobregat, l'",081017,,5 estrelles,,,104.0,52.0,221.0,,,,,,,,,
HB-004333,ONIX LICEO,hotel,Barcelona,080193,el Raval,3 estrelles,3.0,hotel_estrellas,83.0,45.0,50.0,41.37805924615935,2.17308711223,exacta,121.36,€€,65.8,€€,False,observado
HB-004335,AC Sants,hotel,Barcelona,080193,Sants,4 estrelles,4.0,hotel_estrellas,140.0,78.0,326.0,41.377530266461655,2.138753603551999,exacta,149.9600067138672,€€,83.55,€€€,True,suficiente
HB-004337,Barceló Raval,hotel,Barcelona,080193,el Raval,4 estrelles superior,4.5,hotel_estrellas,372.0,186.0,314.0,41.378995850230304,2.1694615473557786,exacta,162.76,€€,81.38,€€€,False,observado
HB-004338,Rondas Lesseps,hotel,Barcelona,080193,Vallcarca i els Penitents,4 estrelles,4.0,hotel_estrellas,112.0,59.0,370.0,41.40874704534156,2.1478692995945443,exacta,122.26,€€,64.4,€€,False,observado
HB-004339,Eurostars Ramblas Boqueria,hotel,Barcelona,080193,el Raval,3 estrelles,3.0,hotel_estrellas,54.0,30.0,686.0,41.3821801293001,2.1721576087440453,exacta,135.88,€€,75.49,€€€,False,observado
HB-004340,Attica21 Barcelona Mar,hotel,Barcelona,080193,Diagonal Mar i el Front Marítim del Poblenou,4 estrelles,4.0,hotel_estrellas,150.0,75.0,922.0,41.4054241634595,2.212212839257979,exacta,861.1250000000001,€€€€,430.56,€€€€,False,observado
HB-004343,QGAT Vallès,hotel,Sant Cugat del Vallès,082055,,4 estrelles,,,98.0,33.0,232.0,41.48595003,2.05485135,geocodificada,,,,,,
HB-004344,Hostal Central,hotel,Barcelona,080193,la Dreta de l'Eixample,No aplica,,sin_estrellas,12.0,8.0,513.0,41.38644605,2.16561028,geocodificada,105.63999938964844,€€,70.43,€€€,True,suficiente
HB-004345,Pestana Arena Barcelona,hotel,Barcelona,080193,Hostafrancs,4 estrelles,4.0,hotel_estrellas,168.0,84.0,174.0,41.376795061952784,2.146045971839959,exacta,114.5,€€,57.25,€€,False,observado
HB-004346,Catalonia Rigoletto,hotel,Barcelona,080193,la Maternitat i Sant Ramon,4 estrelles,4.0,hotel_estrellas,127.0,65.0,348.0,41.38559578892902,2.1252974604201382,exacta,208.44,€€€,106.68,€€€,False,observado
HB-004348,Sunotel Central,hotel,Barcelona,080193,Sant Antoni,4 estrelles,4.0,hotel_estrellas,119.0,80.0,491.0,41.38420406769885,2.16174738288558,exacta,173.02000427246094,€€,116.32,€€€,True,suficiente
HB-004349,1898,hotel,Barcelona,080193,el Raval,4 estrelles superior,4.5,hotel_estrellas,329.0,169.0,205.0,41.38351958772667,2.1712028468782907,exacta,240.44,€€€,123.51,€€€€,False,observado
HB-004350,HOTEL NOBU BARCELONA,hotel,Barcelona,080193,Hostafrancs,Gran luxe,5.0,hotel_estrellas,518.0,259.0,179.0,41.37973333279287,2.142381968559444,exacta,289.93,€€€,144.96,€€€€,False,observado
HB-004352,Eurostars Lex,hotel,"Hospitalet de Llobregat, l'",081017,,4 estrelles,,,92.0,46.0,685.0,,,,,,,,,
HB-004353,GRAN HOTEL MEDINACELI,hotel,Barcelona,080193,el Barri Gòtic,4 estrelles superior,4.5,hotel_estrellas,147.0,74.0,576.0,41.37820361812157,2.178662335514303,exacta,202.16000366210935,€€€,101.77,€€€,True,suficiente
HB-004354,TOC HOTEL LAS RAMBLAS,hotel,Barcelona,080193,el Raval,1 estrella,1.0,hotel_estrellas,32.0,24.0,294.0,41.38235349588175,2.1705067337945483,exacta,223.3,€€€,167.48,€€€€,False,observado
HB-004355,Hostal Caballero San Juan - Ramblas Rooms,hotel,Barcelona,080193,la Dreta de l'Eixample,No aplica,,sin_estrellas,11.0,6.0,575.0,41.39177098,2.17923545,geocodificada,108.79000091552734,€€,59.34,€€,True,suficiente
HB-004356,Can Mora de Dalt,hotel,Sant Vicenç de Montalt,082649,,3 estrelles,,,19.0,11.0,,,,,,,,,,
HB-004358,Melia Barcelona Sky,hotel,Barcelona,080193,el Poblenou,4 estrelles superior,4.5,hotel_estrellas,318.0,162.0,166.0,41.40625060425398,2.2005898552861654,exacta,196.50999450683597,€€€,100.11,€€€,True,suficiente
HB-004360,Market,hotel,Barcelona,080193,Sant Antoni,3 estrelles,3.0,hotel_estrellas,36.0,20.0,582.0,41.379258633085314,2.160584026300663,exacta,126.26,€€,70.14,€€€,False,observado
HB-004361,Martina,hotel,Barcelona,080193,la Dreta de l'Eixample,No aplica,,sin_estrellas,7.0,4.0,560.0,41.39369461,2.17507165,geocodificada,112.5999984741211,€€,64.34,€€,True,suficiente
HB-004363,H10 Casanova,hotel,Barcelona,080193,l'Antiga Esquerra de l'Eixample,4 estrelles,4.0,hotel_estrellas,241.0,124.0,470.0,41.38425728199812,2.160937711962806,exacta,176.4,€€€,90.76,€€€,False,observado
HB-004365,LIMONAIA 1,hotel,Barcelona,080193,la Dreta de l'Eixample,No aplica,,sin_estrellas,10.0,5.0,1000.0,41.39620261,2.16134209,geocodificada,125.0500030517578,€€,62.53,€€,True,suficiente
HB-004366,Limonaia 2,hotel,Barcelona,080193,la Dreta de l'Eixample,No aplica,,sin_estrellas,12.0,6.0,417.0,41.39620261,2.16134209,geocodificada,125.0500030517578,€€,62.53,€€,True,suficiente
HB-004367,LIMONAIA 3,hotel,Barcelona,080193,la Dreta de l'Eixample,No aplica,,sin_estrellas,12.0,6.0,,41.39620261,2.16134209,geocodificada,125.0500030517578,€€,62.53,€€,True,suficiente
HB-004368,Hostal Plaza Goya Bcn 1,hotel,Barcelona,080193,Sant Antoni,No aplica,,sin_estrellas,12.0,6.0,1038.0,41.38412229,2.16354684,geocodificada,109.27999877929688,€€,54.64,€€,True,suficiente
HB-004369,HOTEL CATALONIA LA BOQUERIA,hotel,Barcelona,080193,el Raval,3 estrelles,3.0,hotel_estrellas,130.0,70.0,921.0,41.38098411334437,2.172122536801932,exacta,149.82,€€,80.67,€€€,False,observado
HB-004370,Miramar,hotel,Barcelona,080193,el Poble Sec,Gran luxe,5.0,hotel_estrellas,150.0,75.0,160.0,41.37082533668786,2.171029603858893,exacta,255.19,€€€,127.6,€€€€,False,observado
HB-004371,HOTEL 54 BARCELONETA,hotel,Barcelona,080193,la Barceloneta,3 estrelles,3.0,hotel_estrellas,36.0,20.0,844.0,41.37708405152949,2.1888146866302938,exacta,178.95,€€€,99.42,€€€,False,observado
HB-004372,Ibis Barcelona Plaça Glories 22@,hotel,Barcelona,080193,el Parc i la Llacuna del Poblenou,2 estrelles,2.0,hotel_estrellas,294.0,147.0,41.0,41.40109113013275,2.194353048792864,exacta,152.5800018310547,€€,76.29,€€€,True,suficiente
HB-004373,NAITLY BARCELONA POBLENOU,hotel,Barcelona,080193,el Parc i la Llacuna del Poblenou,4 estrelles,4.0,hotel_estrellas,194.0,97.0,961.0,41.397756260768254,2.188884986209947,exacta,168.11,€€,84.06,€€€,False,observado
HB-004374,Hotel Casa Sagnier,hotel,Barcelona,080193,la Dreta de l'Eixample,5 estrelles,5.0,hotel_estrellas,93.0,51.0,42.0,41.39409023435555,2.159638847196222,exacta,256.46,€€€,140.64,€€€€,False,observado
HB-004375,Atlas,hotel,Barcelona,080193,el Barri Gòtic,3 estrelles,3.0,hotel_estrellas,36.0,20.0,267.0,41.3819937601075,2.173411024440062,exacta,149.3699951171875,€€,82.98,€€€,True,suficiente
HB-004376,Room Mate Carla,hotel,Barcelona,080193,la Dreta de l'Eixample,4 estrelles,4.0,hotel_estrellas,155.0,88.0,240.0,41.39637793333202,2.166097146888065,exacta,153.02,€€,86.88,€€€,False,observado
HB-004377,Barcelona Hotel Colonial,hotel,Barcelona,080193,el Barri Gòtic,4 estrelles,4.0,hotel_estrellas,161.0,82.0,126.0,41.382391407459735,2.18068485341705,exacta,161.99,€€,82.5,€€€,False,observado
HB-004378,Hotel Barcelona Condal Mar,hotel,Barcelona,080193,Provençals del Poblenou,4 estrelles,4.0,hotel_estrellas,356.0,178.0,166.0,41.41267591709274,2.2091044174393395,exacta,216.52,€€€,108.26,€€€,False,observado
HB-004379,Catalonia Ramblas,hotel,Barcelona,080193,el Raval,4 estrelles superior,4.5,hotel_estrellas,433.0,221.0,323.0,41.38565439662025,2.166874143773639,exacta,171.29,€€,87.43,€€€,False,observado
HB-004380,Abba Rambla Hotel,hotel,Barcelona,080193,el Raval,3 estrelles,3.0,hotel_estrellas,98.0,49.0,1.0,41.37947176507622,2.167905493015968,exacta,115.46,€€,57.73,€€,False,observado
HB-004381,Llagotel II,hotel,"Llagosta, la",081056,,No aplica,,,6.0,3.0,391.0,,,,,,,,,
HB-004382,Llagotel III,hotel,"Llagosta, la",081056,,1 estrella,,,32.0,20.0,391.0,,,,,,,,,
HB-004383,Hotel  Spa Villa Olimpic@ Suites,hotel,Barcelona,080193,el Parc i la Llacuna del Poblenou,4 estrelles,4.0,hotel_estrellas,288.0,150.0,244.0,41.39724415106169,2.1923020609167057,exacta,192.56,€€€,100.29,€€€,False,observado
HB-004385,Hostal Rambla,hotel,Sant Boi de Llobregat,082009,,No aplica,,,19.0,11.0,568.0,41.34745907,2.0418899,geocodificada,,,,,,
HB-004386,The Praktik,hotel,Barcelona,080193,la Dreta de l'Eixample,No aplica,,sin_estrellas,69.0,42.0,617.0,41.39376515,2.17133942,geocodificada,150.23,€€,91.44,€€€,False,observado
HB-004387,SB Diagonal Zero,hotel,Barcelona,080193,el Besòs i el Maresme,4 estrelles superior,4.5,hotel_estrellas,524.0,262.0,290.0,41.41180220577746,2.2193500158438,exacta,272.37,€€€,136.18,€€€€,False,observado
HB-004388,Blanc Guesthouse,hotel,Barcelona,080193,Sant Gervasi - Galvany,No aplica,,sin_estrellas,20.0,11.0,1022.0,41.39655222,2.1509142,geocodificada,153.18,€€,84.25,€€€,False,observado
HB-004389,Olivia Plaza,hotel,Barcelona,080193,el Barri Gòtic,4 estrelles,4.0,hotel_estrellas,218.0,113.0,130.0,41.386275500391726,2.171019099523615,exacta,180.6,€€€,93.61,€€€,False,observado
HB-004390,Barcelona Gate,hotel,Sant Joan Despí,082172,,4 estrelles,,,180.0,90.0,675.0,41.3660577,2.05180817,geocodificada,,,,,,
HB-004392,Hostal Serra,hotel,Montmeló,081350,,No aplica,,,11.0,7.0,,41.55137216,2.24835311,geocodificada,,,,,,
HB-004393,Denit,hotel,Barcelona,080193,el Barri Gòtic,3 estrelles,3.0,hotel_estrellas,63.0,36.0,408.0,41.38703349318344,2.17258962486306,exacta,133.73,€€,76.42,€€€,False,observado
HB-004394,Travelodge L'Hospitalet,hotel,"Hospitalet de Llobregat, l'",081017,,3 estrelles,,,154.0,83.0,942.0,,,,,,,,,
HB-004396,CAMPUS LA MOLA,hotel,Terrassa,082798,,4 estrelles,,,372.0,186.0,162.0,41.55760498,2.04078697,geocodificada,,,,,,
HB-004397,APARTHOTEL BARDON,hotel,Castelldefels,080569,,1 estrella,,,24.0,12.0,868.0,41.26843084,1.99317815,geocodificada,,,,,,
HB-004398,Ciutat Vella,hotel,Barcelona,080193,el Raval,3 estrelles,3.0,hotel_estrellas,75.0,40.0,349.0,41.38503996792919,2.166563720114081,exacta,140.22,€€,74.78,€€€,False,observado
HB-004399,Holiday Inn Express Barcelona-Sant Cugat,hotel,Cerdanyola del Vallès,082665,,3 estrelles,,,220.0,110.0,498.0,,,,,,,,,
HB-004400,AS Porta de Barcelona,hotel,Castellbisbal,080543,,2 estrelles,,,98.0,50.0,18.0,,,,,,,,,
HB-004401,LGSono,hotel,"Garriga, la",080885,,2 estrelles,,,38.0,19.0,,,,,,,,,,
HB-004402,Somnio Hostel,hotel,Barcelona,080193,la Dreta de l'Eixample,No aplica,,sin_estrellas,14.0,9.0,644.0,41.389052,2.16507609,geocodificada,92.37,€,59.38,€€,False,observado
HB-004403,Mandarin Oriental Barcelona,hotel,Barcelona,080193,la Dreta de l'Eixample,Gran luxe,5.0,hotel_estrellas,240.0,120.0,597.0,41.39118287294969,2.166643697753432,exacta,326.5199890136719,€€€€,163.26,€€€€,True,suficiente
HB-004404,HOTEL LAS VEGAS,hotel,Calella,080351,,4 estrelles,,,205.0,110.0,555.0,41.61142791,2.64758609,geocodificada,,,,,,
HB-004407,HOTEL ALENTI SITGES,hotel,Sitges,082704,,4 estrelles,,,45.0,23.0,677.0,41.23544428,1.80697602,geocodificada,,,,,,
HB-004408,Frontair Congress,hotel,Sant Boi de Llobregat,082009,,4 estrelles,,,478.0,239.0,161.0,41.32972519,2.04992122,geocodificada,,,,,,
HB-004409,Oliveta,hotel,Barcelona,080193,el Poble Sec,No aplica,,sin_estrellas,10.0,6.0,,41.37415368,2.16553563,geocodificada,104.04000091552734,€€,62.42,€€,True,suficiente
HB-004410,Catalonia Born,hotel,Barcelona,080193,"Sant Pere, Santa Caterina i la Ribera",4 estrelles,4.0,hotel_estrellas,157.0,90.0,262.0,41.38977222254957,2.1799417919562463,exacta,136.34,€€,78.16,€€€,False,observado
HB-004411,W Barcelona,hotel,Barcelona,080193,la Barceloneta,Gran luxe,5.0,hotel_estrellas,954.0,477.0,282.0,41.36833946653336,2.1899130685524613,exacta,376.0,€€€€,188.0,€€€€,True,suficiente
HB-004412,Soho,hotel,Barcelona,080193,l'Antiga Esquerra de l'Eixample,3 estrelles,3.0,hotel_estrellas,102.0,51.0,205.0,41.38348034132375,2.159907457704324,exacta,182.67,€€€,91.34,€€€,False,observado
HB-004413,Antonio Moreno,hotel,Barcelona,080193,el Camp de l'Arpa del Clot,No aplica,,sin_estrellas,5.0,4.0,,41.40872348,2.18449844,geocodificada,112.7699966430664,€€,90.22,€€€,True,suficiente
HB-004414,Novotel Barcelona City,hotel,Barcelona,080193,el Parc i la Llacuna del Poblenou,4 estrelles,4.0,hotel_estrellas,528.0,264.0,41.0,41.40411334876118,2.1911051109272464,exacta,408.97,€€€€,204.48,€€€€,False,observado
HB-004415,HOTEL IBIS RIPOLLET,hotel,Ripollet,081803,,2 estrelles,,,200.0,100.0,,41.49521272,2.15340326,geocodificada,,,,,,
HB-004416,Luxor BCN,hotel,Barcelona,080193,Sant Gervasi - la Bonanova,No aplica,,sin_estrellas,9.0,5.0,684.0,41.40593534,2.13799207,geocodificada,110.93000030517578,€€,61.63,€€,True,suficiente
HB-004417,Ibis Mataró,hotel,Mataró,081213,,2 estrelles,,,212.0,106.0,41.0,41.5277365,2.43334353,geocodificada,,,,,,
HB-004419,Sa Voga,hotel,Arenys de Mar,080060,,4 estrelles,,,17.0,9.0,661.0,41.58005384,2.55000068,geocodificada,,,,,,
HB-004420,Hostal Manel,hotel,Pineda de Mar,081635,,No aplica,,,16.0,9.0,1014.0,41.62682368,2.69506352,geocodificada,,,,,,
HB-004421,Grupotel Gran Via 678,hotel,Barcelona,080193,la Dreta de l'Eixample,4 estrelles,4.0,hotel_estrellas,175.0,98.0,193.0,41.39247949702919,2.1727626167524394,exacta,169.7,€€,95.03,€€€,False,observado
HB-004422,Marina 54,hotel,Castelldefels,080569,,1 estrella,,,49.0,27.0,549.0,41.26784234,1.99053976,geocodificada,,,,,,
HB-004423,Eurostars Executive,hotel,Barberà del Vallès,082520,,4 estrelles,,,236.0,118.0,643.0,41.51191784,2.13076785,geocodificada,,,,,,
HB-004425,CAN CASADELLÀ,hotel,Premià de Dalt,082303,,No aplica,,,10.0,5.0,935.0,41.50856468,2.34680255,geocodificada,,,,,,
HB-004426,Vilassar,hotel,Vilassar de Mar,082191,,4 estrelles,,,46.0,25.0,544.0,41.50638123,2.38767334,geocodificada,,,,,,
HB-004427,HOTEL DESITGES,hotel,Sant Pere de Ribes,082310,,4 estrelles,,,80.0,43.0,236.0,41.2382122,1.76567702,geocodificada,,,,,,
HB-004428,ALLEGRO BARCELONA,hotel,Barcelona,080193,l'Antiga Esquerra de l'Eixample,3 estrelles,3.0,hotel_estrellas,112.0,56.0,4.0,41.39274455380809,2.156399091968028,exacta,156.0399932861328,€€,78.02,€€€,True,suficiente
HB-004429,Sant Antoni,hotel,Barcelona,080193,el Fort Pienc,3 estrelles,3.0,hotel_estrellas,79.0,45.0,416.0,41.39980475936292,2.177472066279761,exacta,121.76,€€,69.36,€€,False,observado
HB-004430,Catalonia Avinyó,hotel,Barcelona,080193,el Barri Gòtic,3 estrelles,3.0,hotel_estrellas,145.0,83.0,84.0,41.38115079355082,2.1762702074956777,exacta,129.6,€€,74.18,€€€,False,observado
HB-004432,Catalonia Port,hotel,Barcelona,080193,el Barri Gòtic,4 estrelles,4.0,hotel_estrellas,82.0,41.0,323.0,41.37876625360919,2.178756260833569,exacta,188.38,€€€,94.19,€€€,False,observado
HB-004434,Ibis Mollet,hotel,Mollet del Vallès,081249,,2 estrelles,,,236.0,118.0,41.0,41.54884076,2.20524597,geocodificada,,,,,,
HB-004435,Cal Músic,hotel,Premià de Dalt,082303,,No aplica,,,10.0,5.0,,41.50971393,2.3497792,geocodificada,,,,,,
HB-004437,Eurostars BCN Design,hotel,Barcelona,080193,la Dreta de l'Eixample,5 estrelles,5.0,hotel_estrellas,124.0,65.0,47.0,41.390828486977725,2.166082515145233,exacta,293.4200134277344,€€€,153.81,€€€€,True,suficiente
HB-004439,BB Hotel Barcelona Granollers,hotel,"Franqueses del Vallès, les",080863,,2 estrelles,,,144.0,96.0,945.0,,,,,,,,,
HB-004440,Bagués,hotel,Barcelona,080193,el Raval,5 estrelles,5.0,hotel_estrellas,59.0,31.0,619.0,41.382830858805015,2.1715851978752343,exacta,274.98,€€€,144.48,€€€€,False,observado
HB-004441,L'Hotelet,hotel,Sant Celoni,082021,,No aplica,,,16.0,10.0,562.0,41.68070967,2.48613754,geocodificada,,,,,,
HB-004442,Verti,hotel,"Franqueses del Vallès, les",080863,,2 estrelles,,,28.0,17.0,424.0,,,,,,,,,
HB-004443,Eos,hotel,Barcelona,080193,l'Antiga Esquerra de l'Eixample,No aplica,,sin_estrellas,6.0,4.0,1027.0,41.38517336,2.16217755,geocodificada,109.79000091552734,€€,73.19,€€€,True,suficiente
HB-004446,Aramunt,hotel,Barcelona,080193,l'Antiga Esquerra de l'Eixample,3 estrelles,3.0,hotel_estrellas,50.0,25.0,32.0,41.38692296153267,2.1592589542910208,exacta,145.03,€€,72.52,€€€,False,observado
HB-004448,APARTHOTEL ATTICA 21 VALLÉS,hotel,Sabadell,081878,,3 estrelles,,,248.0,119.0,922.0,41.55580078,2.07610257,geocodificada,,,,,,
HB-004449,HOTEL 170,hotel,Castelldefels,080569,,2 estrelles,,,43.0,24.0,616.0,41.27056196,1.95381477,geocodificada,,,,,,
HB-004450,CASA ELLIOT,hotel,Barcelona,080193,Sant Antoni,4 estrelles,4.0,hotel_estrellas,67.0,38.0,514.0,41.38331075291595,2.1628344673130586,exacta,185.64,€€€,105.29,€€€,False,observado
HB-004451,OHLA BARCELONA,hotel,Barcelona,080193,el Barri Gòtic,5 estrelles,5.0,hotel_estrellas,148.0,74.0,626.0,41.38708935995336,2.174351778395592,exacta,331.53,€€€€,165.76,€€€€,False,observado
HB-004452,Chic  Basic Born,hotel,Barcelona,080193,"Sant Pere, Santa Caterina i la Ribera",3 estrelles,3.0,hotel_estrellas,55.0,31.0,621.0,41.3868380591292,2.182539978196907,exacta,139.19,€€,78.45,€€€,False,observado
HB-004453,HOTEL BB BARCELONA RUBI,hotel,Rubí,081846,,3 estrelles,,,174.0,87.0,610.0,41.47490952,2.03097623,geocodificada,,,,,,
HB-004454,Hotel Venture Sant Cugat,hotel,Sant Cugat del Vallès,082055,,3 estrelles,,,154.0,83.0,755.0,41.47842128,2.06961186,geocodificada,,,,,,
HB-004455,Leonardo Boutique Hotel Sagrada Familia,hotel,Barcelona,080193,el Camp de l'Arpa del Clot,3 estrelles,3.0,hotel_estrellas,117.0,59.0,955.0,41.411053558718855,2.1856608397435298,exacta,144.8,€€,73.02,€€€,False,observado
HB-004456,HOTEL CIUTAT DE BARCELONA,hotel,Barcelona,080193,"Sant Pere, Santa Caterina i la Ribera",3 estrelles,3.0,hotel_estrellas,147.0,78.0,695.0,41.38590868033259,2.1810501422453368,exacta,200.15,€€€,106.2,€€€,False,observado
HB-004457,Barcelona House,hotel,Barcelona,080193,el Barri Gòtic,3 estrelles,3.0,hotel_estrellas,100.0,57.0,412.0,41.3794181,2.1761357,geocodificada,150.0800018310547,€€,85.55,€€€,True,suficiente
HB-004458,La Creu,hotel,Sabadell,081878,,No aplica,,,8.0,6.0,,41.52883324,2.12009828,geocodificada,,,,,,
HB-004459,Laumon,hotel,Barcelona,080193,la Sagrera,3 estrelles,3.0,hotel_estrellas,42.0,26.0,646.0,41.42323301864309,2.190591894128539,exacta,99.96,€,61.88,€€,False,observado
HB-004461,Crestabocs,hotel,Subirats,082732,,No aplica,,,8.0,4.0,663.0,41.38740585,1.79271689,geocodificada,,,,,,
HB-004462,Cal Pla,hotel,Sant Llorenç Savall,082233,,No aplica,,,11.0,6.0,,41.67820788,2.05772651,geocodificada,,,,,,
HB-004463,Mímic,hotel,Barcelona,080193,el Raval,2 estrelles,2.0,hotel_estrellas,138.0,92.0,607.0,41.37553782037477,2.1729667610950627,exacta,137.4199981689453,€€,91.61,€€€,True,suficiente
HB-004464,Hostemplo,hotel,Barcelona,080193,la Sagrada Família,No aplica,,sin_estrellas,18.0,10.0,,41.40086452,2.17460967,geocodificada,129.5399932861328,€€,71.97,€€€,True,suficiente
HB-004465,Alma Barcelona,hotel,Barcelona,080193,la Dreta de l'Eixample,Gran luxe,5.0,hotel_estrellas,144.0,72.0,635.0,41.394535633208605,2.163277476615997,exacta,381.3,€€€€,190.65,€€€€,False,observado
HB-004466,NH DIAGONAL CENTER,hotel,Barcelona,080193,el Parc i la Llacuna del Poblenou,4 estrelles,4.0,hotel_estrellas,258.0,129.0,150.0,41.39796101226249,2.192160534571676,exacta,190.8,€€€,95.4,€€€,False,observado
HB-004468,Acta Bcn 40,hotel,Barcelona,080193,el Raval,2 estrelles,2.0,hotel_estrellas,66.0,42.0,653.0,41.382662928864086,2.1657822832691145,exacta,105.59,€€,67.19,€€,False,observado
HB-004469,Monrooms Barcelona,hotel,Barcelona,080193,la Salut,No aplica,,sin_estrellas,15.0,8.0,806.0,41.40862139,2.15003072,geocodificada,111.12000274658205,€€,59.26,€€,True,suficiente
HB-004470,ANBA,hotel,Barcelona,080193,la Dreta de l'Eixample,No aplica,,sin_estrellas,14.0,7.0,250.0,41.38989939,2.17483637,geocodificada,130.08999633789062,€€,65.04,€€,True,suficiente
HB-004471,Madanis Liceo,hotel,"Hospitalet de Llobregat, l'",081017,,3 estrelles,,,40.0,23.0,510.0,,,,,,,,,
HB-004472,Vilassar,hotel,Vilassar de Mar,082191,,2 estrelles,,,18.0,9.0,544.0,,,,,,,,,
HB-004473,Ibai,hotel,Sant Pere de Ribes,082310,,3 estrelles,,,28.0,14.0,454.0,41.26414576,1.77046212,geocodificada,,,,,,
HB-004474,Q,hotel,Barcelona,080193,la Dreta de l'Eixample,No aplica,,sin_estrellas,42.0,21.0,340.0,41.38922532,2.17398362,geocodificada,130.08999633789062,€€,65.04,€€,True,justo
HB-004475,ELLA HOSTEL GRAN VIA,hotel,Barcelona,080193,la Dreta de l'Eixample,No aplica,,sin_estrellas,16.0,9.0,289.0,41.39270778,2.17374181,geocodificada,144.52,€€,81.29,€€€,False,observado
HB-004476,HOTEL PORTA FIRA,hotel,"Hospitalet de Llobregat, l'",081017,,4 estrelles superior,,,598.0,311.0,187.0,,,,,,,,,
HB-004478,Eurostars Monumental,hotel,Barcelona,080193,el Fort Pienc,4 estrelles,4.0,hotel_estrellas,79.0,45.0,269.0,41.40063473117331,2.178578140968594,exacta,168.57000732421875,€€,96.02,€€€,True,suficiente
HB-004479,Hostal Muntaner II,hotel,Barcelona,080193,l'Antiga Esquerra de l'Eixample,No aplica,,sin_estrellas,8.0,4.0,,41.39187227,2.15227872,geocodificada,111.13999938964844,€€,55.57,€€,True,suficiente
HB-004480,Golf Apart-Hotel,hotel,Sant Cugat del Vallès,082055,,3 estrelles,,,144.0,47.0,447.0,41.45477322,2.07716854,geocodificada,,,,,,
HB-004481,Atenea Port de Mataró,hotel,Mataró,081213,,4 estrelles,,,210.0,105.0,331.0,41.53077498,2.44374741,geocodificada,,,,,,
HB-004482,Vincci Bit,hotel,Barcelona,080193,Diagonal Mar i el Front Marítim del Poblenou,4 estrelles,4.0,hotel_estrellas,354.0,177.0,172.0,41.41157790549181,2.2119803428791114,exacta,202.85,€€€,101.42,€€€,False,observado
HB-004483,Circa 1905,hotel,Barcelona,080193,la Dreta de l'Eixample,No aplica,,sin_estrellas,18.0,9.0,696.0,41.39413575,2.16087562,geocodificada,133.58999633789062,€€,66.79,€€,True,suficiente
HB-004484,Ibis Barcelona Santa Coloma,hotel,Santa Coloma de Gramenet,082457,,2 estrelles,,,292.0,146.0,41.0,,,,,,,,,
HB-004485,House,hotel,Barcelona,080193,la Bordeta,No aplica,,sin_estrellas,12.0,8.0,362.0,41.36989972,2.13663946,geocodificada,105.62999725341795,€€,70.42,€€€,True,suficiente
HB-004486,Hostal BCN46,hotel,Barcelona,080193,la Dreta de l'Eixample,No aplica,,sin_estrellas,19.0,10.0,263.0,41.39230414,2.17012872,geocodificada,77.58,€,40.83,€€,False,observado
HB-004487,Luxtal 1-23,hotel,Barcelona,080193,Hostafrancs,No aplica,,sin_estrellas,10.0,5.0,670.0,41.37917979,2.14292579,geocodificada,109.33999633789062,€€,54.67,€€,True,suficiente
HB-004488,Andante,hotel,Barcelona,080193,el Raval,3 estrelles,3.0,hotel_estrellas,253.0,134.0,695.0,41.37670366639929,2.1726214959777024,exacta,124.49,€€,65.94,€€,False,observado
HB-004489,Plaza de Goya 2,hotel,Barcelona,080193,Sant Antoni,No aplica,,sin_estrellas,16.0,4.0,1038.0,41.38412229,2.16354684,geocodificada,130.08,€€,32.52,€,False,observado
HB-004490,The Mirror Barcelona,hotel,Barcelona,080193,l'Antiga Esquerra de l'Eixample,4 estrelles superior,4.5,hotel_estrellas,126.0,63.0,700.0,41.3930692285982,2.154543978894316,exacta,210.19000244140625,€€€,105.1,€€€,True,suficiente
HB-004491,Can Cuch Hotel****s,hotel,Cànoves i Samalús,080425,,4 estrelles superior,,,22.0,11.0,651.0,,,,,,,,,
HB-004492,Renaissance Barcelona Fira,hotel,"Hospitalet de Llobregat, l'",081017,,4 estrelles superior,,,714.0,357.0,63.0,,,,,,,,,
HB-004493,Edifici La República,hotel,Barcelona,080193,el Poblenou,4 estrelles,4.0,hotel_estrellas,26.0,13.0,411.0,41.39788932287978,2.195854798278474,exacta,146.07,€€,73.04,€€€,False,observado
HB-004495,Martinval,hotel,Barcelona,080193,la Dreta de l'Eixample,No aplica,,sin_estrellas,19.0,10.0,1013.0,41.39640033,2.16659005,geocodificada,108.86,€€,57.29,€€,False,observado
HB-004496,Barcelona Centro,hotel,Barcelona,080193,la Dreta de l'Eixample,No aplica,,sin_estrellas,16.0,8.0,1020.0,41.39123195,2.16928395,geocodificada,118.7300033569336,€€,59.37,€€,True,suficiente
HB-004497,Hostalin Barcelona,hotel,Barcelona,080193,la Dreta de l'Eixample,No aplica,,sin_estrellas,8.0,4.0,660.0,41.39644632,2.17528966,geocodificada,117.01000213623048,€€,58.51,€€,True,suficiente
HB-004498,El Petit Mirador,hotel,Torrelles de Llobregat,082896,,3 estrelles,,,20.0,6.0,756.0,,,,,,,,,
HB-004499,Barcelona House,hotel,Barcelona,080193,el Barri Gòtic,3 estrelles,3.0,hotel_estrellas,102.0,57.0,412.0,41.37945168120545,2.176150150421485,exacta,150.0800018310547,€€,83.87,€€€,True,suficiente
HB-004501,Hostal Ric,hotel,Sabadell,081878,,2 estrelles,,,18.0,10.0,581.0,41.54475159,2.09929211,geocodificada,,,,,,
HB-004502,Dalia Ramblas,hotel,Barcelona,080193,el Raval,3 estrelles,3.0,hotel_estrellas,48.0,28.0,734.0,41.38016798202287,2.1728584699115583,exacta,149.3699951171875,€€,87.13,€€€,True,suficiente
HB-004503,FRONT ARC,hotel,Barcelona,080193,la Dreta de l'Eixample,No aplica,,sin_estrellas,7.0,4.0,667.0,41.39151227,2.17914274,geocodificada,113.20999908447266,€€,64.69,€€,True,suficiente
HB-004504,Mercer Barcelona,hotel,Barcelona,080193,el Barri Gòtic,Gran luxe,5.0,hotel_estrellas,56.0,27.0,725.0,41.382651164188815,2.1789334889424303,exacta,559.76,€€€€,269.88,€€€€,False,observado
HB-004505,Brustar Centric,hotel,Barcelona,080193,la Dreta de l'Eixample,2 estrelles,2.0,hotel_estrellas,16.0,9.0,716.0,41.39080648029321,2.1780619495114397,exacta,149.75999450683594,€€,84.24,€€€,True,justo
HB-004506,Khronos,hotel,Barcelona,080193,la Dreta de l'Eixample,No aplica,,sin_estrellas,18.0,9.0,1035.0,41.39610015,2.16538023,geocodificada,154.31,€€,77.16,€€€,False,observado
HB-004507,AinB,hotel,Barcelona,080193,Sant Antoni,2 estrelles,2.0,hotel_estrellas,11.0,6.0,468.0,41.38405393847892,2.1630462799097723,exacta,128.16000366210938,€€,69.91,€€,True,justo
HB-004508,Arai,hotel,Barcelona,080193,el Barri Gòtic,4 estrelles superior,4.5,hotel_estrellas,64.0,31.0,537.0,41.380856502025104,2.1773491271715457,exacta,217.37,€€€,105.29,€€€,False,observado
HB-004509,The 8 BedBreakfast Barcelona,hotel,Barcelona,080193,la Dreta de l'Eixample,No aplica,,sin_estrellas,13.0,8.0,715.0,41.39322136,2.16601054,geocodificada,113.93000030517578,€€,70.11,€€€,True,suficiente
HB-004510,Sercotel Ciutat de Montcada,hotel,Montcada i Reixac,081252,,4 estrelles,,,210.0,105.0,593.0,41.49553414,2.18044392,geocodificada,,,,,,
HB-004511,Violeta Boutique,hotel,Barcelona,080193,la Dreta de l'Eixample,No aplica,,sin_estrellas,8.0,4.0,1017.0,41.39020411,2.17201869,geocodificada,112.5999984741211,€€,56.3,€€,True,suficiente
HB-004512,Hostal Acropolis,hotel,Barcelona,080193,la Salut,No aplica,,sin_estrellas,13.0,8.0,,41.41028909,2.15073964,geocodificada,103.72000122070312,€€,63.83,€€,True,suficiente
HB-004513,Sercotel Rosellón,hotel,Barcelona,080193,la Sagrada Família,4 estrelles,4.0,hotel_estrellas,186.0,105.0,566.0,41.4048252039104,2.1728056433625107,exacta,215.23,€€€,121.5,€€€€,False,observado
HB-004514,Travelodg Barcelona Poblenou,hotel,Barcelona,080193,el Poblenou,1 estrella,1.0,hotel_estrellas,500.0,250.0,942.0,41.40004381920567,2.2010556723124446,exacta,107.0,€€,53.5,€€,False,observado
HB-004515,Catalonia Catedral,hotel,Barcelona,080193,el Barri Gòtic,4 estrelles,4.0,hotel_estrellas,128.0,71.0,296.0,41.3847333569784,2.1744744411202506,exacta,173.02000427246094,€€,95.97,€€€,True,suficiente
HB-004516,HOTEL HP CASTELLDEFELS,hotel,Castelldefels,080569,,2 estrelles,,,21.0,12.0,310.0,,,,,,,,,
HB-004517,Thesuites,hotel,Barcelona,080193,la Dreta de l'Eixample,No aplica,,sin_estrellas,16.0,8.0,524.0,41.38930154,2.1718535,geocodificada,125.58999633789062,€€,62.79,€€,True,suficiente
HB-004518,HOUSE BY PILLOW,hotel,Barcelona,080193,el Guinardó,1 estrella,1.0,hotel_estrellas,10.0,4.0,705.0,41.42093143630598,2.1788294222954296,exacta,116.52,€€,46.61,€€,False,observado
HB-004519,Hotel Vasanta,hotel,Barcelona,080193,la Dreta de l'Eixample,No aplica,,sin_estrellas,42.0,16.0,184.0,41.39081621,2.1724614,geocodificada,165.36,€€,62.99,€€,False,observado
HB-004520,Rafaelhoteles Badalona,hotel,Badalona,080155,,4 estrelles,,,273.0,142.0,169.0,41.45628211,2.2489082,geocodificada,,,,,,
HB-004521,Teatre Auditori,hotel,Barcelona,080193,el Fort Pienc,3 estrelles,3.0,hotel_estrellas,94.0,47.0,638.0,41.39989717267387,2.184044711655818,exacta,121.76,€€,60.88,€€,False,observado
HB-004522,Hostal Can Nofre,hotel,Santa Maria de Palautordera,082592,,No aplica,,,6.0,3.0,1029.0,41.69337722,2.46108528,geocodificada,,,,,,
HB-004523,Portofino 2,hotel,Arenys de Mar,080060,,No aplica,,,8.0,4.0,,41.57894599,2.55180195,geocodificada,,,,,,
HB-004524,CATALONIA GRAN VÍA BCN,hotel,Barcelona,080193,Sant Antoni,4 estrelles,4.0,hotel_estrellas,121.0,63.0,296.0,41.38320399223042,2.160415723721428,exacta,207.81,€€€,108.2,€€€,False,observado
HB-004525,Generator Barcelona,hotel,Barcelona,080193,la Vila de Gràcia,1 estrella,1.0,hotel_estrellas,81.0,40.0,698.0,41.39918493,2.16265834,geocodificada,57.78,€,28.53,€,False,observado
HB-004526,Ako Suite,hotel,Barcelona,080193,l'Antiga Esquerra de l'Eixample,4 estrelles,4.0,hotel_estrellas,56.0,28.0,341.0,41.38600997447113,2.161013203724434,exacta,156.48,€€,78.24,€€€,False,observado
HB-004527,Apartamentos Ramblas 108,hotel,Barcelona,080193,el Raval,3 estrelles,3.0,hotel_estrellas,44.0,18.0,972.0,41.37544908,2.17040026,geocodificada,136.66000366210938,€€,55.91,€€,True,suficiente
HB-004530,Hotel Do Plaça Reial,hotel,Barcelona,080193,el Barri Gòtic,Gran luxe,5.0,hotel_estrellas,34.0,18.0,884.0,41.38004895525327,2.174894312160892,exacta,360.989990234375,€€€€,191.11,€€€€,True,suficiente
HB-004531,Room Mate Pau,hotel,Barcelona,080193,la Dreta de l'Eixample,3 estrelles,3.0,hotel_estrellas,129.0,66.0,240.0,41.38747167832432,2.1717409423756218,exacta,191.6,€€€,98.03,€€€,False,observado
HB-004532,The Level at Melia Barcelona Sky,hotel,Barcelona,080193,el Poblenou,5 estrelles,5.0,hotel_estrellas,198.0,99.0,166.0,41.40624733873394,2.201019518710454,exacta,298.3500061035156,€€€,149.18,€€€€,True,suficiente
HB-004533,Ecozentric,hotel,Barcelona,080193,l'Antiga Esquerra de l'Eixample,No aplica,,sin_estrellas,15.0,9.0,1025.0,41.38784934,2.16438796,geocodificada,133.58999633789062,€€,80.15,€€€,True,suficiente
HB-004535,Catalonia Passeig de Gràcia,hotel,Barcelona,080193,la Dreta de l'Eixample,4 estrelles superior,4.5,hotel_estrellas,142.0,74.0,348.0,41.3901736959137,2.169689902208789,exacta,205.5,€€€,107.09,€€€,False,observado
HB-004536,The5rooms,hotel,Barcelona,080193,la Dreta de l'Eixample,No aplica,,sin_estrellas,8.0,4.0,261.0,41.38930154,2.1718535,geocodificada,112.5999984741211,€€,56.3,€€,True,suficiente
HB-004537,Exprés,hotel,Barcelona,080193,la Vila de Gràcia,No aplica,,sin_estrellas,2.0,2.0,764.0,41.3987292,2.15415468,geocodificada,127.91000366210938,€€,127.91,€€€€,True,suficiente
HB-004538,Musik Boutique Hotel,hotel,Barcelona,080193,"Sant Pere, Santa Caterina i la Ribera",3 estrelles,3.0,hotel_estrellas,36.0,23.0,676.0,41.38804504980169,2.178420383811896,exacta,153.66,€€,98.17,€€€,False,observado
HB-004539,Ciutadella Barcelona,hotel,Barcelona,080193,"Sant Pere, Santa Caterina i la Ribera",4 estrelles,4.0,hotel_estrellas,118.0,59.0,61.0,41.38387359887313,2.184659042903752,exacta,135.73,€€,67.86,€€,False,observado
HB-004540,Pillow Ramblas,hotel,Barcelona,080193,el Barri Gòtic,No aplica,,sin_estrellas,20.0,10.0,726.0,41.37722308,2.17693485,geocodificada,112.21,€€,56.1,€€,False,observado
HB-004541,Roc Vallès,hotel,Terrassa,082798,,No aplica,,,33.0,22.0,671.0,41.55851592,1.98796265,geocodificada,,,,,,
HB-004542,Umma Barcelona BedBreakfast Boutique,hotel,Barcelona,080193,l'Antiga Esquerra de l'Eixample,No aplica,,sin_estrellas,14.0,7.0,724.0,41.39413644,2.15103134,geocodificada,125.3000030517578,€€,62.65,€€,True,suficiente
HB-004543,CEFERINO II,hotel,Vilanova i la Geltrú,083073,,3 estrelles,,,32.0,15.0,,41.21413738,1.72345461,geocodificada,,,,,,
HB-004545,Royal Passeig de Gràcia,hotel,Barcelona,080193,la Dreta de l'Eixample,4 estrelles,4.0,hotel_estrellas,248.0,124.0,745.0,41.394602616035385,2.1624485304693875,exacta,212.41,€€€,106.2,€€€,False,observado
HB-004546,La Casita Amarilla,hotel,Barcelona,080193,el Putxet i el Farró,No aplica,,sin_estrellas,16.0,8.0,692.0,41.40509664,2.14508447,geocodificada,120.13999938964844,€€,60.07,€€,True,suficiente
HB-004547,Ofelias,hotel,Barcelona,080193,la Nova Esquerra de l'Eixample,4 estrelles superior,4.5,hotel_estrellas,88.0,44.0,368.0,41.37678944721752,2.150095600328655,exacta,147.6,€€,73.8,€€€,False,observado
HB-004548,Violeta Boutique 2,hotel,Barcelona,080193,la Dreta de l'Eixample,No aplica,,sin_estrellas,10.0,4.0,1017.0,41.39020411,2.17201869,geocodificada,112.5999984741211,€€,45.04,€€,True,suficiente
HB-004549,Hostalín Barcelona,hotel,Barcelona,080193,la Dreta de l'Eixample,No aplica,,sin_estrellas,19.0,10.0,660.0,41.3935394,2.1733128,geocodificada,113.98,€€,59.99,€€,False,observado
HB-004550,Cien,hotel,Barcelona,080193,la Dreta de l'Eixample,No aplica,,sin_estrellas,16.0,8.0,735.0,41.38922469,2.16340004,geocodificada,152.16,€€,76.08,€€€,False,observado
HB-004551,Sumidors,hotel,Sant Pere de Ribes,082310,,No aplica,,,20.0,9.0,,,,,,,,,,
HB-004552,4 Barcelona,hotel,Barcelona,080193,el Poblenou,4 estrelles,4.0,hotel_estrellas,261.0,142.0,941.0,41.39623780627737,2.20052762737597,exacta,177.02000427246094,€€€,96.31,€€€,True,suficiente
HB-004553,BacHome Terrace BB,hotel,Barcelona,080193,la Dreta de l'Eixample,No aplica,,sin_estrellas,19.0,10.0,713.0,41.39022404,2.17514113,geocodificada,130.08999633789062,€€,68.47,€€,True,suficiente
HB-004554,INDIGO BARCELONA,hotel,Barcelona,080193,la Dreta de l'Eixample,4 estrelles superior,4.5,hotel_estrellas,119.0,63.0,947.0,41.39126868391207,2.1702706997519603,exacta,225.66,€€€,119.47,€€€,False,observado
HB-004555,IKONIK RAMBLAS,hotel,Barcelona,080193,el Barri Gòtic,4 estrelles,4.0,hotel_estrellas,110.0,55.0,690.0,41.37811825209416,2.176192334248011,exacta,136.35,€€,68.18,€€,False,observado
HB-004556,Les Suites,hotel,Santa Maria de Palautordera,082592,,No aplica,,,12.0,6.0,,41.68751918,2.43822804,geocodificada,,,,,,
HB-004557,LIBERE BARCELONA SANT ANTONI,hotel,Barcelona,080193,Sant Antoni,2 estrelles,2.0,hotel_estrellas,114.0,38.0,961.0,41.38316499424978,2.1635192734302136,exacta,162.43,€€,54.14,€€,False,observado
HB-004558,Barcelona Rooms 294,hotel,Barcelona,080193,el Camp d'en Grassot i Gràcia Nova,No aplica,,sin_estrellas,8.0,4.0,,41.40384175,2.16617099,geocodificada,122.69000244140624,€€,61.35,€€,True,suficiente
HB-004559,Cava  Hotel Mas Tinell,hotel,Vilafranca del Penedès,083054,,5 estrelles,,,21.0,11.0,,,,,,,,,,
HB-004560,Casa Bella Gracia,hotel,Barcelona,080193,la Vila de Gràcia,No aplica,,sin_estrellas,20.0,11.0,606.0,41.39845393,2.16054802,geocodificada,255.95,€€€,140.77,€€€€,False,observado
HB-004564,Sunotel Club Central,hotel,Barcelona,080193,l'Antiga Esquerra de l'Eixample,4 estrelles,4.0,hotel_estrellas,155.0,88.0,491.0,41.387992248632834,2.1568595683161,exacta,174.4499969482422,€€,99.04,€€€,True,suficiente
HB-004566,Cal Manescal,hotel,Sant Martí Sarroca,082270,,No aplica,,,5.0,3.0,1010.0,41.38414668,1.61111832,geocodificada,,,,,,
HB-004568,H10 Port Vell,hotel,Barcelona,080193,"Sant Pere, Santa Caterina i la Ribera",4 estrelles superior,4.5,hotel_estrellas,108.0,58.0,85.0,41.381597964066735,2.1838501705888365,exacta,265.76,€€€,142.72,€€€€,False,observado
HB-004569,Bella Lola,hotel,Barcelona,080193,la Vila de Gràcia,No aplica,,sin_estrellas,19.0,11.0,1033.0,41.39705199,2.15834624,geocodificada,133.58999633789062,€€,77.34,€€€,True,suficiente
HB-004570,La Casa Gran BedBreakfast,hotel,Barcelona,080193,l'Antiga Esquerra de l'Eixample,No aplica,,sin_estrellas,8.0,4.0,849.0,41.39393174,2.15021505,geocodificada,148.25,€€,74.12,€€€,False,observado
HB-004571,Mihlton Barcelona,hotel,Barcelona,080193,la Dreta de l'Eixample,No aplica,,sin_estrellas,19.0,12.0,791.0,41.39391417,2.15796195,geocodificada,129.28,€€,81.65,€€€,False,observado
HB-004572,Center Gran Via,hotel,Barcelona,080193,l'Antiga Esquerra de l'Eixample,1 estrella,1.0,hotel_estrellas,23.0,15.0,596.0,41.38511320563923,2.1620788861295885,exacta,130.99000549316406,€€,85.43,€€€,True,justo
HB-004573,Can Mora BedBreakfast,hotel,Vilassar de Mar,082191,,No aplica,,,6.0,2.0,1024.0,41.50539688,2.39740387,geocodificada,,,,,,
HB-004574,Petit Príncep,hotel,Barcelona,080193,Sant Gervasi - Galvany,No aplica,,sin_estrellas,19.0,11.0,1026.0,41.3939136,2.14818791,geocodificada,125.3000030517578,€€,72.54,€€€,True,suficiente
HB-004575,Som Nit Born,hotel,Barcelona,080193,"Sant Pere, Santa Caterina i la Ribera",No aplica,,sin_estrellas,27.0,11.0,750.0,41.3821105,2.18371075,geocodificada,136.78,€€,55.73,€€,False,observado
HB-004576,AMRA,hotel,Barcelona,080193,Sant Andreu,No aplica,,sin_estrellas,19.0,11.0,707.0,41.44056036,2.18650291,geocodificada,105.98999786376952,€€,61.36,€€,True,suficiente
HB-004577,Can Vila,hotel,Sant Esteve de Palautordera,082074,,3 estrelles,,,16.0,7.0,1037.0,41.70270356,2.43617507,geocodificada,,,,,,
HB-004578,SB Plaza Europa,hotel,"Hospitalet de Llobregat, l'",081017,,4 estrelles,,,536.0,243.0,290.0,,,,,,,,,
HB-004579,Picasso K + K,hotel,Barcelona,080193,"Sant Pere, Santa Caterina i la Ribera",4 estrelles superior,4.5,hotel_estrellas,161.0,92.0,682.0,41.38661574805019,2.1840909009125733,exacta,211.3300018310547,€€€,120.76,€€€€,True,suficiente
HB-004580,Campus,hotel,Cerdanyola del Vallès,082665,,4 estrelles,,,208.0,104.0,643.0,,,,,,,,,
HB-004581,Grums Barcelona,hotel,Barcelona,080193,el Poble Sec,4 estrelles,4.0,hotel_estrellas,164.0,78.0,542.0,41.37282309088774,2.172077005791581,exacta,145.83,€€,69.36,€€,False,observado
HB-004584,Barcelona Fifteen,hotel,Barcelona,080193,el Poble Sec,No aplica,,sin_estrellas,20.0,11.0,612.0,41.37350298,2.16725308,geocodificada,174.19,€€,95.8,€€€,False,observado
HB-004585,Hotel Restaurante Llar de Capitans,hotel,"Masnou, el",081189,,3 estrelles,,,12.0,6.0,,,,,,,,,,
HB-004586,Zoorooms,hotel,Barcelona,080193,l'Antiga Esquerra de l'Eixample,No aplica,,sin_estrellas,8.0,4.0,,41.3905583,2.15802495,geocodificada,160.97,€€,80.48,€€€,False,observado
HB-004587,Can Galvany,hotel,Vallromanes,082969,,4 estrelles,,,82.0,43.0,702.0,41.53354339,2.30039255,geocodificada,,,,,,
HB-004588,LeMar,hotel,Barcelona,080193,l'Antiga Esquerra de l'Eixample,No aplica,,sin_estrellas,16.0,8.0,606.0,41.39109351,2.15819679,geocodificada,214.94,€€€,107.47,€€€,False,observado
HB-004589,Hostalin Barcelona 2,hotel,Barcelona,080193,la Dreta de l'Eixample,No aplica,,sin_estrellas,6.0,3.0,660.0,41.3935394,2.1733128,geocodificada,113.98,€€,56.99,€€,False,observado
HB-004590,Hostal Live Barcelona,hotel,Barcelona,080193,l'Antiga Esquerra de l'Eixample,No aplica,,sin_estrellas,19.0,12.0,760.0,41.38353186,2.15999195,geocodificada,113.98,€€,71.99,€€€,False,observado
HB-004591,H10 Urquinaona Plaza,hotel,Barcelona,080193,la Dreta de l'Eixample,4 estrelles,4.0,hotel_estrellas,140.0,80.0,470.0,41.38922726628015,2.172588015043712,exacta,178.43,€€€,101.96,€€€,False,observado
HB-004592,Vincci Gala,hotel,Barcelona,080193,la Dreta de l'Eixample,4 estrelles,4.0,hotel_estrellas,156.0,78.0,172.0,41.38957303812844,2.1747659179376098,exacta,189.92,€€€,94.96,€€€,False,observado
HB-004593,Ibis Barcelona Centro,hotel,Barcelona,080193,la Sagrada Família,2 estrelles,2.0,hotel_estrellas,155.0,80.0,41.0,41.400790438876726,2.1724925670371014,exacta,145.6,€€,75.15,€€€,False,observado
HB-004594,Natura Barcelona,hotel,Barcelona,080193,la Dreta de l'Eixample,No aplica,,sin_estrellas,13.0,7.0,,41.39208243,2.17005398,geocodificada,112.5999984741211,€€,60.63,€€,True,suficiente
HB-004595,BB Hotel Barcelona Viladecans,hotel,Viladecans,083015,,3 estrelles,,,432.0,216.0,945.0,41.31077001,2.02699456,geocodificada,,,,,,
HB-004596,Catalonia Square,hotel,Barcelona,080193,la Dreta de l'Eixample,4 estrelles superior,4.5,hotel_estrellas,116.0,58.0,296.0,41.388600459145,2.171301534413306,exacta,208.88,€€€,104.44,€€€,False,observado
HB-004598,HOTEL LUGANO,hotel,Barcelona,080193,Sant Antoni,3 estrelles,3.0,hotel_estrellas,133.0,70.0,932.0,41.37522043634626,2.155666678528093,exacta,125.85,€€,66.24,€€,False,observado
HB-004599,Green House Hotel,hotel,Barcelona,080193,el Fort Pienc,2 estrelles,2.0,hotel_estrellas,37.0,19.0,304.0,41.39839579751485,2.1844562976552124,exacta,149.75999450683594,€€,76.9,€€€,True,suficiente
HB-004600,Sitges,hotel,Sitges,082704,,1 estrella,,,55.0,31.0,629.0,41.23285006,1.79545459,geocodificada,,,,,,
HB-004601,Hostal Aslyp 114,hotel,Barcelona,080193,la Nova Esquerra de l'Eixample,No aplica,,sin_estrellas,19.0,11.0,,41.38960283,2.14372671,geocodificada,114.3499984741211,€€,66.2,€€,True,suficiente
HB-004602,Exprés 1,hotel,Barcelona,080193,la Vila de Gràcia,No aplica,,sin_estrellas,5.0,3.0,764.0,41.3987292,2.15415468,geocodificada,127.91000366210938,€€,76.75,€€€,True,suficiente
HB-004603,Exprés 2,hotel,Barcelona,080193,la Vila de Gràcia,No aplica,,sin_estrellas,4.0,2.0,764.0,41.3987292,2.15415468,geocodificada,127.91000366210938,€€,63.96,€€,True,suficiente
HB-004604,Exprés 3,hotel,Barcelona,080193,la Vila de Gràcia,No aplica,,sin_estrellas,4.0,3.0,764.0,41.3987292,2.15415468,geocodificada,127.91000366210938,€€,95.93,€€€,True,suficiente
HB-004605,Exprés 4,hotel,Barcelona,080193,la Vila de Gràcia,No aplica,,sin_estrellas,3.0,3.0,764.0,41.3987292,2.15415468,geocodificada,127.91000366210938,€€,127.91,€€€€,True,suficiente
HB-004606,Praktik Bakery,hotel,Barcelona,080193,la Dreta de l'Eixample,1 estrella,1.0,hotel_estrellas,148.0,74.0,727.0,41.39624744930124,2.163275438666188,exacta,152.15,€€,76.08,€€€,False,observado
HB-004607,Olivia Balmes,hotel,Barcelona,080193,l'Antiga Esquerra de l'Eixample,4 estrelles superior,4.5,hotel_estrellas,256.0,128.0,130.0,41.392184277892646,2.158701217286061,exacta,211.08,€€€,105.54,€€€,False,observado
HB-004608,Izara,hotel,Barcelona,080193,la Dreta de l'Eixample,No aplica,,sin_estrellas,16.0,8.0,1036.0,41.38850517,2.17109971,geocodificada,130.08999633789062,€€,65.04,€€,True,suficiente
HB-004609,Somlom Salut,hotel,Sant Esteve de Palautordera,082074,,3 estrelles,,,16.0,8.0,431.0,41.70548008,2.43520113,geocodificada,,,,,,
HB-004610,Argó 305,hotel,Barcelona,080193,la Dreta de l'Eixample,No aplica,,sin_estrellas,16.0,13.0,778.0,41.39614782,2.16771419,geocodificada,97.68,€,79.36,€€€,False,observado
HB-004611,Urgell Premium 18,hotel,Barcelona,080193,Sant Antoni,No aplica,,sin_estrellas,13.0,7.0,787.0,41.37987145,2.1618463,geocodificada,113.7300033569336,€€,61.24,€€,True,suficiente
HB-004612,L'Esquella,hotel,Aiguafreda,080142,,No aplica,,,15.0,9.0,,41.7683913,2.24980131,geocodificada,,,,,,
HB-004615,Laramond Barcelona Rooms,hotel,Barcelona,080193,Vilapicina i la Torre Llobeta,No aplica,,sin_estrellas,11.0,5.0,531.0,41.42826978,2.17990496,geocodificada,96.86,€,44.03,€€,False,observado
HB-004616,H10 Art Gallery,hotel,Barcelona,080193,l'Antiga Esquerra de l'Eixample,4 estrelles superior,4.5,hotel_estrellas,165.0,91.0,96.0,41.39198536177455,2.157022449902387,exacta,184.01,€€€,101.48,€€€,False,observado
HB-004617,Casa Balmes,hotel,Barcelona,080193,la Dreta de l'Eixample,No aplica,,sin_estrellas,8.0,4.0,,41.38960627,2.16243068,geocodificada,115.62999725341795,€€,57.81,€€,True,suficiente
HB-004618,Casa Balmes 2,hotel,Barcelona,080193,la Dreta de l'Eixample,No aplica,,sin_estrellas,6.0,3.0,,41.38960627,2.16243068,geocodificada,115.62999725341795,€€,57.81,€€,True,suficiente
HB-004621,Casp Green house,hotel,Barcelona,080193,la Dreta de l'Eixample,No aplica,,sin_estrellas,8.0,4.0,304.0,41.39177155,2.17373271,geocodificada,112.5999984741211,€€,56.3,€€,True,suficiente
HB-004622,The Moods,hotel,Barcelona,080193,la Dreta de l'Eixample,No aplica,,sin_estrellas,24.0,12.0,694.0,41.39263443,2.16158557,geocodificada,133.58999633789062,€€,66.79,€€,True,suficiente
HB-004623,Pillow Rooms,hotel,Barcelona,080193,la Dreta de l'Eixample,No aplica,,sin_estrellas,12.0,6.0,757.0,41.39113772377422,2.178949501420592,exacta,113.20999908447266,€€,56.6,€€,True,suficiente
HB-004625,H10 Metropolitan,hotel,Barcelona,080193,la Dreta de l'Eixample,4 estrelles superior,4.5,hotel_estrellas,167.0,85.0,85.0,41.38779377905228,2.167667651752243,exacta,191.43,€€€,97.43,€€€,False,observado
HB-004626,Barcelona 226,hotel,Barcelona,080193,Sant Gervasi - Galvany,No aplica,,sin_estrellas,23.0,12.0,36.0,41.39518332,2.15052643,geocodificada,108.74,€€,56.73,€€,False,observado
HB-004627,Yurbban Trafalgar,hotel,Barcelona,080193,"Sant Pere, Santa Caterina i la Ribera",3 estrelles,3.0,hotel_estrellas,100.0,56.0,683.0,41.3889804296877,2.1760490100888408,exacta,159.5,€€,89.32,€€€,False,observado
HB-004628,HOTEL PRAKTIK VINOTECA,hotel,Barcelona,080193,l'Antiga Esquerra de l'Eixample,1 estrella,1.0,hotel_estrellas,128.0,64.0,182.0,41.389361473506,2.1624325821186856,exacta,155.76,€€,77.88,€€€,False,observado
HB-004629,Toc,hotel,Barcelona,080193,Sant Antoni,1 estrella,1.0,hotel_estrellas,42.0,21.0,789.0,41.384782705706805,2.162504549676391,exacta,53.87,€,26.94,€,False,observado
HB-004630,Aviles Sabadell,hotel,Sabadell,081878,,2 estrelles,,,16.0,10.0,,41.56706563,2.08970907,geocodificada,,,,,,
HB-004631,Hostalin Barcelona Passeig de Gràcia,hotel,Barcelona,080193,la Dreta de l'Eixample,No aplica,,sin_estrellas,16.0,9.0,660.0,41.39388676,2.16328497,geocodificada,121.91999816894533,€€,68.58,€€,True,suficiente
HB-004632,Sorli Emocions,hotel,Vilassar de Dalt,082140,,4 estrelles,,,66.0,33.0,53.0,41.50729548,2.3593924,geocodificada,,,,,,
HB-004633,Hostal Barcelona Travel,hotel,Barcelona,080193,l'Antiga Esquerra de l'Eixample,No aplica,,sin_estrellas,16.0,8.0,,41.38852829,2.16030836,geocodificada,121.91999816894533,€€,60.96,€€,True,suficiente
HB-004634,Calabria,hotel,"Garriga, la",080885,,2 estrelles,,,14.0,7.0,,,,,,,,,,
HB-004635,Casa Llimona,hotel,Barcelona,080193,la Dreta de l'Eixample,2 estrelles,2.0,hotel_estrellas,18.0,6.0,915.0,41.39216233299084,2.1703701211751545,exacta,201.04,€€€,67.01,€€,False,observado
HB-004636,Bestprice Diagonal,hotel,Barcelona,080193,Diagonal Mar i el Front Marítim del Poblenou,1 estrella,1.0,hotel_estrellas,61.0,32.0,765.0,41.40960911551085,2.209645895246691,exacta,140.59,€€,73.75,€€€,False,observado
HB-004637,Mim Sitges Hotel Boutique  Spa,hotel,Sitges,082704,,4 estrelles superior,,,154.0,77.0,874.0,41.23467068,1.80384951,geocodificada,,,,,,
HB-004638,Bruc,hotel,Barcelona,080193,la Dreta de l'Eixample,No aplica,,sin_estrellas,8.0,4.0,,41.393756,2.17009729,geocodificada,59.32,€,29.66,€,False,observado
HB-004639,Casa Maca Guest House 3,hotel,Barcelona,080193,la Dreta de l'Eixample,1 estrella,1.0,hotel_estrellas,8.0,4.0,780.0,41.39735489190897,2.165750098645877,exacta,127.91000366210938,€€,63.96,€€,True,justo
HB-004640,Casa Maca Guest House 4,hotel,Barcelona,080193,la Dreta de l'Eixample,1 estrella,1.0,hotel_estrellas,8.0,4.0,780.0,41.39735489190897,2.165750098645877,exacta,127.91000366210938,€€,63.96,€€,True,justo
HB-004641,Casa Maca Guest House,hotel,Barcelona,080193,la Dreta de l'Eixample,1 estrella,1.0,hotel_estrellas,8.0,4.0,809.0,41.39735489190897,2.165750098645877,exacta,127.91000366210938,€€,63.96,€€,True,justo
HB-004642,AMRA BARCELONA GRAN VIA,hotel,Barcelona,080193,la Dreta de l'Eixample,No aplica,,sin_estrellas,19.0,10.0,833.0,41.39268519,2.17305614,geocodificada,151.02,€€,79.48,€€€,False,observado
HB-004643,Ortigosa,hotel,Sant Esteve Sesrovires,082080,,No aplica,,,7.0,4.0,483.0,41.49411041,1.87348225,geocodificada,,,,,,
HB-004644,Ally's Guest House Barcelona,hotel,Barcelona,080193,la Dreta de l'Eixample,No aplica,,sin_estrellas,8.0,4.0,706.0,41.39746349,2.16555402,geocodificada,123.20999908447266,€€,61.6,€€,True,suficiente
HB-004645,Hotel Primero Primera,hotel,Barcelona,080193,les Tres Torres,5 estrelles,5.0,hotel_estrellas,58.0,29.0,77.0,41.40030213525328,2.1298279060862613,exacta,285.18,€€€,142.59,€€€€,False,observado
HB-004646,The Corner 592,hotel,Barcelona,080193,la Dreta de l'Eixample,No aplica,,sin_estrellas,8.0,4.0,974.0,41.3863569,2.16463484,geocodificada,114.66999816894533,€€,57.33,€€,True,suficiente
HB-004647,The Serras,hotel,Barcelona,080193,el Barri Gòtic,Gran luxe,5.0,hotel_estrellas,56.0,28.0,729.0,41.38019303589606,2.180844403945092,exacta,1597.4,€€€€,798.7,€€€€,False,observado
HB-004648,Casa Saltor,hotel,Barcelona,080193,Sant Antoni,2 estrelles,2.0,hotel_estrellas,7.0,2.0,89.0,41.38344663163486,2.160738850889616,exacta,128.16000366210938,€€,36.62,€,True,justo
HB-004649,Avenida,hotel,Vilafranca del Penedès,083054,,No aplica,,,8.0,5.0,,41.342577,1.69147704,geocodificada,,,,,,
HB-004650,Hostal de Caldes,hotel,Caldes de Montbui,080333,,No aplica,,,8.0,5.0,,41.63369978,2.16354373,geocodificada,,,,,,
HB-004651,Jardinets Guest House,hotel,Barcelona,080193,la Dreta de l'Eixample,1 estrella,1.0,hotel_estrellas,8.0,4.0,780.0,41.39442605,2.1695775,geocodificada,124.41,€€,62.2,€€,False,observado
HB-004652,New Hotel Colon,hotel,Mataró,081213,,3 estrelles,,,87.0,48.0,777.0,41.54826199,2.44674848,geocodificada,,,,,,
HB-004653,The Grand Margot House,hotel,Barcelona,080193,la Dreta de l'Eixample,3 estrelles,3.0,hotel_estrellas,17.0,9.0,799.0,41.39186568479032,2.1658443401402576,exacta,326.5,€€€€,172.85,€€€€,False,observado
HB-004654,Good-Home,hotel,Barcelona,080193,la Dreta de l'Eixample,No aplica,,sin_estrellas,14.0,4.0,534.0,41.39684498,2.16219944,geocodificada,133.58999633789062,€€,38.17,€,True,suficiente
HB-004655,HOTEL B&B BARCELONA SANT CUGAT,hotel,Sant Cugat del Vallès,082055,,4 estrelles,,,192.0,96.0,946.0,41.49857235,2.0724757,geocodificada,,,,,,
HB-004656,THE STREETS,hotel,Barcelona,080193,la Dreta de l'Eixample,No aplica,,sin_estrellas,8.0,3.0,603.0,41.39206317,2.16717488,geocodificada,113.93000030517578,€€,42.72,€€,True,suficiente
HB-004657,Allada,hotel,Barcelona,080193,"Sant Pere, Santa Caterina i la Ribera",3 estrelles,3.0,hotel_estrellas,28.0,17.0,411.0,41.386954534481205,2.1807150933616155,exacta,288.66,€€€,175.26,€€€€,False,observado
HB-004658,Hostal Live Barcelona 2,hotel,Barcelona,080193,l'Antiga Esquerra de l'Eixample,No aplica,,sin_estrellas,10.0,5.0,760.0,41.38353186,2.15999195,geocodificada,109.27999877929688,€€,54.64,€€,True,suficiente
HB-004659,Smart Room Barcelona,hotel,Barcelona,080193,Sants,No aplica,,sin_estrellas,122.0,55.0,668.0,41.37201764,2.13687292,geocodificada,117.8000030517578,€€,53.11,€€,True,justo
HB-004660,Brustar Sagrada Família,hotel,Barcelona,080193,la Dreta de l'Eixample,No aplica,,sin_estrellas,8.0,4.0,813.0,41.40136919,2.16908663,geocodificada,121.26000213623048,€€,60.63,€€,True,suficiente
HB-004662,Edelweis,hotel,"Garriga, la",080885,,3 estrelles,,,8.0,4.0,302.0,,,,,,,,,
HB-004663,Ca la Maria Barcelona BedBreakfast,hotel,Barcelona,080193,la Dreta de l'Eixample,No aplica,,sin_estrellas,8.0,4.0,,41.39459694,2.15696271,geocodificada,128.4499969482422,€€,64.22,€€,True,suficiente
HB-004665,Hostalin Barcelona Diputació 2,hotel,Barcelona,080193,la Dreta de l'Eixample,No aplica,,sin_estrellas,8.0,4.0,660.0,41.39644632,2.17528966,geocodificada,116.1,€€,58.05,€€,False,observado
HB-004666,La Casa de Antonio,hotel,Barcelona,080193,Sant Antoni,No aplica,,sin_estrellas,13.0,7.0,732.0,41.38494047,2.16275026,geocodificada,125.85,€€,67.77,€€,False,observado
HB-004667,Mas Salagros,hotel,Vallromanes,082969,,5 estrelles,,,108.0,54.0,720.0,,,,,,,,,
HB-004668,Hotel Brummell,hotel,Barcelona,080193,el Poble Sec,4 estrelles,4.0,hotel_estrellas,35.0,20.0,759.0,41.37168239763194,2.166478732584708,exacta,152.8000030517578,€€,87.31,€€€,True,suficiente
HB-004669,Àmbit Barcelona,hotel,Barcelona,080193,la Dreta de l'Eixample,4 estrelles,4.0,hotel_estrellas,68.0,36.0,731.0,41.39082112660419,2.1717688902759247,exacta,146.68,€€,77.65,€€€,False,observado
HB-004670,The Conica Deluxe Bed  Breakfast,hotel,Barcelona,080193,l'Antiga Esquerra de l'Eixample,No aplica,,sin_estrellas,8.0,4.0,303.0,41.39382802,2.15557433,geocodificada,124.0,€€,62.0,€€,True,suficiente
HB-004672,CASA GRACIA APARTHOTEL,hotel,Barcelona,080193,la Vila de Gràcia,1 estrella,1.0,hotel_estrellas,60.0,26.0,602.0,41.39711176809929,2.15933540553508,exacta,116.96,€€,50.68,€€,False,observado
HB-004673,"Dreamkeys, Apartments  Suites",hotel,Barcelona,080193,Sant Gervasi - Galvany,3 estrelles,3.0,hotel_estrellas,19.0,12.0,815.0,41.39393974173925,2.148213200212615,exacta,110.77,€€,69.96,€€,False,observado
HB-004674,Murmuri Residence,hotel,Barcelona,080193,la Dreta de l'Eixample,2 estrelles,2.0,hotel_estrellas,14.0,5.0,658.0,41.39444358647955,2.1600028001118003,exacta,225.55,€€€,80.55,€€€,False,observado
HB-004675,Lumine Luxury Suites,hotel,Barcelona,080193,l'Antiga Esquerra de l'Eixample,No aplica,,sin_estrellas,8.0,4.0,818.0,41.39289208,2.15771277,geocodificada,140.74,€€,70.37,€€€,False,observado
HB-004676,Masia Casa del Mar,hotel,Sant Pere de Ribes,082310,,5 estrelles,,,11.0,6.0,761.0,,,,,,,,,
HB-004677,Consell,hotel,Barcelona,080193,la Nova Esquerra de l'Eixample,No aplica,,sin_estrellas,8.0,4.0,774.0,41.38367246,2.15565751,geocodificada,116.81999969482422,€€,58.41,€€,True,suficiente
HB-004678,Hostal Cubelles Barcelona,hotel,Cubelles,080749,,No aplica,,,13.0,10.0,,41.20152433,1.67986821,geocodificada,,,,,,
HB-004679,DON FABRIZZIO,hotel,Barcelona,080193,la Nova Esquerra de l'Eixample,No aplica,,sin_estrellas,12.0,4.0,797.0,41.37842735,2.15320505,geocodificada,98.07,€,32.69,€,False,observado
HB-004680,Casa Torner i Güell,hotel,Vilafranca del Penedès,083054,,4 estrelles,,,34.0,17.0,709.0,41.34458825,1.69831622,geocodificada,,,,,,
HB-004681,1881 Barcelona Gran Rosellón Hotel,hotel,Barcelona,080193,l'Antiga Esquerra de l'Eixample,4 estrelles,4.0,hotel_estrellas,120.0,60.0,634.0,41.39214235736549,2.1559834879243445,exacta,146.67,€€,73.33,€€€,False,observado
HB-004682,Casa Gràcia,hotel,Barcelona,080193,,1 estrella,1.0,hotel_estrellas,23.0,11.0,602.0,,,,135.6199951171875,€€,64.86,€€,True,justo
HB-004683,Hostal Excellence,hotel,Barcelona,080193,el Barri Gòtic,No aplica,,sin_estrellas,11.0,7.0,770.0,41.38564644,2.17182096,geocodificada,81.13,€,51.63,€€,False,observado
HB-004684,Hostal BCN Llúria,hotel,Barcelona,080193,la Dreta de l'Eixample,No aplica,,sin_estrellas,14.0,4.0,263.0,41.39230414,2.17012872,geocodificada,122.01000213623048,€€,34.86,€,True,suficiente
HB-004686,Boutique Hostemplo,hotel,Barcelona,080193,la Sagrada Família,3 estrelles,3.0,hotel_estrellas,28.0,14.0,743.0,41.4012459918164,2.1733802173074936,exacta,176.61,€€€,88.3,€€€,False,observado
HB-004687,Casa Vilaró,hotel,Barcelona,080193,la Salut,No aplica,,sin_estrellas,8.0,4.0,,41.41141182,2.15136171,geocodificada,105.7699966430664,€€,52.88,€€,True,suficiente
HB-004688,Two by Axel,hotel,Barcelona,080193,Sant Antoni,4 estrelles superior,4.5,hotel_estrellas,168.0,87.0,1041.0,41.37906515224888,2.1560491919505824,exacta,149.76,€€,77.55,€€€,False,observado
HB-004690,Brummell,hotel,Barcelona,080193,el Poble Sec,No aplica,,sin_estrellas,4.0,2.0,759.0,41.37168239763194,2.166478732584708,exacta,104.04000091552734,€€,52.02,€€,True,suficiente
HB-004691,Cotton House,hotel,Barcelona,080193,la Dreta de l'Eixample,5 estrelles,5.0,hotel_estrellas,162.0,83.0,714.0,41.391785729674645,2.171836296038712,exacta,331.9599914550781,€€€€,170.08,€€€€,True,suficiente
HB-004693,HOSTAL NOVA BARCELONA,hotel,Barcelona,080193,la Bordeta,No aplica,,sin_estrellas,27.0,9.0,920.0,41.36816507,2.13297491,geocodificada,103.73999786376952,€€,34.58,€,True,suficiente
HB-004694,Omnium,hotel,Barcelona,080193,la Dreta de l'Eixample,2 estrelles,2.0,hotel_estrellas,36.0,21.0,64.0,41.39182378856561,2.173072735813292,exacta,169.52,€€,98.89,€€€,False,observado
HB-004695,BacHome Barcelona BB,hotel,Barcelona,080193,la Dreta de l'Eixample,No aplica,,sin_estrellas,14.0,7.0,768.0,41.39482523,2.16905209,geocodificada,120.64,€€,60.32,€€,False,observado
HB-004696,H10 CUBIK,hotel,Barcelona,080193,el Barri Gòtic,4 estrelles superior,4.5,hotel_estrellas,191.0,101.0,332.0,41.388090051656846,2.173137991613635,exacta,253.66,€€€,134.13,€€€€,False,observado
HB-004697,Forget Me Not Plus 1,hotel,Barcelona,080193,,No aplica,,sin_estrellas,14.0,7.0,820.0,,,,130.08999633789062,€€,65.04,€€,True,suficiente
HB-004698,Forget Me Not Plus 2,hotel,Barcelona,080193,,No aplica,,sin_estrellas,14.0,7.0,820.0,,,,130.08999633789062,€€,65.04,€€,True,suficiente
HB-004699,Negresco Princess,hotel,Barcelona,080193,la Dreta de l'Eixample,4 estrelles superior,4.5,hotel_estrellas,257.0,129.0,781.0,41.39041833001992,2.1726318290941244,exacta,175.15,€€€,87.92,€€€,False,observado
HB-004700,FEELATHOME CASA BERTRAND,hotel,Barcelona,080193,la Dreta de l'Eixample,No aplica,,sin_estrellas,14.0,7.0,614.0,41.38915264,2.16330335,geocodificada,133.99,€€,67.0,€€,False,observado
HB-004701,Ally's Guest House III,hotel,Barcelona,080193,la Dreta de l'Eixample,No aplica,,sin_estrellas,7.0,4.0,706.0,41.39746349,2.16555402,geocodificada,123.20999908447266,€€,70.41,€€€,True,suficiente
HB-004703,Casa Bonay,hotel,Barcelona,080193,la Dreta de l'Eixample,4 estrelles,4.0,hotel_estrellas,124.0,67.0,769.0,41.39363075012316,2.174292114308535,exacta,201.24,€€€,108.73,€€€,False,observado
HB-004704,Serennia Exclusive Rooms,hotel,Barcelona,080193,la Dreta de l'Eixample,2 estrelles,2.0,hotel_estrellas,8.0,4.0,379.0,41.38641596849567,2.1654750128093854,exacta,90.93,€,45.46,€€,False,observado
HB-004705,BAILEN GREEN HOUSE,hotel,Barcelona,080193,el Camp d'en Grassot i Gràcia Nova,No aplica,,sin_estrellas,8.0,4.0,,41.40124592,2.16508152,geocodificada,124.5199966430664,€€,62.26,€€,True,suficiente
HB-004706,RETROME,hotel,Barcelona,080193,la Dreta de l'Eixample,No aplica,,sin_estrellas,14.0,7.0,721.0,41.39540003,2.17017915,geocodificada,130.08999633789062,€€,65.04,€€,True,suficiente
HB-004707,RETROME,hotel,Barcelona,080193,la Dreta de l'Eixample,No aplica,,sin_estrellas,8.0,4.0,721.0,41.39524186,2.17038759,geocodificada,121.7699966430664,€€,60.88,€€,True,suficiente
HB-004708,RETROME,hotel,Barcelona,080193,la Dreta de l'Eixample,No aplica,,sin_estrellas,8.0,4.0,721.0,41.39524186,2.17038759,geocodificada,121.7699966430664,€€,60.88,€€,True,suficiente
HB-004709,Canigó,hotel,Barcelona,080193,el Guinardó,No aplica,,sin_estrellas,17.0,9.0,,41.41535161,2.1770461,geocodificada,110.83999633789062,€€,58.68,€€,True,suficiente
HB-004711,Duquesa Suites,hotel,Barcelona,080193,el Barri Gòtic,4 estrelles,4.0,hotel_estrellas,40.0,20.0,406.0,41.381149025191895,2.181482776174521,exacta,204.28,€€€,102.14,€€€,False,observado
HB-004713,Hostal Ginebra Lux,hotel,Barcelona,080193,la Dreta de l'Eixample,No aplica,,sin_estrellas,10.0,4.0,751.0,41.38751781,2.16804398,geocodificada,107.3000030517578,€€,42.92,€€,True,suficiente
HB-004714,Hostal Ginebra Superior,hotel,Barcelona,080193,la Dreta de l'Eixample,No aplica,,sin_estrellas,6.0,3.0,751.0,41.38751781,2.16804398,geocodificada,107.3000030517578,€€,53.65,€€,True,suficiente
HB-004715,Bed  Break,hotel,Barcelona,080193,la Dreta de l'Eixample,No aplica,,sin_estrellas,8.0,4.0,740.0,41.39385457,2.1714582,geocodificada,124.41,€€,62.2,€€,False,observado
HB-004716,Upper Diagonal,hotel,Barcelona,080193,Sarrià,4 estrelles,4.0,hotel_estrellas,78.0,39.0,779.0,41.3904938099033,2.121661575643535,exacta,188.0,€€€,94.0,€€€,False,observado
HB-004717,Vila Arenys,hotel,Arenys de Mar,080060,,4 estrelles,,,32.0,16.0,790.0,41.58167452,2.54899441,geocodificada,,,,,,
HB-004718,Ohla Eixample,hotel,Barcelona,080193,la Dreta de l'Eixample,5 estrelles,5.0,hotel_estrellas,188.0,94.0,767.0,41.39448527637071,2.156445196720727,exacta,347.43,€€€€,173.72,€€€€,False,observado
HB-004719,Bestprice Gracia,hotel,Barcelona,080193,el Camp d'en Grassot i Gràcia Nova,1 estrella,1.0,hotel_estrellas,49.0,24.0,765.0,41.40972898359826,2.160847193639739,exacta,107.86,€€,52.83,€€,False,observado
HB-004722,Casa Mathilda,hotel,Barcelona,080193,la Dreta de l'Eixample,No aplica,,sin_estrellas,20.0,12.0,747.0,41.3969604,2.16359769,geocodificada,182.15,€€€,109.29,€€€,False,observado
HB-004724,MASD MERDITERRANEO,hotel,Castelldefels,080569,,4 estrelles,,,90.0,45.0,615.0,,,,,,,,,
HB-004725,Arrey Alella,hotel,Alella,080039,,4 estrelles,,,66.0,37.0,837.0,41.48825086,2.2965295,geocodificada,,,,,,
HB-004726,Sense especificar,hotel,Barcelona,080193,la Dreta de l'Eixample,2 estrelles,2.0,hotel_estrellas,18.0,9.0,306.0,41.39110484766716,2.175084805023442,exacta,149.3800048828125,€€,74.69,€€€,True,justo
HB-004727,Catalonia Magdalenes,hotel,Barcelona,080193,el Barri Gòtic,4 estrelles,4.0,hotel_estrellas,122.0,61.0,262.0,41.38612320758982,2.174603157517087,exacta,252.08,€€€,126.04,€€€€,False,observado
HB-004728,Ibis Styles Barcelona Centre,hotel,Barcelona,080193,la Dreta de l'Eixample,2 estrelles,2.0,hotel_estrellas,162.0,84.0,300.0,41.39779877488071,2.1657075901127345,exacta,151.42999267578125,€€,78.52,€€€,True,suficiente
HB-004730,The Wittmore,hotel,Barcelona,080193,el Barri Gòtic,Gran luxe,5.0,hotel_estrellas,40.0,22.0,640.0,41.38100409728876,2.179708405633575,exacta,303.08,€€€€,166.69,€€€€,False,observado
HB-004731,WellCome Boutique Hotel,hotel,Barcelona,080193,la Dreta de l'Eixample,4 estrelles,4.0,hotel_estrellas,78.0,44.0,763.0,41.399165115522926,2.165612980595935,exacta,167.66000366210938,€€,94.58,€€€,True,suficiente
HB-004732,Sono House,hotel,"Garriga, la",080885,,No aplica,,,8.0,4.0,846.0,,,,,,,,,
HB-004733,Room Mate Anna,hotel,Barcelona,080193,la Dreta de l'Eixample,4 estrelles,4.0,hotel_estrellas,146.0,81.0,240.0,41.39286578560716,2.165518703308214,exacta,178.24,€€€,98.89,€€€,False,observado
HB-004734,LA MER HOTEL,hotel,Cabrera de Mar,080291,,3 estrelles,,,12.0,6.0,243.0,41.53441574,2.40269895,geocodificada,,,,,,
HB-004735,Flats Rent Store,hotel,Barcelona,080193,,1 estrella,1.0,hotel_estrellas,8.0,2.0,655.0,,,,118.27999877929688,€€,29.57,€,True,justo
HB-004736,Chi,hotel,Barcelona,080193,la Nova Esquerra de l'Eixample,3 estrelles,3.0,hotel_estrellas,96.0,48.0,356.0,41.37926527915932,2.1542979481893445,exacta,176.66,€€€,88.33,€€€,False,observado
HB-004737,The Corner,hotel,Barcelona,080193,l'Antiga Esquerra de l'Eixample,4 estrelles,4.0,hotel_estrellas,144.0,72.0,44.0,41.38920808414,2.1565850044832446,exacta,234.55,€€€,117.28,€€€,False,observado
HB-004738,murmuri residence mercader,hotel,Barcelona,080193,la Dreta de l'Eixample,4 estrelles,4.0,hotel_estrellas,54.0,14.0,658.0,41.39245184284078,2.160095605473392,exacta,202.27,€€€,52.44,€€,False,observado
HB-004739,H10 Casa Mimosa,hotel,Barcelona,080193,la Dreta de l'Eixample,4 estrelles superior,4.5,hotel_estrellas,90.0,45.0,776.0,41.39632576156087,2.1622346806892065,exacta,209.5200042724609,€€€,104.76,€€€,True,suficiente
HB-004740,Magatzem 128,hotel,Barcelona,080193,la Nova Esquerra de l'Eixample,No aplica,,sin_estrellas,28.0,16.0,831.0,41.3810616,2.1534093,geocodificada,117.54,€€,67.17,€€,False,observado
HB-004741,MY PILLOW GUESTHOUSE,hotel,Barcelona,080193,Vilapicina i la Torre Llobeta,No aplica,,sin_estrellas,9.0,5.0,,41.42826978,2.17990496,geocodificada,102.80999755859376,€€,57.12,€€,True,suficiente
HB-004742,Ibis Styles Barcelona City Bogatell,hotel,Barcelona,080193,el Parc i la Llacuna del Poblenou,2 estrelles,2.0,hotel_estrellas,426.0,213.0,796.0,41.39471834982292,2.193417187038185,exacta,143.08,€€,71.54,€€€,False,observado
HB-004743,Baldiri,hotel,Sant Boi de Llobregat,082009,,2 estrelles,,,22.0,11.0,794.0,41.3416168,2.04536591,geocodificada,,,,,,
HB-004744,Led Sitges,hotel,Sitges,082704,,3 estrelles,,,11.0,6.0,503.0,41.2356531,1.80872218,geocodificada,,,,,,
HB-004745,The One Barcelona,hotel,Barcelona,080193,la Dreta de l'Eixample,Gran luxe,5.0,hotel_estrellas,178.0,89.0,194.0,41.39616692342456,2.163175165083871,exacta,309.73,€€€€,154.86,€€€€,False,observado
HB-004747,wander,hotel,Barcelona,080193,el Raval,No aplica,,sin_estrellas,16.0,8.0,726.0,41.37715017,2.17507056,geocodificada,122.3,€€,61.15,€€,False,observado
HB-004748,Casa Vilella,hotel,Sitges,082704,,4 estrelles superior,,,44.0,14.0,218.0,41.23251007,1.80003017,geocodificada,,,,,,
HB-004749,El Hotelito,hotel,"Hospitalet de Llobregat, l'",081017,,2 estrelles,,,6.0,3.0,860.0,,,,,,,,,
HB-004750,soho house,hotel,Barcelona,080193,el Barri Gòtic,5 estrelles,5.0,hotel_estrellas,114.0,57.0,717.0,41.37847340463965,2.179352287617746,exacta,418.91,€€€€,209.46,€€€€,False,observado
HB-004751,Odissea Park Aparthotel,hotel,Santa Susanna,082613,,4 estrelles,,,144.0,65.0,867.0,,,,,,,,,
HB-004752,Gerard,hotel,Barcelona,080193,la Dreta de l'Eixample,4 estrelles,4.0,hotel_estrellas,132.0,66.0,240.0,41.39164480735702,2.176179963865457,exacta,167.46,€€,83.73,€€€,False,observado
HB-004753,THE MOODS CATEDRAL,hotel,Barcelona,080193,el Barri Gòtic,No aplica,,sin_estrellas,32.0,17.0,738.0,41.38460127,2.17744791,geocodificada,141.1,€€,74.96,€€€,False,observado
HB-004754,Sitges Royal Rooms,hotel,Sitges,082704,,2 estrelles,,,15.0,8.0,435.0,41.23815851,1.81012102,geocodificada,,,,,,
HB-004755,Yurbban Passage,hotel,Barcelona,080193,"Sant Pere, Santa Caterina i la Ribera",4 estrelles superior,4.5,hotel_estrellas,122.0,60.0,57.0,41.38885039744969,2.175895414191437,exacta,231.08,€€€,113.65,€€€,False,observado
HB-004756,Niu Barcelona,hotel,Barcelona,080193,el Raval,3 estrelles,3.0,hotel_estrellas,48.0,27.0,758.0,41.37882515023729,2.168754430325625,exacta,154.31,€€,86.8,€€€,False,observado
HB-004757,ZT The Golden Hotel Barcelona,hotel,Barcelona,080193,el Parc i la Llacuna del Poblenou,4 estrelles,4.0,hotel_estrellas,293.0,158.0,246.0,41.40020540586961,2.190991263312167,exacta,152.74,€€,82.36,€€€,False,observado
HB-004758,Bcn NiceCozy,hotel,Barcelona,080193,Horta,No aplica,,sin_estrellas,8.0,4.0,,41.432536,2.1585679,geocodificada,105.2699966430664,€€,52.63,€€,True,suficiente
HB-004759,Masia Can Calet,hotel,"Franqueses del Vallès, les",080863,,1 estrella,,,6.0,2.0,,,,,,,,,,
HB-004760,Sb Glow,hotel,Barcelona,080193,el Parc i la Llacuna del Poblenou,4 estrelles superior,4.5,hotel_estrellas,486.0,235.0,290.0,41.40214569463325,2.1910365479757883,exacta,215.22000122070312,€€€,104.07,€€€,True,suficiente
HB-004761,Arya Hotel,hotel,Barcelona,080193,Sants - Badal,3 estrelles,3.0,hotel_estrellas,115.0,61.0,766.0,41.3755350091031,2.12466475760214,exacta,119.18,€€,63.22,€€,False,observado
HB-004762,Od Barcelona,hotel,Barcelona,080193,la Dreta de l'Eixample,5 estrelles,5.0,hotel_estrellas,196.0,98.0,315.0,41.393828705850446,2.167334035650646,exacta,331.9599914550781,€€€€,165.98,€€€€,True,suficiente
HB-004763,Parets Els Pins,hotel,Parets del Vallès,081593,,1 estrella,,,23.0,12.0,159.0,41.55557296,2.22818962,geocodificada,,,,,,
HB-004765,Donna,hotel,Castelldefels,080569,,4 estrelles superior,,,76.0,38.0,549.0,,,,,,,,,
HB-004766,Hostal Oliveta,hotel,Barcelona,080193,el Poble Sec,No aplica,,sin_estrellas,10.0,6.0,803.0,41.37415368,2.16553563,geocodificada,99.97000122070312,€,59.98,€€,True,suficiente
HB-004767,Hotel Boutique 2015,hotel,Barcelona,080193,la Dreta de l'Eixample,2 estrelles,2.0,hotel_estrellas,8.0,4.0,372.0,41.38641596849567,2.1654750128093854,exacta,129.22000122070312,€€,64.61,€€,True,justo
HB-004768,Le Palacete by Sweet,hotel,Barcelona,080193,la Vila de Gràcia,3 estrelles,3.0,hotel_estrellas,20.0,10.0,823.0,41.407683199528215,2.159575795661155,exacta,138.72999572753906,€€,69.36,€€,True,justo
HB-004769,rec,hotel,Barcelona,080193,"Sant Pere, Santa Caterina i la Ribera",3 estrelles,3.0,hotel_estrellas,198.0,99.0,205.0,41.386151941935545,2.1822517443494616,exacta,162.9,€€,81.45,€€€,False,observado
HB-004770,"RADISSON BLU 1882 HOTEL, BARCELONA SAGRADA FAMILIA",hotel,Barcelona,080193,el Camp d'en Grassot i Gràcia Nova,4 estrelles,4.0,hotel_estrellas,364.0,182.0,679.0,41.40398466309082,2.1694052821596284,exacta,220.74,€€€,110.37,€€€,False,observado
HB-004802,ONA MOSAIC,hotel,Barcelona,080193,la Dreta de l'Eixample,No aplica,,sin_estrellas,93.0,53.0,441.0,41.39263442789897,2.1615855784992792,exacta,140.55,€€,80.1,€€€,False,observado
HB-004803,Torre Barcelona,hotel,Sant Cugat del Vallès,082055,,No aplica,,,14.0,9.0,,41.4612431,2.05134018,geocodificada,,,,,,
HB-004805,45 Times Barcelona Hotel,hotel,Barcelona,080193,la Dreta de l'Eixample,4 estrelles superior,4.5,hotel_estrellas,238.0,119.0,254.0,41.38786991751789,2.169354802486356,exacta,210.19000244140625,€€€,105.1,€€€,True,suficiente
HB-004806,ALMANAC,hotel,Barcelona,080193,la Dreta de l'Eixample,Gran luxe,5.0,hotel_estrellas,184.0,91.0,749.0,41.39056874598359,2.1693587360128537,exacta,429.37,€€€€,212.35,€€€€,False,observado
HB-004807,H10 MADISON,hotel,Barcelona,080193,el Barri Gòtic,4 estrelles superior,4.5,hotel_estrellas,198.0,101.0,618.0,41.38614093263978,2.175467284308261,exacta,280.81,€€€,143.24,€€€€,False,observado
HB-004810,HOTEL RADHA,hotel,"Hospitalet de Llobregat, l'",081017,,3 estrelles,,,34.0,13.0,880.0,,,,,,,,,
HB-004815,MAS BARCELÓ,hotel,Gelida,080919,,No aplica,,,4.0,2.0,798.0,41.43712461,1.86880564,geocodificada,,,,,,
HB-004821,Hotelito Boutique Mercat de Collblanc,hotel,"Hospitalet de Llobregat, l'",081017,,2 estrelles,,,14.0,7.0,859.0,,,,,,,,,
HB-004822,MOTEL ONE BARCELONA CIUTADELLA,hotel,Barcelona,080193,el Parc i la Llacuna del Poblenou,1 estrella,1.0,hotel_estrellas,602.0,301.0,873.0,41.3901446312642,2.184642301079106,exacta,147.7,€€,73.85,€€€,False,observado
HB-004828,EXE PLAZA CATALUNYA,hotel,Barcelona,080193,la Dreta de l'Eixample,5 estrelles,5.0,hotel_estrellas,193.0,107.0,841.0,41.386839939302114,2.167463268055395,exacta,163.86,€€,90.84,€€€,False,observado
HB-004835,Hotelito Boutique Cinca,hotel,"Hospitalet de Llobregat, l'",081017,,2 estrelles,,,8.0,4.0,859.0,,,,,,,,,
HB-004836,Hotelito Boutique Badalona,hotel,Badalona,080155,,2 estrelles,,,10.0,5.0,859.0,41.44785992,2.24937475,geocodificada,,,,,,
HB-004837,The Barcelona EDITION,hotel,Barcelona,080193,"Sant Pere, Santa Caterina i la Ribera",Gran luxe,5.0,hotel_estrellas,200.0,100.0,775.0,41.3860193795592,2.177749636087513,exacta,684.38,€€€€,342.19,€€€€,False,observado
HB-004841,EASYHOTEL BARCELONA,hotel,"Hospitalet de Llobregat, l'",081017,,1 estrella,,,432.0,204.0,957.0,,,,,,,,,
HB-004844,COOLROOMS MALDA,hotel,Barcelona,080193,el Barri Gòtic,No aplica,,sin_estrellas,28.0,14.0,944.0,41.38313715,2.1739156,geocodificada,180.07,€€€,90.04,€€€,False,observado
HB-004847,Hostal Avenida de Madrid,hotel,Terrassa,082798,,No aplica,,,13.0,11.0,733.0,41.56162812,2.03778821,geocodificada,,,,,,
HB-004854,OLALA THE HOTEL,hotel,"Hospitalet de Llobregat, l'",081017,,1 estrella,,,7.0,4.0,819.0,,,,,,,,,
HB-004855,HOTEL LA CASA DEL SOL,hotel,Barcelona,080193,la Vila de Gràcia,3 estrelles,3.0,hotel_estrellas,32.0,18.0,771.0,41.4012123348651,2.156375357836128,exacta,149.97000122070312,€€,84.36,€€€,True,suficiente
HB-004857,HOTEL PRAKTIK ÈSSENS,hotel,Barcelona,080193,la Dreta de l'Eixample,2 estrelles,2.0,hotel_estrellas,74.0,37.0,862.0,41.390203699064784,2.167911790980987,exacta,146.14999389648438,€€,73.07,€€€,True,suficiente
HB-004858,US URBAN SABADELL,hotel,Sabadell,081878,,No aplica,,,11.0,7.0,897.0,41.55162842,2.10521151,geocodificada,,,,,,
HB-004859,ALBERGUE DELFOS,hotel,Barcelona,080193,Sant Antoni,No aplica,,sin_estrellas,10.0,6.0,,41.38465103,2.16371175,geocodificada,109.27999877929688,€€,65.57,€€,True,suficiente
HB-004863,668 HOTEL,hotel,Santa Coloma de Gramenet,082457,,No aplica,,,16.0,10.0,898.0,41.45006919,2.21669445,geocodificada,,,,,,
HB-004865,RESTAURANTE TROPICAL GAVA MAR S.L.,hotel,Gavà,080898,,4 estrelles superior,,,26.0,13.0,872.0,41.2683759,2.03032651,geocodificada,,,,,,
HB-004867,CAMI,hotel,Barcelona,080193,la Dreta de l'Eixample,No aplica,,sin_estrellas,8.0,4.0,,41.38932106,2.17083587,geocodificada,128.65,€€,64.32,€€,False,observado
HB-004869,HOTEL MONTCADA,hotel,Montcada i Reixac,081252,,1 estrella,,,88.0,44.0,72.0,,,,,,,,,
HB-004879,HOTEL PAPI BLAU,hotel,Malgrat de Mar,081108,,4 estrelles,,,180.0,92.0,561.0,,,,,,,,,
HB-004883,CASA VOLVER,hotel,Barcelona,080193,el Raval,1 estrella,1.0,hotel_estrellas,79.0,43.0,977.0,41.38506551814925,2.170062420542056,exacta,128.44000244140625,€€,69.91,€€,True,suficiente
HB-004887,Hotelito Boutique Carrer del mar,hotel,Badalona,080155,,2 estrelles,,,9.0,4.0,859.0,41.44786371,2.24956177,geocodificada,,,,,,
HB-004890,Cal Roig,hotel,Olèrdola,081458,,No aplica,,,12.0,4.0,914.0,41.32596219,1.69174618,geocodificada,,,,,,
HB-004892,HOTEL SEVENTY,hotel,Barcelona,080193,la Dreta de l'Eixample,4 estrelles superior,4.5,hotel_estrellas,304.0,152.0,205.0,41.39802836842931,2.161479199538445,exacta,267.71,€€€,133.85,€€€€,False,observado
HB-004893,HOTEL ACTA VORAPORT,hotel,Barcelona,080193,el Poblenou,2 estrelles,2.0,hotel_estrellas,626.0,313.0,604.0,41.399176057604166,2.2021543339735774,exacta,166.52,€€,83.26,€€€,False,observado
HB-004902,BB Sant Pol,hotel,Sant Pol de Mar,082359,,No aplica,,,14.0,6.0,,41.6019953,2.62203676,geocodificada,,,,,,
HB-004905,"BARCELO CONDAL HOTELES, S.A. Occidental Barcelona 1929",hotel,Barcelona,080193,Hostafrancs,3 estrelles,3.0,hotel_estrellas,304.0,152.0,4.0,41.375305205605,2.147679995112933,exacta,144.28,€€,72.14,€€€,False,observado
HB-004907,SERENNIA FIRA GRAN VIA,hotel,"Hospitalet de Llobregat, l'",081017,,2 estrelles,,,34.0,16.0,329.0,,,,,,,,,
HB-004908,COVELOCALS,hotel,Sant Cugat del Vallès,082055,,4 estrelles,,,96.0,48.0,678.0,41.4845848,2.08561944,geocodificada,,,,,,
HB-004910,HOTEL CASA LUZ,hotel,Barcelona,080193,la Dreta de l'Eixample,2 estrelles,2.0,hotel_estrellas,127.0,65.0,277.0,41.38617162,2.16488015,geocodificada,253.39,€€€,129.69,€€€€,False,observado
HB-004911,OCCIDENTAL 414 DIAGONAL,hotel,Barcelona,080193,la Dreta de l'Eixample,4 estrelles superior,4.5,hotel_estrellas,204.0,100.0,541.0,41.39809916902943,2.1648319861554346,exacta,212.33,€€€,104.08,€€€,False,observado
HB-004913,BELVILLAGE,hotel,Barcelona,080193,el Fort Pienc,No aplica,,sin_estrellas,49.0,25.0,788.0,41.40044409,2.18027427,geocodificada,130.24000549316406,€€,66.45,€€,True,justo
HB-004917,Bed  stayup Gràcia,hotel,Barcelona,080193,la Vila de Gràcia,No aplica,,sin_estrellas,7.0,4.0,,41.39857212,2.15710942,geocodificada,140.21,€€,80.12,€€€,False,observado
HB-004919,CAL PAU CRUSET,hotel,Torrelles de Foix,082883,,3 estrelles,,,25.0,8.0,652.0,,,,,,,,,
HB-004923,Mas els Igols,hotel,Torrelles de Foix,082883,,No aplica,,,12.0,6.0,,41.38450438,1.58441693,geocodificada,,,,,,
HB-004925,BURRIAC,hotel,Argentona,080095,,No aplica,,,11.0,6.0,,41.54772851,2.39542405,geocodificada,,,,,,
HB-004926,CASA NANIT,hotel,"Hospitalet de Llobregat, l'",081017,,No aplica,,,16.0,6.0,577.0,,,,,,,,,
HB-004927,Villa Naranja,hotel,Sant Cugat del Vallès,082055,,No aplica,,,24.0,7.0,821.0,41.45537448,2.03224536,geocodificada,,,,,,
HB-004930,HOTEL 6 BIS,hotel,Castelldefels,080569,,2 estrelles,,,32.0,17.0,181.0,41.26826305,1.97684623,geocodificada,,,,,,
HB-004939,Casa Filomena,hotel,Barcelona,080193,Sarrià,No aplica,,sin_estrellas,6.0,2.0,,41.39953978,2.12170843,geocodificada,125.0500030517578,€€,41.68,€€,True,suficiente
HB-004941,PAXTON BARCELONA,hotel,Barcelona,080193,el Poblenou,4 estrelles superior,4.5,hotel_estrellas,306.0,153.0,903.0,41.39940049697517,2.200220861641028,exacta,185.65,€€€,92.82,€€€,False,observado
HB-004943,Termes La Garriga,hotel,"Garriga, la",080885,,4 estrelles,,,44.0,22.0,908.0,,,,,,,,,
HB-004944,Barcelona Urban Boutique,hotel,"Hospitalet de Llobregat, l'",081017,,No aplica,,,8.0,4.0,836.0,,,,,,,,,
HB-004948,MIRLO BARCELONA HOTEL,hotel,Barcelona,080193,Sant Gervasi - la Bonanova,5 estrelles,5.0,hotel_estrellas,32.0,16.0,804.0,41.41358309122107,2.1347889441149417,exacta,227.4,€€€,113.7,€€€,False,observado
HB-004949,APARTHOTEL CURAZAO,hotel,Castelldefels,080569,,3 estrelles,,,12.0,5.0,916.0,41.27094858,1.98681081,geocodificada,,,,,,
HB-004950,Global Apartments,hotel,"Hospitalet de Llobregat, l'",081017,,2 estrelles,,,18.0,9.0,657.0,,,,,,,,,
HB-004954,HOSTAL DIAGONAL,hotel,Barcelona,080193,la Dreta de l'Eixample,No aplica,,sin_estrellas,10.0,4.0,899.0,41.39704751,2.16252283,geocodificada,120.16000366210938,€€,48.06,€€,True,suficiente
HB-004955,HOTEL ME BARCELONA,hotel,Barcelona,080193,la Dreta de l'Eixample,5 estrelles,5.0,hotel_estrellas,328.0,164.0,805.0,41.388986113064114,2.1699973675495325,exacta,329.23,€€€€,164.62,€€€€,False,observado
HB-004959,CASA GRAN 1771,hotel,Font-rubí,080850,,5 estrelles,,,16.0,8.0,73.0,41.44132277,1.6229721,geocodificada,,,,,,
HB-004962,Hampton by Hilton Barcelona Fira Gran Via,hotel,"Hospitalet de Llobregat, l'",081017,,3 estrelles,,,482.0,241.0,893.0,,,,,,,,,
HB-004964,LIMEHOME BARCELONA,hotel,Barcelona,080193,el Camp de l'Arpa del Clot,3 estrelles,3.0,hotel_estrellas,42.0,21.0,177.0,41.41579721,2.18521576,geocodificada,134.17,€€,67.08,€€,False,observado
HB-004966,HOTEL ORANGINE,hotel,"Hospitalet de Llobregat, l'",081017,,4 estrelles,,,100.0,47.0,960.0,,,,,,,,,
HB-004968,HOLIDAY INN BARCELONA - SANT CUGAT,hotel,Sant Cugat del Vallès,082055,,4 estrelles,,,416.0,208.0,730.0,41.4879175,2.0506054,geocodificada,,,,,,
HB-004970,APARTA HOTEL,hotel,"Masnou, el",081189,,2 estrelles,,,12.0,5.0,718.0,,,,,,,,,
HB-004976,ANTIGA CASA BUENAVISTA,hotel,Barcelona,080193,el Raval,4 estrelles superior,4.5,hotel_estrellas,86.0,43.0,486.0,41.38376584459595,2.163974947423502,exacta,216.06,€€€,108.03,€€€,False,observado
HB-004981,SITGES BEACH HOTELS,hotel,Sitges,082704,,No aplica,,,9.0,5.0,762.0,41.23692551,1.81761167,geocodificada,,,,,,
HB-004982,The Social Hub Barcelona Poblenou,hotel,Barcelona,080193,Provençals del Poblenou,4 estrelles,4.0,hotel_estrellas,450.0,293.0,907.0,41.40989422285269,2.2046513689178853,exacta,193.79,€€€,126.18,€€€€,False,observado
HB-004984,Can Mir Badalona,hotel,Badalona,080155,,No aplica,,,15.0,8.0,242.0,41.44541587,2.24615908,geocodificada,,,,,,
HB-004985,Sabàtic Sitges Hotel,hotel,Sitges,082704,,4 estrelles superior,,,230.0,90.0,235.0,41.23780072,1.80059777,geocodificada,,,,,,
HB-004989,HEYROOMS,hotel,Cerdanyola del Vallès,082665,,No aplica,,,28.0,12.0,918.0,41.49418231,2.14530529,geocodificada,,,,,,
HB-004990,LLAGOTEL IV,hotel,"Llagosta, la",081056,,No aplica,,,10.0,6.0,391.0,,,,,,,,,
HB-004993,SALLES HOTELS MARINA BADALONA,hotel,Badalona,080155,,4 estrelles,,,362.0,181.0,134.0,41.43725271,2.24104881,geocodificada,,,,,,
HB-004996,"Vía Sants Hotel Barcelona, Tapestry Collection by Hilton",hotel,Barcelona,080193,la Nova Esquerra de l'Eixample,4 estrelles,4.0,hotel_estrellas,100.0,50.0,963.0,41.38153869,2.14337256,geocodificada,251.08,€€€,125.54,€€€€,False,observado
HB-004998,Hotel Boutique Casa Vidal,hotel,Sitges,082704,,2 estrelles,,,16.0,9.0,839.0,41.23560154,1.80812035,geocodificada,,,,,,
HB-004999,Barcelona Corona Hostal,hotel,Badalona,080155,,No aplica,,,20.0,10.0,,41.43441405,2.21861226,geocodificada,,,,,,
HB-005002,ARCELON HOTEL,hotel,Barcelona,080193,Navas,4 estrelles,4.0,hotel_estrellas,142.0,71.0,325.0,41.41440273,2.18977662,geocodificada,123.16,€€,61.58,€€,False,observado
HB-005005,HOTEL BOUTIQUE FONT DE LA CANYA,hotel,Avinyonet del Penedès,080137,,4 estrelles,,,14.0,7.0,241.0,41.33247908,1.7630834,geocodificada,,,,,,
HB-005007,HOTEL C 31,hotel,Castelldefels,080569,,2 estrelles,,,55.0,28.0,895.0,41.26665619,1.94659055,geocodificada,,,,,,
HB-005008,HOTEL PETIT LUXE,hotel,Terrassa,082798,,2 estrelles,,,18.0,9.0,191.0,41.56471388,2.01274925,geocodificada,,,,,,
HB-005010,Atzavara Hotel & Spa *****,hotel,Santa Susanna,082613,,5 estrelles,,,934.0,465.0,344.0,41.63154179,2.71803382,geocodificada,,,,,,
HB-005011,Don ángel sport spa & congress center,hotel,Santa Susanna,082613,,4 estrelles superior,,,100.0,50.0,104.0,41.63360257,2.72100404,geocodificada,,,,,,
HB-005029,HOTEL CAN PANYELLA,hotel,Gelida,080919,,3 estrelles,,,16.0,7.0,802.0,41.4461852,1.86537706,geocodificada,,,,,,
HB-005030,HOTEL LINCOLN LOUNGE,hotel,Barcelona,080193,Sant Gervasi - Galvany,3 estrelles,3.0,hotel_estrellas,19.0,12.0,496.0,41.40035156,2.15007493,geocodificada,132.8699951171875,€€,83.92,€€€,True,justo
HB-005031,AB BOUTIQUE HOTEL,hotel,Sant Vicenç de Montalt,082649,,4 estrelles superior,,,18.0,10.0,1040.0,41.56534125,2.51984449,geocodificada,,,,,,
HB-005032,El Molí de Cardedeu,hotel,Cardedeu,080462,,3 estrelles,,,12.0,5.0,,41.64306986,2.35600961,geocodificada,,,,,,
HB-005036,"Labtwentytwo Barcelona, a Tribute Portfolio Hotel",hotel,Barcelona,080193,Provençals del Poblenou,4 estrelles superior,4.5,hotel_estrellas,350.0,185.0,912.0,41.40887546,2.19690833,geocodificada,196.05999755859372,€€€,103.63,€€€,True,suficiente
HB-005037,DORMSY,hotel,Arenys de Mar,080060,,No aplica,,,8.0,4.0,,41.58229812,2.54784118,geocodificada,,,,,,
HB-005038,TEMBO BARCELONA,hotel,Sant Adrià de Besòs,081944,,4 estrelles superior,,,770.0,280.0,810.0,41.41506732,2.22044397,geocodificada,,,,,,
HB-005045,CAM MARESME,hotel,"Masnou, el",081189,,2 estrelles,,,7.0,2.0,924.0,,,,,,,,,
HB-005046,Urban Sabadell,hotel,Sabadell,081878,,No aplica,,,11.0,6.0,897.0,41.55135966,2.1053948,geocodificada,,,,,,
HB-005048,FOUR POINTS BY SHERATON BARCELONA AIRPORT,hotel,Viladecans,083015,,4 estrelles,,,436.0,202.0,286.0,41.31355955,2.03133953,geocodificada,,,,,,
HB-005049,APARTAM GRANOLLERS,hotel,Granollers,080961,,1 estrella,,,4.0,1.0,69.0,41.61373488,2.29010863,geocodificada,,,,,,
HB-005054,HOTEL SB WIN,hotel,Sant Feliu de Llobregat,082114,,4 estrelles superior,,,366.0,177.0,290.0,41.37713572,2.04796213,geocodificada,,,,,,
HB-005057,Montroig 5,hotel,Sitges,082704,,2 estrelles,,,11.0,4.0,928.0,41.23579772,1.80669651,geocodificada,,,,,,
HB-005059,Leonardo Royal Hotel Barcelona Fira,hotel,Barcelona,080193,la Marina de Port,4 estrelles superior,4.5,hotel_estrellas,408.0,204.0,959.0,41.35756502,2.13842119,geocodificada,116.58,€€,58.29,€€,False,observado
HB-005060,One shot Arago,hotel,Barcelona,080193,la Dreta de l'Eixample,3 estrelles,3.0,hotel_estrellas,97.0,49.0,949.0,41.3916616,2.16393879,geocodificada,131.63,€€,66.49,€€,False,observado
HB-005068,EL BARCO APARTA HOTEL,hotel,"Hospitalet de Llobregat, l'",081017,,1 estrella,,,10.0,3.0,926.0,,,,,,,,,
HB-005071,HOTEL PLINI,hotel,"Hospitalet de Llobregat, l'",081017,,2 estrelles,,,16.0,10.0,905.0,,,,,,,,,
HB-005073,SLS BARCELONA,hotel,Sant Adrià de Besòs,081944,,5 estrelles,,,942.0,471.0,956.0,41.41976469,2.22089108,geocodificada,,,,,,
HB-005074,HOTEL MYO CASTELLDEFELS,hotel,Castelldefels,080569,,1 estrella,,,40.0,20.0,185.0,41.26704032,1.97109925,geocodificada,,,,,,
HB-005079,BARCELONA TOUCH APARTMENTS - CAMPALANS,hotel,"Hospitalet de Llobregat, l'",081017,,2 estrelles,,,5.0,2.0,910.0,,,,,,,,,
HB-005080,OLALA HOMES,hotel,"Hospitalet de Llobregat, l'",081017,,No aplica,,,12.0,5.0,819.0,,,,,,,,,
HB-005081,EASYHOTEL BARCELONA LA SAGRERA,hotel,Barcelona,080193,Navas,1 estrella,1.0,hotel_estrellas,150.0,75.0,186.0,41.41502871206004,2.1878356689141407,exacta,112.4,€€,56.2,€€,False,observado
HB-005084,NERI PROPERTIES SL,hotel,Canet de Mar,080403,,1 estrella,,,6.0,3.0,275.0,41.58728957,2.58114548,geocodificada,,,,,,
HB-005090,BOADA RIERA APARTMENTS,hotel,Terrassa,082798,,1 estrella,,,12.0,6.0,571.0,41.56353368,2.01135679,geocodificada,,,,,,
HB-005093,Aerohotel,hotel,"Prat de Llobregat, el",081691,,1 estrella,,,50.0,28.0,896.0,,,,,,,,,
HB-005095,Villa Margallo,hotel,Olivella,081483,,No aplica,,,8.0,4.0,,,,,,,,,,
HB-005096,PENSIÓ,hotel,Badalona,080155,,No aplica,,,48.0,22.0,307.0,41.43599825,2.21469662,geocodificada,,,,,,
HB-005097,aparto Diagonal Suites,hotel,Esplugues de Llobregat,080771,,1 estrella,,,798.0,526.0,906.0,,,,,,,,,
HB-005098,Sercotel Barcelona El Prat,hotel,"Prat de Llobregat, el",081691,,4 estrelles,,,194.0,97.0,826.0,,,,,,,,,
HB-005099,HOSTELERIA CAL DURAN S.L.,hotel,Esparreguera,080765,,No aplica,,,18.0,7.0,,41.54119105,1.86787368,geocodificada,,,,,,
HB-005100,HOTEL APARTAMENT,hotel,"Hospitalet de Llobregat, l'",081017,,1 estrella,,,16.0,2.0,631.0,,,,,,,,,
HB-005102,Hotel BESTPRICE Maragall,hotel,Barcelona,080193,el Guinardó,1 estrella,1.0,hotel_estrellas,62.0,29.0,164.0,41.4223276,2.17843103,geocodificada,96.3,€,45.04,€€,False,observado
HB-005105,APARTHOTEL SERIVA,hotel,Pallejà,081574,,1 estrella,,,17.0,8.0,865.0,41.42188461,1.99337306,geocodificada,,,,,,
HB-005107,HOLIDAY INN EXPRESS & SUITES SABADELL,hotel,Sabadell,081878,,3 estrelles,,,260.0,130.0,173.0,41.51407435,2.1042646,geocodificada,,,,,,
HB-005108,Hotel Bypillow Maragall,hotel,Barcelona,080193,el Guinardó,2 estrelles,2.0,hotel_estrellas,90.0,36.0,407.0,41.418718,2.18036479,geocodificada,134.19,€€,53.68,€€,False,observado
HB-005109,1900BB,hotel,Terrassa,082798,,1 estrella,,,14.0,7.0,,41.5654729,2.0105548,geocodificada,,,,,,
HB-005110,MEININGER HOTEL BARCELONA FIRA GRAN VIA,hotel,"Hospitalet de Llobregat, l'",081017,,1 estrella,,,516.0,162.0,936.0,,,,,,,,,
HB-005111,Sun & Moon ApartHotel,hotel,"Prat de Llobregat, el",081691,,1 estrella,,,18.0,9.0,782.0,,,,,,,,,
HB-005112,BE CASA SANT CUGAT,hotel,Sant Cugat del Vallès,082055,,3 estrelles,,,992.0,400.0,253.0,41.47591245,2.06659074,geocodificada,,,,,,
HB-005113,HOSTAL ESTUDIOS,hotel,Badalona,080155,,No aplica,,,45.0,14.0,,41.44593494,2.23973718,geocodificada,,,,,,
HB-005114,LUXURY CUBELLES APARTHOTEL,hotel,Cubelles,080749,,3 estrelles,,,29.0,8.0,249.0,41.20629529,1.67878713,geocodificada,,,,,,
HB-005115,EL SERRAL HOTEL & SPA,hotel,Santa Margarida i els Monjos,082515,,4 estrelles superior,,,28.0,14.0,609.0,,,,,,,,,
HB-005118,CAN MILA APARTAMENTS,hotel,Sitges,082704,,4 estrelles,,,218.0,80.0,923.0,41.24247227,1.80379575,geocodificada,,,,,,
HCC-000136,Torres,hotel,Manlleu,081120,,1 estrella,,,32.0,17.0,,41.99973785,2.28613214,geocodificada,,,,,,
HCC-000172,La Cerdanya,hotel,"Pobla de Lillet, la",081666,,No aplica,,,12.0,8.0,,,,,,,,,,
HCC-000173,Robert,hotel,"Pobla de Claramunt, la",081653,,2 estrelles,,,64.0,35.0,403.0,,,,,,,,,
HCC-000219,Bayona,hotel,Montmaneu,081332,,No aplica,,,45.0,25.0,67.0,,,,,,,,,
HCC-000233,Cuatro Carreteras,hotel,Tona,082830,,2 estrelles,,,43.0,22.0,354.0,,,,,,,,,
HCC-000272,América,hotel,Igualada,081022,,3 estrelles,,,85.0,49.0,46.0,41.58890561,1.61651719,geocodificada,,,,,,
HCC-000356,HOTEL HOSTAL ABAT CISNEROS,hotel,Monistrol de Montserrat,081271,,3 estrelles,,,147.0,82.0,81.0,,,,,,,,,
HCC-000574,HOSTAL ESTRELLA,hotel,Rupit i Pruit,089019,,No aplica,,,30.0,15.0,427.0,42.02406596,2.46494407,geocodificada,,,,,,
HCC-000652,Les Fonts,hotel,Castellar de N'Hug,080522,,No aplica,,,42.0,16.0,969.0,,,,,,,,,
HCC-000767,HOSTAL SANTA MARIA,hotel,Santa Maria d'Oló,082589,,No aplica,,,20.0,11.0,,41.8742118,2.03501083,geocodificada,,,,,,
HCC-000788,Aloha,hotel,Tona,082830,,3 estrelles,,,50.0,36.0,388.0,41.84999821,2.22589434,geocodificada,,,,,,
HCC-001047,Collsacabra,hotel,"Esquirol, l'",082541,,No aplica,,,20.0,10.0,,,,,,,,,,
HCC-001415,Manila,hotel,Manresa,081136,,No aplica,,,19.0,12.0,,41.72505422,1.82826459,geocodificada,,,,,,
HCC-001734,Ca L'Amagat,hotel,Bagà,080168,,1 estrella,,,33.0,18.0,,42.2523422,1.86225465,geocodificada,,,,,,
HCC-002220,La Pineda,hotel,Bagà,080168,,1 estrella,,,28.0,16.0,439.0,42.25103671,1.86425834,geocodificada,,,,,,
HCC-002370,Hostal Pericas,hotel,"Pobla de Lillet, la",081666,,No aplica,,,33.0,17.0,,,,,,,,,,
HCC-002425,Fanxicó,hotel,Castellar de N'Hug,080522,,No aplica,,,14.0,7.0,,42.28257629,2.01756321,geocodificada,,,,,,
HCC-002463,Canaletes,hotel,Igualada,081022,,No aplica,,,100.0,54.0,395.0,41.58713762,1.62109767,geocodificada,,,,,,
HCC-002479,La Riba,hotel,Vilanova de Sau,083036,,3 estrelles,,,24.0,13.0,,,,,,,,,,
HCC-002570,Sant Cristòfol,hotel,Santa Maria de Merlès,082554,,No aplica,,,7.0,4.0,,,,,,,,,,
HCC-002718,Marsal,hotel,Rupit i Pruit,089019,,No aplica,,,18.0,9.0,381.0,42.02429999,2.46495354,geocodificada,,,,,,
HCC-002745,INSOMNIA HOTEL,hotel,Berga,080229,,1 estrella,,,19.0,10.0,894.0,42.10756853,1.8418043,geocodificada,,,,,,
HCC-002802,Fonda Can Xaran,hotel,Manlleu,081120,,No aplica,,,24.0,14.0,,41.99898215,2.28051582,geocodificada,,,,,,
HCC-002843,Peremiquel,hotel,Castellar de N'Hug,080522,,No aplica,,,16.0,8.0,,42.28257629,2.01756321,geocodificada,,,,,,
HCC-002868,Hostal Pedraforca,hotel,Saldes,081901,,2 estrelles,,,42.0,24.0,90.0,,,,,,,,,
HCC-002888,La Muntanya,hotel,Castellar de N'Hug,080522,,No aplica,,,9.0,5.0,,42.28245159,2.01750369,geocodificada,,,,,,
HCC-002953,Fonda Ca la Irene,hotel,Sant Vicenç de Castellet,082628,,No aplica,,,7.0,4.0,,41.66505225,1.8628255,geocodificada,,,,,,
HCC-002994,Cal General,hotel,Saldes,081901,,No aplica,,,15.0,8.0,,,,,,,,,,
HCC-003028,Alpens,hotel,Alpens,080044,,No aplica,,,12.0,6.0,,42.11877721,2.10172773,geocodificada,,,,,,
HCC-003048,Hostal Sant Jordi,hotel,Roda de Ter,081831,,No aplica,,,12.0,7.0,,41.98127194,2.30995271,geocodificada,,,,,,
HCC-003051,Bruc,hotel,"Bruc, el",080253,,3 estrelles,,,125.0,67.0,216.0,,,,,,,,,
HCC-003146,CA LA MANYANA,hotel,Sant Julià de Vilatorta,082205,,No aplica,,,36.0,19.0,402.0,41.92206984,2.32354732,geocodificada,,,,,,
HCC-003205,Fonda Sala,hotel,Olost,081496,,No aplica,,,23.0,13.0,,41.98599528,2.09577754,geocodificada,,,,,,
HCC-003265,Hostal La Devesa,hotel,Rupit i Pruit,089019,,No aplica,,,34.0,18.0,598.0,,,,,,,,,
HCC-003363,La Barca,hotel,Monistrol de Montserrat,081271,,No aplica,,,12.0,6.0,398.0,,,,,,,,,
HCC-003383,Ca la Maria,hotel,Avinyó,080121,,No aplica,,,18.0,9.0,529.0,41.86585323,1.97156801,geocodificada,,,,,,
HCC-003412,Soler,hotel,Sant Joan de Vilatorrada,082188,,No aplica,,,20.0,17.0,485.0,41.7452939,1.80540672,geocodificada,,,,,,
HCC-003431,Els Avets d'en Nandu,hotel,"Masies de Voltregà, les",081173,,No aplica,,,8.0,4.0,,,,,,,,,,
HCC-003441,L'Hostal de Centelles,hotel,Centelles,080673,,No aplica,,,24.0,14.0,1032.0,41.79606961,2.22183624,geocodificada,,,,,,
HCC-003453,Can Marginet,hotel,"Nou de Berguedà, la",081424,,No aplica,,,28.0,14.0,,,,,,,,,,
HCC-003454,Camprubí,hotel,"Nou de Berguedà, la",081424,,No aplica,,,10.0,6.0,,,,,,,,,,
HCC-003471,Cal Batista,hotel,Bagà,080168,,No aplica,,,24.0,14.0,494.0,,,,,,,,,
HCC-003489,Alt Llobregat,hotel,Castellar de N'Hug,080522,,No aplica,,,18.0,9.0,987.0,,,,,,,,,
HCC-003534,Fonda Urgell,hotel,Roda de Ter,081831,,No aplica,,,22.0,13.0,,41.98381635,2.30975124,geocodificada,,,,,,
HCC-003591,Cardener,hotel,Cardona,080478,,No aplica,,,12.0,7.0,,,,,,,,,,
HCC-003624,Hostal Osona,hotel,Vic,082981,,No aplica,,,28.0,15.0,1023.0,41.92421062,2.24999661,geocodificada,,,,,,
HCC-003689,Antiga Casa Marxando,hotel,Sant Jaume de Frontanyà,082166,,No aplica,,,8.0,4.0,,,,,,,,,,
HCC-003706,LA MASIA,hotel,Manresa,081136,,No aplica,,,6.0,6.0,,41.72443595,1.82864075,geocodificada,,,,,,
HCC-003756,Estel,hotel,Berga,080229,,2 estrelles,,,66.0,37.0,509.0,42.0973108,1.84715148,geocodificada,,,,,,
HCC-003769,Can Pamplona,hotel,Vic,082981,,3 estrelles,,,66.0,34.0,321.0,41.92717731,2.24560749,geocodificada,,,,,,
HCC-003786,Muntané,hotel,Navarcles,081402,,No aplica,,,38.0,23.0,377.0,41.75091028,1.90362778,geocodificada,,,,,,
HCC-003837,Els Noguers,hotel,Manresa,081136,,No aplica,,,20.0,12.0,361.0,41.72290692,1.84860708,geocodificada,,,,,,
HCC-003890,Can Nogué,hotel,Tavertet,082802,,No aplica,,,12.0,6.0,,41.99611308,2.41902124,geocodificada,,,,,,
HCC-003905,Nou de Baviera,hotel,Navarcles,081402,,No aplica,,,22.0,14.0,1006.0,41.75318249,1.90122538,geocodificada,,,,,,
HCC-003912,UP ROOMS VIC,hotel,Vic,082981,,4 estrelles,,,66.0,33.0,135.0,,,,,,,,,
HCC-003948,La Neu,hotel,Castellar de N'Hug,080522,,No aplica,,,12.0,6.0,,,,,,,,,,
HCC-003987,Hotel Arumi,hotel,Santa Eugènia de Berga,082460,,3 estrelles,,,42.0,21.0,180.0,41.90630587,2.2809854,geocodificada,,,,,,
HCC-003997,Montanyà Hotel  Lodge,hotel,Seva,082690,,4 estrelles,,,229.0,98.0,74.0,,,,,,,,,
HCC-004000,Cal Violí,hotel,Cardona,080478,,No aplica,,,14.0,7.0,,,,,,,,,,
HCC-004006,Hostal Sant Martí,hotel,Puig-reig,081751,,No aplica,,,16.0,10.0,,41.9745629,1.87714488,geocodificada,,,,,,
HCC-004022,Trèvol,hotel,Torelló,082858,,No aplica,,,11.0,6.0,,42.04632546,2.26565019,geocodificada,,,,,,
HCC-004045,La Serra del Pla,hotel,"Espunyola, l'",080787,,1 estrella,,,12.0,6.0,459.0,,,,,,,,,
HCC-004047,Toll,hotel,Collsuspina,080706,,1 estrella,,,32.0,16.0,357.0,,,,,,,,,
HCC-004048,Hostal Cal Majoral,hotel,"Espunyola, l'",080787,,2 estrelles,,,7.0,5.0,990.0,,,,,,,,,
HCC-004049,Els Casals,hotel,Sagàs,081884,,3 estrelles,,,18.0,10.0,440.0,,,,,,,,,
HCC-004051,Hotel l'Oreneta,hotel,Gironella,080924,,2 estrelles,,,22.0,12.0,,42.02008792,1.8835362,geocodificada,,,,,,
HCC-004053,Mas de la Sala,hotel,Sallent,081918,,4 estrelles,,,46.0,26.0,401.0,,,,,,,,,
HCC-004055,Santuari de Falgars,hotel,"Pobla de Lillet, la",081666,,No aplica,,,32.0,16.0,654.0,,,,,,,,,
HCC-004062,Balmes Vic,hotel,Vic,082981,,3 estrelles,,,90.0,50.0,156.0,41.93622854,2.26073425,geocodificada,,,,,,
HCC-004064,Els Noguers I,hotel,Manresa,081136,,2 estrelles,,,53.0,30.0,361.0,41.72290692,1.84860708,geocodificada,,,,,,
HCC-004070,Prats Jardí,hotel,"Prats de Rei, els",081705,,No aplica,,,10.0,5.0,520.0,,,,,,,,,
HCC-004079,Seva,hotel,Seva,082690,,2 estrelles,,,46.0,23.0,492.0,41.83414173,2.27203336,geocodificada,,,,,,
HCC-004098,Hostal Restaurant Guilleumes,hotel,Monistrol de Montserrat,081271,,No aplica,,,22.0,11.0,845.0,41.61009709,1.84099088,geocodificada,,,,,,
HCC-004132,EL VILAR DE LA DUQUESSA,hotel,Cardona,080478,,3 estrelles,,,198.0,99.0,474.0,,,,,,,,,
HCC-004137,Ciutat d'Igualada,hotel,Igualada,081022,,4 estrelles,,,126.0,67.0,505.0,41.57862269,1.62900477,geocodificada,,,,,,
HCC-004141,Cal Segudet,hotel,Castellnou de Bages,080620,,3 estrelles,,,20.0,5.0,,,,,,,,,,
HCC-004142,Torre Martí,hotel,Sant Julià de Vilatorta,082205,,3 estrelles,,,15.0,8.0,546.0,41.92902608,2.32183662,geocodificada,,,,,,
HCC-004167,La Primitiva,hotel,Lluçà,081094,,No aplica,,,8.0,4.0,,,,,,,,,,
HCC-004173,Casa Duaner,hotel,Guardiola de Berguedà,080996,,1 estrella,,,24.0,13.0,446.0,42.23460273,1.87775848,geocodificada,,,,,,
HCC-004175,Sant Quirze de Besora,hotel,Sant Quirze de Besora,082378,,3 estrelles,,,28.0,14.0,594.0,42.10150903,2.21781023,geocodificada,,,,,,
HCC-004221,Bremon,hotel,Cardona,080478,,3 estrelles,,,35.0,18.0,455.0,41.91342226,1.67961668,geocodificada,,,,,,
HCC-004234,Mas Albereda,hotel,Sant Julià de Vilatorta,082205,,4 estrelles,,,40.0,20.0,601.0,41.92561859,2.32607256,geocodificada,,,,,,
HCC-004238,Alta Segarra,hotel,Calaf,080312,,2 estrelles,,,20.0,10.0,,41.73077248,1.51450887,geocodificada,,,,,,
HCC-004242,Berga Park,hotel,Berga,080229,,3 estrelles,,,111.0,56.0,538.0,42.09701602,1.84033384,geocodificada,,,,,,
HCC-004244,Restaurant Ramon Park Hotel,hotel,Santpedor,081923,,4 estrelles,,,64.0,32.0,584.0,,,,,,,,,
HCC-004257,La Pedra,hotel,Pujalt,081764,,3 estrelles,,,12.0,6.0,,,,,,,,,,
HCC-004260,Hotelet,hotel,Prats de Lluçanès,081712,,1 estrella,,,18.0,11.0,624.0,42.01015423,2.02735529,geocodificada,,,,,,
HCC-004262,El Montanyà II,hotel,Seva,082690,,4 estrelles,,,284.0,142.0,74.0,,,,,,,,,
HCC-004276,Hotel l'Indret,hotel,Saldes,081901,,3 estrelles,,,16.0,6.0,247.0,,,,,,,,,
HCC-004277,Niu Descans,hotel,Bagà,080168,,1 estrella,,,14.0,7.0,,42.24972974,1.8651144,geocodificada,,,,,,
HCC-004279,El Blat,hotel,Bagà,080168,,3 estrelles,,,60.0,32.0,527.0,42.23932635,1.87485604,geocodificada,,,,,,
HCC-004281,Piscines El Roquet,hotel,Tavèrnoles,082750,,No aplica,,,19.0,11.0,641.0,,,,,,,,,
HCC-004331,Cal Marçal Apart-hotel,hotel,Puig-reig,081751,,3 estrelles,,,18.0,9.0,419.0,,,,,,,,,
HCC-004332,1948 Manresa,hotel,Manresa,081136,,3 estrelles,,,12.0,8.0,,41.7320471,1.83172309,geocodificada,,,,,,
HCC-004341,PENSIÓ CA LA CARME,hotel,"Pobla de Lillet, la",081666,,No aplica,,,11.0,9.0,,,,,,,,,,
HCC-004347,Ca L'Agustinet-El Racó dels Àngels,hotel,Vallcebre,082938,,3 estrelles,,,18.0,9.0,1005.0,,,,,,,,,
HCC-004357,Urbisol,hotel,Calders,080348,,4 estrelles,,,24.0,13.0,213.0,,,,,,,,,
HCC-004359,Hostal Restaurant Cal Fuster,hotel,Viver i Serrateix,083089,,No aplica,,,10.0,6.0,,41.94768834,1.78019916,geocodificada,,,,,,
HCC-004364,Molí Blanc,hotel,Jorba,081038,,3 estrelles,,,24.0,12.0,,,,,,,,,,
HCC-004405,LA GARRIGA DE CASTELLADRAL,hotel,Navàs,081419,,4 estrelles,,,39.0,20.0,219.0,,,,,,,,,
HCC-004418,HOSTAL SOMNIS,hotel,Súria,082747,,No aplica,,,12.0,6.0,917.0,41.83111224,1.75182073,geocodificada,,,,,,
HCC-004431,Hotel Santa Bàrbara,hotel,Cercs,082687,,2 estrelles,,,25.0,14.0,,42.18394101,1.85392177,geocodificada,,,,,,
HCC-004433,Can Enric,hotel,Sant Sadurní d'Osormort,082418,,No aplica,,,33.0,18.0,449.0,,,,,,,,,
HCC-004436,Hostal Rural Espais,hotel,Avià,080116,,No aplica,,,16.0,10.0,516.0,,,,,,,,,
HCC-004438,Can Bonastre Wine Resort,hotel,Masquefa,081192,,1 estrella,,,24.0,12.0,478.0,,,,,,,,,
HCC-004440,Estació del Nord,hotel,Vic,082981,,3 estrelles,,,24.0,14.0,689.0,41.93117948,2.24889587,geocodificada,,,,,,
HCC-004441,Hotel Món,hotel,Sant Fruitós de Bages,082135,,4 estrelles superior,,,174.0,87.0,623.0,41.75156588,1.88129503,geocodificada,,,,,,
HCC-004443,La Font de Dalt,hotel,Castellar de N'Hug,080522,,No aplica,,,10.0,5.0,,42.28221903,2.01729531,geocodificada,,,,,,
HCC-004444,L'Avenc de Tavertet,hotel,Tavertet,082802,,3 estrelles,,,40.0,17.0,178.0,,,,,,,,,
HCC-004446,Ca la Irene,hotel,Sant Vicenç de Castellet,082628,,No aplica,,,14.0,11.0,,41.66499239,1.8628387,geocodificada,,,,,,
HCC-004448,Turó de la Torre,hotel,Manresa,081136,,No aplica,,,8.0,4.0,599.0,,,,,,,,,
HCC-004449,El Jou,hotel,Guardiola de Berguedà,080996,,3 estrelles,,,41.0,21.0,,,,,,,,,,
HCC-004450,Hostal Montví de Baix,hotel,Moià,081385,,No aplica,,,23.0,12.0,995.0,41.81465842,2.09719634,geocodificada,,,,,,
HCC-004451,1888,hotel,Gironella,080924,,No aplica,,,8.0,4.0,1039.0,42.03137978,1.88044787,geocodificada,,,,,,
HCC-004452,Masia del Sola,hotel,Monistrol de Calders,081287,,No aplica,,,16.0,8.0,672.0,,,,,,,,,
HCC-004455,hostal restaurant montserrat,hotel,Tona,082830,,No aplica,,,8.0,4.0,,41.84850959,2.23125841,geocodificada,,,,,,
HCC-004457,Cabrerés Hostal de Muntanya,hotel,"Esquirol, l'",082541,,No aplica,,,20.0,10.0,,,,,,,,,,
HCC-004458,Mas Blanc,hotel,Sant Martí de Centelles,082248,,No aplica,,,14.0,6.0,801.0,,,,,,,,,
HCC-004461,Emphasis,hotel,Casserres,080497,,No aplica,,,8.0,4.0,807.0,42.0123296,1.84527428,geocodificada,,,,,,
HCC-004463,Els Roures,hotel,Castellar del Riu,080500,,1 estrella,,,14.0,5.0,421.0,,,,,,,,,
HCC-004464,Cal Barbut,hotel,Fígols,080804,,No aplica,,,8.0,4.0,,,,,,,,,,
HCC-004466,Can Carol,hotel,Capellades,080446,,No aplica,,,13.0,7.0,869.0,41.53308942,1.68933417,geocodificada,,,,,,
HCC-004468,Can Alemany,hotel,Santa Margarida de Montbui,082508,,3 estrelles,,,32.0,11.0,532.0,41.57332818,1.60853826,geocodificada,,,,,,
HCC-004470,L'HOTELET - CASA PADRÓ 1914,hotel,Manresa,081136,,2 estrelles,,,14.0,7.0,852.0,41.72795091,1.8238047,geocodificada,,,,,,
HCC-004471,cal capità,hotel,Sora,082726,,4 estrelles,,,20.0,10.0,842.0,,,,,,,,,
HCC-004472,La Roda,hotel,Avià,080116,,No aplica,,,20.0,11.0,,,,,,,,,,
HCC-004473,L'Espintalt,hotel,Santa Maria d'Oló,082589,,3 estrelles,,,10.0,4.0,208.0,,,,,,,,,
HCC-004813,Hotel La Sagrera,hotel,Sant Fruitós de Bages,082135,,2 estrelles,,,16.0,8.0,933.0,41.75115328,1.87245855,geocodificada,,,,,,
HCC-004839,Hotel Les Clarisses,hotel,Vic,082981,,4 estrelles superior,,,52.0,24.0,925.0,41.92858668,2.25662765,geocodificada,,,,,,
HCC-004861,Somiatruites,hotel,Igualada,081022,,4 estrelles,,,14.0,7.0,741.0,41.57802752,1.6141516,geocodificada,,,,,,
HCC-004870,LA CAPELLETA DE LERMITÀ S.L.,hotel,Sant Pere de Torelló,082331,,No aplica,,,20.0,11.0,876.0,,,,,,,,,
HCC-004951,Cal Roure,hotel,Igualada,081022,,2 estrelles,,,8.0,4.0,856.0,41.5787052,1.61688395,geocodificada,,,,,,
HCC-004952,HOSTAL DEL BUC,hotel,Castellnou de Bages,080620,,No aplica,,,14.0,6.0,784.0,,,,,,,,,
HCC-004983,HOTEL LA CABANA,hotel,Berga,080229,,4 estrelles,,,6.0,3.0,557.0,,,,,,,,,
HCC-004992,CA LA GRÀCIA,hotel,Sallent,081918,,No aplica,,,8.0,4.0,891.0,41.79971234,1.91116175,geocodificada,,,,,,
HCC-005016,EL CELLER DE LA GUARDIA,hotel,"Bruc, el",080253,,No aplica,,,18.0,7.0,490.0,,,,,,,,,
HCC-005027,Can Farrés,hotel,"Bruc, el",080253,,3 estrelles,,,32.0,12.0,550.0,,,,,,,,,
HCC-005034,La Masia,hotel,Manresa,081136,,No aplica,,,14.0,8.0,278.0,41.72443595,1.82864075,geocodificada,,,,,,
HCC-005094,Be 1960,hotel,Bagà,080168,,2 estrelles,,,19.0,4.0,892.0,42.25320283,1.86291655,geocodificada,,,,,,
HCC-009901,Parador Nacional Vic-Sau,hotel,"Masies de Roda, les",081167,,4 estrelles,,,66.0,36.0,168.0,,,,,,,,,
HCC-009902,Parador de Cardona,hotel,Cardona,080478,,4 estrelles,,,106.0,54.0,168.0,,,,,,,,,
OPENDATA-99400784517,Hotel Ibis Budget Barcelona Center,hotel,Barcelona,,el Poblenou,,,sin_estrellas,,,,41.39694524865053,2.1955987295086024,exacta,124.41,€€,,,False,observado
