licencia_id,nombre_comercial,razon_social,tipo,tipo_alojamiento,subtipo,categoria,estrellas,cadena,es_cadena,plazas,habitaciones,codigo_postal,barrio,distrito,nombre_via,numero,lat,lon,origen_coord,distancia_centro_km,precio_noche,precio_noche_anual,factor_temporada,origen_precio,metodo_cruce,puntuacion,duplicado_probable
ATB-000001,Atenea Calabria,"TEXFIL GANDUXER ALUM, SA",apartament_turistic,apartament_turistic,sin_indicio,Sense categoritzar,,Catalonia,True,160.0,80.0,08015,la Nova Esquerra de l'Eixample,Eixample,Calabria,129,41.38093723,2.15320424,icgc_verificada,1.555,154.19,130.67,1.18,rescate,,,False
ATB-000003,Gutenberg,"APARTAMENTOS GUTENBERG, SA",apartament_turistic,apartament_turistic,apartamentos,Sense categoritzar,,Independiente,False,170.0,85.0,08001,el Raval,Ciutat Vella,Gutenberg,7,41.37690275,2.17469336,icgc_verificada,1.189,,,1.18,,,,False
ATB-000005,Silver,"PROYECTOS E INMUEBLES, S. A",apartament_turistic,apartament_turistic,sin_indicio,Sense categoritzar,,Independiente,False,98.0,49.0,08012,la Vila de Gràcia,Gràcia,Breton de los Herreros,26,41.40207972,2.15116101,icgc_verificada,2.298,144.44,122.41,1.18,rescate,,,False
ATB-000009,SENATOR BARCELONA APARTMENTS,APARTHOTEL SENATOR SA,apartament_turistic,apartament_turistic,apartamentos,Sense categoritzar,,Independiente,False,36.0,18.0,08021,Sant Gervasi - Galvany,Sarrià-Sant Gervasi,Augusta,167,41.39846605,2.14267689,icgc_verificada,2.612,139.5,118.22,1.18,rescate,,,False
ATB-000042,MASTER LA RAMBLA,ROOMBA RAMBLA SL,apartament_turistic,apartament_turistic,sin_indicio,Sense categoritzar,,Independiente,False,69.0,33.0,08002,el Barri Gòtic,Ciutat Vella,la Rambla,34,41.37886667,2.17584125,icgc_verificada,1.027,299.27,253.62,1.18,rescate,,,False
ATB-000044,Descartes,"INVERSIONES MOB. E INMOBILIARIAS, S.L.",apartament_turistic,apartament_turistic,sin_indicio,Sense categoritzar,,Independiente,False,30.0,15.0,08006,Sant Gervasi - Galvany,Sarrià-Sant Gervasi,Descartes,4,41.40038137,2.14306326,icgc_verificada,2.695,,,1.18,,,,False
ATB-000049,Villa Sagrada,"VILLA SAGRADA, SL",apartament_turistic,apartament_turistic,sin_indicio,Sense categoritzar,,Independiente,False,18.0,9.0,08013,la Sagrada Família,Eixample,Vilaret,13,41.40611736,2.18017454,icgc_verificada,2.289,,,1.18,,,,False
ATB-000062,Tibidabo Apartments,"CAD GISPERT, S.L.",apartament_turistic,apartament_turistic,apartamentos,Sense categoritzar,,Independiente,False,14.0,4.0,08035,Sant Genís dels Agudells,Horta-Guinardó,Jericó,20,41.42139829,2.13865956,icgc_verificada,4.633,190.0,161.02,1.18,rescate,,,False
ATB-000083,DV Apartamentos,"DIVUIT, SL",apartament_turistic,apartament_turistic,apartamentos,Sense categoritzar,,Independiente,False,36.0,18.0,08028,Sants - Badal,Sants-Montjuïc,Torns,3,41.37402238,2.12480175,icgc_verificada,4.038,133.81,113.4,1.18,rescate,,,False
ATB-000086,Midtown Apartments,PEROMOINVER SLU,apartament_turistic,apartament_turistic,apartamentos,Sense categoritzar,,Independiente,False,100.0,30.0,08010,la Dreta de l'Eixample,Eixample,Casp,35,41.39122438,2.17300359,icgc_verificada,0.532,283.62,240.35,1.18,rescate,,,False
ATB-000088,Apartamentos Turisticos,PAIMAC Investments SLU,apartament_turistic,apartament_turistic,apartamentos,Sense categoritzar,,Independiente,False,18.0,9.0,08026,el Camp de l'Arpa del Clot,Sant Martí,Antic de Bofarull,11-15,41.41074115,2.18615951,icgc_verificada,2.964,,,1.18,,,,False
ATB-000089,Hostemplo,"HOSTEMPLO, S.L. c/ SICILIA, 280  BARCELONA",apartament_turistic,apartament_turistic,sin_indicio,Sense categoritzar,,Independiente,False,20.0,10.0,08013,la Sagrada Família,Eixample,"Sicilia, 276-280",276-280,41.40086452,2.17460967,icgc_verificada,1.589,,,1.18,,,,False
ATB-000276,MONTURIOL APARTAMENTS,SORT BWOK S.L.,apartament_turistic,apartament_turistic,apartamentos,Sense categoritzar,,Independiente,False,18.0,9.0,08018,el Clot,Sant Martí,de Monturiol,23,41.41002109,2.19243613,icgc_verificada,3.171,179.47,152.09,1.18,rescate,,,False
HB-000002,Suizo,"SUIZO HOTEL, SL",hotel,hotel_estrellas,sin_indicio,3 estrelles,3.0,Independiente,False,99.0,50.0,08002,el Barri Gòtic,Ciutat Vella,Del Ángel,12,41.38381826558655,2.17832017276016,censo,0.779,,,1.149,,,,False
HB-000005,Hostal Abrevadero,"VIDAMA SERVEIS INMOBILIARIS, SL",hotel,sin_estrellas,hostal,No aplica,,Independiente,False,45.0,25.0,08004,el Poble Sec,Sants-Montjuïc,Vila i Vilà,79,41.3741977,2.16847754,icgc_verificada,1.429,,,1.18,,,,False
HB-000006,Hostal Valls,,hotel,sin_estrellas,hostal,No aplica,,Independiente,False,17.0,9.0,08021,Sant Gervasi - Galvany,Sarrià-Sant Gervasi,Laforja,82,41.39730878,2.14663789,icgc_verificada,2.261,,,1.18,,,,False
HB-000011,HOTEL FORNOS,SALOMON 1965 HOSPITALITY HOLDING S.L.,hotel,hotel_estrellas,sin_indicio,2 estrelles,2.0,Independiente,False,47.0,29.0,08002,el Barri Gòtic,Ciutat Vella,COLON,2,41.37959188566095,2.1749199534758232,censo,0.92,205.81,174.41,1.18,cruce_inicial,nombre_exacto,3.7,False
HB-000012,Granvía,"Josel, SLU",hotel,hotel_estrellas,sin_indicio,3 estrelles,3.0,Independiente,False,105.0,58.0,08007,la Dreta de l'Eixample,Eixample,Gran Via Corts Catalanes,642,41.39005003654941,2.169525637778747,censo,0.341,258.62,225.06,1.149,cruce_inicial,coordenada,4.6,False
HB-000016,Avenida Palace,"INDUSTRIAL HOTELERA HERGAS, S.L.",hotel,hotel_estrellas,sin_indicio,4 estrelles,4.0,Independiente,False,274.0,150.0,08007,la Dreta de l'Eixample,Eixample,Gran Via Corts Catalanes,605,41.3890669628778,2.167360082559941,censo,0.318,237.93,207.32,1.148,cruce_inicial,coordenada,4.3,False
HB-000017,Astoria,HOTEL ASTORIA S.A.,hotel,hotel_estrellas,sin_indicio,3 estrelles,3.0,Independiente,False,205.0,117.0,08036,l'Antiga Esquerra de l'Eixample,Eixample,París,203,41.39400038288808,2.153522866045725,censo,1.58,155.14,135.01,1.149,cruce_inicial,coordenada,4.4,False
HB-000018,Regina,"REGINA HOTEL, S.A.",hotel,hotel_estrellas,sin_indicio,4 estrelles,4.0,Independiente,False,176.0,99.0,08002,la Dreta de l'Eixample,Eixample,Bergara,2-4,41.38596221474435,2.1679174068507456,censo,0.209,228.93,199.47,1.148,cruce_inicial,coordenada,4.4,False
HB-000019,Hostal París,"HITA Y GUTIERREZ, SCP",hotel,sin_estrellas,hostal,No aplica,,Independiente,False,68.0,41.0,08002,el Barri Gòtic,Ciutat Vella,Cardenal Casañas,4,41.38151775,2.17345019,icgc_verificada,0.674,154.54,130.97,1.18,cruce_inicial,coordenada,3.4,False
HB-000022,Autohogar,"CAFES ESPAÑOL OLIMIPA, S.A.",hotel,hotel_estrellas,sin_indicio,3 estrelles,3.0,Independiente,False,276.0,152.0,08001,el Raval,Ciutat Vella,Paral·lel,64,41.37518687076357,2.169408733101533,censo,1.314,105.26,91.6,1.149,cruce_inicial,coordenada,3.8,False
HB-000023,Regencia Colón,Hotel Colón SA,hotel,hotel_estrellas,sin_indicio,3 estrelles,3.0,Independiente,False,95.0,50.0,08002,el Barri Gòtic,Ciutat Vella,Sagristans,13-17,41.3853321424925,2.175631560214969,censo,0.505,,,1.149,,,,False
HB-000025,Lloret,,hotel,hotel_estrellas,sin_indicio,1 estrella,1.0,Independiente,False,98.0,56.0,08002,el Raval,Ciutat Vella,Rambla,125,41.384856019140464,2.170219188630123,censo,0.239,142.52,120.78,1.18,cruce_inicial,coordenada,4.1,False
HB-000026,Rialto,"RIALTOHOTEL,S.L.",hotel,hotel_estrellas,sin_indicio,3 estrelles,3.0,Independiente,False,370.0,205.0,08002,el Barri Gòtic,Ciutat Vella,Ferran,42,41.38211239514697,2.1764859594212758,censo,0.767,149.37,129.99,1.149,cruce_inicial,coordenada,4.0,False
HB-000030,San Agustín,HOTEL SAN AGUSTIN SL,hotel,hotel_estrellas,sin_indicio,3 estrelles,3.0,Independiente,False,146.0,77.0,08001,el Raval,Ciutat Vella,Sant Agustí,3,41.38053937421624,2.1716098075677057,censo,0.731,131.71,114.62,1.149,cruce_inicial,coordenada,4.0,False
HB-000033,Hostal Operaramblas,"M. HERRERO, SCP",hotel,sin_estrellas,hostal,No aplica,,Independiente,False,116.0,68.0,08001,el Raval,Ciutat Vella,Sant Pau,20,41.38023634,2.17288382,icgc_verificada,0.79,,,1.18,,,,False
HB-000034,Inglés,"HOTEL INGLES, SL",hotel,hotel_estrellas,sin_indicio,1 estrella,1.0,Independiente,False,44.0,28.0,08002,el Barri Gòtic,Ciutat Vella,Boqueria,17,41.38149751809368,2.1739836073152587,censo,0.696,,,1.18,,,,False
HB-000035,INTERNACIONAL RAMBLAS ATIRAM HOTEL,INVERSIONS FACTORY EXPRESS SL HOTEL INTERNACIONAL,hotel,hotel_estrellas,sin_indicio,1 estrella,1.0,Atiram,True,92.0,60.0,08002,el Barri Gòtic,Ciutat Vella,la Rambla,78,41.3811241297046,2.1735930187947985,censo,0.719,,,1.18,,,,False
HB-000036,Jardí,"SGS 110, SA",hotel,sin_estrellas,sin_indicio,No aplica,,Independiente,False,65.0,40.0,08002,el Barri Gòtic,Ciutat Vella,Sant Josep Oriol,1,41.38250273,2.17396256,icgc_verificada,0.599,140.91,119.41,1.18,cruce_inicial,coordenada,4.0,False
HB-000038,Majestic,"MAJESTIC HOTEL SPA, S.L.",hotel,hotel_estrellas,sin_indicio,Gran luxe,5.0,Independiente,False,531.0,274.0,08008,la Dreta de l'Eixample,Eixample,Gràcia,68,41.39349340602512,2.1638241954906543,censo,0.887,369.52,336.52,1.098,cruce_inicial,coordenada,4.6,False
HB-000039,Le Meridien Barcelona,BARVIE BARCELONA S.L.,hotel,hotel_estrellas,sin_indicio,Gran luxe,5.0,Independiente,False,466.0,233.0,08001,el Raval,Ciutat Vella,Rambla,111,41.3839066821341,2.1709265519982144,censo,0.353,388.55,353.85,1.098,cruce_inicial,coordenada,4.4,False
HB-000041,Moderno,"HOTEL MODERNO, S.L",hotel,hotel_estrellas,sin_indicio,3 estrelles,3.0,Independiente,False,86.0,49.0,08001,el Raval,Ciutat Vella,Hospital,11,41.3810692133775,2.172720867502443,censo,0.697,168.34,146.5,1.149,cruce_inicial,nombre_cerca,3.8,False
HB-000042,Mesón de Castilla Atiram Hotel,LLOGAS S.A.,hotel,hotel_estrellas,sin_indicio,2 estrelles,2.0,Atiram,True,90.0,57.0,08001,el Raval,Ciutat Vella,Valldonzella,5,41.38473901311326,2.1665352954464194,censo,0.383,172.58,146.25,1.18,cruce_inicial,coordenada,4.3,False
HB-000043,Montecarlo,"HOTEL MONTECARLO BARCELONA RAMBLA, SL",hotel,hotel_estrellas,sin_indicio,4 estrelles,4.0,Independiente,False,96.0,51.0,08002,el Poble Sec,Sants-Montjuïc,Rambla,124,41.37394283,2.16883799,icgc_verificada,1.455,,,1.148,,,,False
HB-000047,Cataluña,"INTERTUR, SL",hotel,hotel_estrellas,sin_indicio,2 estrelles,2.0,Independiente,False,61.0,40.0,08002,el Barri Gòtic,Ciutat Vella,Santa Anna,22-24,41.38548562672458,2.171754068301337,censo,0.223,200.04,169.52,1.18,cruce_inicial,coordenada,4.0,False
HB-000049,COLÓN,Hotel Colón SA,hotel,hotel_estrellas,sin_indicio,5 estrelles,5.0,Independiente,False,252.0,125.0,08002,el Barri Gòtic,Ciutat Vella,de la Catedral,7,41.38490946085381,2.1757421345687917,censo,0.532,,,1.098,,,,False
HB-000050,Comercio,,hotel,hotel_estrellas,sin_indicio,1 estrella,1.0,Independiente,False,88.0,51.0,08002,el Barri Gòtic,Ciutat Vella,Escudellers,15,41.37936108,2.17607158,icgc_verificada,0.989,,,1.18,,,,False
HB-000051,HOTEL CONDAL,"SANOCAR, SL",hotel,hotel_estrellas,sin_indicio,3 estrelles,3.0,Independiente,False,92.0,52.0,08002,el Barri Gòtic,Ciutat Vella,Boqueria,23,41.38156813651423,2.1742622276082075,censo,0.701,198.5,172.74,1.149,cruce_inicial,nombre_exacto,8.3,False
HB-000053,Continental,HOTEL CONTINENTAL S.A.,hotel,hotel_estrellas,sin_indicio,3 estrelles,3.0,Independiente,False,73.0,40.0,08002,el Barri Gòtic,Ciutat Vella,Rambla,138,41.38514182378773,2.170638831395403,censo,0.213,,,1.149,,,,False
HB-000063,Roma Reial,"P TARRASON, SL",hotel,hotel_estrellas,sin_indicio,1 estrella,1.0,Independiente,False,95.0,52.0,08002,el Barri Gòtic,Ciutat Vella,Reial,11,41.3800844064027,2.17582156576961,censo,0.91,,,1.18,,,,False
HB-000064,El Palace,"SKIDBLADNIR, S.L",hotel,hotel_estrellas,sin_indicio,Gran luxe,5.0,Independiente,False,244.0,120.0,08010,la Dreta de l'Eixample,Eixample,Gran Via Corts Catalanes,668,41.39159498396441,2.17158164718764,censo,0.528,,,1.098,,,,False
HB-000066,Condado,"HOCATEL, SA",hotel,hotel_estrellas,sin_indicio,3 estrelles,3.0,Independiente,False,146.0,76.0,08021,Sant Gervasi - Galvany,Sarrià-Sant Gervasi,Aribau,201,41.39571761482612,2.149499078428965,censo,1.966,142.24,123.78,1.149,cruce_inicial,coordenada,4.2,False
HB-000069,Vincci Mae,VINCCI HOTELES SA,hotel,hotel_estrellas,sin_indicio,4 estrelles,4.0,Vincci,True,170.0,85.0,08021,Sant Gervasi - Galvany,Sarrià-Sant Gervasi,Diagonal,596,41.39339076062834,2.146037164829496,censo,2.122,217.28,189.32,1.148,cruce_inicial,coordenada,4.5,False
HB-000071,Cuatro Naciones,"HERMANOS SAIZ HINAREJOS,C.B.",hotel,hotel_estrellas,sin_indicio,2 estrelles,2.0,Independiente,False,106.0,54.0,08002,el Barri Gòtic,Ciutat Vella,Rambla,40,41.37927717941231,2.175171863820001,censo,0.961,,,1.18,,,,False
HB-000073,HOTEL ESPAÑA,"OCEAN BARCELONA HOTELES, S.L.",hotel,hotel_estrellas,sin_indicio,4 estrelles,4.0,Independiente,False,149.0,82.0,08001,el Raval,Ciutat Vella,SANT PAU,9-11,41.37998177436281,2.1728476146789286,censo,0.816,208.58,181.74,1.148,cruce_inicial,nombre_cerca,4.5,False
HB-000078,Nouvel,"HECAME EXPLOTACIONES TURÍSTICAS, SL",hotel,hotel_estrellas,sin_indicio,3 estrelles,3.0,Independiente,False,136.0,78.0,08002,el Barri Gòtic,Ciutat Vella,Santa Anna,18-20,41.38530378088554,2.1715445758064598,censo,0.228,168.8,146.9,1.149,cruce_inicial,coordenada,4.1,False
HB-000080,Oriente Atiram Hotel,"SLON ZOLTY, S.L.",hotel,hotel_estrellas,sin_indicio,3 estrelles,3.0,Atiram,True,270.0,142.0,08001,el Raval,Ciutat Vella,Rambla,45-47,41.37981376393028,2.174220296291638,censo,0.873,163.33,142.14,1.149,cruce_inicial,coordenada,4.1,False
HB-000081,Palermo,,hotel,sin_estrellas,sin_indicio,No aplica,,Independiente,False,42.0,27.0,08002,el Barri Gòtic,Ciutat Vella,Boqueria,21,41.38149616,2.17407083,icgc_verificada,0.7,121.31,102.8,1.18,cruce_inicial,coordenada,3.3,False
HB-000082,Park Hotel,HORECA SL,hotel,hotel_estrellas,sin_indicio,3 estrelles,3.0,Independiente,False,157.0,91.0,08003,"Sant Pere, Santa Caterina i la Ribera",Ciutat Vella,Marquès de l'Argentera,11,41.38425443779292,2.1843724753789293,censo,1.237,166.54,144.93,1.149,cruce_inicial,coordenada,4.0,False
HB-000085,Principal,"BARDALITO INVESTMENTS, SLU",hotel,hotel_estrellas,sin_indicio,3 estrelles,3.0,Independiente,False,174.0,111.0,08001,el Raval,Ciutat Vella,Junta del Comerç,8-12,41.38010973790395,2.171172056333984,censo,0.772,,,1.149,,,,False
HB-000087,Fontanella Green House,ALPIS BARCELONA 2015 SOCIEDAD LIMITADA,hotel,sin_estrellas,sin_indicio,No aplica,,Independiente,False,20.0,11.0,08003,el Barri Gòtic,Ciutat Vella,Laietana,71,41.38827082,2.17284373,icgc_verificada,0.276,138.6,117.46,1.18,cruce_inicial,coordenada,3.9,False
HB-000088,Lleó,HOTEL LLEO SL,hotel,hotel_estrellas,sin_indicio,3 estrelles,3.0,Independiente,False,175.0,92.0,08001,el Raval,Ciutat Vella,Pelai,22-26,41.38569493880871,2.166454986668302,censo,0.329,168.09,146.28,1.149,cruce_inicial,coordenada,4.2,False
HB-000089,HOSTAL LEVANTE,HOSTAL LEVANTE SCP,hotel,sin_estrellas,hostal,No aplica,,Independiente,False,85.0,48.0,08002,el Barri Gòtic,Ciutat Vella,Baixada de Sant Miquel,2,41.38134104,2.1765847,icgc_verificada,0.835,116.77,98.96,1.18,cruce_inicial,coordenada,3.9,False
HB-000090,Layetana,"HOSTAL LAYETANA, SCP",hotel,sin_estrellas,hostal,No aplica,,Independiente,False,32.0,20.0,08002,el Barri Gòtic,Ciutat Vella,Ramon Berenguer el Gran,2,41.38460127,2.17744791,icgc_verificada,0.676,,,1.18,,,,False
HB-000094,Hostal Residencia Europa,,hotel,sin_estrellas,hostal,No aplica,,Independiente,False,75.0,44.0,08002,el Barri Gòtic,Ciutat Vella,Boqueria,18,41.38152139,2.1744338,icgc_verificada,0.713,144.0,122.03,1.18,cruce_inicial,coordenada,3.8,False
HB-000097,Residencia 45,"ESMAGUI, SA",hotel,sin_estrellas,residencia,No aplica,,Independiente,False,39.0,20.0,08001,el Raval,Ciutat Vella,Tallers,45,41.38479637,2.16797334,icgc_verificada,0.298,79.45,67.33,1.18,cruce_inicial,coordenada,3.1,False
HB-000098,Via Augusta,"VIPAMAR, S.L.",hotel,hotel_estrellas,sin_indicio,2 estrelles,2.0,Independiente,False,137.0,87.0,08006,Sant Gervasi - Galvany,Sarrià-Sant Gervasi,Via Augusta,63,41.400092633075815,2.151422551784381,censo,2.126,,,1.18,,,,False
HB-000101,California,"HOSMOPA, SL",hotel,hotel_estrellas,sin_indicio,3 estrelles,3.0,Independiente,False,47.0,29.0,08002,el Barri Gòtic,Ciutat Vella,Rauric,14,41.38099143150901,2.17532169767954,censo,0.802,200.96,174.88,1.149,cruce_inicial,coordenada,4.0,False
HB-000114,Prisma,"WHISTESTONE, SL",hotel,hotel_estrellas,sin_indicio,2 estrelles,2.0,Independiente,False,70.0,48.0,08029,les Corts,Les Corts,Josep Tarradellas,119-121,41.38914756453868,2.1429934561998336,censo,2.266,,,1.18,,,,False
HB-000157,Hostal Oliva,,hotel,sin_estrellas,hostal,No aplica,,Independiente,False,26.0,16.0,08007,la Dreta de l'Eixample,Eixample,Gràcia,32,41.39081934,2.16709172,icgc_verificada,0.489,,,1.18,,,,False
HB-000241,Antibes,"HOTIBES, SA",hotel,hotel_estrellas,sin_indicio,2 estrelles,2.0,Independiente,False,137.0,69.0,08013,el Fort Pienc,Eixample,Diputació,394,41.39854480962535,2.1780779539887094,censo,1.45,158.95,134.7,1.18,cruce_inicial,coordenada,4.4,False
HB-000317,HCC Hotel Taber,HCC TABER S.L.,hotel,hotel_estrellas,sin_indicio,3 estrelles,3.0,HCC,True,169.0,92.0,08007,la Dreta de l'Eixample,Eixample,Aragó,256,41.39066219821351,2.16313072421,censo,0.703,179.63,156.32,1.149,cruce_inicial,coordenada,4.4,False
HB-000319,Cortes,"IMPLEXSEL IBERIA, SL",hotel,hotel_estrellas,sin_indicio,2 estrelles,2.0,Independiente,False,72.0,44.0,08002,el Barri Gòtic,Ciutat Vella,Santa Anna,25,41.385520512782165,2.171666520341029,censo,0.215,154.62,131.03,1.18,cruce_inicial,coordenada,4.0,False
HB-000320,Goya,,hotel,sin_estrellas,sin_indicio,No aplica,,Independiente,False,21.0,12.0,08010,la Dreta de l'Eixample,Eixample,Pau Claris,74,41.38938401,2.17174449,icgc_verificada,0.302,,,1.18,,,,False
HB-000328,Hostal El Putxet,DDA HOTEL FUND SL,hotel,sin_estrellas,hostal,No aplica,,Independiente,False,24.0,18.0,08023,el Putxet i el Farró,Sarrià-Sant Gervasi,Ballester,13,41.40589121638933,2.144640409035982,censo,2.981,117.32,99.42,1.18,cruce_inicial,coordenada,2.7,False
HB-000329,Hesperia Barri Gòtic,HOTELERA METROPOL SA,hotel,hotel_estrellas,sin_indicio,3 estrelles,3.0,Hesperia,True,115.0,71.0,08002,el Barri Gòtic,Ciutat Vella,Ample,31,41.38046232752719,2.179928349935375,censo,1.102,190.79,166.03,1.149,cruce_inicial,coordenada,4.3,False
HB-000362,Lima,,hotel,sin_estrellas,sin_indicio,No aplica,,Independiente,False,6.0,4.0,08010,el Barri Gòtic,Ciutat Vella,Fontanella,16,41.38798429,2.17249943,icgc_verificada,0.235,,,1.18,,,,False
HB-000371,jaume I,"VINECUA, SL",hotel,hotel_estrellas,sin_indicio,1 estrella,1.0,Independiente,False,67.0,39.0,08002,el Barri Gòtic,Ciutat Vella,Jaume I,11,41.38335786031799,2.177887718408392,censo,0.773,,,1.18,,,,False
HB-000372,Eurostars Cristal Palace,"LAS INICIATIVAS HOSTELERAS, SA",hotel,hotel_estrellas,hostal,4 estrelles,4.0,Eurostars,True,250.0,148.0,08007,la Dreta de l'Eixample,Eixample,Diputació,257,41.38982724010406,2.166084940870228,censo,0.453,,,1.148,,,,False
HB-000386,Zènit Barcelona,"HOTEL ZENIT, CB",hotel,hotel_estrellas,sin_indicio,4 estrelles,4.0,Independiente,False,118.0,71.0,08021,Sant Gervasi - Galvany,Sarrià-Sant Gervasi,Santaló,8,41.3949438601972,2.1468868053299315,censo,2.121,201.0,175.14,1.148,cruce_inicial,nombre_exacto,8.4,False
HB-000439,Ciudad Condal,,hotel,sin_estrellas,sin_indicio,No aplica,,Independiente,False,22.0,14.0,08008,la Dreta de l'Eixample,Eixample,Mallorca,255,41.39337193,2.16175861,icgc_verificada,0.987,,,1.18,,,,False
HB-000443,Lourdes,HOTEL CIUTAT DE BARCELONA,hotel,sin_estrellas,sin_indicio,No aplica,,Independiente,False,47.0,27.0,08003,"Sant Pere, Santa Caterina i la Ribera",Ciutat Vella,Princesa,14,41.38484012,2.17991866,icgc_verificada,0.862,,,1.18,,,,False
HB-000446,Casa Pince,QUINTO HOTEL S.L.,hotel,hotel_estrellas,sin_indicio,2 estrelles,2.0,Independiente,False,70.0,38.0,08002,el Barri Gòtic,Ciutat Vella,Ferran,21,41.38116956764499,2.175037990346006,censo,0.773,166.25,140.89,1.18,cruce_inicial,coordenada,4.8,False
HB-000448,Lirio,,hotel,sin_estrellas,sin_indicio,No aplica,,Independiente,False,31.0,21.0,08002,el Barri Gòtic,Ciutat Vella,Nou de Sant Francesc,23-25,41.37875896,2.17777534,icgc_verificada,1.123,131.31,111.28,1.18,cruce_inicial,nombre_cerca,4.0,False
HB-000454,Barcelona Center Inn,"HOSTAL LAMU, SL",hotel,sin_estrellas,hostal,No aplica,,Independiente,False,23.0,13.0,08010,la Dreta de l'Eixample,Eixample,Gran Via Corts Catalanes,688,41.39318936,2.17372725,icgc_verificada,0.755,,,1.18,,,,False
HB-000456,Capitol,,hotel,sin_estrellas,sin_indicio,No aplica,,Independiente,False,20.0,11.0,08002,el Poble Sec,Sants-Montjuïc,Rambla,138,41.37312077,2.16798258,icgc_verificada,1.552,100.45,85.13,1.18,cruce_inicial,nombre_unico,3.2,False
HB-000457,SOM NIT PORT VELL,CHECK-IN BORN SL,hotel,sin_estrellas,sin_indicio,No aplica,,Independiente,False,20.0,10.0,08003,"Sant Pere, Santa Caterina i la Ribera",Ciutat Vella,Reina Cristina,2,41.38135744,2.18321589,icgc_verificada,1.269,148.64,125.97,1.18,cruce_inicial,coordenada,4.2,False
HB-000467,Palmera,"DORMDREAM BARCELONA, SL",hotel,sin_estrellas,sin_indicio,No aplica,,Independiente,False,33.0,20.0,08001,el Raval,Ciutat Vella,Jerusalem,30,41.38189524,2.1707537,icgc_verificada,0.571,122.99,104.23,1.18,cruce_inicial,coordenada,4.5,False
HB-000478,Turisol,,hotel,sin_estrellas,sin_indicio,No aplica,,Independiente,False,27.0,17.0,08002,el Barri Gòtic,Ciutat Vella,Escudellers,7,41.37888779,2.1767219,icgc_verificada,1.062,,,1.18,,,,False
HB-000480,Toledano,,hotel,hotel_estrellas,sin_indicio,1 estrella,1.0,Independiente,False,30.0,17.0,08002,el Barri Gòtic,Ciutat Vella,Rambla,138,41.38514182378773,2.170638831395403,censo,0.213,114.24,96.81,1.18,cruce_inicial,coordenada,3.2,False
HB-000485,Outsite Barcelona,ELITE COLLECTIVE S.L.,hotel,sin_estrellas,sin_indicio,No aplica,,Independiente,False,31.0,18.0,08002,el Barri Gòtic,Ciutat Vella,Simó Oller,1,41.37997958,2.17989358,icgc_verificada,1.136,191.98,162.69,1.18,cruce_inicial,coordenada,4.8,False
HB-000488,Sense especificar,"MIBAL INVEST, S.L.",hotel,hotel_estrellas,sin_indicio,2 estrelles,2.0,Independiente,False,80.0,52.0,08001,el Raval,Ciutat Vella,Pelai,62,41.3854076552862,2.169683995090584,censo,0.179,,,1.18,,,,False
HB-000491,Bienestar,,hotel,sin_estrellas,sin_indicio,No aplica,,Independiente,False,26.0,16.0,08002,el Barri Gòtic,Ciutat Vella,Quintana,3,41.38128194,2.17433758,icgc_verificada,0.732,,,1.18,,,,False
HB-000495,Santa Marta,GOTICO HOTEL SL,hotel,hotel_estrellas,sin_indicio,2 estrelles,2.0,Independiente,False,108.0,47.0,08003,"Sant Pere, Santa Caterina i la Ribera",Ciutat Vella,General Castaños,14,41.3836820501458,2.185160503910115,censo,1.318,,,1.18,,,,False
HB-000502,Hostal Ruta de Francia,,hotel,sin_estrellas,hostal,No aplica,,Independiente,False,17.0,13.0,08013,la Sagrada Família,Eixample,Castillejos,204,41.4037968,2.18205223,icgc_verificada,2.121,,,1.18,,,,False
HB-000508,Hostal Rembrandt,,hotel,sin_estrellas,hostal,No aplica,,Independiente,False,42.0,27.0,08002,el Barri Gòtic,Ciutat Vella,Portaferrissa,23,41.38378347,2.17349131,icgc_verificada,0.461,,,1.18,,,,False
HB-000516,som nit triomf,CHECK-IN BORN SL,hotel,sin_estrellas,sin_indicio,No aplica,,Independiente,False,20.0,11.0,08010,la Dreta de l'Eixample,Eixample,Trafalgar,39,41.39002266,2.17710554,icgc_verificada,0.681,,,1.18,,,,True
HB-000701,GAT RAVAL,PLANES MAGICOS S.L.,hotel,sin_estrellas,sin_indicio,No aplica,,Independiente,False,41.0,24.0,08001,el Raval,Ciutat Vella,de Joaquín Costa,44,41.38280939,2.16558179,icgc_verificada,0.594,,,1.18,,,,False
HB-000723,Orleans,,hotel,sin_estrellas,sin_indicio,No aplica,,Independiente,False,34.0,17.0,08003,"Sant Pere, Santa Caterina i la Ribera",Ciutat Vella,Marquès de l'Argentera,13,41.38440389,2.18453051,icgc_verificada,1.246,,,1.18,,,,False
HB-000739,Portugal,,hotel,sin_estrellas,sin_indicio,No aplica,,Independiente,False,23.0,16.0,08002,el Barri Gòtic,Ciutat Vella,de Josep Anselm Clavé,27,41.37788792,2.17821929,icgc_verificada,1.223,,,1.18,,,,False
HB-000776,Boutique Barcelona,"BOUTIQUE BARCELONA, SCP",hotel,sin_estrellas,sin_indicio,No aplica,,Independiente,False,12.0,6.0,08009,la Dreta de l'Eixample,Eixample,Pau Claris,145,41.39388061,2.16541959,icgc_verificada,0.855,195.92,166.03,1.18,cruce_inicial,coordenada,3.4,False
HB-000782,Hostal BCN Ramblas,LAL MOTI SL,hotel,sin_estrellas,hostal,No aplica,,Independiente,False,18.0,11.0,08002,el Raval,Ciutat Vella,Rambla,96,41.37570639,2.17066133,icgc_verificada,1.257,,,1.18,,,,False
HB-000801,Hostal Central Barcelona,,hotel,sin_estrellas,hostal,No aplica,,Independiente,False,18.0,11.0,08013,la Dreta de l'Eixample,Eixample,Diputació,346,41.39644632,2.17528966,icgc_verificada,1.139,,,1.18,,,,False
HB-000838,Aribau,,hotel,sin_estrellas,sin_indicio,No aplica,,Independiente,False,6.0,3.0,08011,l'Antiga Esquerra de l'Eixample,Eixample,Aribau,37,41.38758673,2.16021558,icgc_verificada,0.819,66.28,56.17,1.18,cruce_inicial,nombre_unico,3.9,False
HB-000839,Hotel Everest,CAMAEN SA,hotel,hotel_estrellas,sin_indicio,2 estrelles,2.0,Independiente,False,34.0,17.0,08025,el Baix Guinardó,Horta-Guinardó,de Gràcia,441,41.41131961651871,2.1732896725799096,censo,2.718,116.99,99.14,1.18,cruce_inicial,coordenada,4.2,False
HB-000845,Hostal Santcarlo,,hotel,sin_estrellas,hostal,No aplica,,Independiente,False,13.0,8.0,08010,la Dreta de l'Eixample,Eixample,Urquinaona,5,41.38948805,2.17295069,icgc_verificada,0.37,98.18,83.2,1.18,cruce_inicial,coordenada,2.9,False
HB-000855,Amílcar,,hotel,hotel_estrellas,sin_indicio,1 estrella,1.0,Independiente,False,85.0,49.0,08032,el Guinardó,Horta-Guinardó,Amílcar,118-116,41.42385563,2.17258536,icgc_verificada,4.104,,,1.18,,,,False
HB-000859,Lyon,,hotel,hotel_estrellas,sin_indicio,1 estrella,1.0,Independiente,False,19.0,15.0,08002,"Sant Pere, Santa Caterina i la Ribera",Ciutat Vella,General Castaños,6,41.38321993965877,2.184767263029884,censo,1.302,103.67,87.86,1.18,cruce_inicial,coordenada,3.6,False
HB-000862,Norma,,hotel,sin_estrellas,sin_indicio,No aplica,,Independiente,False,27.0,18.0,08012,la Vila de Gràcia,Gràcia,Gran de Gràcia,87,41.40059298,2.15444412,icgc_verificada,1.992,,,1.18,,,,False
HB-000899,Parisien,,hotel,sin_estrellas,sin_indicio,No aplica,,Independiente,False,20.0,13.0,08002,el Poble Sec,Sants-Montjuïc,Rambla,114,41.37437511,2.16928131,icgc_verificada,1.405,155.68,131.93,1.18,cruce_inicial,nombre_unico,3.5,False
HB-000935,Mimi Las Ramblas,"HABLA Y COMUNICA, SL",hotel,sin_estrellas,sin_indicio,No aplica,,Independiente,False,10.0,7.0,08001,el Raval,Ciutat Vella,Nou de la Rambla,1,41.37916642,2.17442328,icgc_verificada,0.946,76.5,64.83,1.18,cruce_inicial,coordenada,2.5,False
HB-000947,Annex,"OBA, S.L.",hotel,hotel_estrellas,sin_indicio,1 estrella,1.0,Independiente,False,12.0,8.0,08002,el Barri Gòtic,Ciutat Vella,Jaume I,8-10,41.38325726026674,2.177936178383138,censo,0.782,,,1.18,,,,False
HB-000952,Girona,"RESIDENCIA CONFORT GIRONA, SL",hotel,sin_estrellas,residencia,No aplica,,Independiente,False,13.0,9.0,08010,la Dreta de l'Eixample,Eixample,Girona,24,41.39190984,2.17517259,icgc_verificada,0.696,,,1.18,,,,True
HB-000957,VAGANTO HOTEL S.L.,VAGANTO HOTEL S.L.,hotel,sin_estrellas,sin_indicio,No aplica,,Independiente,False,23.0,18.0,08004,el Poble Sec,Sants-Montjuïc,d'en Fontrodona,1,41.37469466,2.16781434,icgc_verificada,1.38,200.91,170.26,1.18,cruce_inicial,coordenada,4.5,False
HB-000975,Fernando,VIPE HOTELES SL,hotel,sin_estrellas,sin_indicio,No aplica,,Independiente,False,55.0,38.0,08002,el Barri Gòtic,Ciutat Vella,Ferran,31,41.38142014,2.17545488,icgc_verificada,0.769,161.88,137.19,1.18,cruce_inicial,coordenada,4.3,False
HB-001122,Call,"ALBEIDA, SA",hotel,hotel_estrellas,sin_indicio,1 estrella,1.0,Independiente,False,49.0,25.0,08002,el Barri Gòtic,Ciutat Vella,Arc de Sant Ramon del Call,4,41.382293980195776,2.1757129034720064,censo,0.708,145.4,123.22,1.18,cruce_inicial,coordenada,3.6,False
HB-001130,Hostal Razio Central Station BCN,,hotel,sin_estrellas,hostal,No aplica,,Independiente,False,18.0,11.0,08001,el Raval,Ciutat Vella,Hospital,93,41.38016898,2.16957164,icgc_verificada,0.76,,,1.18,,,,False
HB-001131,Albi,"ALBI, SCP",hotel,sin_estrellas,sin_indicio,No aplica,,Independiente,False,16.0,11.0,08002,el Barri Gòtic,Ciutat Vella,Avinyó,58,41.38019022,2.17929159,icgc_verificada,1.084,,,1.18,,,,False
HB-001135,Bresus,,hotel,sin_estrellas,sin_indicio,No aplica,,Independiente,False,12.0,7.0,08003,"Sant Pere, Santa Caterina i la Ribera",Ciutat Vella,Sant Pere més Alt,61,41.38917081,2.17803777,icgc_verificada,0.713,,,1.18,,,,False
HB-001137,Canaletas,,hotel,sin_estrellas,sin_indicio,No aplica,,Independiente,False,12.0,8.0,08002,el Poble Sec,Sants-Montjuïc,Rambla,133,41.37321597,2.16832506,icgc_verificada,1.539,,,1.18,,,,False
HB-001187,Cerdanya Pensió,,hotel,sin_estrellas,pension,No aplica,,Independiente,False,12.0,7.0,08010,la Dreta de l'Eixample,Eixample,Girona,35,41.39251473,2.17400032,icgc_verificada,0.698,,,1.18,,,,False
HB-001199,Colmenero,,hotel,sin_estrellas,sin_indicio,No aplica,,Independiente,False,9.0,7.0,08002,el Barri Gòtic,Ciutat Vella,Petritxol,12,41.38288232,2.17289696,icgc_verificada,0.518,,,1.18,,,,False
HB-001206,Villanueva,"EUROAGRICOLA, SA",hotel,sin_estrellas,sin_indicio,No aplica,,Independiente,False,44.0,29.0,08002,el Barri Gòtic,Ciutat Vella,Reial,2,41.38010135,2.17477304,icgc_verificada,0.864,121.86,103.27,1.18,cruce_inicial,coordenada,3.3,False
HB-001213,RAVAL HOUSE,"RAVAL HOUSE, S.L.",hotel,hotel_estrellas,sin_indicio,3 estrelles,3.0,Independiente,False,100.0,55.0,08001,el Raval,Ciutat Vella,de l' Hospital,101,41.38001981371473,2.169014849771575,censo,0.781,164.18,142.88,1.149,cruce_inicial,coordenada,4.1,False
HB-001216,Solarium,,hotel,sin_estrellas,sin_indicio,No aplica,,Independiente,False,33.0,17.0,08001,el Raval,Ciutat Vella,Guàrdia,13,41.37777199,2.17415488,icgc_verificada,1.083,82.77,70.14,1.18,cruce_inicial,nombre_cerca,4.1,False
HB-001219,Gótico,GOTICO HOTEL SL,hotel,hotel_estrellas,sin_indicio,4 estrelles,4.0,Independiente,False,149.0,81.0,08002,el Barri Gòtic,Ciutat Vella,Jaume I,14,41.38349181893135,2.1782357567822936,censo,0.79,,,1.148,,,,False
HB-001276,Coral,"HOSTAL CORAL BARCELONA, SL",hotel,sin_estrellas,hostal,No aplica,,Independiente,False,36.0,25.0,08002,el Barri Gòtic,Ciutat Vella,Calella,1,41.38148514,2.17856331,icgc_verificada,0.942,104.73,88.75,1.18,cruce_inicial,coordenada,4.0,False
HB-001278,Sol y K,,hotel,sin_estrellas,sin_indicio,No aplica,,Independiente,False,24.0,14.0,08002,el Barri Gòtic,Ciutat Vella,Cervantes,2,41.38107387,2.17740529,icgc_verificada,0.903,154.55,130.97,1.18,cruce_inicial,coordenada,4.3,False
HB-001579,PENSION AROSA,"RIA LONDON, SL",hotel,sin_estrellas,pension,No aplica,,Independiente,False,10.0,7.0,08002,el Barri Gòtic,Ciutat Vella,del Portal de l'Àngel,14,41.38539309,2.17351036,icgc_verificada,0.343,89.09,75.5,1.18,cruce_inicial,coordenada,3.1,False
HB-001619,Noya,,hotel,sin_estrellas,sin_indicio,No aplica,,Independiente,False,15.0,8.0,08002,el Poble Sec,Sants-Montjuïc,Rambla,133,41.37321597,2.16832506,icgc_verificada,1.539,,,1.18,,,,False
HB-001620,Ciudadela,,hotel,sin_estrellas,sin_indicio,No aplica,,Independiente,False,11.0,6.0,08003,"Sant Pere, Santa Caterina i la Ribera",Ciutat Vella,Comerç,33,41.38470818,2.18469377,icgc_verificada,1.252,,,1.18,,,,False
HB-001665,Hostal Eixample,EIXAMPLE LAGO PARTNER SL,hotel,sin_estrellas,hostal,No aplica,,Independiente,False,14.0,8.0,08010,la Dreta de l'Eixample,Eixample,Ausias Marc,19,41.39080402,2.17470887,icgc_verificada,0.577,131.81,111.7,1.18,cruce_inicial,coordenada,4.4,False
HB-001678,Benidorm,"HERRERO MATEO, CB",hotel,sin_estrellas,sin_indicio,No aplica,,Independiente,False,68.0,44.0,08002,el Raval,Ciutat Vella,Rambla,37,41.37778256,2.17298709,icgc_verificada,1.055,142.32,120.61,1.18,cruce_inicial,nombre_unico,4.1,False
HB-001690,El Puchi Barcelona,"DOSLTM, SCP",hotel,sin_estrellas,sin_indicio,No aplica,,Independiente,False,20.0,12.0,08011,Sant Antoni,Eixample,Gran Via Corts Catalanes,576,41.38433247,2.16193662,icgc_verificada,0.735,,,1.18,,,,False
HB-001705,Venècia,,hotel,sin_estrellas,sin_indicio,No aplica,,Independiente,False,18.0,15.0,08001,el Raval,Ciutat Vella,Junta del Comerç,13,41.37992219,2.17146078,icgc_verificada,0.796,,,1.18,,,,False
HB-001709,Francia,"ACTIVIDADES MILISA, SCP",hotel,sin_estrellas,sin_indicio,No aplica,,Independiente,False,20.0,11.0,08003,,,Rera Palau,4,,,,,,,1.18,,,,False
HB-001747,Hostal Mont Thabor,,hotel,sin_estrellas,hostal,No aplica,,Independiente,False,19.0,12.0,08002,el Raval,Ciutat Vella,Rambla,86,41.37604423,2.1710122,icgc_verificada,1.221,81.82,69.34,1.18,cruce_inicial,nombre_unico,2.8,False
HB-001748,Picasso,"RIQUELME GOMIS, SL",hotel,sin_estrellas,sin_indicio,No aplica,,Independiente,False,24.0,16.0,08002,el Raval,Ciutat Vella,Rambla,25,41.37809151,2.17330758,icgc_verificada,1.028,171.18,145.07,1.18,cruce_inicial,nombre_exacto,4.3732657,False
HB-001755,Nuevo Colón,,hotel,sin_estrellas,sin_indicio,No aplica,,Independiente,False,42.0,24.0,08003,"Sant Pere, Santa Caterina i la Ribera",Ciutat Vella,Marquès de l'Argentera,19,41.38499288,2.18503212,icgc_verificada,1.274,119.49,101.26,1.18,cruce_inicial,coordenada,3.8,False
HB-001821,Hostal Ambos Mundos,,hotel,sin_estrellas,hostal,No aplica,,Independiente,False,23.0,13.0,08002,el Barri Gòtic,Ciutat Vella,Reial,10,41.38022221,2.17559994,icgc_verificada,0.887,171.85,145.63,1.18,cruce_inicial,coordenada,4.8,False
HB-001847,Santo Domingo,,hotel,sin_estrellas,sin_indicio,No aplica,,Independiente,False,22.0,16.0,08002,la Vila de Gràcia,Gràcia,Sant Domènec del Call,3-5,41.39960836,2.15608949,icgc_verificada,1.82,,,1.18,,,,False
HB-001855,HOTEL LA PAU,INMOBILIARIA CAMFOR SA,hotel,sin_estrellas,sin_indicio,No aplica,,Independiente,False,65.0,42.0,08002,el Barri Gòtic,Ciutat Vella,JOSEP ANSELM CLAVÉ,17,41.37754896511456,2.1780011765324376,censo,1.245,265.88,225.32,1.18,rescate,,,False
HB-001862,Las Flores,"PENSION LAS FLORES, SCP",hotel,sin_estrellas,pension,No aplica,,Independiente,False,19.0,15.0,08001,el Raval,Ciutat Vella,Rambla,79,41.37642196,2.17157676,icgc_verificada,1.184,,,1.18,,,,False
HB-001883,Hostal Apolo,,hotel,sin_estrellas,hostal,No aplica,,Independiente,False,32.0,20.0,08004,el Poble Sec,Sants-Montjuïc,Lafont,1-3,41.37380146,2.16942541,icgc_verificada,1.468,115.5,97.88,1.18,cruce_inicial,booking_playwright,8.6,False
HB-001911,Hesperia Presidente,"DESJUST,S.L.",hotel,hotel_estrellas,sin_indicio,4 estrelles,4.0,Hesperia,True,301.0,156.0,08021,Sant Gervasi - Galvany,Sarrià-Sant Gervasi,Diagonal,570,41.39414022868595,2.148991044269223,censo,1.924,239.34,208.54,1.148,cruce_inicial,coordenada,4.5,False
HB-001927,Gaudí,"HOTEL GAUDI BARCELONA, S.L.",hotel,hotel_estrellas,sin_indicio,3 estrelles,3.0,Independiente,False,136.0,73.0,08001,el Raval,Ciutat Vella,Nou de la Rambla,12,41.37895624489913,2.174016697616009,censo,0.955,228.8,199.11,1.149,cruce_inicial,coordenada,4.3,False
HB-001931,Palacio,"PENSION SAMAYOA SANAHUJA INTERNACIONAL, SL",hotel,sin_estrellas,pension,No aplica,,Independiente,False,12.0,9.0,08003,"Sant Pere, Santa Caterina i la Ribera",Ciutat Vella,Isabel II,10,41.38193324,2.18303623,icgc_verificada,1.225,,,1.18,,,,False
HB-001934,Royal,"BEDFORD, SA",hotel,hotel_estrellas,sin_indicio,4 estrelles,4.0,Independiente,False,226.0,119.0,08002,el Raval,Ciutat Vella,Rambla,117,41.38437398916098,2.170584328337652,censo,0.296,,,1.148,,,,False
HB-001950,CASA TRAFALGAR,OCEAN PRIVAT SL,hotel,hotel_estrellas,sin_indicio,1 estrella,1.0,Independiente,False,31.0,18.0,08010,la Dreta de l'Eixample,Eixample,Sant Pere,24,41.389345214488856,2.1741559288787093,censo,0.434,199.63,169.18,1.18,cruce_inicial,coordenada,4.4,False
HB-001951,Chic  Basic Tallers,Chic and Basic Tallers S.L.U.,hotel,sin_estrellas,sin_indicio,No aplica,,Chic & Basic,True,25.0,14.0,08001,el Raval,Ciutat Vella,Tallers,82,41.38526097,2.16431198,icgc_verificada,0.512,,,1.18,,,,False
HB-001969,NH Barcelona Stadium,NH HOTELES ESPAÑA S.A.  ( Hotel NH BARCELONA CENTRO ),hotel,hotel_estrellas,sin_indicio,4 estrelles,4.0,NH,True,185.0,106.0,08028,la Maternitat i Sant Ramon,Les Corts,Corts,150,41.381479374471255,2.1270969524414016,censo,3.632,183.89,160.23,1.148,cruce_inicial,coordenada,4.3,False
HB-002004,Dani,,hotel,sin_estrellas,sin_indicio,No aplica,,Independiente,False,9.0,7.0,08001,el Raval,Ciutat Vella,Tallers,9,41.38468756,2.16972063,icgc_verificada,0.258,,,1.18,,,,False
HB-002007,Best Western Premier Hotel Dante,"DANTE HOTELES, S.L",hotel,hotel_estrellas,sin_indicio,4 estrelles,4.0,Independiente,False,144.0,81.0,08036,l'Antiga Esquerra de l'Eixample,Eixample,Mallorca,181,41.38943646417619,2.1565145579298437,censo,1.157,204.77,178.42,1.148,cruce_inicial,coordenada,4.5,False
HB-002040,Hostal Felipe II,"BUSINESS EXPORT ON LINE, SL",hotel,sin_estrellas,hostal,No aplica,,Independiente,False,17.0,11.0,08037,la Dreta de l'Eixample,Eixample,Mallorca,329,41.3982317,2.16820769,icgc_verificada,1.258,,,1.18,,,,False
HB-002043,Travesera,"HOBAIRES, S.L.",hotel,hotel_estrellas,sin_indicio,2 estrelles,2.0,Independiente,False,22.0,16.0,08024,la Salut,Gràcia,Dalt,121-123,41.4123244926752,2.1589797507660515,censo,2.962,164.84,139.69,1.18,cruce_inicial,coordenada,3.9,False
HB-002044,Casa de Barca,"ZIONUS INVESTMENT, SL",hotel,sin_estrellas,sin_indicio,No aplica,,Independiente,False,9.0,7.0,08010,la Dreta de l'Eixample,Eixample,Girona,4,41.39090744,2.17649293,icgc_verificada,0.694,96.02,81.37,1.18,cruce_inicial,coordenada,3.7,False
HB-002057,HCC Hotel Regente,HCC REGENTE S.L.,hotel,hotel_estrellas,sin_indicio,4 estrelles,4.0,HCC,True,143.0,78.0,08007,la Dreta de l'Eixample,Eixample,Catalunya,76,41.39223331674776,2.162192579213957,censo,0.873,,,1.148,,,,False
HB-002059,NH Collection Gran Hotel Calderón,NH HOTELES ESPAÑA S.A.  ( Hotel NH BARCELONA CENTRO ),hotel,hotel_estrellas,sin_indicio,5 estrelles,5.0,NH,True,503.0,255.0,08007,la Dreta de l'Eixample,Eixample,Catalunya,26,41.38936743631295,2.1661144753718227,censo,0.418,324.72,295.72,1.098,cruce_inicial,coordenada,4.5,False
HB-002097,HOSTAL FINA,RAMBLA ALTA SOCIEDAD LIMITADA,hotel,sin_estrellas,hostal,No aplica,,Independiente,False,27.0,19.0,08002,el Barri Gòtic,Ciutat Vella,de la Portaferrissa,11,41.38346329,2.17267617,icgc_verificada,0.452,,,1.18,,,,False
HB-002108,Alamar,,hotel,sin_estrellas,sin_indicio,No aplica,,Independiente,False,15.0,13.0,08002,el Barri Gòtic,Ciutat Vella,Comtessa de Sobradiel,1,41.38075666,2.17804835,icgc_verificada,0.966,,,1.18,,,,False
HB-002151,HOSTAL SANTA ANNA,"PEETERS 69, S.L.",hotel,sin_estrellas,hostal,No aplica,,Independiente,False,24.0,15.0,08002,el Barri Gòtic,Ciutat Vella,de Santa Anna,23,41.38542036,2.17156569,icgc_verificada,0.219,85.0,72.03,1.18,cruce_inicial,coordenada,3.3,False
HB-002161,Pensió Bertolin,,hotel,sin_estrellas,pension,No aplica,,Independiente,False,10.0,5.0,08001,el Raval,Ciutat Vella,del Carme,116,41.37976358,2.16625073,icgc_verificada,0.863,,,1.18,,,,False
HB-002211,Hosteria Grau,,hotel,sin_estrellas,sin_indicio,No aplica,,Independiente,False,35.0,18.0,08001,el Raval,Ciutat Vella,Ramelleres,27,41.38473225,2.16814766,icgc_verificada,0.296,173.61,147.13,1.18,rescate,,,False
HB-002223,Triunfo,"OBA, S.L.",hotel,hotel_estrellas,sin_indicio,1 estrella,1.0,Independiente,False,28.0,16.0,08003,"Sant Pere, Santa Caterina i la Ribera",Ciutat Vella,Picasso,22,41.38709330231145,2.183497724731481,censo,1.126,,,1.18,,,,False
HB-002253,Aneto,Cb Ramos Castillo,hotel,hotel_estrellas,sin_indicio,1 estrella,1.0,Independiente,False,28.0,16.0,08001,el Raval,Ciutat Vella,Carme,38,41.38208176030717,2.169791173399842,censo,0.547,,,1.18,,,,False
HB-002279,Oasis,HOSTELERIA GARM SL,hotel,hotel_estrellas,hostal,2 estrelles,2.0,Independiente,False,141.0,94.0,08003,"Sant Pere, Santa Caterina i la Ribera",Ciutat Vella,Pla del Palau,17,41.38275271715371,2.184714161998721,censo,1.315,140.43,119.01,1.18,cruce_inicial,nombre_cerca,4.1,False
HB-002282,La Calma,"BESTLOCATIONBARCELONA, SL",hotel,sin_estrellas,sin_indicio,No aplica,,Independiente,False,14.0,8.0,08002,el Barri Gòtic,Ciutat Vella,Lleona,8,41.38096628,2.17608165,icgc_verificada,0.841,,,1.18,,,,False
HB-002357,Hostal Lesseps,,hotel,sin_estrellas,hostal,No aplica,,Independiente,False,25.0,15.0,08012,la Vila de Gràcia,Gràcia,Gran de Gràcia,239,41.40537782,2.15067405,icgc_verificada,2.603,113.17,95.91,1.18,cruce_inicial,coordenada,4.0,False
HB-002395,Ginebra,"THE HAPPY TOURIST, SL",hotel,hotel_estrellas,sin_indicio,1 estrella,1.0,Independiente,False,19.0,10.0,08007,la Dreta de l'Eixample,Eixample,Catalunya,1,41.38754669720353,2.1680584693791247,censo,0.173,,,1.18,,,,False
HB-002406,Nitzs BCN,"DORMDENIT, SL",hotel,sin_estrellas,sin_indicio,No aplica,,Independiente,False,17.0,12.0,08002,el Barri Gòtic,Ciutat Vella,Calella,1,41.38148514,2.17856331,icgc_verificada,0.942,107.95,91.48,1.18,cruce_inicial,coordenada,3.9,False
HB-002460,Wilson Boutique,"PROMOCIONES TURISTICAS HOTELERAS, SA",hotel,hotel_estrellas,sin_indicio,4 estrelles,4.0,Independiente,False,95.0,52.0,08021,Sant Gervasi - Galvany,Sarrià-Sant Gervasi,Diagonal,568,41.39439716906904,2.150024939104464,censo,1.858,199.5,173.83,1.148,cruce_inicial,coordenada,4.4,False
HB-002491,Hostal Sans,CAREPO SA,hotel,sin_estrellas,hostal,No aplica,,Independiente,False,144.0,85.0,08014,Sants,Sants-Montjuïc,Antoni de Capmany,82,41.37503135,2.13542446,icgc_verificada,3.177,99.98,84.73,1.18,cruce_inicial,coordenada,3.9,False
HB-002532,Turín,CIVE EXPLOTACION HOTELERA,hotel,hotel_estrellas,sin_indicio,3 estrelles,3.0,Independiente,False,100.0,60.0,08001,el Raval,Ciutat Vella,Pintor Fortuny,9,41.38310112516655,2.170178687546506,censo,0.434,256.5,223.22,1.149,cruce_inicial,nombre_exacto,8.6,False
HB-002600,Lleida,"ROBLASMAR JEP, SL",hotel,sin_estrellas,sin_indicio,No aplica,,Independiente,False,16.0,14.0,08036,l'Antiga Esquerra de l'Eixample,Eixample,Còrsega,201,41.39054569,2.1512164,icgc_verificada,1.616,,,1.18,,,,False
HB-002606,Balmoral,"ESVO, SA",hotel,hotel_estrellas,sin_indicio,4 estrelles,4.0,Independiente,False,196.0,103.0,08006,Sant Gervasi - Galvany,Sarrià-Sant Gervasi,Augusta,5,41.396207183479504,2.155190161506966,censo,1.605,,,1.148,,,,False
HB-002608,Alberdi,,hotel,sin_estrellas,sin_indicio,No aplica,,Independiente,False,16.0,14.0,08012,la Vila de Gràcia,Gràcia,Torrent de l' Olla,95,41.40189969,2.15735782,icgc_verificada,1.964,,,1.18,,,,False
HB-002619,Lausanne,,hotel,sin_estrellas,sin_indicio,No aplica,,Independiente,False,24.0,17.0,08002,el Barri Gòtic,Ciutat Vella,Portal de l'Àngel,24,41.3859101,2.17286707,icgc_verificada,0.268,106.13,89.94,1.18,cruce_inicial,coordenada,3.5,False
HB-002644,Marina Folch,Marina Folch S.L,hotel,hotel_estrellas,sin_indicio,1 estrella,1.0,Independiente,False,19.0,10.0,08003,la Barceloneta,Ciutat Vella,Mar,16,41.380819068069954,2.1874895443653903,censo,1.613,,,1.18,,,,False
HB-002662,Hostal La Terrassa,"S3G 111, SA",hotel,sin_estrellas,hostal,No aplica,,Independiente,False,64.0,42.0,08001,el Raval,Ciutat Vella,Junta del Comerç,11,41.37999769,2.17139567,icgc_verificada,0.787,113.63,96.3,1.18,cruce_inicial,coordenada,4.3,False
HB-002694,Hostal Cèntric,"CASANOVA 13, S.L.",hotel,sin_estrellas,hostal,No aplica,,Independiente,False,52.0,24.0,08011,Sant Antoni,Eixample,Casanova,13,41.38245621,2.16249035,icgc_verificada,0.805,199.0,168.64,1.18,cruce_inicial,coordenada,4.6,False
HB-002714,Hamsa House Hotel,"ROYAL PLAZA BARCELONA, S.L.",hotel,sin_estrellas,sin_indicio,No aplica,,Independiente,False,39.0,29.0,08002,el Barri Gòtic,Ciutat Vella,Nou de Zurbano,4,41.37951203,2.17556505,icgc_verificada,0.953,269.51,228.4,1.18,cruce_inicial,coordenada,4.5,False
HB-002721,Hostal Hill,"CIENTO UN AÑOS CAMPANY, SL",hotel,sin_estrellas,hostal,No aplica,,Independiente,False,12.0,8.0,08037,la Dreta de l'Eixample,Eixample,Provença,323,41.39903231,2.16700076,icgc_verificada,1.361,,,1.18,,,,False
HB-002726,Del Mar,CERTU SA,hotel,hotel_estrellas,sin_indicio,3 estrelles,3.0,Independiente,False,142.0,72.0,08003,"Sant Pere, Santa Caterina i la Ribera",Ciutat Vella,Pla de Palau,19,41.38209877451946,2.184042806145207,censo,1.292,142.85,124.31,1.149,cruce_inicial,coordenada,4.2,False
HB-002733,U232,"Josel, SLU",hotel,hotel_estrellas,sin_indicio,4 estrelles,4.0,Independiente,False,186.0,102.0,08036,l'Antiga Esquerra de l'Eixample,Eixample,Comte Urgell,232,41.38955263201844,2.1490560076474603,censo,1.77,155.43,135.43,1.148,cruce_inicial,coordenada,4.4,False
HB-002741,Teruel,,hotel,sin_estrellas,sin_indicio,No aplica,,Independiente,False,13.0,8.0,08001,el Raval,Ciutat Vella,Bonsuccés,6,41.38382674,2.16963089,icgc_verificada,0.354,81.82,69.34,1.18,cruce_inicial,coordenada,2.6,False
HB-002775,Hostal Barcelona,"HITA NAVAL, SCP",hotel,sin_estrellas,hostal,No aplica,,Independiente,False,72.0,58.0,08004,el Poble Sec,Sants-Montjuïc,Roser,40,41.37290068,2.16628973,icgc_verificada,1.598,92.89,78.72,1.18,cruce_inicial,coordenada,3.4,False
HB-002794,Derby,"ESCATRI, S.A",hotel,hotel_estrellas,sin_indicio,4 estrelles,4.0,Derby,True,212.0,117.0,08029,les Corts,Les Corts,Loreto,21,41.38980186410714,2.141985641711951,censo,2.358,162.15,141.29,1.148,cruce_inicial,coordenada,4.0,False
HB-002816,Cantón,"HOTEL CANTON,S.L.",hotel,hotel_estrellas,sin_indicio,1 estrella,1.0,Independiente,False,80.0,47.0,08002,el Barri Gòtic,Ciutat Vella,Nou de Sant Francesc,40,41.3785383572826,2.1780663307951977,censo,1.157,110.45,93.6,1.18,cruce_inicial,coordenada,4.2,False
HB-002835,Laforja,,hotel,sin_estrellas,sin_indicio,No aplica,,Independiente,False,7.0,4.0,08021,Sant Gervasi - Galvany,Sarrià-Sant Gervasi,Laforja,63,41.39707911,2.14652315,icgc_verificada,2.256,,,1.18,,,,False
HB-002836,Renaissance,"QFI DIPLOMATIC SPAIN, S.L.U.",hotel,hotel_estrellas,sin_indicio,5 estrelles,5.0,Independiente,False,422.0,211.0,08009,la Dreta de l'Eixample,Eixample,Pau Claris,122,41.39278915746396,2.167276383207326,censo,0.683,369.49,336.49,1.098,cruce_inicial,coordenada,4.3,False
HB-002851,RIO DE CASTRO,,hotel,sin_estrellas,sin_indicio,No aplica,,Independiente,False,15.0,12.0,08004,el Poble Sec,Sants-Montjuïc,del Paral·lel,119,41.37480558,2.16072275,icgc_verificada,1.561,,,1.18,,,,False
HB-002875,Aris,,hotel,sin_estrellas,sin_indicio,No aplica,,Independiente,False,11.0,6.0,08010,el Barri Gòtic,Ciutat Vella,Fontanella,14,41.38792459,2.1724482,icgc_verificada,0.229,,,1.18,,,,False
HB-002895,Elkano,,hotel,sin_estrellas,sin_indicio,No aplica,,Independiente,False,24.0,14.0,08004,el Poble Sec,Sants-Montjuïc,Elkano,78,41.37409817,2.16021961,icgc_verificada,1.65,121.0,102.54,1.18,cruce_inicial,booking_playwright,7.6,False
HB-002907,Hostal Conde Guell,HOTELES BESTPRICE SA,hotel,sin_estrellas,hostal,No aplica,,Independiente,False,30.0,18.0,08028,la Maternitat i Sant Ramon,Les Corts,Comte de Güell,32,41.37742895,2.12266419,icgc_verificada,4.09,,,1.18,,,,False
HB-002912,Ramblas Barcelona,"RAMBLAS PILAR HOTELES, S.L.",hotel,hotel_estrellas,sin_indicio,3 estrelles,3.0,Independiente,False,159.0,88.0,08002,el Raval,Ciutat Vella,Rambla,33,41.379049614922494,2.174891612512325,censo,0.974,153.28,133.39,1.149,cruce_inicial,coordenada,3.5,False
HB-002927,HOTEL BRICK (antigo Hotel Climent),VITA PROJECTS SL,hotel,hotel_estrellas,sin_indicio,1 estrella,1.0,Independiente,False,56.0,35.0,08004,la Font de la Guatlla,Sants-Montjuïc,de les Corts Catalanes,304,41.37246036,2.14621603,icgc_verificada,2.56,128.54,108.93,1.18,rescate,,,False
HB-002935,Hostal Ballestero,HOSTAL BALLESTERO,hotel,sin_estrellas,hostal,No aplica,,Independiente,False,34.0,26.0,08016,Porta,Nou Barris,Manuel Sancho,2,41.43039981,2.18182606,icgc_verificada,4.926,,,1.18,,,,False
HB-002961,Mozart,,hotel,sin_estrellas,sin_indicio,No aplica,,Independiente,False,19.0,15.0,08012,la Vila de Gràcia,Gràcia,Mozart,15,41.39931984,2.15823272,icgc_verificada,1.685,201.38,170.66,1.18,cruce_inicial,nombre_cerca,4.4211454,False
HB-003049,Hostal Ramos,,hotel,sin_estrellas,hostal,No aplica,,Independiente,False,43.0,29.0,08001,el Raval,Ciutat Vella,Hospital,36,41.38089431,2.17160827,icgc_verificada,0.692,127.82,108.32,1.18,cruce_inicial,coordenada,4.0,False
HB-003078,Peiró,,hotel,sin_estrellas,sin_indicio,No aplica,,Independiente,False,19.0,16.0,08004,el Poble Sec,Sants-Montjuïc,Lafont,1-3,41.37380146,2.16942541,icgc_verificada,1.468,,,1.18,,,,False
HB-003116,Casablanca,"PENSION CASABLANCA, CB",hotel,sin_estrellas,pension,No aplica,,Independiente,False,14.0,8.0,08003,el Barri Gòtic,Ciutat Vella,Laietana,23,41.38376272,2.17881444,icgc_verificada,0.819,136.36,115.56,1.18,cruce_inicial,coordenada,4.3,False
HB-003147,Brustar Gòtic,"BRUSTARR ENSUITE LODGING, S.L.",hotel,sin_estrellas,sin_indicio,No aplica,,Independiente,False,9.0,5.0,08010,la Dreta de l'Eixample,Eixample,Sant Pere,53,41.39151227,2.17914274,icgc_verificada,0.913,,,1.18,,,,False
HB-003154,Peninsular,"HERR-CAT, SA",hotel,hotel_estrellas,sin_indicio,1 estrella,1.0,Independiente,False,100.0,59.0,08001,el Raval,Ciutat Vella,Sant Pau,34,41.37962578754925,2.1725113181323525,censo,0.846,105.57,89.47,1.18,cruce_inicial,coordenada,3.3,False
HB-003249,Europark,"EUROPARK, SL",hotel,hotel_estrellas,sin_indicio,3 estrelles,3.0,Independiente,False,197.0,105.0,08009,la Dreta de l'Eixample,Eixample,Aragó 323-325,323,41.39633228550639,2.170125055518385,censo,1.038,187.5,163.17,1.149,cruce_inicial,coordenada,4.6,False
HB-003250,Mari Luz Eva,"PEIRO HOTELS, S.L. - C.UNIO, 20 - BARCELONA",hotel,sin_estrellas,sin_indicio,No aplica,,Independiente,False,18.0,13.0,08002,el Barri Gòtic,Ciutat Vella,Palau,4,41.38121646,2.17790151,icgc_verificada,0.921,,,1.18,,,,False
HB-003252,Paseo de Gracia,,hotel,hotel_estrellas,sin_indicio,1 estrella,1.0,Independiente,False,62.0,33.0,08008,la Dreta de l'Eixample,Eixample,Gràcia,102,41.39575189818473,2.1610230318551493,censo,1.228,,,1.18,,,,False
HB-003272,ARENAS ATIRAM HOTEL,LIHSA HOTELES SA,hotel,hotel_estrellas,sin_indicio,4 estrelles,4.0,Atiram,True,110.0,59.0,08034,Pedralbes,Les Corts,del Capità Arenas,20,41.390447951286205,2.1262550338590867,censo,3.669,176.1,153.44,1.148,cruce_inicial,coordenada,4.0,False
HB-003292,Hostal Drassanes,,hotel,sin_estrellas,hostal,No aplica,,Independiente,False,20.0,13.0,08002,el Barri Gòtic,Ciutat Vella,Ample,7,41.37898963,2.17891049,icgc_verificada,1.16,,,1.18,,,,False
HB-003296,Bonanova Park,HOTEL BONANOVA PARK,hotel,hotel_estrellas,sin_indicio,2 estrelles,2.0,Independiente,False,102.0,60.0,08034,Sarrià,Sarrià-Sant Gervasi,Capità Arenas,51,41.39310055264144,2.124796434706897,censo,3.831,136.03,115.28,1.18,cruce_inicial,coordenada,3.8,False
HB-003336,Hostal River,,hotel,sin_estrellas,hostal,No aplica,,Independiente,False,35.0,24.0,08001,el Raval,Ciutat Vella,Sant Pau,15,41.37963379,2.17261791,icgc_verificada,0.848,,,1.18,,,,False
HB-003342,Mercure Barcelona Condor,GESCONDOR 2015 SL,hotel,hotel_estrellas,sin_indicio,4 estrelles,4.0,Ibis / Accor,True,169.0,78.0,08006,Sant Gervasi - Galvany,Sarrià-Sant Gervasi,AUGUSTA,127,41.400007976119575,2.145241473761365,censo,2.521,,,1.148,,,,False
HB-003356,Sant Antoni Hostal - Sustainable tourism,tourism click online slu,hotel,sin_estrellas,hostal,No aplica,,Independiente,False,16.0,10.0,08011,Sant Antoni,Eixample,de Villarroel,47,41.38246492,2.16021696,icgc_verificada,0.959,105.53,89.43,1.18,rescate,,,False
HB-003364,AC Victoria Suites,INMOBILIARIA Y PROYECTOS SL,hotel,hotel_estrellas,apartamentos,4 estrelles,4.0,Independiente,False,122.0,58.0,08034,Pedralbes,Les Corts,Beltrán i Rózpide,7-9,41.38920413619536,2.121442473186611,censo,4.058,368.58,321.16,1.148,cruce_inicial,coordenada,4.4,False
HB-003376,Portbou,,hotel,sin_estrellas,sin_indicio,No aplica,,Independiente,False,9.0,6.0,08003,"Sant Pere, Santa Caterina i la Ribera",Ciutat Vella,Comerç,29,41.38489519,2.18444724,icgc_verificada,1.228,,,1.18,,,,False
HB-003411,Alba,"AFLOTE DE ROFLES, SA",hotel,hotel_estrellas,sin_indicio,3 estrelles,3.0,Independiente,False,20.0,14.0,08001,el Raval,Ciutat Vella,Hospital,83,41.38031962918608,2.1700623712630063,censo,0.743,136.0,118.35,1.149,cruce_inicial,coordenada,3.2,False
HB-003443,Coronado,,hotel,hotel_estrellas,sin_indicio,1 estrella,1.0,Independiente,False,60.0,30.0,08004,el Poble Sec,Sants-Montjuïc,Nou de la Rambla,134,41.37338347558224,2.1682419408357427,censo,1.521,,,1.18,,,,False
HB-003451,Hostal Barcelona Rambla,,hotel,sin_estrellas,hostal,No aplica,,Independiente,False,42.0,29.0,08001,el Raval,Ciutat Vella,Nou de la Rambla,50,41.37749523,2.17252112,icgc_verificada,1.078,,,1.18,,,,False
HB-003463,Melià Barcelona,MELIA HOTELS INTERNACIONAL SA,hotel,hotel_estrellas,sin_indicio,5 estrelles,5.0,Melia,True,642.0,333.0,08029,les Corts,Les Corts,Sarrià,50,41.391069780547305,2.1420082494613,censo,2.379,310.25,282.54,1.098,cruce_inicial,coordenada,4.2,False
HB-003487,HOTEL SOFIA,"HOTEL SOFIA BARCELONA OPCO, S.L",hotel,hotel_estrellas,sin_indicio,Gran luxe,5.0,Independiente,False,869.0,466.0,08034,la Maternitat i Sant Ramon,Les Corts,de Pius XII,4,41.38655957403626,2.123127261001395,censo,3.911,,,1.098,,,,False
HB-003542,NH Sants Barcelona,NH HOTELES ESPAÑA S.A.  ( Hotel NH BARCELONA CENTRO ),hotel,hotel_estrellas,sin_indicio,4 estrelles,4.0,NH,True,347.0,203.0,08029,les Corts,Les Corts,Numància,72-74,41.384607363201255,2.13783478351816,censo,2.697,161.38,140.62,1.148,cruce_inicial,coordenada,4.3,False
HB-003566,Nou Raval,,hotel,sin_estrellas,sin_indicio,No aplica,,Independiente,False,30.0,21.0,08001,el Raval,Ciutat Vella,Hospital,107,41.37990177,2.16870122,icgc_verificada,0.797,,,1.18,,,,False
HB-003580,MOXY BARCELONA,"EXPLOTACION HOTELERA EXPO, S.L.",hotel,hotel_estrellas,sin_indicio,4 estrelles,4.0,Marriott,True,804.0,414.0,08014,Hostafrancs,Sants-Montjuïc,MALLORCA,1-23,41.379211046363714,2.142944885907326,censo,2.418,174.49,152.04,1.148,cruce_inicial,coordenada,4.1,False
HB-003643,Alguer Nou,HotelAlguer Campnou S.L.U,hotel,hotel_estrellas,sin_indicio,2 estrelles,2.0,Independiente,False,59.0,33.0,08028,la Maternitat i Sant Ramon,Les Corts,Pere Rodríguez,20,41.37706938368696,2.117890985340077,censo,4.486,108.73,92.14,1.18,cruce_inicial,coordenada,4.1,False
HB-003657,Som Nit Triomf,CHECK-IN BORN SL,hotel,sin_estrellas,sin_indicio,No aplica,,Independiente,False,19.0,11.0,08010,la Dreta de l'Eixample,Eixample,Trafalgar,39,41.39002266,2.17710554,icgc_verificada,0.681,,,1.18,,,,True
HB-003662,Miami,"HOTELES MIAMI, SL",hotel,sin_estrellas,sin_indicio,No aplica,,Independiente,False,59.0,38.0,08001,el Raval,Ciutat Vella,Verge,16,41.38374571,2.16473734,icgc_verificada,0.569,,,1.18,,,,False
HB-003666,NH Les Corts,NH HOTELES ESPAÑA S.A.  ( Hotel NH BARCELONA CENTRO ),hotel,hotel_estrellas,sin_indicio,3 estrelles,3.0,NH,True,155.0,81.0,08029,les Corts,Les Corts,Corts,292,41.38753095003239,2.136508176520952,censo,2.795,138.83,120.82,1.149,cruce_inicial,coordenada,4.1,False
HB-003669,Hostal Baires,"ALOJAMIENTO EN BARCELONA BAIRES, SL",hotel,sin_estrellas,hostal,No aplica,,Independiente,False,26.0,17.0,08002,el Barri Gòtic,Ciutat Vella,Avinyó,37,41.38031411,2.17915522,icgc_verificada,1.066,,,1.18,,,,False
HB-003673,Bèjar,,hotel,sin_estrellas,sin_indicio,No aplica,,Independiente,False,10.0,7.0,08014,Hostafrancs,Sants-Montjuïc,Béjar,36-38,41.37705203,2.14556239,icgc_verificada,2.32,,,1.18,,,,False
HB-003687,Eurostars Mitre,"QUIMERAL HOTELES, SL",hotel,hotel_estrellas,sin_indicio,3 estrelles,3.0,Eurostars,True,105.0,57.0,08023,el Putxet i el Farró,Sarrià-Sant Gervasi,Bertran,9-15,41.4050416681033,2.1406069958015874,censo,3.168,149.1,129.75,1.149,cruce_inicial,coordenada,4.0,False
HB-003693,San Ramón,,hotel,sin_estrellas,sin_indicio,No aplica,,Independiente,False,50.0,30.0,08001,el Raval,Ciutat Vella,Sant Ramon,15,41.37782083,2.1718912,icgc_verificada,1.033,92.44,78.34,1.18,rescate,,,False
HB-003712,Augusta,"AJHORY PARA TURISMO E INVERSIONES, SA",hotel,hotel_estrellas,sin_indicio,3 estrelles,3.0,Independiente,False,90.0,30.0,08006,el Putxet i el Farró,Sarrià-Sant Gervasi,Lincoln,32-34,41.40159331152714,2.148305485811022,censo,2.431,,,1.149,,,,False
HB-003726,Romay,,hotel,sin_estrellas,sin_indicio,No aplica,,Independiente,False,15.0,9.0,08002,el Barri Gòtic,Ciutat Vella,Avinyó,58,41.38019022,2.17929159,icgc_verificada,1.084,,,1.18,,,,False
HB-003728,HOTEL CASA TEVA,SALOMON 1965 HOSPITALITY HOLDING S.L.,hotel,hotel_estrellas,sin_indicio,1 estrella,1.0,Independiente,False,86.0,54.0,08001,el Raval,Ciutat Vella,del Marquès de Barberà,22,41.37781081503087,2.1715572901434474,censo,1.03,182.04,154.27,1.18,cruce_inicial,coordenada,4.6,False
HB-003748,Canadiense,,hotel,sin_estrellas,sin_indicio,No aplica,,Independiente,False,15.0,8.0,08002,el Barri Gòtic,Ciutat Vella,Sant Miquel,1,41.38140374,2.17652833,icgc_verificada,0.827,,,1.18,,,,False
HB-003751,Gran Derby,"UNION BATRIO, SA",hotel,hotel_estrellas,sin_indicio,4 estrelles,4.0,Derby,True,86.0,43.0,08029,les Corts,Les Corts,Loreto,28,41.39004905469853,2.1422574919190187,censo,2.339,179.8,156.67,1.148,cruce_inicial,coordenada,4.4,False
HB-003754,Catalonia Mikado,"MIKADO, SA",hotel,hotel_estrellas,sin_indicio,3 estrelles,3.0,Catalonia,True,134.0,68.0,08017,Sant Gervasi - la Bonanova,Sarrià-Sant Gervasi,Bonanova,58,41.40324278618563,2.127127436069705,censo,4.006,118.17,102.84,1.149,cruce_inicial,coordenada,4.1,False
HB-003757,Catalonia Park Putxet,PROMOTORA PUTXET S.L.,hotel,hotel_estrellas,sin_indicio,4 estrelles,4.0,Catalonia,True,288.0,152.0,08023,el Putxet i el Farró,Sarrià-Sant Gervasi,Putxet,68-74,41.40736633947064,2.144194750525623,censo,3.124,126.02,109.81,1.148,cruce_inicial,coordenada,3.8,False
HB-003766,Madrazo,,hotel,sin_estrellas,sin_indicio,No aplica,,Independiente,False,15.0,8.0,08021,Sant Gervasi - Galvany,Sarrià-Sant Gervasi,Madrazo,103,41.3982616,2.14654964,icgc_verificada,2.323,,,1.18,,,,False
HB-003777,Limehome,LIMEHOME SPAIN S.L.U.,hotel,hotel_estrellas,sin_indicio,3 estrelles,3.0,Independiente,False,53.0,30.0,08034,Sarrià,Sarrià-Sant Gervasi,de Fontcoberta,4,41.39477739,2.12451106,icgc_verificada,3.892,130.54,113.6,1.149,cruce_inicial,nombre_cerca,3.8,False
HB-003781,Barcelona Gotic,"HOSTAL AVINYÓ, SL",hotel,sin_estrellas,hostal,No aplica,,Independiente,False,48.0,28.0,08002,el Barri Gòtic,Ciutat Vella,Avinyó,42,41.38049051,2.17834896,icgc_verificada,1.005,,,1.18,,,,False
HB-003785,Catalonia Castellnou,FREMAN S.L.,hotel,hotel_estrellas,sin_indicio,3 estrelles,3.0,Catalonia,True,59.0,49.0,08017,les Tres Torres,Sarrià-Sant Gervasi,Castellnou,61,41.39649229975706,2.1286346704476555,censo,3.608,112.69,98.07,1.149,cruce_inicial,coordenada,4.4,False
HB-003790,Catalonia Park Güell,"VACOR, SA",hotel,hotel_estrellas,sin_indicio,3 estrelles,3.0,Catalonia,True,254.0,141.0,08023,el Coll,Gràcia,Mare de Déu del Coll,10,41.41436217194459,2.1448197221746903,censo,3.697,105.68,91.97,1.149,cruce_inicial,coordenada,4.0,False
HB-003791,Catalonia Sagrada Família,"MACANA, S.A.",hotel,hotel_estrellas,sin_indicio,3 estrelles,3.0,Catalonia,True,337.0,205.0,08026,el Camp de l'Arpa del Clot,Sant Martí,"Aragó, 569 bis-579",569 Bis,41.40753200245415,2.184991910728208,censo,2.603,156.12,135.86,1.149,cruce_inicial,coordenada,4.0,False
HB-003795,Catalonia Barcelona 505,DUQUES DE BERGARA S.L.U,hotel,hotel_estrellas,sin_indicio,4 estrelles,4.0,Catalonia,True,192.0,115.0,08022,Sant Gervasi - la Bonanova,Sarrià-Sant Gervasi,Muntaner,505,41.4032807207347,2.1372619507525354,censo,3.276,155.97,135.9,1.148,cruce_inicial,coordenada,4.1,False
HB-003797,MONUMENT HOTEL,"HOTEL MONUMENT BARCELONA 2015, SL",hotel,hotel_estrellas,sin_indicio,Gran luxe,5.0,Independiente,False,210.0,109.0,08008,la Dreta de l'Eixample,Eixample,DE GRACIA,75,41.39394824496016,2.162231908951848,censo,1.008,526.5,479.48,1.098,cruce_inicial,coordenada,4.6,False
HB-003800,Barcelona City Seven,,hotel,sin_estrellas,sin_indicio,No aplica,,Independiente,False,13.0,7.0,08006,Sant Gervasi - Galvany,Sarrià-Sant Gervasi,Aribau,233-235,41.39750708,2.14753688,icgc_verificada,2.208,,,1.18,,,,False
HB-003804,Bertran,"PROMOTORA BER, S.A.",hotel,hotel_estrellas,sin_indicio,3 estrelles,3.0,Independiente,False,60.0,30.0,08023,el Putxet i el Farró,Sarrià-Sant Gervasi,Bertran,150,41.41040800386629,2.139743831333812,censo,3.625,133.69,116.34,1.149,cruce_inicial,coordenada,4.2,False
HB-003805,HOTEL REKORD,"PROXIDA, S.L.",hotel,hotel_estrellas,sin_indicio,4 estrelles,4.0,Independiente,False,26.0,13.0,08021,Sant Gervasi - Galvany,Sarrià-Sant Gervasi,MUNTANER,352,41.39856837231797,2.143845119021243,censo,2.533,166.91,145.43,1.148,cruce_inicial,nombre_cerca,4.2,False
HB-003809,Catalonia Atenas,DOSKASDE SA,hotel,hotel_estrellas,sin_indicio,4 estrelles,4.0,Catalonia,True,356.0,201.0,08026,el Camp de l'Arpa del Clot,Sant Martí,Meridiana,151,41.41099626821288,2.186579658593092,censo,3.005,144.74,126.12,1.148,cruce_inicial,coordenada,4.1,False
HB-003821,HG CITY SUITES BARCELONA,HG CITY SUITES SL,hotel,hotel_estrellas,apartamentos,4 estrelles,4.0,Independiente,False,116.0,58.0,08006,Sant Gervasi - Galvany,Sarrià-Sant Gervasi,Augusta,89,41.400865323262096,2.150030176756053,censo,2.27,151.06,131.62,1.148,cruce_inicial,coordenada,4.6,False
HB-003827,ELLA HOSTEL RAMBLAS,"WELCOME COMART, SL",hotel,sin_estrellas,hostal,No aplica,,Independiente,False,11.0,6.0,08001,el Raval,Ciutat Vella,dels Tallers,6,41.38475182,2.16976504,icgc_verificada,0.251,188.41,159.67,1.18,cruce_inicial,coordenada,3.9,False
HB-003839,Trànsit,HOSTELERIA GARM SL,hotel,hotel_estrellas,hostal,1 estrella,1.0,Independiente,False,40.0,33.0,08014,Hostafrancs,Sants-Montjuïc,Rector Triadó,82,41.37819148848145,2.143058820712392,censo,2.452,199.5,169.07,1.18,cruce_inicial,nombre_exacto,8.5,False
HB-003841,Radio,"PENSION RADIO, SCP",hotel,sin_estrellas,pension,No aplica,,Independiente,False,72.0,36.0,08001,el Raval,Ciutat Vella,Sant Vicenç,39,41.38221885,2.16414698,icgc_verificada,0.722,,,1.18,,,,False
HB-003846,Catalonia Plaça Catalunya,DUQUES DE BERGARA S.L.U,hotel,hotel_estrellas,sin_indicio,4 estrelles,4.0,Catalonia,True,257.0,147.0,08002,la Dreta de l'Eixample,Eixample,Bergara,11,41.38640360214881,2.16844362950778,censo,0.146,,,1.148,,,,False
HB-003847,Pelayo,,hotel,hotel_estrellas,sin_indicio,1 estrella,1.0,Independiente,False,22.0,14.0,08001,la Dreta de l'Eixample,Eixample,Pelai,9,41.38588533316105,2.166547614101155,censo,0.314,,,1.18,,,,False
HB-003850,Regàs,"PENRAM, S.A.",hotel,sin_estrellas,sin_indicio,No aplica,,Independiente,False,74.0,37.0,08006,Sant Gervasi - Galvany,Sarrià-Sant Gervasi,Regàs,10-12,41.39872522496308,2.152118433620536,censo,1.981,114.96,97.42,1.18,cruce_inicial,coordenada,4.1,False
HB-003851,"ALEXANDRA BARCELONA HOTEL, CURIO COLLECTION BY HILTON","A.HOTELS, S.A.",hotel,hotel_estrellas,sin_indicio,4 estrelles superior,4.5,Hilton,True,226.0,116.0,08008,la Dreta de l'Eixample,Eixample,Mallorca,251,41.393227459906655,2.161545197119747,censo,0.988,277.0,241.36,1.148,cruce_inicial,coordenada,4.3,False
HB-003859,Best Western Alfa Aeropuerto,"HOTEL ALFA,S.A.",hotel,hotel_estrellas,sin_indicio,4 estrelles,4.0,Independiente,False,190.0,99.0,08040,la Marina del Prat Vermell,Sants-Montjuïc,Franca-carrer K,s/n,41.32850372104673,2.11312573190792,censo,8.052,,,1.148,,,,False
HB-003860,NH Eixample,NH HOTELES ESPAÑA S.A.  ( Hotel NH BARCELONA CENTRO ),hotel,hotel_estrellas,sin_indicio,3 estrelles,3.0,NH,True,149.0,81.0,08011,l'Antiga Esquerra de l'Eixample,Eixample,València,105-107,41.38603037541219,2.15424614438744,censo,1.319,171.14,148.93,1.149,cruce_inicial,coordenada,4.1,False
HB-003863,Aparthotel Bonanova,BONANOVA APARTHOTEL S.L.,hotel,hotel_estrellas,apartamentos,3 estrelles,3.0,Independiente,False,42.0,21.0,08022,Sant Gervasi - la Bonanova,Sarrià-Sant Gervasi,Bisbe Sivilla,7,41.40550702323458,2.136125269204444,censo,3.496,142.83,124.3,1.149,cruce_inicial,coordenada,4.3,False
HB-003865,Gravina,"S'ARENAL BLAU, SL",hotel,hotel_estrellas,sin_indicio,3 estrelles,3.0,Independiente,False,142.0,84.0,08001,el Raval,Ciutat Vella,Gravina,12,41.385448994083006,2.1658289689529493,censo,0.388,144.04,125.35,1.149,cruce_inicial,coordenada,4.1,False
HB-003871,Alogar,"ALOGAR GESTION RESIDENCIAL, SL",hotel,sin_estrellas,residencia,No aplica,,Independiente,False,11.0,6.0,08021,Sant Gervasi - Galvany,Sarrià-Sant Gervasi,Laforja,98-100,41.39650194,2.14528281,icgc_verificada,2.317,,,1.18,,,,False
HB-003872,Bèjar 2,,hotel,sin_estrellas,sin_indicio,No aplica,,Independiente,False,15.0,11.0,08014,Hostafrancs,Sants-Montjuïc,Bèjar,37,41.37701811,2.14541505,icgc_verificada,2.332,,,1.18,,,,False
HB-003873,Catalonia Roma,DUQUES DE BERGARA S.L.U,hotel,hotel_estrellas,sin_indicio,3 estrelles,3.0,Catalonia,True,80.0,49.0,08029,la Nova Esquerra de l'Eixample,Eixample,Roma,31,41.38190904234011,2.1458681566479894,censo,2.091,152.94,133.09,1.149,cruce_inicial,coordenada,4.2,False
HB-003875,LA FRANÇA TRAVELLERS,"FRABORI, S.A.",hotel,hotel_estrellas,sin_indicio,2 estrelles,2.0,Independiente,False,148.0,74.0,08004,el Poble Sec,Sants-Montjuïc,de la França Xica,40,41.37222673,2.157411,icgc_verificada,1.95,,,1.18,,,,False
HB-003878,Rívoli Ramblas,"HOTEL RIVOLI DE BARCELONA, SA",hotel,hotel_estrellas,sin_indicio,4 estrelles,4.0,Independiente,False,241.0,125.0,08002,el Barri Gòtic,Ciutat Vella,Rambla,128,41.38428896561813,2.171160466628736,censo,0.317,184.42,160.69,1.148,rescate,,,False
HB-003882,Ronda House,"HOTELES RONDAS, S.L.",hotel,hotel_estrellas,sin_indicio,3 estrelles,3.0,Independiente,False,147.0,84.0,08001,el Raval,Ciutat Vella,Sant Erasme,19,41.38127287509119,2.1640546140368317,censo,0.807,186.89,162.64,1.149,cruce_inicial,coordenada,4.1,False
HB-003885,Arc La Rambla,DEVELCON TRES S.L.,hotel,hotel_estrellas,sin_indicio,3 estrelles,3.0,Independiente,False,172.0,98.0,08002,el Raval,Ciutat Vella,Rambla,19,41.37816786818198,2.17558533778509,censo,1.087,155.98,135.74,1.149,cruce_inicial,coordenada,4.4,False
HB-003888,Balmes,HOTEL BALMES S.A.,hotel,hotel_estrellas,sin_indicio,4 estrelles,4.0,Independiente,False,196.0,111.0,08008,l'Antiga Esquerra de l'Eixample,Eixample,"Mallorca, 216",216,41.391207128320815,2.15923500979415,censo,1.013,195.81,170.62,1.148,cruce_inicial,coordenada,4.3,False
HB-003889,Barcelona City Street,,hotel,sin_estrellas,sin_indicio,No aplica,,Independiente,False,11.0,6.0,08006,Sant Gervasi - Galvany,Sarrià-Sant Gervasi,Dènia,34,41.39901992,2.14818825,icgc_verificada,2.258,104.36,88.44,1.18,cruce_inicial,coordenada,3.5,False
HB-003891,HCC Hotel St. Moritz,"HCC ST.  MORITZ, S.L.",hotel,hotel_estrellas,sin_indicio,4 estrelles,4.0,HCC,True,169.0,91.0,08007,la Dreta de l'Eixample,Eixample,Diputació,262 Bis,41.39110759584428,2.1681671542016323,censo,0.482,,,1.148,,,,False
HB-003892,Hilton Barcelona,"HOTELERA DIAGONAL, S.L.",hotel,hotel_estrellas,sin_indicio,4 estrelles superior,4.5,Hilton,True,580.0,290.0,08014,les Corts,Les Corts,Diagonal,589-591,41.38889951928566,2.1313819383017742,censo,3.229,289.48,252.23,1.148,cruce_inicial,coordenada,4.3,False
HB-003893,Reding,HOTEL NOVA SA,hotel,hotel_estrellas,sin_indicio,3 estrelles,3.0,Independiente,False,86.0,44.0,08001,el Raval,Ciutat Vella,Gravina,5-7,41.38532836229915,2.1656693493158388,censo,0.406,175.0,152.29,1.149,cruce_inicial,nombre_cerca,4.2,False
HB-003894,La Paloma,"LOMASAN, S.A.",hotel,sin_estrellas,sin_indicio,No aplica,,Independiente,False,66.0,33.0,08001,el Raval,Ciutat Vella,Paloma,24-26,41.38197812,2.16420298,icgc_verificada,0.739,189.5,160.59,1.18,cruce_inicial,booking_playwright,9.0,False
HB-003896,Guitart Grand Passage,GUITART HOTELS SL,hotel,hotel_estrellas,sin_indicio,4 estrelles superior,4.5,Independiente,False,98.0,45.0,08036,l'Antiga Esquerra de l'Eixample,Eixample,Muntaner,212,41.393627560185095,2.150381312096251,censo,1.795,,,1.148,,,,False
HB-003901,Paral.lel,HOTEL PARAL.LEL SL,hotel,hotel_estrellas,sin_indicio,2 estrelles,2.0,Independiente,False,122.0,66.0,08004,el Poble Sec,Sants-Montjuïc,Poeta Cabanyes,5-7,41.37462023735875,2.165999997800113,censo,1.416,142.02,120.36,1.18,cruce_inicial,coordenada,4.4,False
HB-003906,HOTEL ALMIRANTE,"ANTURIA XXI, S.L.",hotel,hotel_estrellas,sin_indicio,4 estrelles,4.0,Independiente,False,151.0,86.0,08003,"Sant Pere, Santa Caterina i la Ribera",Ciutat Vella,Laietana,42,41.38610140293681,2.1761456151478527,censo,0.522,175.48,152.9,1.148,cruce_inicial,coordenada,3.6,False
HB-003914,Atlantis,"PELAYO 20, SA",hotel,hotel_estrellas,sin_indicio,3 estrelles,3.0,Independiente,False,96.0,50.0,08001,el Raval,Ciutat Vella,Pelai,20,41.385705692044745,2.1663391352924557,censo,0.338,,,1.149,,,,False
HB-003915,Hotel Catalonia Boulevard,GALLERY CENTER S.L.,hotel,hotel_estrellas,sin_indicio,4 estrelles superior,4.5,Catalonia,True,215.0,110.0,08008,la Dreta de l'Eixample,Eixample,del Rosselló,249,41.39493704320259,2.159305725824152,censo,1.255,215.19,187.5,1.148,cruce_inicial,coordenada,4.4,False
HB-003916,Gran Hotel Havana,RCM SAU,hotel,hotel_estrellas,sin_indicio,4 estrelles superior,4.5,Independiente,False,290.0,145.0,08010,la Dreta de l'Eixample,Eixample,de les Corts Catalanes,647,41.392732367978354,2.172213612138101,censo,0.664,,,1.148,,,,False
HB-003917,Médicis,"MEDI HOTEL, S.L.",hotel,hotel_estrellas,sin_indicio,2 estrelles,2.0,Independiente,False,51.0,29.0,08025,el Baix Guinardó,Horta-Guinardó,Castillejos,340,41.410641495579966,2.173117986404865,censo,2.642,,,1.18,,,,False
HB-003918,Catalonia Diagonal Centro,"PROMOTORA KASDE,S.A.",hotel,hotel_estrellas,sin_indicio,4 estrelles,4.0,Catalonia,True,162.0,84.0,08008,la Dreta de l'Eixample,Eixample,Balmes,142-146,41.39390024070434,2.156808319586479,censo,1.342,253.5,220.88,1.148,cruce_inicial,nombre_exacto,8.7,False
HB-003923,Abbot,INVERSIONES NARON 2003 SL,hotel,hotel_estrellas,sin_indicio,4 estrelles,4.0,Independiente,False,78.0,42.0,08029,la Nova Esquerra de l'Eixample,Eixample,Roma,23,41.38152977846601,2.145003783714932,censo,2.172,,,1.148,,,,False
HB-003924,Delfos,,hotel,sin_estrellas,sin_indicio,No aplica,,Independiente,False,19.0,12.0,08011,Sant Antoni,Eixample,Sant Antoni,61,41.38465103,2.16371175,icgc_verificada,0.586,,,1.18,,,,False
HB-003925,Barcelona City Hotel-Universal,"FRANQUESA MALAGUTI, SL",hotel,hotel_estrellas,sin_indicio,1 estrella,1.0,Independiente,False,28.0,18.0,08009,la Dreta de l'Eixample,Eixample,Aragó,281,41.39325283783173,2.166033539518021,censo,0.77,149.91,127.04,1.18,cruce_inicial,coordenada,3.4,False
HB-003933,Hotel Claris and Spa,"PROMOCION HOTELERA LAIETANA, S.A.",hotel,hotel_estrellas,sin_indicio,Gran luxe,5.0,Independiente,False,244.0,124.0,08009,la Dreta de l'Eixample,Eixample,de Pau Claris,150,41.39449063546727,2.165031162882456,censo,0.93,268.85,244.84,1.098,cruce_inicial,coordenada,4.4,False
HB-003934,Acta City 47,"ROUND  ROUND GADGETS, SL",hotel,hotel_estrellas,sin_indicio,4 estrelles,4.0,Acta,True,130.0,80.0,08029,Sants,Sants-Montjuïc,Nicaragua,47,41.383543117300974,2.140758278268045,censo,2.47,143.81,125.31,1.148,cruce_inicial,coordenada,4.0,False
HB-003939,Catalonia Albéniz,VALENCIANA HOTELERA SL,hotel,hotel_estrellas,sin_indicio,3 estrelles,3.0,Catalonia,True,86.0,47.0,08026,el Camp de l'Arpa del Clot,Sant Martí,Aragó,591-593,41.408175800067006,2.18584726362128,censo,2.7,168.19,146.37,1.149,cruce_inicial,coordenada,4.4,False
HB-003940,INTERCONTINENTAL BARCELONA,"HOTEL FIRA, S.A.",hotel,hotel_estrellas,sin_indicio,5 estrelles,5.0,Independiente,False,546.0,273.0,08004,el Poble Sec,Sants-Montjuïc,Rius i Taulet,1-3,41.37273240481753,2.154561805336506,censo,2.044,714.16,650.37,1.098,cruce_inicial,coordenada,4.4,False
HB-003943,Gimón,,hotel,sin_estrellas,sin_indicio,No aplica,,Independiente,False,13.0,10.0,08026,el Camp de l'Arpa del Clot,Sant Martí,Mallorca,537,41.40941181,2.18313848,icgc_verificada,2.722,,,1.18,,,,False
HB-003944,Azul,"AREIR, SA",hotel,hotel_estrellas,sin_indicio,3 estrelles,3.0,Independiente,False,90.0,39.0,08014,Hostafrancs,Sants-Montjuïc,Gran Via Corts Catalanes,327,41.37301587166661,2.145987172189599,censo,2.536,,,1.149,,,,False
HB-003947,NH Sant'Angelo,"FONOPISO, SL",hotel,hotel_estrellas,sin_indicio,3 estrelles,3.0,NH,True,71.0,50.0,08015,la Nova Esquerra de l'Eixample,Eixample,Consell de Cent,74,41.37927026629753,2.150161651252509,censo,1.865,,,1.149,,,,False
HB-003951,Silken Ramblas,HOTELERA FORCINO SLU,hotel,hotel_estrellas,sin_indicio,4 estrelles,4.0,Silken,True,210.0,105.0,08001,el Raval,Ciutat Vella,Pintor Fortuny,13,41.38300582600392,2.1700337407342327,censo,0.444,211.77,184.52,1.148,cruce_inicial,coordenada,4.1,False
HB-003952,HOTEL CONDES DE BARCELONA,PG73 HOTEL OPCO SL,hotel,hotel_estrellas,sin_indicio,4 estrelles,4.0,Independiente,False,143.0,74.0,08008,la Dreta de l'Eixample,Eixample,DE GRÀCIA,73,41.39358463996283,2.162684406282639,censo,0.953,261.83,228.14,1.148,cruce_inicial,coordenada,4.7,False
HB-003954,Barceló Sants,BARCELO CONDAL HOTELES S.A.,hotel,hotel_estrellas,sin_indicio,4 estrelles,4.0,Barcelo,True,754.0,377.0,08014,Sants,Sants-Montjuïc,Països Catalans,s/n,41.379556967903945,2.1408179856438947,censo,2.571,154.16,134.32,1.148,cruce_inicial,nombre_exacto,4.3,False
HB-003960,Hostal Mare Nostrum,,hotel,sin_estrellas,hostal,No aplica,,Independiente,False,59.0,30.0,08001,el Raval,Ciutat Vella,Sant Pau,2,41.38091751,2.17315716,icgc_verificada,0.726,170.14,144.19,1.18,cruce_inicial,coordenada,4.3,False
HB-003961,Hotel Gran Melià Torre Melina,"BARCELONA PROJECTS, S.A.",hotel,hotel_estrellas,sin_indicio,5 estrelles,5.0,Melia,True,866.0,432.0,08028,la Maternitat i Sant Ramon,Les Corts,Diagonal,661-671,41.38348913494405,2.1096645797823563,censo,5.049,276.03,251.38,1.098,cruce_inicial,nombre_unico,4.5,False
HB-003965,H10 Catalunya Plaza,CATALUNYA PLAZA SA,hotel,hotel_estrellas,sin_indicio,3 estrelles,3.0,H10,True,74.0,46.0,08002,la Dreta de l'Eixample,Eixample,Catalunya,7,41.3870134395621,2.168580579042271,censo,0.118,199.77,173.85,1.149,cruce_inicial,coordenada,4.3,False
HB-003967,Catalonia Barcelona Plaza,SABEL DE SERVICIO SLU,hotel,hotel_estrellas,sin_indicio,4 estrelles,4.0,Catalonia,True,658.0,347.0,08014,Hostafrancs,Sants-Montjuïc,Espanya,6-8,41.37540311456058,2.1483405861545544,censo,2.22,176.9,154.14,1.148,cruce_inicial,coordenada,4.2,False
HB-003969,Gran Hotel Barcino,"SUIZO HOTEL, SL",hotel,hotel_estrellas,sin_indicio,4 estrelles,4.0,Independiente,False,116.0,61.0,08002,el Barri Gòtic,Ciutat Vella,JAUME I,6,41.383145746925344,2.177788494005563,censo,0.778,214.63,187.01,1.148,cruce_inicial,coordenada,4.2,False
HB-003970,Century Park,"GESTION HOTELERA BALLESTER, SA",hotel,hotel_estrellas,sin_indicio,3 estrelles,3.0,Independiente,False,68.0,47.0,08011,l'Antiga Esquerra de l'Eixample,Eixample,València,154,41.38617801370477,2.154815844377651,censo,1.27,143.91,125.24,1.149,cruce_inicial,coordenada,4.3,False
HB-003971,Ònix Fira,"ICYESA CORNELLÀ, S.A.",hotel,hotel_estrellas,sin_indicio,3 estrelles,3.0,Independiente,False,150.0,80.0,08015,la Nova Esquerra de l'Eixample,Eixample,Llançà,30,41.37697686038284,2.149845033494451,censo,2.017,131.67,114.58,1.149,cruce_inicial,coordenada,3.7,False
HB-003972,HOTEL ENTENZA,BOHEMIAN HOSPITALITY SL,hotel,hotel_estrellas,sin_indicio,3 estrelles,3.0,Independiente,False,91.0,48.0,08029,les Corts,Les Corts,Equador,20,41.38571882547642,2.1405185976328425,censo,2.464,131.38,114.33,1.149,cruce_inicial,coordenada,4.2,False
HB-003973,Husa L'Illa,"HOTEL PROYECT CINCUENTA, S.L.",hotel,hotel_estrellas,sin_indicio,4 estrelles,4.0,Independiente,False,204.0,103.0,08029,les Corts,Les Corts,Diagonal,555,41.38974559970474,2.1353959606306443,censo,2.903,225.9,196.83,1.148,cruce_inicial,coordenada,4.3,False
HB-003974,Iznajar,,hotel,sin_estrellas,sin_indicio,No aplica,,Independiente,False,13.0,8.0,08001,el Raval,Ciutat Vella,Carme,38,41.38204935,2.16976815,icgc_verificada,0.551,,,1.18,,,,False
HB-003984,Arts Barcelona,"R C SPAIN, SLU",hotel,hotel_estrellas,sin_indicio,Gran luxe,5.0,Independiente,False,1012.0,494.0,08005,la Barceloneta,Ciutat Vella,Marina,19-21,41.38708282257405,2.1965599785366923,censo,2.216,457.16,416.33,1.098,cruce_inicial,coordenada,4.5,False
HB-003985,NH Podium,"NH MARIN, S.A.",hotel,hotel_estrellas,sin_indicio,4 estrelles,4.0,NH,True,280.0,145.0,08010,la Dreta de l'Eixample,Eixample,Bailèn,4-6,41.39174743833108,2.177699871910969,censo,0.831,244.05,212.65,1.148,cruce_inicial,coordenada,4.6,False
HB-003988,Barcelona Apolo Affiliated by Melia,MELIA HOTELS INTERNACIONAL SA,hotel,hotel_estrellas,sin_indicio,4 estrelles,4.0,Melia,True,614.0,314.0,08004,el Poble Sec,Sants-Montjuïc,Paral·lel,57-59,41.374782332271344,2.170335682261541,censo,1.359,,,1.148,,,,False
HB-003989,H Top BCN City,H.TOP CITY HOTELS SL,hotel,hotel_estrellas,sin_indicio,1 estrella,1.0,Independiente,False,75.0,40.0,08025,el Baix Guinardó,Horta-Guinardó,Gràcia,380-384,41.41096964568408,2.173190122938874,censo,2.679,149.48,126.68,1.18,cruce_inicial,coordenada,3.0,False
HB-003991,Atenea Barcelona Aparthotel,COMERCIAL BONANOVA SL,hotel,hotel_estrellas,apartamentos,4 estrelles,4.0,Independiente,False,210.0,105.0,08028,les Corts,Les Corts,Joan Güell,207-211,41.386265679203696,2.129507954550707,censo,3.379,260.32,226.83,1.148,cruce_inicial,coordenada,4.1,False
HB-003992,Citadines,EURIMEG ESPAÑA S.A.,hotel,hotel_estrellas,sin_indicio,3 estrelles,3.0,Independiente,False,262.0,131.0,08002,el Barri Gòtic,Ciutat Vella,Rambla,122,41.38387005517167,2.171462635664817,censo,0.369,191.71,166.83,1.149,cruce_inicial,coordenada,4.3,False
HB-004002,Caledonian,"JAMALDA, S.L.",hotel,hotel_estrellas,sin_indicio,3 estrelles,3.0,Independiente,False,98.0,57.0,08011,Sant Antoni,Eixample,Gran Via Corts Catalanes,574,41.3842914812135,2.161858180414201,censo,0.743,216.5,188.41,1.149,cruce_inicial,nombre_exacto,8.6,False
HB-004005,HOSTAL SOFIA,SURVIVE GESTION S.L.,hotel,sin_estrellas,hostal,No aplica,,Independiente,False,20.0,12.0,08029,la Nova Esquerra de l'Eixample,Eixample,de Roma,1-3,41.38101786,2.14378351,icgc_verificada,2.286,,,1.18,,,,False
HB-004010,HOTEL ALIMARA BARCELONA,INTEGRAL EN TURISME I HOTELERIA S.L.,hotel,hotel_estrellas,sin_indicio,4 estrelles,4.0,Independiente,False,312.0,156.0,08035,la Vall d'Hebron,Horta-Guinardó,de Berruguete,126,41.43378489117596,2.147351984381241,censo,5.534,90.49,78.85,1.148,cruce_inicial,coordenada,4.2,False
HB-004012,Glòries,"HOTEL GLORIES, SL",hotel,hotel_estrellas,sin_indicio,3 estrelles,3.0,Independiente,False,94.0,67.0,08013,el Fort Pienc,Eixample,Padilla,173,41.401167267780885,2.18299201887239,censo,1.912,135.84,118.21,1.149,cruce_inicial,coordenada,3.9,False
HB-004013,Acacia Aparthotel,BONANOVA APARTHOTEL S.L.,hotel,hotel_estrellas,apartamentos,4 estrelles,4.0,Independiente,False,52.0,26.0,08036,l'Antiga Esquerra de l'Eixample,Eixample,Comte Urgell,194,41.38795068669856,2.1511859180839137,censo,1.573,170.29,148.38,1.148,cruce_inicial,nombre_cerca,4.4,False
HB-004025,ANGLI-78,"LACKANTON EDIFICACIONES, S.L.",hotel,hotel_estrellas,sin_indicio,2 estrelles,2.0,Independiente,False,22.0,10.0,08017,Sarrià,Sarrià-Sant Gervasi,d' Anglí,74-78,41.40461603273179,2.1216805328216366,censo,4.481,,,1.18,,,,False
HB-004026,Flor Parks,"NORMEVI, SL",hotel,hotel_estrellas,sin_indicio,3 estrelles,3.0,Independiente,False,37.0,26.0,08002,el Barri Gòtic,Ciutat Vella,Rambla,70,41.38073012797148,2.173945708810752,censo,0.771,185.92,161.79,1.149,cruce_inicial,coordenada,4.3,False
HB-004027,Turó de Vilana,TURO DE VILANA SL,hotel,hotel_estrellas,sin_indicio,4 estrelles,4.0,Independiente,False,36.0,20.0,08017,Sant Gervasi - la Bonanova,Sarrià-Sant Gervasi,Vilana,7,41.404913486886464,2.1288425994189195,censo,3.969,152.52,132.9,1.148,cruce_inicial,coordenada,4.0,False
HB-004028,Lazza,,hotel,sin_estrellas,sin_indicio,No aplica,,Independiente,False,10.0,6.0,08025,el Camp d'en Grassot i Gràcia Nova,Gràcia,Indústria,81,41.4057108,2.16911983,icgc_verificada,2.082,,,1.18,,,,False
HB-004030,APARTHOTEL NÀPOLS**,HERLER SAU,hotel,hotel_estrellas,apartamentos,2 estrelles,2.0,Independiente,False,100.0,39.0,08013,el Fort Pienc,Eixample,de Nàpols,116,41.39542029617384,2.179585425982012,censo,1.231,173.19,146.77,1.18,cruce_inicial,coordenada,4.2,False
HB-004036,Catalonia Portal de l'Angel,"FARBEBLAU, SA",hotel,hotel_estrellas,sin_indicio,3 estrelles,3.0,Catalonia,True,159.0,83.0,08002,el Barri Gòtic,Ciutat Vella,Portal de l'Àngel,15-17,41.385604131533405,2.172957914254088,censo,0.292,222.73,193.83,1.149,cruce_inicial,coordenada,4.4,False
HB-004038,Comte,"HOTEL DEL COMTE, SL",hotel,hotel_estrellas,sin_indicio,2 estrelles,2.0,Independiente,False,70.0,42.0,08015,la Nova Esquerra de l'Eixample,Eixample,Diputació,142,41.382698982577146,2.156996606873641,censo,1.186,,,1.18,,,,False
HB-004039,Hostal Eden,"HOSTAL EDEN, SL",hotel,sin_estrellas,hostal,No aplica,,Independiente,False,16.0,12.0,08007,l'Antiga Esquerra de l'Eixample,Eixample,Balmes,55,41.38949575,2.1622051,icgc_verificada,0.707,,,1.18,,,,False
HB-004046,HOTEL SANT PAU,ERMA PLUS HOTELS SL,hotel,hotel_estrellas,sin_indicio,3 estrelles,3.0,Independiente,False,177.0,93.0,08041,el Guinardó,Horta-Guinardó,SANT ANTONI M CLARET,173,41.414013868313845,2.177880075735898,censo,3.075,122.1,106.26,1.149,cruce_inicial,coordenada,4.1,False
HB-004050,Acta Splendid,"HOTEL SPLENDID BCN, SL",hotel,hotel_estrellas,sin_indicio,3 estrelles,3.0,Acta,True,78.0,40.0,08011,Sant Antoni,Eixample,Muntaner,2,41.38405393847892,2.1630462799097723,censo,0.666,234.5,204.07,1.149,cruce_inicial,nombre_exacto,8.8,False
HB-004054,Sant Gervasi,HOTEL RECAREDO S.A.U.,hotel,hotel_estrellas,sin_indicio,3 estrelles,3.0,Independiente,False,124.0,63.0,08022,Sant Gervasi - la Bonanova,Sarrià-Sant Gervasi,Sant Gervasi de Cassoles,26-30,41.40468222114898,2.138812682918912,censo,3.261,134.45,117.0,1.149,cruce_inicial,coordenada,4.2,False
HB-004058,Midmost,MAJESTIC SPORT SL,hotel,hotel_estrellas,sin_indicio,4 estrelles,4.0,Independiente,False,98.0,56.0,08001,el Raval,Ciutat Vella,Pelai,14,41.385740590399095,2.1659518396428186,censo,0.366,194.03,169.06,1.148,cruce_inicial,coordenada,4.5,False
HB-004063,Hotel Kimpton Vividora,"ACTUACIONES INTRAMUROS, S.L.",hotel,hotel_estrellas,sin_indicio,5 estrelles,5.0,Independiente,False,276.0,156.0,08002,el Barri Gòtic,Ciutat Vella,DUC,15,41.3847223933667,2.172925170937131,censo,0.352,306.33,278.97,1.098,cruce_inicial,coordenada,4.5,False
HB-004071,Viladomat,"Promociones Hoteleras Viladomat, SL",hotel,hotel_estrellas,sin_indicio,3 estrelles,3.0,Independiente,False,162.0,81.0,08015,la Nova Esquerra de l'Eixample,Eixample,Viladomat,197,41.38369635783948,2.1518530491218733,censo,1.558,,,1.149,,,,False
HB-004074,Guillermo Tell,"LINCOLN 33, SL",hotel,hotel_estrellas,sin_indicio,4 estrelles,4.0,Independiente,False,119.0,61.0,08006,el Putxet i el Farró,Sarrià-Sant Gervasi,Guillem Tell,49,41.40178493638491,2.1477633499258744,censo,2.479,,,1.148,,,,False
HB-004075,LIHSA HOTELES SA,LIHSA HOTELES SA,hotel,hotel_estrellas,sin_indicio,3 estrelles,3.0,Independiente,False,108.0,56.0,08017,les Tres Torres,Sarrià-Sant Gervasi,de Calatrava,32,41.39993108536729,2.1299971158177406,censo,3.634,,,1.149,,,,False
HB-004077,Brustar Sant Pau Aristol,"BRUSTARR ENSUITE LODGING, S.L.",hotel,hotel_estrellas,sin_indicio,3 estrelles,3.0,Independiente,False,44.0,22.0,08025,el Baix Guinardó,Horta-Guinardó,Cartagena,369,41.41336455,2.17127138,icgc_verificada,2.934,,,1.149,,,,False
HB-004078,HOTEL ABBA SANTS,"HOTELAMA, S.L.",hotel,hotel_estrellas,sin_indicio,4 estrelles,4.0,Abba,True,265.0,140.0,08029,Sants,Sants-Montjuïc,de Numància,32,41.38259938483807,2.140037535310247,censo,2.547,169.51,147.7,1.148,cruce_inicial,coordenada,4.2,False
HB-004080,Hostalet de Barcelona,"HOSTALET DE BARCELONA, SCP",hotel,sin_estrellas,hostal,No aplica,,Independiente,False,10.0,9.0,08036,l'Antiga Esquerra de l'Eixample,Eixample,Casanova,155,41.39101712,2.15115918,icgc_verificada,1.634,125.92,106.71,1.18,cruce_inicial,coordenada,3.4,False
HB-004083,Petit,"PETIT HOTEL, SCCL",hotel,sin_estrellas,sin_indicio,No aplica,,Independiente,False,7.0,4.0,08021,Sant Gervasi - Galvany,Sarrià-Sant Gervasi,Laforja,67,41.39691661,2.14624897,icgc_verificada,2.267,,,1.18,,,,False
HB-004084,The Moods Oasis,THE MOODS OASIS SL,hotel,hotel_estrellas,sin_indicio,3 estrelles,3.0,Independiente,False,65.0,36.0,08006,Sant Gervasi - Galvany,Sarrià-Sant Gervasi,de Gràcia,72,41.39716047631681,2.1514145555775768,censo,1.918,153.41,133.5,1.149,cruce_inicial,coordenada,4.4,False
HB-004086,Sansi Pedralbes,"SANSI PONS, SL",hotel,hotel_estrellas,sin_indicio,4 estrelles,4.0,Independiente,False,115.0,64.0,08034,Pedralbes,Les Corts,Pearson,1-3,41.39369966517085,2.1115669344893933,censo,4.931,238.15,207.51,1.148,cruce_inicial,coordenada,4.6,False
HB-004087,Marvi,"HOTEL MARVI, SA",hotel,hotel_estrellas,sin_indicio,2 estrelles,2.0,Independiente,False,56.0,30.0,08001,el Raval,Ciutat Vella,Pelai,6,41.385813263172665,2.165137191742496,censo,0.427,,,1.18,,,,False
HB-004088,Hcc Hotel Montblanc,"HCC MONTBLANC, S.L.",hotel,hotel_estrellas,sin_indicio,3 estrelles,3.0,HCC,True,307.0,157.0,08003,el Barri Gòtic,Ciutat Vella,Laietana,61,41.38776233552521,2.1735706643202626,censo,0.31,153.3,133.41,1.149,cruce_inicial,coordenada,4.4,False
HB-004090,Sense especificar,HOTEL NUEVO TRIUNFO SL,hotel,hotel_estrellas,sin_indicio,2 estrelles,2.0,Independiente,False,56.0,40.0,08004,el Poble Sec,Sants-Montjuïc,de Cabanes,34,41.37319805341738,2.1699840575806006,censo,1.535,,,1.18,,,,False
HB-004092,Goya Principal,,hotel,sin_estrellas,sin_indicio,No aplica,,Independiente,False,13.0,7.0,08010,la Dreta de l'Eixample,Eixample,Pau Claris,74,41.38938401,2.17174449,icgc_verificada,0.302,,,1.18,,,,False
HB-004094,Catalonia La Pedrera,"HOCATSASEIS, SL",hotel,hotel_estrellas,sin_indicio,4 estrelles,4.0,Catalonia,True,128.0,79.0,08037,la Dreta de l'Eixample,Eixample,Còrsega,368,41.39872149598455,2.1623928970808004,censo,1.45,190.21,165.74,1.148,cruce_inicial,coordenada,4.2,False
HB-004097,Roger de Lluria,ROGER DE LLURIA S.L.U,hotel,hotel_estrellas,sin_indicio,4 estrelles,4.0,Independiente,False,87.0,48.0,08010,la Dreta de l'Eixample,Eixample,Roger de Llúria,28,41.39110060804099,2.171776299153139,censo,0.479,215.31,187.61,1.148,cruce_inicial,coordenada,4.2,False
HB-004101,HOTEL EXE LAIETANA PALACE,BERADAR HOTELS SL,hotel,hotel_estrellas,sin_indicio,4 estrelles,4.0,Eurostars,True,95.0,62.0,08003,el Barri Gòtic,Ciutat Vella,Laietana,17,41.38341189946309,2.1793367675769977,censo,0.875,,,1.148,,,,False
HB-004102,Continental Palacete,HOTEL CONTINENTAL S.A.,hotel,hotel_estrellas,sin_indicio,3 estrelles,3.0,Independiente,False,24.0,19.0,08007,la Dreta de l'Eixample,Eixample,Catalunya,30-32,41.389758375212566,2.165583800164204,censo,0.479,192.4,167.43,1.149,cruce_inicial,coordenada,4.3,False
HB-004103,HOTEL FOUR POINTS BY SHERATON BARCELONA DIAGONAL,ERMA PLUS HOTELS SL,hotel,hotel_estrellas,sin_indicio,4 estrelles,4.0,Independiente,False,308.0,154.0,08018,el Poblenou,Sant Martí,Diagonal,161,41.405374423317205,2.1961909501081034,censo,2.991,307.75,268.15,1.148,cruce_inicial,coordenada,4.4,False
HB-004104,Que Tal,"QUE TAL COLLECTION, SCP",hotel,sin_estrellas,sin_indicio,No aplica,,Independiente,False,23.0,13.0,08037,la Dreta de l'Eixample,Eixample,Mallorca,290,41.39645088,2.166216,icgc_verificada,1.097,,,1.18,,,,False
HB-004107,BCN Condal Apartments,,hotel,sin_estrellas,apartamentos,No aplica,,Independiente,False,16.0,8.0,08025,la Sagrada Família,Eixample,de Còrsega,546,41.40662721,2.17291317,icgc_verificada,2.196,114.54,97.07,1.18,rescate,,,False
HB-004112,Praktik Rambla,Budget Hotels S.L.,hotel,sin_estrellas,sin_indicio,No aplica,,Praktik,True,70.0,37.0,08007,la Dreta de l'Eixample,Eixample,Catalunya,27,41.38906064,2.16593789,icgc_verificada,0.409,,,1.18,,,,False
HB-004114,Barcelona Universal,"Josel, SLU",hotel,hotel_estrellas,sin_indicio,4 estrelles,4.0,Independiente,False,334.0,167.0,08001,el Raval,Ciutat Vella,Paral.lel,76-80,41.3751889339732,2.1683138995370026,censo,1.321,166.31,144.91,1.148,cruce_inicial,coordenada,4.4,False
HB-004116,Hostal del Palau,LASARTE GLOBAL SERVICES S.L.,hotel,sin_estrellas,hostal,No aplica,,Independiente,False,13.0,7.0,08003,"Sant Pere, Santa Caterina i la Ribera",Ciutat Vella,Sant Pere Mes Alt,6,41.38722238,2.1754495,icgc_verificada,0.455,122.72,104.0,1.18,cruce_inicial,coordenada,4.4,False
HB-004117,Colors,"PODO LIGA CONSULTING, SL",hotel,hotel_estrellas,sin_indicio,1 estrella,1.0,Independiente,False,45.0,25.0,08031,Horta,Horta-Guinardó,Campoamor,79,41.43533371568471,2.153860582109364,censo,5.54,93.27,79.04,1.18,cruce_inicial,coordenada,3.5,False
HB-004120,Hostal Eden II,"HOSTAL EDEN, SL",hotel,sin_estrellas,hostal,No aplica,,Independiente,False,11.0,6.0,08007,l'Antiga Esquerra de l'Eixample,Eixample,Balmes,55,41.38949575,2.1622051,icgc_verificada,0.707,,,1.18,,,,False
HB-004121,Banys Orientals,"ALLOTJAMENTS TURÍSTICS 2000, SL",hotel,hotel_estrellas,sin_indicio,3 estrelles,3.0,Independiente,False,82.0,43.0,08003,"Sant Pere, Santa Caterina i la Ribera",Ciutat Vella,Argenteria,37,41.38379933297751,2.180066620137655,censo,0.912,,,1.149,,,,False
HB-004122,MOTHERN BYPILLOW,PAULTON INVEST S.L.,hotel,hotel_estrellas,sin_indicio,3 estrelles,3.0,Independiente,False,87.0,64.0,08010,la Dreta de l'Eixample,Eixample,de Sant Pere,15,41.38877012728022,2.171757497360589,censo,0.245,152.04,132.31,1.149,cruce_inicial,nombre_cerca,3.9,False
HB-004126,Girona,"RESIDENCIA CONFORT GIRONA, SL",hotel,sin_estrellas,residencia,No aplica,,Independiente,False,15.0,10.0,08010,la Dreta de l'Eixample,Eixample,Girona,24,41.39190984,2.17517259,icgc_verificada,0.696,,,1.18,,,,True
HB-004128,STANDBYME RAMBLAS,FUERTE CORP1 SL,hotel,sin_estrellas,sin_indicio,No aplica,,Independiente,False,31.0,18.0,08002,el Raval,Ciutat Vella,rambla,100,41.37560091,2.17055571,icgc_verificada,1.268,,,1.18,,,,False
HB-004130,Neri,ANIMUA SA,hotel,hotel_estrellas,sin_indicio,5 estrelles,5.0,Independiente,False,44.0,22.0,08002,el Barri Gòtic,Ciutat Vella,Sant Sever,5,41.38322770631599,2.1755026408898988,censo,0.622,476.88,434.29,1.098,cruce_inicial,nombre_cerca,4.5,False
HB-004138,Constanza,"HOTEL CONSTANZA, S.L.",hotel,hotel_estrellas,sin_indicio,2 estrelles,2.0,Independiente,False,87.0,46.0,08010,la Dreta de l'Eixample,Eixample,Bruc,33,41.391625305801135,2.172968114848732,censo,0.571,159.74,135.37,1.18,cruce_inicial,coordenada,4.4,False
HB-004144,Hostal Poble Nou,,hotel,sin_estrellas,hostal,No aplica,,Independiente,False,11.0,6.0,08005,el Poblenou,Sant Martí,Taulat,30,41.39830854,2.20438128,icgc_verificada,3.132,,,1.18,,,,False
HB-004145,ILUNION LES CORTS SPA,"ILUNION HOTELS, S.A.",hotel,hotel_estrellas,sin_indicio,4 estrelles,4.0,Ilunion,True,392.0,213.0,08028,la Maternitat i Sant Ramon,Les Corts,CARRER DEL CARDENAL REIG,11,41.37701761496102,2.1138532534292875,censo,4.814,258.25,225.02,1.148,cruce_inicial,coordenada,4.1,False
HB-004147,Duquesa de Cardona,"TRAVIL 98,S.L.",hotel,hotel_estrellas,sin_indicio,4 estrelles superior,4.5,Independiente,False,128.0,64.0,08002,el Barri Gòtic,Ciutat Vella,Colom,12,41.37987687800618,2.1805893026700027,censo,1.187,267.53,233.11,1.148,cruce_inicial,coordenada,4.5,False
HB-004149,Front Maritim,"INVERSORA DE HOTELES URBANOS, SL",hotel,hotel_estrellas,sin_indicio,4 estrelles,4.0,Independiente,False,235.0,177.0,08019,Diagonal Mar i el Front Marítim del Poblenou,Sant Martí,Garcia Faria,69,41.40406420436568,2.214109065509765,censo,4.14,648.28,564.87,1.148,cruce_inicial,coordenada,3.8,False
HB-004150,HOSTAL SOFIA2,SURVIVE GESTION S.L.,hotel,sin_estrellas,hostal,No aplica,,Independiente,False,6.0,5.0,08029,la Nova Esquerra de l'Eixample,Eixample,de Roma,1,41.38101786,2.14378351,icgc_verificada,2.286,,,1.18,,,,False
HB-004151,H10 Itaca,"APOLO, S.L.",hotel,hotel_estrellas,sin_indicio,4 estrelles,4.0,H10,True,146.0,97.0,08015,la Nova Esquerra de l'Eixample,Eixample,Roma,22,41.38119396449098,2.1454585925837777,censo,2.147,,,1.148,,,,False
HB-004152,HOSTAL CENTRO,HABITATGE TUTELAT BCN SL,hotel,sin_estrellas,hostal,No aplica,,Independiente,False,8.0,4.0,08008,l'Antiga Esquerra de l'Eixample,Eixample,de Balmes,83,41.39099101,2.16022488,icgc_verificada,0.928,,,1.18,,,,False
HB-004153,America,"NEW MILLENIUM HOTELS, S.L.",hotel,hotel_estrellas,sin_indicio,4 estrelles,4.0,Independiente,False,78.0,59.0,08008,l'Antiga Esquerra de l'Eixample,Eixample,Provença,195,41.39185422254023,2.157308317484884,censo,1.188,183.42,159.82,1.148,cruce_inicial,coordenada,4.2,False
HB-004155,Eurostars Grand Marina Hotel,WORLD TRADE CENTER HOTEL SL,hotel,hotel_estrellas,sin_indicio,Gran luxe,5.0,Eurostars,True,576.0,288.0,08039,el Raval,Ciutat Vella,Moll de Barcelona,s/n,41.372956920075445,2.1800722140573696,censo,1.773,335.51,305.54,1.098,cruce_inicial,nombre_exacto,4.2,False
HB-004157,Mil.lenni,"FAGACA, S.A.",hotel,hotel_estrellas,sin_indicio,4 estrelles,4.0,Independiente,False,82.0,45.0,08001,el Raval,Ciutat Vella,Sant Pau,14,41.37601607509099,2.166969888839461,censo,1.247,134.09,116.84,1.148,cruce_inicial,coordenada,3.9,False
HB-004159,Ibis Meridiana,"Essendi Hospitality Spain, S.A.",hotel,hotel_estrellas,sin_indicio,2 estrelles,2.0,Ibis / Accor,True,282.0,143.0,08016,Porta,Nou Barris,Andreu Nin,31,41.43543328264804,2.181632363244148,censo,5.472,99.1,83.98,1.18,cruce_inicial,coordenada,4.2,False
HB-004160,Serhs Carlit,"NUPESOL HOTELERA, SL",hotel,hotel_estrellas,sin_indicio,3 estrelles,3.0,Independiente,False,71.0,38.0,08013,la Dreta de l'Eixample,Eixample,Diputació,383,41.39716834363273,2.1758631715778107,censo,1.232,181.81,158.22,1.149,cruce_inicial,coordenada,4.1,False
HB-004161,Hotel Catalonia Barcelona Beach (ab Hotel Hesperia del Mar),"CATALONIA BARCELONA BEACH, S.L.",hotel,hotel_estrellas,sin_indicio,4 estrelles,4.0,Catalonia,True,150.0,84.0,08005,Diagonal Mar i el Front Marítim del Poblenou,Sant Martí,d Espronceda,6,41.401596709479406,2.21007561017675,censo,3.716,,,1.148,,,,False
HB-004162,Onix Rambla,"ICYESA CORNELLÀ, S.A.",hotel,hotel_estrellas,sin_indicio,3 estrelles,3.0,Independiente,False,80.0,40.0,08007,la Dreta de l'Eixample,Eixample,Catalunya,24,41.38920601219498,2.166337919700029,censo,0.392,166.14,144.58,1.149,cruce_inicial,coordenada,4.2,False
HB-004164,H10 Racó del Pi,"APOLO, S.L.",hotel,hotel_estrellas,sin_indicio,3 estrelles,3.0,H10,True,63.0,37.0,08002,el Barri Gòtic,Ciutat Vella,Pi,7,41.383352442603865,2.1739531000240064,censo,0.523,,,1.149,,,,False
HB-004171,Betrés,"ESMASA H BREDA, SL",hotel,sin_estrellas,sin_indicio,No aplica,,Independiente,False,18.0,9.0,08029,les Corts,Les Corts,Breda,3-5,41.38602616,2.14062138,icgc_verificada,2.453,,,1.18,,,,False
HB-004177,Vilamarí,HOTEL VILAMARI,hotel,hotel_estrellas,sin_indicio,2 estrelles,2.0,Independiente,False,158.0,90.0,08015,Sant Antoni,Eixample,VILAMARÍ,34-36,41.376707056595,2.1524537675316493,censo,1.858,128.23,108.67,1.18,cruce_inicial,coordenada,4.2,False
HB-004182,SERCOTEL CASPE,ALCOTAS HOTELES SL,hotel,hotel_estrellas,sin_indicio,4 estrelles,4.0,Sercotel,True,282.0,141.0,08013,el Fort Pienc,Eixample,Casp,103-109,41.39610608008493,2.179481225396938,censo,1.285,147.76,128.75,1.148,cruce_inicial,coordenada,4.2,False
HB-004183,Evenia Rosselló,"PROYECTOS LAURAM, SL",hotel,hotel_estrellas,sin_indicio,4 estrelles,4.0,Independiente,False,164.0,94.0,08036,l'Antiga Esquerra de l'Eixample,Eixample,Rosselló,191,41.39243455892933,2.154985585974796,censo,1.391,176.4,153.7,1.148,cruce_inicial,coordenada,4.2,False
HB-004189,ACEVI VILLARROEL,YEICABARNA SL,hotel,hotel_estrellas,sin_indicio,4 estrelles,4.0,Independiente,False,168.0,84.0,08011,l'Antiga Esquerra de l'Eixample,Eixample,villarroel,106,41.38536543153754,2.156786869481321,censo,1.117,,,1.148,,,,False
HB-004190,H10 Marina Barcelona,"HOTELERA MARINA BARCELONA, S.L.",hotel,hotel_estrellas,sin_indicio,4 estrelles,4.0,H10,True,440.0,235.0,08005,la Vila Olímpica del Poblenou,Sant Martí,Bogatell,64-68,41.39309706918292,2.192423387549554,censo,1.99,158.83,138.39,1.148,cruce_inicial,coordenada,4.3,False
HB-004191,HOSTAL BALER SCP,HOSTAL BALER SCP,hotel,sin_estrellas,hostal,No aplica,,Independiente,False,19.0,15.0,08014,Hostafrancs,Sants-Montjuïc,Torre den Damians,11,41.37603894,2.14402622,icgc_verificada,2.486,,,1.18,,,,False
HB-004192,Hostal Centro 2,,hotel,sin_estrellas,hostal,No aplica,,Independiente,False,11.0,6.0,08036,l'Antiga Esquerra de l'Eixample,Eixample,Balmes,83,41.39099101,2.16022488,icgc_verificada,0.928,,,1.18,,,,False
HB-004193,Barcelona City Centre,,hotel,sin_estrellas,sin_indicio,No aplica,,Independiente,False,20.0,10.0,08007,la Dreta de l'Eixample,Eixample,Balmes,60,41.38960627,2.16243068,icgc_verificada,0.695,148.72,126.03,1.18,cruce_inicial,coordenada,4.2,False
HB-004194,Sansi Diputació,"SANSI HOTELES, SL",hotel,hotel_estrellas,sin_indicio,4 estrelles,4.0,Independiente,False,97.0,55.0,08007,la Dreta de l'Eixample,Eixample,Diputació,234-236,41.38835681196832,2.164501431031276,censo,0.483,,,1.148,,,,False
HB-004195,Rafael Diagonal Port,"RAFAEL HOTELES, SAU",hotel,hotel_estrellas,sin_indicio,4 estrelles,4.0,Independiente,False,230.0,115.0,08005,Diagonal Mar i el Front Marítim del Poblenou,Sant Martí,Lope de Vega,4,41.40068047105535,2.2088335117523843,censo,3.579,,,1.148,,,,False
HB-004196,Barna Hostal,MERCAGRANOLLERS SL,hotel,sin_estrellas,hostal,No aplica,,Independiente,False,16.0,8.0,08008,la Dreta de l'Eixample,Eixample,Catalunya,102,41.39391108,2.15983193,icgc_verificada,1.145,,,1.18,,,,False
HB-004197,Evenia Rocafort,"KILON PLUS, SL",hotel,hotel_estrellas,sin_indicio,3 estrelles,3.0,Independiente,False,79.0,51.0,08015,Sant Antoni,Eixample,Rocafort,23-25,41.37626400901892,2.1571850375481807,censo,1.603,,,1.149,,,,False
HB-004198,Absolut,,hotel,sin_estrellas,sin_indicio,No aplica,,Independiente,False,8.0,4.0,08011,l'Antiga Esquerra de l'Eixample,Eixample,de Casanova,72,41.38550145,2.15883,icgc_verificada,0.947,,,1.18,,,,False
HB-004200,Sixtytwo Barcelona,WINDE FRIENDLY HOTELS S.L.,hotel,hotel_estrellas,sin_indicio,4 estrelles,4.0,Independiente,False,84.0,45.0,08007,la Dreta de l'Eixample,Eixample,Gràcia,62,41.39295484694663,2.164494179716713,censo,0.806,337.9,294.42,1.148,cruce_inicial,coordenada,4.7,False
HB-004201,Sagrada Família,HOTEL SAGRADA FAMILIA,hotel,hotel_estrellas,sin_indicio,3 estrelles,3.0,Independiente,False,141.0,86.0,08025,la Sagrada Família,Eixample,Còrsega,541,41.40591097677745,2.17158051155554,censo,2.107,140.88,122.6,1.149,cruce_inicial,coordenada,4.1,False
HB-004202,Hilton Diagonal Mar,HILTON OF SPAIN S.L.,hotel,hotel_estrellas,sin_indicio,4 estrelles,4.0,Hilton,True,862.0,431.0,08019,Diagonal Mar i el Front Marítim del Poblenou,Sant Martí,Taulat,262-264,41.40827149175515,2.218377295428622,censo,4.677,928.46,809.0,1.148,cruce_inicial,nombre_exacto,4.3,False
HB-004204,Barceló Hotel Atenea Mar,BARCELO CONDAL HOTELES S.A.,hotel,hotel_estrellas,sin_indicio,4 estrelles,4.0,Barcelo,True,346.0,191.0,08019,Diagonal Mar i el Front Marítim del Poblenou,Sant Martí,Garcia Faria,37-47,41.4024533163308,2.211829316746771,censo,3.889,,,1.148,,,,False
HB-004206,Hostal Eden III,"HOSTAL EDEN, SL",hotel,sin_estrellas,hostal,No aplica,,Independiente,False,8.0,6.0,08007,l'Antiga Esquerra de l'Eixample,Eixample,Balmes,55,41.38949575,2.1622051,icgc_verificada,0.707,,,1.18,,,,False
HB-004207,"The Hoxton, Poblenou",MIDDLEBURY INVEST SL,hotel,hotel_estrellas,sin_indicio,4 estrelles,4.0,Independiente,False,480.0,240.0,08018,el Parc i la Llacuna del Poblenou,Sant Martí,Diagonal,205,41.40393173856846,2.1903273937000427,censo,2.534,348.81,303.93,1.148,cruce_inicial,coordenada,4.2,False
HB-004209,Casa Camper,"Caimari Med, S.L",hotel,hotel_estrellas,sin_indicio,4 estrelles,4.0,Independiente,False,50.0,25.0,08001,el Raval,Ciutat Vella,Elisabets,11,41.38329847544325,2.1685101370536484,censo,0.43,257.84,224.66,1.148,cruce_inicial,coordenada,4.8,False
HB-004210,HOTEL CATALONIA LA MAQUINISTA,"AMHUDE, S.A.U.",hotel,hotel_estrellas,sin_indicio,4 estrelles,4.0,Catalonia,True,180.0,92.0,08030,el Bon Pastor,Sant Andreu,de la Ciutat d'Asunción,35,41.43929677845805,2.199877157601278,censo,6.326,107.52,93.69,1.148,cruce_inicial,coordenada,4.4,False
HB-004211,H10 Universitat,"HOTELERA MARINA BARCELONA, S.L.",hotel,hotel_estrellas,sin_indicio,4 estrelles,4.0,H10,True,156.0,94.0,08007,la Dreta de l'Eixample,Eixample,Universitat,21,41.38685374561615,2.16664300883231,censo,0.281,,,1.148,,,,False
HB-004212,HOTEL LEONARDO GRAN VIA,LEONARDO HOTELS OPCO MADRID SL.,hotel,hotel_estrellas,sin_indicio,3 estrelles,3.0,Independiente,False,200.0,100.0,08015,la Nova Esquerra de l'Eixample,Eixample,DIPUTACIO,100,41.38112756977953,2.1548907267364816,censo,1.42,,,1.149,,,,False
HB-004213,HOTEL PULITZER,CONTROLLER ALT SL,hotel,hotel_estrellas,sin_indicio,4 estrelles superior,4.5,Independiente,False,178.0,91.0,08002,la Dreta de l'Eixample,Eixample,Bergara,8,41.38615564886564,2.1683742623160835,censo,0.165,227.53,198.25,1.148,cruce_inicial,coordenada,4.5,False
HB-004214,Zenit Borrell,HOTEL ZENIT CONDE DE BORRELL C.B.,hotel,hotel_estrellas,sin_indicio,4 estrelles,4.0,Independiente,False,101.0,74.0,08029,la Nova Esquerra de l'Eixample,Eixample,Comte Borrell,208,41.38599346732167,2.151445135952773,censo,1.552,228.0,198.66,1.148,cruce_inicial,nombre_exacto,8.8,False
HB-004219,Casa Fuster,HOTEL CAS FUSTER SLU,hotel,hotel_estrellas,sin_indicio,Gran luxe,5.0,Independiente,False,210.0,105.0,08008,la Vila de Gràcia,Gràcia,Gràcia,132,41.39801599366713,2.158025884692545,censo,1.581,248.56,226.36,1.098,cruce_inicial,coordenada,4.5,False
HB-004220,Silken Concordia,"BCN HOTEL CONCORDIA 2003, S.L.",hotel,hotel_estrellas,sin_indicio,4 estrelles,4.0,Silken,True,176.0,88.0,08004,el Poble Sec,Sants-Montjuïc,Paral.lel,115,41.37483551026784,2.161173954583217,censo,1.54,172.27,150.1,1.148,cruce_inicial,coordenada,4.1,False
HB-004222,"Inn Ninot Barcelona, S.L.","Inn Ninot Barcelona, S.L.",hotel,sin_estrellas,sin_indicio,No aplica,,Independiente,False,12.0,8.0,08036,l'Antiga Esquerra de l'Eixample,Eixample,de Muntaner,175,41.39187227,2.15227872,icgc_verificada,1.574,,,1.18,,,,False
HB-004223,Leonardo Royal Hotel Barcelona Forum,"BARDIOMAR, SL",hotel,hotel_estrellas,sin_indicio,4 estrelles,4.0,Independiente,False,736.0,368.0,08019,Diagonal Mar i el Front Marítim del Poblenou,Sant Martí,Taulat,278,41.410204014174376,2.21869540018755,censo,4.812,235.39,205.1,1.148,cruce_inicial,coordenada,4.0,False
HB-004225,Barcelona Center Inn,"HOSTAL LAMU, SL",hotel,sin_estrellas,hostal,No aplica,,Independiente,False,10.0,6.0,08010,la Dreta de l'Eixample,Eixample,Bailèn,47,41.39424719,2.17396557,icgc_verificada,0.871,,,1.18,,,,False
HB-004227,Jazz,"GRAN CHEF, SL",hotel,hotel_estrellas,sin_indicio,3 estrelles,3.0,Independiente,False,216.0,108.0,08001,la Dreta de l'Eixample,Eixample,Pelai,3,41.38594482150712,2.165871871325046,censo,0.364,212.73,185.13,1.149,cruce_inicial,coordenada,4.7,False
HB-004230,Aranea,"CAFES ESPAÑOL OLIMIPA, S.A.",hotel,hotel_estrellas,sin_indicio,3 estrelles,3.0,Independiente,False,140.0,84.0,08013,el Fort Pienc,Eixample,Consell de Cent,444,41.398539783459846,2.1757825400899518,censo,1.371,141.7,123.31,1.149,cruce_inicial,coordenada,4.0,False
HB-004231,Cram,,hotel,hotel_estrellas,sin_indicio,4 estrelles,4.0,Independiente,False,134.0,67.0,08011,l'Antiga Esquerra de l'Eixample,Eixample,Aribau,54,41.3880747357833,2.159984736019471,censo,0.844,177.18,154.38,1.148,cruce_inicial,coordenada,4.2,False
HB-004232,Raval Rooms,PURMOIJET S.L.,hotel,sin_estrellas,sin_indicio,No aplica,,Independiente,False,48.0,31.0,08001,el Raval,Ciutat Vella,Hospital,149-155,41.37946319,2.16664817,icgc_verificada,0.883,,,1.18,,,,False
HB-004233,Pere IV,"EROLES, SA",hotel,hotel_estrellas,sin_indicio,4 estrelles,4.0,Independiente,False,353.0,191.0,08018,el Parc i la Llacuna del Poblenou,Sant Martí,Pallars,128-130,41.39703348538714,2.1923892777719374,censo,2.176,,,1.148,,,,False
HB-004236,Citypark Pelai,NEBOR SA,hotel,hotel_estrellas,sin_indicio,2 estrelles,2.0,Independiente,False,69.0,47.0,08001,la Dreta de l'Eixample,Eixample,Pelai,1,41.385984347232885,2.165454650325526,censo,0.396,,,1.18,,,,False
HB-004239,Granados 83,"EDIFICIO ENRIQUE GRANADOS 83, S.L.",hotel,hotel_estrellas,sin_indicio,4 estrelles superior,4.5,Independiente,False,135.0,77.0,08008,l'Antiga Esquerra de l'Eixample,Eixample,Enric Granados,83,41.39188397012157,2.156845487991017,censo,1.224,369.0,321.52,1.148,cruce_inicial,coordenada,4.4,False
HB-004241,Fashion House,"BCN FASHION HOUSE, SCP",hotel,sin_estrellas,sin_indicio,No aplica,,Independiente,False,16.0,8.0,08010,la Dreta de l'Eixample,Eixample,Bruc,13,41.39022887,2.1747675,icgc_verificada,0.536,118.18,100.15,1.18,cruce_inicial,coordenada,4.4,False
HB-004243,Amister,"CLOSA HOSTELERIA Y RESTAURACION, SL",hotel,hotel_estrellas,hostal,4 estrelles,4.0,Independiente,False,118.0,59.0,08029,la Nova Esquerra de l'Eixample,Eixample,Roma,93-95,41.384358086929325,2.15149492306307,censo,1.572,127.68,111.25,1.148,cruce_inicial,nombre_cerca,4.3,False
HB-004245,Hostal LK Barcelona,"YOUNG  YOUNG LK BARCELONA, SL",hotel,sin_estrellas,hostal,No aplica,,Independiente,False,24.0,13.0,08014,Hostafrancs,Sants-Montjuïc,Consell de Cent,30,41.37633001,2.14558182,icgc_verificada,2.358,131.7,111.61,1.18,cruce_inicial,coordenada,3.1,False
HB-004247,SB Icària Barcelona Hotel,"SB HOTELS SPAIN\\, S.L.",hotel,hotel_estrellas,sin_indicio,4 estrelles,4.0,SB,True,298.0,180.0,08005,la Vila Olímpica del Poblenou,Sant Martí,Icària,195,41.39354882137261,2.1993876749895045,censo,2.557,184.27,160.56,1.148,cruce_inicial,coordenada,4.1,False
HB-004248,La Ciudadela,"CAMA-SEC, SL",hotel,hotel_estrellas,sin_indicio,1 estrella,1.0,Independiente,False,28.0,18.0,08018,"Sant Pere, Santa Caterina i la Ribera",Ciutat Vella,de Lluís Companys,2,41.38955284988465,2.1836142474250586,censo,1.171,158.81,134.58,1.18,cruce_inicial,coordenada,4.4,False
HB-004249,Catalonia Eixample 1864,DUQUES DE BERGARA S.L.U,hotel,hotel_estrellas,sin_indicio,4 estrelles,4.0,Catalonia,True,242.0,124.0,08009,la Dreta de l'Eixample,Eixample,Roger de Lluria,60,41.39361699600464,2.168446303614445,censo,0.747,337.72,294.27,1.148,cruce_inicial,coordenada,4.2,False
HB-004250,MEDICAL HOME BARCELONA MADRID SL,,hotel,sin_estrellas,sin_indicio,No aplica,,Independiente,False,16.0,10.0,08010,la Dreta de l'Eixample,Eixample,de les Corts Catalanes,660,41.39111277,2.17096072,icgc_verificada,0.464,,,1.18,,,,False
HB-004255,Luxtal,"LUXTAL 177, SL",hotel,sin_estrellas,sin_indicio,No aplica,,Independiente,False,10.0,5.0,08014,Hostafrancs,Sants-Montjuïc,Tarragona,177,41.37966677,2.1430828,icgc_verificada,2.389,,,1.18,,,,False
HB-004259,Ilunion Bel Art,ILUNION HOTELS SA,hotel,hotel_estrellas,sin_indicio,4 estrelles,4.0,Ilunion,True,165.0,94.0,08025,el Baix Guinardó,Horta-Guinardó,Lepant,406,41.41016647281284,2.169515153338363,censo,2.576,191.97,167.27,1.148,cruce_inicial,coordenada,4.1,False
HB-004263,GRAN HOTEL LA FLORIDA,SUNSET HOTEL BARCELONA SLU,hotel,hotel_estrellas,sin_indicio,Gran luxe,5.0,Independiente,False,140.0,70.0,08035,"Vallvidrera, el Tibidabo i les Planes",Sarrià-Sant Gervasi,DE VALLVIDRERA AL TIBIDABO,83-93,41.42565250707581,2.1212427361500685,censo,5.917,332.56,302.86,1.098,cruce_inicial,coordenada,4.4,False
HB-004264,Hostal Ciudad Condal 2,"HOSTAL CIUDAD CONDAL, SCP",hotel,sin_estrellas,hostal,No aplica,,Independiente,False,11.0,6.0,08008,la Dreta de l'Eixample,Eixample,Mallorca,253,41.39330502,2.16166969,icgc_verificada,0.987,,,1.18,,,,False
HB-004268,BCN-Montjuic Servicios Inmobiliarios,ROBECO INVEST SL,hotel,hotel_estrellas,sin_indicio,3 estrelles,3.0,Independiente,False,114.0,57.0,08004,la Font de la Guatlla,Sants-Montjuïc,Sant Fructuós,64-74,41.37014880241207,2.14414786098601,censo,2.857,,,1.149,,,,False
HB-004270,Atrium Palace,Hotel Grava d'Oca SL,hotel,hotel_estrellas,sin_indicio,4 estrelles,4.0,Independiente,False,134.0,67.0,08010,la Dreta de l'Eixample,Eixample,Gran Via Corts Catalanes,656,41.39094745935365,2.1707177028670186,censo,0.443,194.17,169.19,1.148,cruce_inicial,coordenada,4.1,False
HB-004271,HOTEL BARCELONA CATEDRAL,Hotel Barcelona Catedral,hotel,hotel_estrellas,sin_indicio,4 estrelles superior,4.5,Independiente,False,160.0,80.0,08002,el Barri Gòtic,Ciutat Vella,dels Sagristans,2,41.38481520145631,2.1750576014458023,censo,0.487,,,1.148,,,,False
HB-004273,SiR Victor Hotel,"RALEIGH SPAIN, S.L.",hotel,hotel_estrellas,sin_indicio,5 estrelles,5.0,Independiente,False,182.0,91.0,08008,la Dreta de l'Eixample,Eixample,ROSELLO,265,41.3962267388646,2.160986828869708,censo,1.272,717.66,653.56,1.098,cruce_inicial,nombre_cerca,4.2,False
HB-004278,SUNOTEL JUNIOR,SUNOTEL BCN SL,hotel,hotel_estrellas,sin_indicio,2 estrelles,2.0,Independiente,False,44.0,34.0,08029,la Nova Esquerra de l'Eixample,Eixample,SARRIA,9,41.389839073738685,2.1473509838197558,censo,1.916,,,1.18,,,,False
HB-004280,GRAND HOTEL CENTRAL,GRAND HOTEL CENTRAL,hotel,hotel_estrellas,sin_indicio,5 estrelles,5.0,Independiente,False,272.0,147.0,08003,"Sant Pere, Santa Caterina i la Ribera",Ciutat Vella,Laietana,30,41.38494628095664,2.177669150538514,censo,0.679,395.55,360.22,1.098,cruce_inicial,coordenada,4.5,False
HB-004283,Ilunion Auditori,"ILUNION HOTELS CATALUNYA, S.A.",hotel,hotel_estrellas,sin_indicio,3 estrelles,3.0,Ilunion,True,216.0,108.0,08013,el Fort Pienc,Eixample,Sicilia,166,41.39592129793331,2.18119263000691,censo,1.362,,,1.149,,,,False
HB-004285,GRACIA GARDEN,Daniela 2011 Gestión Hotelera SLU,hotel,sin_estrellas,sin_indicio,No aplica,,Independiente,False,24.0,12.0,08012,la Vila de Gràcia,Gràcia,Gran de Gràcia,14,41.39829104,2.15744484,icgc_verificada,1.635,204.18,173.03,1.18,cruce_inicial,coordenada,4.2,False
HB-004286,HOTEL VINCCI MARÍTIMO,VINCCI HOTELES SA,hotel,hotel_estrellas,sin_indicio,4 estrelles,4.0,Vincci,True,288.0,144.0,08019,Diagonal Mar i el Front Marítim del Poblenou,Sant Martí,de Llull,340,41.4081108740704,2.212527298257556,censo,4.254,341.81,297.83,1.148,cruce_inicial,coordenada,4.4,False
HB-004287,NH COLLECTION CONSTANZA,NH HOTELES ESPAÑA S.A.,hotel,hotel_estrellas,sin_indicio,4 estrelles,4.0,NH,True,618.0,308.0,08029,les Corts,Les Corts,DEU I MATA,69-99,41.3889342026126,2.136308559177166,censo,2.819,210.11,183.08,1.148,cruce_inicial,coordenada,4.4,False
HB-004288,Barcelona City North,"FRANQUESA MALAGUTI, SL",hotel,sin_estrellas,sin_indicio,No aplica,,Independiente,False,18.0,9.0,08006,el Putxet i el Farró,Sarrià-Sant Gervasi,Saragossa,95-97,41.40370126,2.14662564,icgc_verificada,2.693,126.73,107.4,1.18,cruce_inicial,coordenada,3.5,False
HB-004290,Actual,ADEY SA,hotel,hotel_estrellas,sin_indicio,3 estrelles,3.0,Independiente,False,70.0,35.0,08008,la Dreta de l'Eixample,Eixample,Rosselló,238,41.39604936987211,2.161124615504911,censo,1.249,,,1.149,,,,False
HB-004292,Hostal Agua Alegre,,hotel,sin_estrellas,hostal,No aplica,,Independiente,False,13.0,7.0,08009,la Dreta de l'Eixample,Eixample,Roger de Lluria,47,41.39291014,2.16896321,icgc_verificada,0.663,,,1.18,,,,False
HB-004296,Barcelona Center,"HOTEL NOGA BARCELONA, S.L.U.",hotel,hotel_estrellas,sin_indicio,4 estrelles,4.0,Independiente,False,262.0,132.0,08008,l'Antiga Esquerra de l'Eixample,Eixample,Balmes,103-105,41.39174920826254,2.1592763481264403,censo,1.039,183.5,159.89,1.148,cruce_inicial,coordenada,4.2,False
HB-004298,SUNOTEL ASTON,SUNOTEL BCN SL,hotel,hotel_estrellas,sin_indicio,3 estrelles,3.0,Independiente,False,137.0,80.0,08029,la Nova Esquerra de l'Eixample,Eixample,de París,101 - 107,41.3894153824004,2.147431119447276,censo,1.902,,,1.149,,,,False
HB-004300,Eurostars Anglí,"EUROSTARS BONANOVA,S.L.U.",hotel,hotel_estrellas,sin_indicio,4 estrelles,4.0,Eurostars,True,96.0,48.0,08017,Sarrià,Sarrià-Sant Gervasi,Anglí,60,41.4031284407866,2.123133575987476,censo,4.301,,,1.148,,,,False
HB-004302,Barcelona Princess,"BARCELONA RESORT, S.L.",hotel,hotel_estrellas,sin_indicio,4 estrelles,4.0,Independiente,False,728.0,364.0,08019,Diagonal Mar i el Front Marítim del Poblenou,Sant Martí,Diagonal,1,41.4110045090144,2.218573600631514,censo,4.852,678.23,590.96,1.148,cruce_inicial,coordenada,4.2,False
HB-004303,Serhs del Port,"HOTEL COLIBRI, S.A.",hotel,hotel_estrellas,sin_indicio,3 estrelles,3.0,Independiente,False,77.0,48.0,08001,el Raval,Ciutat Vella,Paral.lel,40,41.37502470594311,2.172491156193394,censo,1.348,161.83,140.83,1.149,cruce_inicial,coordenada,4.1,False
HB-004304,AC Irla,"SANT GERVASI INMOBILIARIA, SA",hotel,hotel_estrellas,sin_indicio,3 estrelles,3.0,Independiente,False,63.0,36.0,08021,Sant Gervasi - Galvany,Sarrià-Sant Gervasi,Calvet,40-42,41.394843835098754,2.1434923809957,censo,2.377,,,1.149,,,,False
HB-004307,Hostal HMB,"HOSTEL MANAGEMENT BERNABE 2005, SL",hotel,sin_estrellas,hostal,No aplica,,Independiente,False,40.0,28.0,08012,la Vila de Gràcia,Gràcia,Francisco Giner,5,41.39847748,2.1598078,icgc_verificada,1.534,,,1.18,,,,False
HB-004308,Petit Palace Museum,"HIGH TECH HOTELS & RESORTS, S.A.",hotel,hotel_estrellas,sin_indicio,4 estrelles,4.0,Independiente,False,122.0,61.0,08007,la Dreta de l'Eixample,Eixample,Diputació,250,41.38892315462137,2.1652548921021864,censo,0.45,,,1.148,,,,False
HB-004309,Petit Palace BCN,"HIGH TECH HOTELS & RESORTS, S.A.",hotel,hotel_estrellas,sin_indicio,4 estrelles,4.0,Independiente,False,67.0,37.0,08010,la Dreta de l'Eixample,Eixample,Roger de Llúria,21,41.39103750558952,2.1714827736630458,censo,0.466,,,1.148,,,,False
HB-004310,Petit Palace Opera Garden,"HIGH TECH HOTELS & RESORTS, S.A.",hotel,hotel_estrellas,sin_indicio,4 estrelles,4.0,Independiente,False,189.0,103.0,08002,el Barri Gòtic,Ciutat Vella,Boqueria,10,41.38142179607159,2.173957740803392,censo,0.703,187.93,163.75,1.148,cruce_inicial,coordenada,4.4,False
HB-004312,BCN Port,"HOSTAL DRASSANES, SL",hotel,sin_estrellas,hostal,No aplica,,Independiente,False,56.0,32.0,08004,el Poble Sec,Sants-Montjuïc,Paral.lel,15,41.37448067,2.17473487,icgc_verificada,1.447,116.96,99.12,1.18,cruce_inicial,nombre_cerca,3.8,False
HB-004313,Ilunion Barcelona,"ILUNION HOTELS CATALUNYA, S.A.",hotel,hotel_estrellas,sin_indicio,4 estrelles,4.0,Ilunion,True,448.0,224.0,08005,el Poblenou,Sant Martí,Ramon Turró,196-198,41.39879429127325,2.202607059469988,censo,3.02,180.98,157.69,1.148,cruce_inicial,coordenada,4.2,False
HB-004314,HOTEL INDIGO BARCELONA PLAZA ESPAÑA,FST BARCELONA NEWCO SL,hotel,hotel_estrellas,sin_indicio,4 estrelles,4.0,Independiente,False,360.0,189.0,08004,la Font de la Guatlla,Sants-Montjuïc,de les Corts Catalanes,322,41.3733165097944,2.1472832541315308,censo,2.431,193.52,168.62,1.148,cruce_inicial,coordenada,4.3,False
HB-004316,Suitesbarcelona,"NEGOCIOS INMOBILIARIOS LAND, SL",hotel,sin_estrellas,apartamentos,No aplica,,Independiente,False,14.0,7.0,08008,la Dreta de l'Eixample,Eixample,Catalunya,103,41.39332113,2.16010362,icgc_verificada,1.084,203.52,172.47,1.18,cruce_inicial,coordenada,4.5,False
HB-004318,Sofitel Skipper Barcelona,"MARKDALE, S.L.",hotel,hotel_estrellas,sin_indicio,5 estrelles,5.0,Ibis / Accor,True,482.0,241.0,08005,la Barceloneta,Ciutat Vella,Litoral,10,41.38605535022618,2.1947558032935275,censo,2.068,316.38,288.12,1.098,cruce_inicial,coordenada,4.7,False
HB-004319,B-hotel,"Josel, SLU",hotel,hotel_estrellas,sin_indicio,3 estrelles,3.0,Independiente,False,168.0,84.0,08015,la Nova Esquerra de l'Eixample,Eixample,Gran Via Corts Catalanes,389-391,41.37653339269045,2.1505627650478845,censo,1.996,171.72,149.44,1.149,cruce_inicial,coordenada,4.5,False
HB-004321,Abac restaurant  hotel,HORECA SL,hotel,hotel_estrellas,sin_indicio,Gran luxe,5.0,Independiente,False,30.0,15.0,08022,Sant Gervasi - la Bonanova,Sarrià-Sant Gervasi,Tibidabo,1,41.410687165714535,2.136538939015184,censo,3.838,,,1.098,,,,False
HB-004325,Holiday Inn Express Barcelona City 22@,CONTINENTAL HOTELS HISPANIA S.L.,hotel,hotel_estrellas,sin_indicio,3 estrelles,3.0,Independiente,False,372.0,186.0,08005,el Poblenou,Sant Martí,Pallars,203,41.40158259154649,2.197904675794053,censo,2.837,302.89,263.59,1.149,cruce_inicial,coordenada,4.1,False
HB-004326,Mariano Cubí,"APARTHOTEL MARIANO CUBI, SL",hotel,hotel_estrellas,apartamentos,4 estrelles,4.0,Independiente,False,134.0,67.0,08006,Sant Gervasi - Galvany,Sarrià-Sant Gervasi,Marià Cubí,62-64,41.398196625069225,2.149429914329515,censo,2.12,178.95,155.92,1.148,cruce_inicial,coordenada,4.0,False
HB-004327,Axel,"HOTEL AXEL, S.L.U.",hotel,hotel_estrellas,sin_indicio,4 estrelles,4.0,Independiente,False,195.0,105.0,08011,l'Antiga Esquerra de l'Eixample,Eixample,Aribau,33,41.387490427552414,2.1603936374778963,censo,0.803,204.92,178.55,1.148,cruce_inicial,coordenada,4.1,False
HB-004328,H10 Montcada,"APOLO, S.L.",hotel,hotel_estrellas,sin_indicio,3 estrelles,3.0,H10,True,95.0,79.0,08003,"Sant Pere, Santa Caterina i la Ribera",Ciutat Vella,Laietana,24,41.38435696745752,2.178450594247824,censo,0.764,290.7,252.98,1.149,cruce_inicial,coordenada,4.6,False
HB-004329,Villa Emilia,HOTEL VILLA EMILIA S.L.,hotel,hotel_estrellas,sin_indicio,4 estrelles,4.0,Independiente,False,106.0,53.0,08015,la Nova Esquerra de l'Eixample,Eixample,Calabria,115-117,41.38028439778812,2.154115367780378,censo,1.521,257.0,223.93,1.148,cruce_inicial,nombre_exacto,9.0,False
HB-004333,ONIX LICEO,YCIESA CORNELLA SA,hotel,hotel_estrellas,sin_indicio,3 estrelles,3.0,Independiente,False,83.0,45.0,08001,el Raval,Ciutat Vella,Nou de la Rambla,36,41.37805924615935,2.17308711223,censo,1.027,139.46,121.36,1.149,cruce_inicial,coordenada,4.2,False
HB-004335,AC Sants,MAS VILANOVA SL,hotel,hotel_estrellas,sin_indicio,4 estrelles,4.0,Independiente,False,140.0,78.0,08014,Sants,Sants-Montjuïc,Sant Antoni,36-40,41.377530266461655,2.138753603551999,censo,2.812,,,1.148,,,,False
HB-004337,Barceló Raval,"BARCELÓ RAVAL, S.L.",hotel,hotel_estrellas,sin_indicio,4 estrelles superior,4.5,Barcelo,True,372.0,186.0,08001,el Raval,Ciutat Vella,Raval,17-21,41.378995850230304,2.1694615473557786,censo,0.891,186.8,162.76,1.148,cruce_inicial,coordenada,4.4,False
HB-004338,Rondas Lesseps,TORRESTA SL,hotel,hotel_estrellas,sin_indicio,4 estrelles,4.0,Independiente,False,112.0,59.0,08023,Vallcarca i els Penitents,Gràcia,Ballester,77-81,41.40874704534156,2.1478692995945443,censo,3.042,140.31,122.26,1.148,cruce_inicial,coordenada,4.3,False
HB-004339,Eurostars Ramblas Boqueria,"HOTEL RAMBLAS BOQUERIA, S.L.",hotel,hotel_estrellas,sin_indicio,3 estrelles,3.0,Eurostars,True,54.0,30.0,08002,el Raval,Ciutat Vella,Rambla,91-93,41.3821801293001,2.1721576087440453,censo,0.565,156.14,135.88,1.149,cruce_inicial,coordenada,4.2,False
HB-004340,Attica21 Barcelona Mar,"ATTICA21 HOTELES, SL",hotel,hotel_estrellas,sin_indicio,4 estrelles,4.0,Independiente,False,150.0,75.0,08019,Diagonal Mar i el Front Marítim del Poblenou,Sant Martí,Provençals,10,41.4054241634595,2.212212839257979,censo,4.074,4090.48,3564.16,1.148,cruce_inicial,coordenada,4.3,False
HB-004344,Hostal Central,"HOSTAL CENTRAL BARCELONA, SL",hotel,sin_estrellas,hostal,No aplica,,Independiente,False,12.0,8.0,08011,la Dreta de l'Eixample,Eixample,Universitat,11,41.38644605,2.16561028,icgc_verificada,0.371,,,1.18,,,,False
HB-004345,Pestana Arena Barcelona,"DESARROLLOS HOTELEROS BARCELONA 2004, SA",hotel,hotel_estrellas,sin_indicio,4 estrelles,4.0,Independiente,False,168.0,84.0,08014,Hostafrancs,Sants-Montjuïc,Consell de Cent,51-53,41.376795061952784,2.146045971839959,censo,2.298,131.41,114.5,1.148,cruce_inicial,coordenada,4.4,False
HB-004346,Catalonia Rigoletto,SABEL DE SERVICIO SLU,hotel,hotel_estrellas,sin_indicio,4 estrelles,4.0,Catalonia,True,127.0,65.0,08028,la Maternitat i Sant Ramon,Les Corts,Sabino de Arana,22-24,41.38559578892902,2.1252974604201382,censo,3.733,239.22,208.44,1.148,cruce_inicial,coordenada,4.3,False
HB-004348,Sunotel Central,SUNOTEL BCN SL,hotel,hotel_estrellas,sin_indicio,4 estrelles,4.0,Independiente,False,119.0,80.0,08002,Sant Antoni,Eixample,Gran Via Corts Catalanes,570-572,41.38420406769885,2.16174738288558,censo,0.755,,,1.148,,,,False
HB-004349,1898,"Josel, SLU",hotel,hotel_estrellas,sin_indicio,4 estrelles superior,4.5,Independiente,False,329.0,169.0,08002,el Raval,Ciutat Vella,La Rambla,109,41.38351958772667,2.1712028468782907,censo,0.4,275.95,240.44,1.148,cruce_inicial,coordenada,4.6,False
HB-004350,HOTEL NOBU BARCELONA,"Suniva Investments, SL",hotel,hotel_estrellas,sin_indicio,Gran luxe,5.0,Independiente,False,518.0,259.0,08014,Hostafrancs,Sants-Montjuïc,DE ROMA,2-4,41.37973333279287,2.142381968559444,censo,2.442,318.37,289.93,1.098,cruce_inicial,coordenada,4.4,False
HB-004353,GRAN HOTEL MEDINACELI,GRAN HOTEL MEDINACELI SL,hotel,hotel_estrellas,sin_indicio,4 estrelles superior,4.5,Independiente,False,147.0,74.0,08002,el Barri Gòtic,Ciutat Vella,Medinaceli,7-8,41.37820361812157,2.178662335514303,censo,1.216,,,1.148,,,,False
HB-004354,TOC HOTEL LAS RAMBLAS,"TOC BOQUERÍA, S.L.",hotel,hotel_estrellas,sin_indicio,1 estrella,1.0,Independiente,False,32.0,24.0,08001,el Raval,Ciutat Vella,del Carme,25,41.38235349588175,2.1705067337945483,censo,0.518,263.5,223.3,1.18,cruce_inicial,nombre_exacto,8.5,False
HB-004355,Hostal Caballero San Juan - Ramblas Rooms,BACKSWING SL,hotel,sin_estrellas,hostal,No aplica,,Independiente,False,11.0,6.0,08010,la Dreta de l'Eixample,Eixample,Sant Joan,1,41.39177098,2.17923545,icgc_verificada,0.935,,,1.18,,,,False
HB-004358,Melia Barcelona Sky,MELIA HOTELS INTERNACIONAL SA,hotel,hotel_estrellas,sin_indicio,4 estrelles superior,4.5,Melia,True,318.0,162.0,08005,el Poblenou,Sant Martí,Pere IV,272-286,41.40625060425398,2.2005898552861654,censo,3.331,,,1.148,,,,False
HB-004360,Market,Hotel del Passatge Sant Antoni S.L.,hotel,hotel_estrellas,sin_indicio,3 estrelles,3.0,Independiente,False,36.0,20.0,08015,Sant Antoni,Eixample,Sant Antoni Abad,10,41.379258633085314,2.160584026300663,censo,1.165,145.09,126.26,1.149,cruce_inicial,coordenada,3.8,False
HB-004361,Martina,"BADIA BARRERRO, SL",hotel,sin_estrellas,sin_indicio,No aplica,,Independiente,False,7.0,4.0,08010,la Dreta de l'Eixample,Eixample,Bailen,42,41.39369461,2.17507165,icgc_verificada,0.856,,,1.18,,,,False
HB-004363,H10 Casanova,"APOLO, S.L.",hotel,hotel_estrellas,sin_indicio,4 estrelles,4.0,H10,True,241.0,124.0,08011,l'Antiga Esquerra de l'Eixample,Eixample,Gran Via Corts Catalanes,559,41.38425728199812,2.160937711962806,censo,0.815,202.45,176.4,1.148,cruce_inicial,coordenada,4.5,False
HB-004365,LIMONAIA 1,"INPREDA, SCP",hotel,sin_estrellas,sin_indicio,No aplica,,Independiente,False,10.0,5.0,08008,la Dreta de l'Eixample,Eixample,Rosselló,242,41.39620261,2.16134209,icgc_verificada,1.252,,,1.18,,,,False
HB-004366,Limonaia 2,NOU OCEA SL,hotel,sin_estrellas,sin_indicio,No aplica,,Independiente,False,12.0,6.0,08008,la Dreta de l'Eixample,Eixample,Rosselló,242,41.39620261,2.16134209,icgc_verificada,1.252,,,1.18,,,,False
HB-004367,LIMONAIA 3,,hotel,sin_estrellas,sin_indicio,No aplica,,Independiente,False,12.0,6.0,08008,la Dreta de l'Eixample,Eixample,Rosselló,242,41.39620261,2.16134209,icgc_verificada,1.252,,,1.18,,,,False
HB-004368,Hostal Plaza Goya Bcn 1,"HOSTAL GOYA, S.C.P.",hotel,sin_estrellas,hostal,No aplica,,Independiente,False,12.0,6.0,08011,Sant Antoni,Eixample,Sepúlveda,187,41.38412229,2.16354684,icgc_verificada,0.626,,,1.18,,,,False
HB-004369,HOTEL CATALONIA LA BOQUERIA,"SAHARA RAMBLAS BCN, S.L.U.",hotel,hotel_estrellas,sin_indicio,3 estrelles,3.0,Catalonia,True,130.0,70.0,08001,el Raval,Ciutat Vella,de l Hospital,26,41.38098411334437,2.172122536801932,censo,0.692,172.16,149.82,1.149,cruce_inicial,coordenada,4.3,False
HB-004370,Miramar,"HOTEL MIRAMAR BARCELONA, SA",hotel,hotel_estrellas,sin_indicio,Gran luxe,5.0,Independiente,False,150.0,75.0,08038,el Poble Sec,Sants-Montjuïc,Carlos Ibañez,3,41.37082533668786,2.171029603858893,censo,1.801,280.22,255.19,1.098,cruce_inicial,nombre_cerca,4.2,False
HB-004371,HOTEL 54 BARCELONETA,"IBERUS ENTERPRISE, S.L. UNIPERSONAL",hotel,hotel_estrellas,sin_indicio,3 estrelles,3.0,Independiente,False,36.0,20.0,08003,la Barceloneta,Ciutat Vella,Joan de Borbó,54,41.37708405152949,2.1888146866302938,censo,1.918,205.63,178.95,1.149,cruce_inicial,coordenada,4.3,False
HB-004372,Ibis Barcelona Plaça Glories 22@,"Essendi Hospitality Spain, S.A.",hotel,hotel_estrellas,sin_indicio,2 estrelles,2.0,Ibis / Accor,True,294.0,147.0,08005,el Parc i la Llacuna del Poblenou,Sant Martí,Ciudad de Granada,99,41.40109113013275,2.194353048792864,censo,2.566,,,1.18,,,,False
HB-004373,NAITLY BARCELONA POBLENOU,"LIBERE HOSPITALITY, S.L.",hotel,hotel_estrellas,sin_indicio,4 estrelles,4.0,Independiente,False,194.0,97.0,08018,el Parc i la Llacuna del Poblenou,Sant Martí,Carrer de Sancho de Ávila,32,41.397756260768254,2.188884986209947,censo,1.978,192.93,168.11,1.148,cruce_inicial,coordenada,4.4,False
HB-004374,Hotel Casa Sagnier,"TRAMO,S.A.",hotel,hotel_estrellas,sin_indicio,5 estrelles,5.0,Independiente,False,93.0,51.0,08008,la Dreta de l'Eixample,Eixample,Rambla Catalunya,104,41.39409023435555,2.159638847196222,censo,1.17,281.61,256.46,1.098,cruce_inicial,coordenada,4.6,False
HB-004375,Atlas,"GREEN AND GREEN 2007, SL",hotel,hotel_estrellas,sin_indicio,3 estrelles,3.0,Independiente,False,36.0,20.0,08002,el Barri Gòtic,Ciutat Vella,Cardenal Casañas,11,41.3819937601075,2.173411024440062,censo,0.625,,,1.149,,,,False
HB-004376,Room Mate Carla,SAMI ITG SL,hotel,hotel_estrellas,sin_indicio,4 estrelles,4.0,Room Mate,True,155.0,88.0,08037,la Dreta de l'Eixample,Eixample,Mallorca,288,41.39637793333202,2.166097146888065,censo,1.092,175.62,153.02,1.148,cruce_inicial,coordenada,4.5,False
HB-004377,Barcelona Hotel Colonial,"PEÑA TELERA TURISTICA, S.A.",hotel,hotel_estrellas,sin_indicio,4 estrelles,4.0,Independiente,False,161.0,82.0,08003,el Barri Gòtic,Ciutat Vella,Layetana,3,41.382391407459735,2.18068485341705,censo,1.028,185.91,161.99,1.148,cruce_inicial,coordenada,4.2,False
HB-004378,Hotel Barcelona Condal Mar,MELIA HOTELS INTERNACIONAL SA,hotel,hotel_estrellas,sin_indicio,4 estrelles,4.0,Melia,True,356.0,178.0,08019,Provençals del Poblenou,Sant Martí,CristÃ³bal de Moura,138,41.41267591709274,2.2091044174393395,censo,4.335,248.49,216.52,1.148,cruce_inicial,nombre_cerca,4.1,False
HB-004379,Catalonia Ramblas,DUQUES DE BERGARA S.L.U,hotel,hotel_estrellas,sin_indicio,4 estrelles superior,4.5,Catalonia,True,433.0,221.0,08001,el Raval,Ciutat Vella,Pelai,28,41.38565439662025,2.166874143773639,censo,0.301,196.58,171.29,1.148,cruce_inicial,coordenada,4.6,False
HB-004380,Abba Rambla Hotel,"ABBA RAMBLA, SA",hotel,hotel_estrellas,sin_indicio,3 estrelles,3.0,Abba,True,98.0,49.0,08001,el Raval,Ciutat Vella,Raval,4C,41.37947176507622,2.167905493015968,censo,0.855,132.68,115.46,1.149,cruce_inicial,nombre_exacto,4.3,False
HB-004383,Hotel  Spa Villa Olimpic@ Suites,RESIDENCIAL CIUDAD DIAGONAL,hotel,hotel_estrellas,residencia,4 estrelles,4.0,Independiente,False,288.0,150.0,08018,el Parc i la Llacuna del Poblenou,Sant Martí,Pallars,121-125,41.39724415106169,2.1923020609167057,censo,2.181,221.0,192.56,1.148,cruce_inicial,nombre,8.5,False
HB-004386,The Praktik,Budget Hotels S.L.,hotel,sin_estrellas,sin_indicio,No aplica,,Praktik,True,69.0,42.0,08009,la Dreta de l'Eixample,Eixample,Diputació,325,41.39376515,2.17133942,icgc_verificada,0.761,177.27,150.23,1.18,cruce_inicial,coordenada,4.3,False
HB-004387,SB Diagonal Zero,"SB HOTELS SPAIN\\, S.L.",hotel,hotel_estrellas,sin_indicio,4 estrelles superior,4.5,SB,True,524.0,262.0,08019,el Besòs i el Maresme,Sant Martí,Eduard Maristany,1,41.41180220577746,2.2193500158438,censo,4.955,312.59,272.37,1.148,cruce_inicial,nombre_exacto,4.0,False
HB-004388,Blanc Guesthouse,"PLANET  BAUSA, SCP",hotel,sin_estrellas,sin_indicio,No aplica,,Independiente,False,20.0,11.0,08006,Sant Gervasi - Galvany,Sarrià-Sant Gervasi,Tuset,27,41.39655222,2.1509142,icgc_verificada,1.914,180.75,153.18,1.18,cruce_inicial,coordenada,4.4,False
HB-004389,Olivia Plaza,"OLIVIA HOTELS, SA",hotel,hotel_estrellas,sin_indicio,4 estrelles,4.0,Independiente,False,218.0,113.0,08002,el Barri Gòtic,Ciutat Vella,Catalunya,19,41.386275500391726,2.171019099523615,censo,0.117,207.27,180.6,1.148,cruce_inicial,coordenada,4.6,False
HB-004393,Denit,MAJESTIC SPORT SL,hotel,hotel_estrellas,sin_indicio,3 estrelles,3.0,Independiente,False,63.0,36.0,08002,el Barri Gòtic,Ciutat Vella,Estruc,24-26,41.38703349318344,2.17258962486306,censo,0.216,153.67,133.73,1.149,cruce_inicial,coordenada,4.4,False
HB-004398,Ciutat Vella,HOTEL LLEO SL,hotel,hotel_estrellas,sin_indicio,3 estrelles,3.0,Independiente,False,75.0,40.0,08001,el Raval,Ciutat Vella,Tallers,66,41.38503996792919,2.166563720114081,censo,0.36,161.13,140.22,1.149,cruce_inicial,coordenada,4.1,False
HB-004402,Somnio Hostel,"SOMNIO HOSTELS, SL",hotel,sin_estrellas,hostal,No aplica,,Independiente,False,14.0,9.0,08007,la Dreta de l'Eixample,Eixample,Diputació,251,41.389052,2.16507609,icgc_verificada,0.47,109.0,92.37,1.18,cruce_inicial,nombre,7.8,False
HB-004403,Mandarin Oriental Barcelona,TRIVALOR XXI - Mandarin Oriental Hotel Group,hotel,hotel_estrellas,sin_indicio,Gran luxe,5.0,Independiente,False,240.0,120.0,08008,la Dreta de l'Eixample,Eixample,Gracia,36-38-40,41.39118287294969,2.166643697753432,censo,0.543,,,1.098,,,,False
HB-004409,Oliveta,,hotel,sin_estrellas,sin_indicio,No aplica,,Independiente,False,10.0,6.0,08004,el Poble Sec,Sants-Montjuïc,Poeta Cabanyes,16-18,41.37415368,2.16553563,icgc_verificada,1.476,,,1.18,,,,False
HB-004410,Catalonia Born,ARC DE TRIOMF SL,hotel,hotel_estrellas,sin_indicio,4 estrelles,4.0,Catalonia,True,157.0,90.0,08003,"Sant Pere, Santa Caterina i la Ribera",Ciutat Vella,Rec Comtal,16-18,41.38977222254957,2.1799417919562463,censo,0.885,156.47,136.34,1.148,cruce_inicial,coordenada,4.5,False
HB-004411,W Barcelona,CIGAHOTELS ESPAÑA SL,hotel,hotel_estrellas,sin_indicio,Gran luxe,5.0,Independiente,False,954.0,477.0,08039,la Barceloneta,Ciutat Vella,Rosa dels Vents,1,41.36833946653336,2.1899130685524613,censo,2.658,,,1.098,,,,False
HB-004412,Soho,"Josel, SLU",hotel,hotel_estrellas,sin_indicio,3 estrelles,3.0,Independiente,False,102.0,51.0,08011,l'Antiga Esquerra de l'Eixample,Eixample,Gran Via Corts Catalanes,543-545,41.38348034132375,2.159907457704324,censo,0.929,209.91,182.67,1.149,cruce_inicial,coordenada,4.6,False
HB-004413,Antonio Moreno,,hotel,sin_estrellas,sin_indicio,No aplica,,Independiente,False,5.0,4.0,08026,el Camp de l'Arpa del Clot,Sant Martí,Valencia,583,41.40872348,2.18449844,icgc_verificada,2.701,,,1.18,,,,False
HB-004414,Novotel Barcelona City,"Essendi Hospitality Spain, S.A.",hotel,hotel_estrellas,sin_indicio,4 estrelles,4.0,Ibis / Accor,True,528.0,264.0,08018,el Parc i la Llacuna del Poblenou,Sant Martí,Diagonal,201,41.40411334876118,2.1911051109272464,censo,2.592,469.36,408.97,1.148,cruce_inicial,coordenada,4.4,False
HB-004416,Luxor BCN,"AMBAR NIT, SL",hotel,sin_estrellas,sin_indicio,No aplica,,Independiente,False,9.0,5.0,08022,Sant Gervasi - la Bonanova,Sarrià-Sant Gervasi,Teodora Lamadrid,4,41.40593534,2.13799207,icgc_verificada,3.4,,,1.18,,,,False
HB-004421,Grupotel Gran Via 678,"S'ARENAL BLAU, SL",hotel,hotel_estrellas,sin_indicio,4 estrelles,4.0,Independiente,False,175.0,98.0,08010,la Dreta de l'Eixample,Eixample,Gran Via Corts Catalanes,678,41.39247949702919,2.1727626167524394,censo,0.651,194.76,169.7,1.148,cruce_inicial,coordenada,4.3,False
HB-004428,ALLEGRO BARCELONA,BARCELO CONDAL HOTELES S.A.,hotel,hotel_estrellas,sin_indicio,3 estrelles,3.0,Barcelo,True,112.0,56.0,08008,l'Antiga Esquerra de l'Eixample,Eixample,del Rosselló,205,41.39274455380809,2.156399091968028,censo,1.302,,,1.149,,,,False
HB-004429,Sant Antoni,"MOLSAN INMOBILIARIA 2000, SL",hotel,hotel_estrellas,sin_indicio,3 estrelles,3.0,Independiente,False,79.0,45.0,08013,el Fort Pienc,Eixample,Consell de Cent,476,41.39980475936292,2.177472066279761,censo,1.554,139.91,121.76,1.149,cruce_inicial,coordenada,4.4,False
HB-004430,Catalonia Avinyó,"FARBEBLAU, SA",hotel,hotel_estrellas,sin_indicio,3 estrelles,3.0,Catalonia,True,145.0,83.0,08002,el Barri Gòtic,Ciutat Vella,Lleona,12,41.38115079355082,2.1762702074956777,censo,0.835,148.93,129.6,1.149,cruce_inicial,coordenada,4.3,False
HB-004432,Catalonia Port,DUQUES DE BERGARA S.L.U,hotel,hotel_estrellas,sin_indicio,4 estrelles,4.0,Catalonia,True,82.0,41.0,08002,el Barri Gòtic,Ciutat Vella,Ample,1,41.37876625360919,2.178756260833569,censo,1.171,216.2,188.38,1.148,cruce_inicial,coordenada,4.7,False
HB-004437,Eurostars BCN Design,"HOTELES TURISTICOS UNIDOS, S.A.",hotel,hotel_estrellas,sin_indicio,5 estrelles,5.0,Eurostars,True,124.0,65.0,08007,la Dreta de l'Eixample,Eixample,Gracia,29-31,41.390828486977725,2.166082515145233,censo,0.537,,,1.098,,,,False
HB-004440,Bagués,DERBY BAGUES SL,hotel,hotel_estrellas,sin_indicio,5 estrelles,5.0,Derby,True,59.0,31.0,08001,el Raval,Ciutat Vella,Rambla,105,41.382830858805015,2.1715851978752343,censo,0.482,301.95,274.98,1.098,cruce_inicial,coordenada,4.4,False
HB-004443,Eos,"PENSION EOS, SCP",hotel,sin_estrellas,pension,No aplica,,Independiente,False,6.0,4.0,08011,l'Antiga Esquerra de l'Eixample,Eixample,Gran Via Corts Catalanes,575,41.38517336,2.16217755,icgc_verificada,0.683,,,1.18,,,,False
HB-004446,Aramunt,ARAMUNT S.A.,hotel,hotel_estrellas,sin_indicio,3 estrelles,3.0,Independiente,False,50.0,25.0,08011,l'Antiga Esquerra de l'Eixample,Eixample,Muntaner,60,41.38692296153267,2.1592589542910208,censo,0.896,166.65,145.03,1.149,cruce_inicial,coordenada,3.8,False
HB-004450,CASA ELLIOT,"NAMIEL, SL",hotel,hotel_estrellas,sin_indicio,4 estrelles,4.0,Independiente,False,67.0,38.0,08011,Sant Antoni,Eixample,SEPULVEDA,180,41.38331075291595,2.1628344673130586,censo,0.725,213.05,185.64,1.148,cruce_inicial,coordenada,4.2,False
HB-004451,OHLA BARCELONA,"CENTCLAUS, SL",hotel,hotel_estrellas,sin_indicio,5 estrelles,5.0,Independiente,False,148.0,74.0,08003,el Barri Gòtic,Ciutat Vella,Via Laietana,49,41.38708935995336,2.174351778395592,censo,0.363,364.05,331.53,1.098,cruce_inicial,coordenada,4.6,False
HB-004452,Chic  Basic Born,"CHIC  BASIC BORN, SL",hotel,hotel_estrellas,sin_indicio,3 estrelles,3.0,Independiente,False,55.0,31.0,08003,"Sant Pere, Santa Caterina i la Ribera",Ciutat Vella,Princesa,50,41.3868380591292,2.182539978196907,censo,1.046,159.94,139.19,1.149,cruce_inicial,coordenada,4.2,False
HB-004455,Leonardo Boutique Hotel Sagrada Familia,PAIMAC Investments SLU,hotel,hotel_estrellas,sin_indicio,3 estrelles,3.0,Independiente,False,117.0,59.0,08026,el Camp de l'Arpa del Clot,Sant Martí,Mallorca,606,41.411053558718855,2.1856608397435298,censo,2.977,166.39,144.8,1.149,cruce_inicial,coordenada,4.4,False
HB-004456,HOTEL CIUTAT DE BARCELONA,DESMERA XXI SL,hotel,hotel_estrellas,sin_indicio,3 estrelles,3.0,Independiente,False,147.0,78.0,08003,"Sant Pere, Santa Caterina i la Ribera",Ciutat Vella,de la Princesa,33,41.38590868033259,2.1810501422453368,censo,0.93,230.0,200.15,1.149,cruce_inicial,booking_playwright,8.8,False
HB-004457,Barcelona House,"P TARRASON, SL",hotel,hotel_estrellas,sin_indicio,3 estrelles,3.0,Independiente,False,100.0,57.0,08002,el Barri Gòtic,Ciutat Vella,Escudellers,19,41.3794181,2.1761357,icgc_verificada,0.986,,,1.149,,,,True
HB-004459,Laumon,"HOTEL LAUMON, S.L.",hotel,hotel_estrellas,sin_indicio,3 estrelles,3.0,Independiente,False,42.0,26.0,08027,la Sagrera,Sant Andreu,Monlau,8-10,41.42323301864309,2.190591894128539,censo,4.38,114.87,99.96,1.149,cruce_inicial,coordenada,4.2,False
HB-004463,Mímic,"INVERSIONS RIERA DE SANT MIQUEL, SL",hotel,hotel_estrellas,sin_indicio,2 estrelles,2.0,Independiente,False,138.0,92.0,08001,el Raval,Ciutat Vella,Arc del Teatre,58,41.37553782037477,2.1729667610950627,censo,1.298,,,1.18,,,,False
HB-004464,Hostemplo,,hotel,sin_estrellas,sin_indicio,No aplica,,Independiente,False,18.0,10.0,08013,la Sagrada Família,Eixample,Sicília,276,41.40086452,2.17460967,icgc_verificada,1.589,,,1.18,,,,False
HB-004465,Alma Barcelona,"ECAMED BARCELONA,S.L.",hotel,hotel_estrellas,sin_indicio,Gran luxe,5.0,Independiente,False,144.0,72.0,08008,la Dreta de l'Eixample,Eixample,MALLORCA,269,41.394535633208605,2.163277476615997,censo,1.008,418.7,381.3,1.098,cruce_inicial,coordenada,4.5,False
HB-004466,NH DIAGONAL CENTER,NH MARIN SA,hotel,hotel_estrellas,sin_indicio,4 estrelles,4.0,NH,True,258.0,129.0,08018,el Parc i la Llacuna del Poblenou,Sant Martí,Álaba,94-96,41.39796101226249,2.192160534571676,censo,2.214,218.97,190.8,1.148,cruce_inicial,coordenada,4.1,False
HB-004468,Acta Bcn 40,"VALLDOCAM, SL",hotel,hotel_estrellas,sin_indicio,2 estrelles,2.0,Acta,True,66.0,42.0,08001,el Raval,Ciutat Vella,Joaquim Costa,40,41.382662928864086,2.1657822832691145,censo,0.597,124.6,105.59,1.18,cruce_inicial,coordenada,4.2,False
HB-004469,Monrooms Barcelona,"MONROOMS BARCELONA, SL",hotel,sin_estrellas,sin_indicio,No aplica,,Independiente,False,15.0,8.0,08023,la Salut,Gràcia,Mare de Deu del Coll,14,41.40862139,2.15003072,icgc_verificada,2.925,,,1.18,,,,False
HB-004470,ANBA,"TRIUNFO BCN HOTELES, S.L.",hotel,sin_estrellas,sin_indicio,No aplica,,Independiente,False,14.0,7.0,08010,la Dreta de l'Eixample,Eixample,de Sant Pere,27,41.38989939,2.17483637,icgc_verificada,0.516,,,1.18,,,,False
HB-004474,Q,"VALLDONZELLA, S.L.",hotel,sin_estrellas,sin_indicio,No aplica,,Independiente,False,42.0,21.0,08010,la Dreta de l'Eixample,Eixample,Sant Pere,22,41.38922532,2.17398362,icgc_verificada,0.414,,,1.18,,,,False
HB-004475,ELLA HOSTEL GRAN VIA,"WELCOME COMART, SL",hotel,sin_estrellas,hostal,No aplica,,Independiente,False,16.0,9.0,08010,la Dreta de l'Eixample,Eixample,de Girona,39,41.39270778,2.17374181,icgc_verificada,0.707,170.54,144.52,1.18,cruce_inicial,coordenada,4.2,False
HB-004478,Eurostars Monumental,"BLANTOUR HOTELES, SL",hotel,hotel_estrellas,sin_indicio,4 estrelles,4.0,Eurostars,True,79.0,45.0,08013,el Fort Pienc,Eixample,Consell de Cent,498-500,41.40063473117331,2.178578140968594,censo,1.676,,,1.148,,,,False
HB-004479,Hostal Muntaner II,,hotel,sin_estrellas,hostal,No aplica,,Independiente,False,8.0,4.0,08036,l'Antiga Esquerra de l'Eixample,Eixample,Muntaner,175,41.39187227,2.15227872,icgc_verificada,1.574,,,1.18,,,,False
HB-004482,Vincci Bit,VINCCI HOTELES SA,hotel,hotel_estrellas,sin_indicio,4 estrelles,4.0,Vincci,True,354.0,177.0,08019,Diagonal Mar i el Front Marítim del Poblenou,Sant Martí,Josep Pla,69,41.41157790549181,2.2119803428791114,censo,4.442,232.81,202.85,1.148,cruce_inicial,coordenada,4.3,False
HB-004483,Circa 1905,"COCOONING CONCEPT, SLU",hotel,sin_estrellas,sin_indicio,No aplica,,Independiente,False,18.0,9.0,08008,la Dreta de l'Eixample,Eixample,Provença,286-288,41.39413575,2.16087562,icgc_verificada,1.1,,,1.18,,,,False
HB-004485,House,"RENTHAUS, SL",hotel,sin_estrellas,sin_indicio,No aplica,,Independiente,False,12.0,8.0,08014,la Bordeta,Sants-Montjuïc,Constitució,36,41.36989972,2.13663946,icgc_verificada,3.371,,,1.18,,,,False
HB-004486,Hostal BCN46,LAL MOTI SL,hotel,sin_estrellas,hostal,No aplica,,Independiente,False,19.0,10.0,08009,la Dreta de l'Eixample,Eixample,Roger de Llúria,46,41.39230414,2.17012872,icgc_verificada,0.59,91.55,77.58,1.18,cruce_inicial,coordenada,3.8,False
HB-004487,Luxtal 1-23,"LUXTELO 1-23, SL",hotel,sin_estrellas,sin_indicio,No aplica,,Independiente,False,10.0,5.0,08014,Hostafrancs,Sants-Montjuïc,Mallorca,1-23,41.37917979,2.14292579,icgc_verificada,2.42,,,1.18,,,,False
HB-004488,Andante,DESMERA XXI SL,hotel,hotel_estrellas,sin_indicio,3 estrelles,3.0,Independiente,False,253.0,134.0,08001,el Raval,Ciutat Vella,Drassanes,23-25,41.37670366639929,2.1726214959777024,censo,1.166,143.05,124.49,1.149,cruce_inicial,coordenada,4.4,False
HB-004489,Plaza de Goya 2,"HOSTAL GOYA, S.C.P.",hotel,sin_estrellas,hostal,No aplica,,Independiente,False,16.0,4.0,08011,Sant Antoni,Eixample,Sepúlveda,187,41.38412229,2.16354684,icgc_verificada,0.626,153.5,130.08,1.18,cruce_inicial,booking_playwright,8.4,False
HB-004490,The Mirror Barcelona,"IO HOTEL, SL",hotel,hotel_estrellas,sin_indicio,4 estrelles superior,4.5,Independiente,False,126.0,63.0,08036,l'Antiga Esquerra de l'Eixample,Eixample,Corsega,255,41.3930692285982,2.154543978894316,censo,1.455,,,1.148,,,,False
HB-004493,Edifici La República,ESTUDIOS Y LOFTS SL,hotel,hotel_estrellas,sin_indicio,4 estrelles,4.0,Independiente,False,26.0,13.0,08005,el Poblenou,Sant Martí,de Pujades,120,41.39788932287978,2.195854798278474,censo,2.473,167.64,146.07,1.148,rescate,,,False
HB-004495,Martinval,"QUE TAL COLLECTION, SCP",hotel,sin_estrellas,sin_indicio,No aplica,,Independiente,False,19.0,10.0,08009,la Dreta de l'Eixample,Eixample,Bruc,117,41.39640033,2.16659005,icgc_verificada,1.083,128.45,108.86,1.18,cruce_inicial,coordenada,4.1,False
HB-004496,Barcelona Centro,"HOSTAL BARCELONA CENTRO, SCP",hotel,sin_estrellas,hostal,No aplica,,Independiente,False,16.0,8.0,08009,la Dreta de l'Eixample,Eixample,Pau Clarís,104,41.39123195,2.16928395,icgc_verificada,0.474,,,1.18,,,,False
HB-004497,Hostalin Barcelona,"KE MAS 2007, S.L.",hotel,sin_estrellas,hostal,No aplica,,Independiente,False,8.0,4.0,08013,la Dreta de l'Eixample,Eixample,Diputació,346,41.39644632,2.17528966,icgc_verificada,1.139,,,1.18,,,,False
HB-004499,Barcelona House,"P TARRASON, SL",hotel,hotel_estrellas,sin_indicio,3 estrelles,3.0,Independiente,False,102.0,57.0,08002,el Barri Gòtic,Ciutat Vella,Escudellers,19,41.37945168120545,2.176150150421485,censo,0.984,,,1.149,,,,True
HB-004502,Dalia Ramblas,DALIA RAMBLES SL,hotel,hotel_estrellas,sin_indicio,3 estrelles,3.0,Independiente,False,48.0,28.0,08001,el Raval,Ciutat Vella,Sant Pau,22,41.38016798202287,2.1728584699115583,censo,0.796,,,1.149,,,,False
HB-004503,FRONT ARC,PROSERJO SL,hotel,sin_estrellas,sin_indicio,No aplica,,Independiente,False,7.0,4.0,08010,la Dreta de l'Eixample,Eixample,de Sant Pere,53,41.39151227,2.17914274,icgc_verificada,0.913,,,1.18,,,,False
HB-004504,Mercer Barcelona,"MERCER BARCELONA, SL",hotel,hotel_estrellas,sin_indicio,Gran luxe,5.0,Independiente,False,56.0,27.0,08002,el Barri Gòtic,Ciutat Vella,Lledó,7,41.382651164188815,2.1789334889424303,censo,0.888,614.66,559.76,1.098,cruce_inicial,coordenada,4.6,False
HB-004505,Brustar Centric,"BRUSTARR ENSUITE LODGING, S.L.",hotel,hotel_estrellas,sin_indicio,2 estrelles,2.0,Independiente,False,16.0,9.0,08010,la Dreta de l'Eixample,Eixample,Sant Pere,60,41.39080648029321,2.1780619495114397,censo,0.795,,,1.18,,,,False
HB-004506,Khronos,"BRITANNIA TRAVEL, SCP",hotel,sin_estrellas,sin_indicio,No aplica,,Independiente,False,18.0,9.0,08037,la Dreta de l'Eixample,Eixample,Mallorca,285,41.39610015,2.16538023,icgc_verificada,1.083,182.09,154.31,1.18,cruce_inicial,nombre_cerca,4.5,False
HB-004507,AinB,VENPRE SL,hotel,hotel_estrellas,sin_indicio,2 estrelles,2.0,Independiente,False,11.0,6.0,08011,Sant Antoni,Eixample,Muntaner,4,41.38405393847892,2.1630462799097723,censo,0.666,,,1.18,,,,False
HB-004508,Arai,"TUINCLOS, SL",hotel,hotel_estrellas,sin_indicio,4 estrelles superior,4.5,Independiente,False,64.0,31.0,08001,el Barri Gòtic,Ciutat Vella,Avinyo,30,41.380856502025104,2.1773491271715457,censo,0.918,249.47,217.37,1.148,cruce_inicial,coordenada,4.5,False
HB-004509,The 8 BedBreakfast Barcelona,"KETGRUPP, SL",hotel,sin_estrellas,sin_indicio,No aplica,,Independiente,False,13.0,8.0,08009,la Dreta de l'Eixample,Eixample,Aragó,281,41.39322136,2.16601054,icgc_verificada,0.768,,,1.18,,,,False
HB-004511,Violeta Boutique,"GI39, SCP",hotel,sin_estrellas,sin_indicio,No aplica,,Independiente,False,8.0,4.0,08010,la Dreta de l'Eixample,Eixample,Casp,38,41.39020411,2.17201869,icgc_verificada,0.394,,,1.18,,,,False
HB-004512,Hostal Acropolis,,hotel,sin_estrellas,hostal,No aplica,,Independiente,False,13.0,8.0,08024,la Salut,Gràcia,Verdi,254,41.41028909,2.15073964,icgc_verificada,3.047,,,1.18,,,,False
HB-004513,Sercotel Rosellón,ALCOTAS HOTELES SL,hotel,hotel_estrellas,sin_indicio,4 estrelles,4.0,Sercotel,True,186.0,105.0,08025,la Sagrada Família,Eixample,del Rosselló,390,41.4048252039104,2.1728056433625107,censo,1.996,247.01,215.23,1.148,cruce_inicial,coordenada,4.2,False
HB-004514,Travelodg Barcelona Poblenou,HOTEL TRAVELODGE BCN CORNELLÁ FIRA,hotel,hotel_estrellas,sin_indicio,1 estrella,1.0,Independiente,False,500.0,250.0,08005,el Poblenou,Sant Martí,Llull,170-176,41.40004381920567,2.2010556723124446,censo,2.969,126.26,107.0,1.18,cruce_inicial,coordenada,3.8,False
HB-004515,Catalonia Catedral,VALENCIANA HOTELERA SL,hotel,hotel_estrellas,sin_indicio,4 estrelles,4.0,Catalonia,True,128.0,71.0,08002,el Barri Gòtic,Ciutat Vella,Arcs,10,41.3847333569784,2.1744744411202506,censo,0.45,,,1.148,,,,False
HB-004517,Thesuites,"INGENIERIA,REVESTIMIENTOS CONSTRUCCION, SL",hotel,sin_estrellas,apartamentos,No aplica,,Independiente,False,16.0,8.0,08010,la Dreta de l'Eixample,Eixample,Pau Claris,72,41.38930154,2.1718535,icgc_verificada,0.299,,,1.18,,,,False
HB-004518,HOUSE BY PILLOW,"MD MANAGEMENT 2010, SL",hotel,hotel_estrellas,sin_indicio,1 estrella,1.0,Independiente,False,10.0,4.0,08041,el Guinardó,Horta-Guinardó,Rubio i Ors,3,41.42093143630598,2.1788294222954296,censo,3.844,137.5,116.52,1.18,rescate,,,False
HB-004519,Hotel Vasanta,SIPONI TRADE SL,hotel,sin_estrellas,sin_indicio,No aplica,,Independiente,False,42.0,16.0,08010,la Dreta de l'Eixample,Eixample,Casp,31,41.39081621,2.1724614,icgc_verificada,0.471,195.13,165.36,1.18,cruce_inicial,coordenada,4.5,False
HB-004521,Teatre Auditori,HOTEL DEL TEATRO BARCELONA MIL·LENIUM S.L,hotel,hotel_estrellas,sin_indicio,3 estrelles,3.0,Independiente,False,94.0,47.0,08013,el Fort Pienc,Eixample,Ribes,71,41.39989717267387,2.184044711655818,censo,1.852,139.91,121.76,1.149,cruce_inicial,coordenada,4.5,False
HB-004524,CATALONIA GRAN VÍA BCN,VALENCIANA HOTELERA SL,hotel,hotel_estrellas,sin_indicio,4 estrelles,4.0,Catalonia,True,121.0,63.0,08011,Sant Antoni,Eixample,CORTS CATALANES,550,41.38320399223042,2.160415723721428,censo,0.904,238.5,207.81,1.148,cruce_inicial,nombre_exacto,8.9,False
HB-004525,Generator Barcelona,"GENERATOR BCN 1, S.L.",hotel,hotel_estrellas,sin_indicio,1 estrella,1.0,Generator / Safestay,True,81.0,40.0,08037,la Vila de Gràcia,Gràcia,Còrsega,373,41.39918493,2.16265834,icgc_verificada,1.487,68.18,57.78,1.18,cruce_inicial,coordenada,4.4,False
HB-004526,Ako Suite,BONANOVA APARTHOTEL S.L.,hotel,hotel_estrellas,apartamentos,4 estrelles,4.0,Independiente,False,56.0,28.0,08011,l'Antiga Esquerra de l'Eixample,Eixample,Diputació,195,41.38600997447113,2.161013203724434,censo,0.758,179.59,156.48,1.148,cruce_inicial,coordenada,4.2,False
HB-004527,Apartamentos Ramblas 108,"PEÑA FERNANDEZ JUAN Y CIA, CB",hotel,hotel_estrellas,apartamentos,3 estrelles,3.0,Independiente,False,44.0,18.0,08002,el Raval,Ciutat Vella,Rambla,106-108,41.37544908,2.17040026,icgc_verificada,1.285,,,1.149,,,,False
HB-004530,Hotel Do Plaça Reial,"Mika Land Hotel Management Company, SL",hotel,hotel_estrellas,sin_indicio,Gran luxe,5.0,Independiente,False,34.0,18.0,08002,el Barri Gòtic,Ciutat Vella,Reial,1,41.38004895525327,2.174894312160892,censo,0.874,,,1.098,,,,False
HB-004531,Room Mate Pau,SAMI ITG SL,hotel,hotel_estrellas,sin_indicio,3 estrelles,3.0,Room Mate,True,129.0,66.0,08010,la Dreta de l'Eixample,Eixample,Fontanella,7,41.38747167832432,2.1717409423756218,censo,0.154,220.17,191.6,1.149,cruce_inicial,coordenada,4.7,False
HB-004532,The Level at Melia Barcelona Sky,MELIA HOTELS INTERNACIONAL SA,hotel,hotel_estrellas,sin_indicio,5 estrelles,5.0,Melia,True,198.0,99.0,08005,el Poblenou,Sant Martí,Pere IV,272,41.40624733873394,2.201019518710454,censo,3.358,,,1.098,,,,False
HB-004533,Ecozentric,"BALMES 23, SCP",hotel,sin_estrellas,sin_indicio,No aplica,,Independiente,False,15.0,9.0,08007,l'Antiga Esquerra de l'Eixample,Eixample,Balmes,23,41.38784934,2.16438796,icgc_verificada,0.478,,,1.18,,,,False
HB-004535,Catalonia Passeig de Gràcia,SABEL DE SERVICIO SLU,hotel,hotel_estrellas,sin_indicio,4 estrelles superior,4.5,Catalonia,True,142.0,74.0,08007,la Dreta de l'Eixample,Eixample,Gran Via Corts Catalanes,644,41.3901736959137,2.169689902208789,censo,0.354,235.85,205.5,1.148,cruce_inicial,coordenada,4.7,False
HB-004536,The5rooms,"KIOF MANAGEMENT, SL",hotel,sin_estrellas,sin_indicio,No aplica,,Independiente,False,8.0,4.0,08010,la Dreta de l'Eixample,Eixample,Pau Claris,72,41.38930154,2.1718535,icgc_verificada,0.299,,,1.18,,,,False
HB-004537,Exprés,DDA HOTEL FUND SL,hotel,sin_estrellas,sin_indicio,No aplica,,Independiente,False,2.0,2.0,08006,la Vila de Gràcia,Gràcia,Riera Sant Miquel,74,41.3987292,2.15415468,icgc_verificada,1.857,,,1.18,,,,False
HB-004538,Musik Boutique Hotel,"DEMCHENKO INTERNATIONAL GROUP, SL",hotel,hotel_estrellas,sin_indicio,3 estrelles,3.0,Independiente,False,36.0,23.0,08003,"Sant Pere, Santa Caterina i la Ribera",Ciutat Vella,Sant Pere Més Baix,62,41.38804504980169,2.178420383811896,censo,0.712,176.57,153.66,1.149,cruce_inicial,coordenada,4.6,False
HB-004539,Ciutadella Barcelona,CERTU SA,hotel,hotel_estrellas,sin_indicio,4 estrelles,4.0,Independiente,False,118.0,59.0,08003,"Sant Pere, Santa Caterina i la Ribera",Ciutat Vella,Marquès de l'Argentera,4,41.38387359887313,2.184659042903752,censo,1.271,155.77,135.73,1.148,cruce_inicial,coordenada,4.2,False
HB-004540,Pillow Ramblas,"RHMD MANAGEMENT, SL",hotel,sin_estrellas,sin_indicio,No aplica,,Independiente,False,20.0,10.0,08002,el Barri Gòtic,Ciutat Vella,Banca,2-4,41.37722308,2.17693485,icgc_verificada,1.232,132.41,112.21,1.18,cruce_inicial,coordenada,4.1,False
HB-004542,Umma Barcelona BedBreakfast Boutique,"UMMA HOTELES, SL",hotel,sin_estrellas,sin_indicio,No aplica,,Independiente,False,14.0,7.0,08036,l'Antiga Esquerra de l'Eixample,Eixample,Diagonal,433B,41.39413644,2.15103134,icgc_verificada,1.77,,,1.18,,,,False
HB-004545,Royal Passeig de Gràcia,HOTEL PG 84 S.L.,hotel,hotel_estrellas,sin_indicio,4 estrelles,4.0,Independiente,False,248.0,124.0,08008,la Dreta de l'Eixample,Eixample,Gràcia,84,41.394602616035385,2.1624485304693875,censo,1.054,243.78,212.41,1.148,cruce_inicial,coordenada,4.3,False
HB-004546,La Casita Amarilla,"SEMPERE MALDONADO, SL",hotel,sin_estrellas,sin_indicio,No aplica,,Independiente,False,16.0,8.0,08006,el Putxet i el Farró,Sarrià-Sant Gervasi,Padua,83,41.40509664,2.14508447,icgc_verificada,2.893,,,1.18,,,,False
HB-004547,Ofelias,"GESTORA Y ADMINISTRADORA DE HOTELES, SL",hotel,hotel_estrellas,sin_indicio,4 estrelles superior,4.5,Independiente,False,88.0,44.0,08015,la Nova Esquerra de l'Eixample,Eixample,Llança,24,41.37678944721752,2.150095600328655,censo,2.012,169.4,147.6,1.148,cruce_inicial,coordenada,4.2,False
HB-004548,Violeta Boutique 2,"GI39, SCP",hotel,sin_estrellas,sin_indicio,No aplica,,Independiente,False,10.0,4.0,08010,la Dreta de l'Eixample,Eixample,Casp,38,41.39020411,2.17201869,icgc_verificada,0.394,,,1.18,,,,False
HB-004549,Hostalín Barcelona,"KE MAS 2007, S.L.",hotel,sin_estrellas,hostal,No aplica,,Independiente,False,19.0,10.0,08010,la Dreta de l'Eixample,Eixample,Gran Via Corts Catalanes,657,41.3935394,2.1733128,icgc_verificada,0.778,134.5,113.98,1.18,cruce_inicial,booking_playwright,7.4,False
HB-004550,Cien,"CIEN HOTEL, SL",hotel,sin_estrellas,sin_indicio,No aplica,,Independiente,False,16.0,8.0,08007,la Dreta de l'Eixample,Eixample,Consell de Cent,278,41.38922469,2.16340004,icgc_verificada,0.604,179.55,152.16,1.18,cruce_inicial,coordenada,4.3,False
HB-004552,4 Barcelona,"INVERSORA DE HOTELES URBANOS, SL",hotel,hotel_estrellas,sin_indicio,4 estrelles,4.0,Independiente,False,261.0,142.0,08005,el Poblenou,Sant Martí,Doctor Trueta,164,41.39623780627737,2.20052762737597,censo,2.746,,,1.148,,,,False
HB-004553,BacHome Terrace BB,"THE GOLDEN YEARS PROJECT, SL",hotel,sin_estrellas,sin_indicio,No aplica,,Independiente,False,19.0,10.0,08010,la Dreta de l'Eixample,Eixample,Bruc,14,41.39022404,2.17514113,icgc_verificada,0.559,,,1.18,,,,False
HB-004554,INDIGO BARCELONA,"CASA DE LENGUAS, SL",hotel,hotel_estrellas,sin_indicio,4 estrelles superior,4.5,Independiente,False,119.0,63.0,08010,la Dreta de l'Eixample,Eixample,de les Corts Catalanes,629,41.39126868391207,2.1702706997519603,censo,0.475,258.98,225.66,1.148,cruce_inicial,nombre_cerca,4.3,False
HB-004555,IKONIK RAMBLAS,HYDRA HOTELS SL,hotel,hotel_estrellas,sin_indicio,4 estrelles,4.0,Independiente,False,110.0,55.0,08002,el Barri Gòtic,Ciutat Vella,La Rambla,22,41.37811825209416,2.176192334248011,censo,1.115,156.48,136.35,1.148,cruce_inicial,coordenada,4.1,False
HB-004557,LIBERE BARCELONA SANT ANTONI,"LIBERE HOSPITALITY, S.L.",hotel,hotel_estrellas,sin_indicio,2 estrelles,2.0,Independiente,False,114.0,38.0,08011,Sant Antoni,Eixample,de Sant Antoni,49,41.38316499424978,2.1635192734302136,censo,0.689,191.67,162.43,1.18,cruce_inicial,coordenada,4.5,False
HB-004558,Barcelona Rooms 294,,hotel,sin_estrellas,sin_indicio,No aplica,,Independiente,False,8.0,4.0,08025,el Camp d'en Grassot i Gràcia Nova,Gràcia,Roger de Flor,294,41.40384175,2.16617099,icgc_verificada,1.9,,,1.18,,,,False
HB-004560,Casa Bella Gracia,Aspasion Short Rentals SL,hotel,sin_estrellas,sin_indicio,No aplica,,Independiente,False,20.0,11.0,08012,la Vila de Gràcia,Gràcia,de Sant Agustí,4,41.39845393,2.16054802,icgc_verificada,1.498,302.02,255.95,1.18,cruce_inicial,coordenada,4.2,False
HB-004564,Sunotel Club Central,SUNOTEL BCN SL,hotel,hotel_estrellas,sin_indicio,4 estrelles,4.0,Independiente,False,155.0,88.0,08011,l'Antiga Esquerra de l'Eixample,Eixample,València,157-159,41.387992248632834,2.1568595683161,censo,1.102,,,1.148,,,,False
HB-004568,H10 Port Vell,"SANFE 1997, S.A.",hotel,hotel_estrellas,sin_indicio,4 estrelles superior,4.5,H10,True,108.0,58.0,08003,"Sant Pere, Santa Caterina i la Ribera",Ciutat Vella,Pas de Sota Muralla,9,41.381597964066735,2.1838501705888365,censo,1.302,305.0,265.76,1.148,cruce_inicial,coordenada,4.6,False
HB-004569,Bella Lola,"BELLA LOLA, SCP",hotel,sin_estrellas,sin_indicio,No aplica,,Independiente,False,19.0,11.0,08008,la Vila de Gràcia,Gràcia,Gràcia,115,41.39705199,2.15834624,icgc_verificada,1.481,,,1.18,,,,False
HB-004570,La Casa Gran BedBreakfast,"LA CASA GRAN. GUEST HOUSE, SL",hotel,sin_estrellas,sin_indicio,No aplica,,Independiente,False,8.0,4.0,08036,l'Antiga Esquerra de l'Eixample,Eixample,Diagonal,439,41.39393174,2.15021505,icgc_verificada,1.822,174.93,148.25,1.18,cruce_inicial,coordenada,4.8,False
HB-004571,Mihlton Barcelona,"MIHLTON BARCELONA, SL",hotel,sin_estrellas,sin_indicio,No aplica,,Independiente,False,19.0,12.0,08008,la Dreta de l'Eixample,Eixample,Rosselló,231,41.39391417,2.15796195,icgc_verificada,1.265,152.55,129.28,1.18,cruce_inicial,nombre_cerca,4.5,False
HB-004572,Center Gran Via,"HOSTAL LAMU, SL",hotel,hotel_estrellas,hostal,1 estrella,1.0,Independiente,False,23.0,15.0,08011,l'Antiga Esquerra de l'Eixample,Eixample,Gran Via Corts Catalanes,573,41.38511320563923,2.1620788861295885,censo,0.693,,,1.18,,,,False
HB-004574,Petit Príncep,"ISABELLE ALEXANDRA, SCP",hotel,sin_estrellas,sin_indicio,No aplica,,Independiente,False,19.0,11.0,08021,Sant Gervasi - Galvany,Sarrià-Sant Gervasi,Diagonal,578,41.3939136,2.14818791,icgc_verificada,1.975,,,1.18,,,,False
HB-004575,Som Nit Born,CHECK-IN BORN SL,hotel,sin_estrellas,sin_indicio,No aplica,,Independiente,False,27.0,11.0,08003,"Sant Pere, Santa Caterina i la Ribera",Ciutat Vella,Reina Cristina,13,41.3821105,2.18371075,icgc_verificada,1.267,161.4,136.78,1.18,cruce_inicial,coordenada,4.2,False
HB-004576,AMRA,CUMEX TRAVEL SL,hotel,sin_estrellas,sin_indicio,No aplica,,Independiente,False,19.0,11.0,08010,Sant Andreu,Sant Andreu,CASPE,28,41.44056036,2.18650291,icgc_verificada,6.113,,,1.18,,,,False
HB-004579,Picasso K + K,K Y K HOTELES SL,hotel,hotel_estrellas,sin_indicio,4 estrelles superior,4.5,Independiente,False,161.0,92.0,08003,"Sant Pere, Santa Caterina i la Ribera",Ciutat Vella,Picasso,26-30,41.38661574805019,2.1840909009125733,censo,1.176,,,1.148,,,,False
HB-004581,Grums Barcelona,FOXEN BUILDING SL,hotel,hotel_estrellas,sin_indicio,4 estrelles,4.0,Independiente,False,164.0,78.0,08004,el Poble Sec,Sants-Montjuïc,Palaudaries,26,41.37282309088774,2.172077005791581,censo,1.586,167.37,145.83,1.148,cruce_inicial,coordenada,4.1,False
HB-004584,Barcelona Fifteen,"APSYLOS 22, SL",hotel,sin_estrellas,sin_indicio,No aplica,,Independiente,False,20.0,11.0,08004,el Poble Sec,Sants-Montjuïc,Fontrodona,15,41.37350298,2.16725308,icgc_verificada,1.518,205.54,174.19,1.18,cruce_inicial,coordenada,4.3,False
HB-004586,Zoorooms,,hotel,sin_estrellas,sin_indicio,No aplica,,Independiente,False,8.0,4.0,08036,l'Antiga Esquerra de l'Eixample,Eixample,Mallorca,209,41.3905583,2.15802495,icgc_verificada,1.074,189.95,160.97,1.18,cruce_inicial,coordenada,4.8,False
HB-004588,LeMar,Aspasion Short Rentals SL,hotel,sin_estrellas,sin_indicio,No aplica,,Independiente,False,16.0,8.0,08008,l'Antiga Esquerra de l'Eixample,Eixample,d' Enric Granados,44,41.39109351,2.15819679,icgc_verificada,1.085,253.63,214.94,1.18,cruce_inicial,nombre_cerca,4.3,False
HB-004589,Hostalin Barcelona 2,"KE MAS 2007, S.L.",hotel,sin_estrellas,hostal,No aplica,,Independiente,False,6.0,3.0,08010,la Dreta de l'Eixample,Eixample,Gran Via Corts Catalanes,657,41.3935394,2.1733128,icgc_verificada,0.778,134.5,113.98,1.18,cruce_inicial,booking_playwright,7.4,False
HB-004590,Hostal Live Barcelona,POSADA 1975 SL,hotel,sin_estrellas,hostal,No aplica,,Independiente,False,19.0,12.0,08004,l'Antiga Esquerra de l'Eixample,Eixample,Gran Via Corts Catalanes,547,41.38353186,2.15999195,icgc_verificada,0.92,134.5,113.98,1.18,cruce_inicial,booking_playwright,7.4,False
HB-004591,H10 Urquinaona Plaza,"APOLO, S.L.",hotel,hotel_estrellas,sin_indicio,4 estrelles,4.0,H10,True,140.0,80.0,08010,la Dreta de l'Eixample,Eixample,Urquinaona,2,41.38922726628015,2.172588015043712,censo,0.329,204.78,178.43,1.148,cruce_inicial,coordenada,4.5,False
HB-004592,Vincci Gala,VINCCI HOTELES SA,hotel,hotel_estrellas,sin_indicio,4 estrelles,4.0,Vincci,True,156.0,78.0,08010,la Dreta de l'Eixample,Eixample,Sant Pere,32,41.38957303812844,2.1747659179376098,censo,0.49,217.96,189.92,1.148,cruce_inicial,coordenada,4.5,False
HB-004593,Ibis Barcelona Centro,"Essendi Hospitality Spain, S.A.",hotel,hotel_estrellas,sin_indicio,2 estrelles,2.0,Ibis / Accor,True,155.0,80.0,08013,la Sagrada Família,Eixample,Nàpols,230,41.400790438876726,2.1724925670371014,censo,1.547,171.81,145.6,1.18,cruce_inicial,coordenada,4.4,False
HB-004594,Natura Barcelona,,hotel,sin_estrellas,sin_indicio,No aplica,,Independiente,False,13.0,7.0,08009,la Dreta de l'Eixample,Eixample,Roger de Lluria,33,41.39208243,2.17005398,icgc_verificada,0.565,,,1.18,,,,False
HB-004596,Catalonia Square,VALENCIANA HOTELERA SL,hotel,hotel_estrellas,sin_indicio,4 estrelles superior,4.5,Catalonia,True,116.0,58.0,08010,la Dreta de l'Eixample,Eixample,Sant Pere,9,41.388600459145,2.171301534413306,censo,0.208,239.73,208.88,1.148,cruce_inicial,coordenada,4.5,False
HB-004598,HOTEL LUGANO,SALOMON 1965 HOSPITALITY HOLDING S.L.,hotel,hotel_estrellas,sin_indicio,3 estrelles,3.0,Independiente,False,133.0,70.0,08015,Sant Antoni,Eixample,del Paral·lel,172,41.37522043634626,2.155666678528093,censo,1.774,144.61,125.85,1.149,cruce_inicial,nombre_cerca,4.4,False
HB-004599,Green House Hotel,ALPIS BARCELONA 2015 SOCIEDAD LIMITADA,hotel,hotel_estrellas,sin_indicio,2 estrelles,2.0,Independiente,False,37.0,19.0,08013,el Fort Pienc,Eixample,de Lepant,143,41.39839579751485,2.1844562976552124,censo,1.749,,,1.18,,,,False
HB-004601,Hostal Aslyp 114,,hotel,sin_estrellas,hostal,No aplica,,Independiente,False,19.0,11.0,08029,la Nova Esquerra de l'Eixample,Eixample,Josep Tarradellas,114,41.38960283,2.14372671,icgc_verificada,2.211,,,1.18,,,,False
HB-004602,Exprés 1,DDA HOTEL FUND SL,hotel,sin_estrellas,sin_indicio,No aplica,,Independiente,False,5.0,3.0,08006,la Vila de Gràcia,Gràcia,Riera Sant Miquel,74,41.3987292,2.15415468,icgc_verificada,1.857,,,1.18,,,,False
HB-004603,Exprés 2,DDA HOTEL FUND SL,hotel,sin_estrellas,sin_indicio,No aplica,,Independiente,False,4.0,2.0,08006,la Vila de Gràcia,Gràcia,Riera Sant Miquel,74,41.3987292,2.15415468,icgc_verificada,1.857,,,1.18,,,,False
HB-004604,Exprés 3,DDA HOTEL FUND SL,hotel,sin_estrellas,sin_indicio,No aplica,,Independiente,False,4.0,3.0,08006,la Vila de Gràcia,Gràcia,Riera Sant Miquel,74,41.3987292,2.15415468,icgc_verificada,1.857,,,1.18,,,,False
HB-004605,Exprés 4,DDA HOTEL FUND SL,hotel,sin_estrellas,sin_indicio,No aplica,,Independiente,False,3.0,3.0,08006,la Vila de Gràcia,Gràcia,Riera Sant Miquel,74,41.3987292,2.15415468,icgc_verificada,1.857,,,1.18,,,,False
HB-004606,Praktik Bakery,"HOTEL PROVENÇA 279, S.L.",hotel,hotel_estrellas,sin_indicio,1 estrella,1.0,Praktik,True,148.0,74.0,08037,la Dreta de l'Eixample,Eixample,Provença,279,41.39624744930124,2.163275438666188,censo,1.171,179.54,152.15,1.18,cruce_inicial,coordenada,4.5,False
HB-004607,Olivia Balmes,"OLIVIA HOTELS, SA",hotel,hotel_estrellas,sin_indicio,4 estrelles superior,4.5,Independiente,False,256.0,128.0,08008,l'Antiga Esquerra de l'Eixample,Eixample,Balmes,115-117,41.392184277892646,2.158701217286061,censo,1.105,242.25,211.08,1.148,cruce_inicial,coordenada,4.8,False
HB-004608,Izara,"IZARA HOTELS, SCP",hotel,sin_estrellas,sin_indicio,No aplica,,Independiente,False,16.0,8.0,08010,la Dreta de l'Eixample,Eixample,Sant Pere,7,41.38850517,2.17109971,icgc_verificada,0.191,,,1.18,,,,False
HB-004610,Argó 305,"ARGO 305, SL",hotel,sin_estrellas,sin_indicio,No aplica,,Independiente,False,16.0,13.0,08010,la Dreta de l'Eixample,Eixample,Valencia,305,41.39614782,2.16771419,icgc_verificada,1.035,115.26,97.68,1.18,rescate,,,False
HB-004611,Urgell Premium 18,"URGELL PREMIUM 18, SL",hotel,sin_estrellas,sin_indicio,No aplica,,Independiente,False,13.0,7.0,08011,Sant Antoni,Eixample,Comte Urgell,18,41.37987145,2.1618463,icgc_verificada,1.045,,,1.18,,,,False
HB-004615,Laramond Barcelona Rooms,C G N STATE AGENTS RUSTIC SL,hotel,sin_estrellas,sin_indicio,No aplica,,Independiente,False,11.0,5.0,08016,Vilapicina i la Torre Llobeta,Nou Barris,de Malgrat,40,41.42826978,2.17990496,icgc_verificada,4.663,114.3,96.86,1.18,cruce_inicial,coordenada,4.2,False
HB-004616,H10 Art Gallery,INDUSTRIAL PORTAMAR SA,hotel,hotel_estrellas,sin_indicio,4 estrelles superior,4.5,H10,True,165.0,91.0,08008,l'Antiga Esquerra de l'Eixample,Eixample,Enric Granados,62,41.39198536177455,2.157022449902387,censo,1.216,211.18,184.01,1.148,cruce_inicial,coordenada,4.5,False
HB-004617,Casa Balmes,,hotel,sin_estrellas,sin_indicio,No aplica,,Independiente,False,8.0,4.0,08007,la Dreta de l'Eixample,Eixample,Balmes,60,41.38960627,2.16243068,icgc_verificada,0.695,,,1.18,,,,False
HB-004618,Casa Balmes 2,,hotel,sin_estrellas,sin_indicio,No aplica,,Independiente,False,6.0,3.0,08007,la Dreta de l'Eixample,Eixample,Balmes,60,41.38960627,2.16243068,icgc_verificada,0.695,,,1.18,,,,False
HB-004621,Casp Green house,ALPIS BARCELONA 2015 SOCIEDAD LIMITADA,hotel,sin_estrellas,sin_indicio,No aplica,,Independiente,False,8.0,4.0,08010,la Dreta de l'Eixample,Eixample,de Casp,39,41.39177155,2.17373271,icgc_verificada,0.615,,,1.18,,,,False
HB-004622,The Moods,"THINK BIG CAPITAL, S.L.",hotel,sin_estrellas,sin_indicio,No aplica,,Independiente,False,24.0,12.0,08008,la Dreta de l'Eixample,Eixample,Catalunya,84,41.39263443,2.16158557,icgc_verificada,0.941,,,1.18,,,,False
HB-004623,Pillow Rooms,"PILLOW ROOMS, SL",hotel,sin_estrellas,sin_indicio,No aplica,,Independiente,False,12.0,6.0,08010,la Dreta de l'Eixample,Eixample,Sant Pere,70,41.39113772377422,2.178949501420592,censo,0.877,,,1.18,,,,False
HB-004625,H10 Metropolitan,"SANFE 1997, S.A.",hotel,hotel_estrellas,sin_indicio,4 estrelles superior,4.5,H10,True,167.0,85.0,08007,la Dreta de l'Eixample,Eixample,Catalunya,7-9,41.38779377905228,2.167667651752243,censo,0.214,219.7,191.43,1.148,cruce_inicial,coordenada,4.5,False
HB-004626,Barcelona 226,"REYAN, S.A",hotel,sin_estrellas,sin_indicio,No aplica,,Independiente,False,23.0,12.0,08006,Sant Gervasi - Galvany,Sarrià-Sant Gervasi,Aribau,226,41.39518332,2.15052643,icgc_verificada,1.862,128.31,108.74,1.18,rescate,,,False
HB-004627,Yurbban Trafalgar,SOGAMAN T26 SL,hotel,hotel_estrellas,sin_indicio,3 estrelles,3.0,Independiente,False,100.0,56.0,08010,"Sant Pere, Santa Caterina i la Ribera",Ciutat Vella,Trafalgar,30,41.3889804296877,2.1760490100888408,censo,0.551,183.28,159.5,1.149,cruce_inicial,coordenada,4.6,False
HB-004628,HOTEL PRAKTIK VINOTECA,"CALLE BALMES 51, S.L.",hotel,hotel_estrellas,sin_indicio,1 estrella,1.0,Praktik,True,128.0,64.0,08007,l'Antiga Esquerra de l'Eixample,Eixample,de Balmes,51,41.389361473506,2.1624325821186856,censo,0.684,183.8,155.76,1.18,cruce_inicial,coordenada,4.5,False
HB-004629,Toc,"MAURO GRAN VIA, S.L.U",hotel,hotel_estrellas,sin_indicio,1 estrella,1.0,Independiente,False,42.0,21.0,08011,Sant Antoni,Eixample,Gran Via Corts Catalanes,580,41.384782705706805,2.162504549676391,censo,0.672,63.57,53.87,1.18,cruce_inicial,coordenada,4.1,False
HB-004631,Hostalin Barcelona Passeig de Gràcia,"KE MAS 2007, S.L.",hotel,sin_estrellas,hostal,No aplica,,Independiente,False,16.0,9.0,08008,la Dreta de l'Eixample,Eixample,Gràcia,78,41.39388676,2.16328497,icgc_verificada,0.949,,,1.18,,,,False
HB-004633,Hostal Barcelona Travel,,hotel,sin_estrellas,hostal,No aplica,,Independiente,False,16.0,8.0,08011,l'Antiga Esquerra de l'Eixample,Eixample,Aragó,224,41.38852829,2.16030836,icgc_verificada,0.826,,,1.18,,,,False
HB-004635,Casa Llimona,GESTIO LLURIA S.L.,hotel,hotel_estrellas,sin_indicio,2 estrelles,2.0,Independiente,False,18.0,6.0,08009,la Dreta de l'Eixample,Eixample,de Roger de Llúria,42,41.39216233299084,2.1703701211751545,censo,0.575,237.23,201.04,1.18,cruce_inicial,coordenada,4.4,False
HB-004636,Bestprice Diagonal,HOTELES BESTPRICE,hotel,hotel_estrellas,sin_indicio,1 estrella,1.0,Independiente,False,61.0,32.0,08019,Diagonal Mar i el Front Marítim del Poblenou,Sant Martí,Diagonal,70,41.40960911551085,2.209645895246691,censo,4.154,165.9,140.59,1.18,cruce_inicial,coordenada,4.4,False
HB-004638,Bruc,,hotel,sin_estrellas,sin_indicio,No aplica,,Independiente,False,8.0,4.0,08009,la Dreta de l'Eixample,Eixample,BRUC,65,41.393756,2.17009729,icgc_verificada,0.751,70.0,59.32,1.18,cruce_inicial,nombre_cerca,2.5,False
HB-004639,Casa Maca Guest House 3,"CANTILES METIDERRANEO BCN, SL",hotel,hotel_estrellas,sin_indicio,1 estrella,1.0,Independiente,False,8.0,4.0,08037,la Dreta de l'Eixample,Eixample,Bruc,146,41.39735489190897,2.165750098645877,censo,1.205,,,1.18,,,,False
HB-004640,Casa Maca Guest House 4,"CANTILES METIDERRANEO BCN, SL",hotel,hotel_estrellas,sin_indicio,1 estrella,1.0,Independiente,False,8.0,4.0,08037,la Dreta de l'Eixample,Eixample,Bruc,146,41.39735489190897,2.165750098645877,censo,1.205,,,1.18,,,,False
HB-004641,Casa Maca Guest House,"MAMEYES, SL",hotel,hotel_estrellas,sin_indicio,1 estrella,1.0,Independiente,False,8.0,4.0,08037,la Dreta de l'Eixample,Eixample,Bruc,146,41.39735489190897,2.165750098645877,censo,1.205,,,1.18,,,,False
HB-004642,AMRA BARCELONA GRAN VIA,JORDAN BCN CAPITAL SL,hotel,sin_estrellas,sin_indicio,No aplica,,Independiente,False,19.0,10.0,08010,la Dreta de l'Eixample,Eixample,CORTS CATALANES,682,41.39268519,2.17305614,icgc_verificada,0.682,178.2,151.02,1.18,cruce_inicial,coordenada,4.2,False
HB-004644,Ally's Guest House Barcelona,"ALLY'S GUEST HOUSE BARCELONA, SL",hotel,sin_estrellas,sin_indicio,No aplica,,Independiente,False,8.0,4.0,08037,la Dreta de l'Eixample,Eixample,Bruc,150,41.39746349,2.16555402,icgc_verificada,1.221,,,1.18,,,,False
HB-004645,Hotel Primero Primera,COFISAN S.A.,hotel,hotel_estrellas,sin_indicio,5 estrelles,5.0,Independiente,False,58.0,29.0,08017,les Tres Torres,Sarrià-Sant Gervasi,Doctor Carulla,25,41.40030213525328,2.1298279060862613,censo,3.663,313.15,285.18,1.098,cruce_inicial,coordenada,4.7,False
HB-004646,The Corner 592,"BOLET  DURAN, CB",hotel,sin_estrellas,sin_indicio,No aplica,,Independiente,False,8.0,4.0,08007,la Dreta de l'Eixample,Eixample,Gran Via Corts Catalanes,592,41.3863569,2.16463484,icgc_verificada,0.453,,,1.18,,,,False
HB-004647,The Serras,HOSPITALITY EVENTS SL,hotel,hotel_estrellas,sin_indicio,Gran luxe,5.0,Independiente,False,56.0,28.0,08002,el Barri Gòtic,Ciutat Vella,Colom,9,41.38019303589606,2.180844403945092,censo,1.18,2438.5,2220.7,1.098,cruce_inicial,coordenada,4.7,False
HB-004648,Casa Saltor,"BCN CITY APARTMENT, SA",hotel,hotel_estrellas,apartamentos,2 estrelles,2.0,Independiente,False,7.0,2.0,08011,Sant Antoni,Eixample,Gran Via Corts Catalanes,558,41.38344663163486,2.160738850889616,censo,0.868,,,1.18,,,,False
HB-004651,Jardinets Guest House,"CANTILES METIDERRANEO BCN, SL",hotel,hotel_estrellas,sin_indicio,1 estrella,1.0,Independiente,False,8.0,4.0,08009,la Dreta de l'Eixample,Eixample,Bruc,84,41.39442605,2.1695775,icgc_verificada,0.826,146.81,124.41,1.18,cruce_inicial,coordenada,3.4,False
HB-004653,The Grand Margot House,"THE GRAND MARGOT HOUSE, S.L.",hotel,hotel_estrellas,sin_indicio,3 estrelles,3.0,Independiente,False,17.0,9.0,08007,la Dreta de l'Eixample,Eixample,Gràcia,46,41.39186568479032,2.1658443401402576,censo,0.643,375.18,326.5,1.149,cruce_inicial,coordenada,4.4,False
HB-004654,Good-Home,"FENROSA, SL",hotel,sin_estrellas,sin_indicio,No aplica,,Independiente,False,14.0,4.0,08037,la Dreta de l'Eixample,Eixample,Rosselló,254,41.39684498,2.16219944,icgc_verificada,1.274,,,1.18,,,,False
HB-004656,THE STREETS,RECTOR CENTER SL,hotel,sin_estrellas,sin_indicio,No aplica,,Independiente,False,8.0,3.0,08009,la Dreta de l'Eixample,Eixample,del Consell de Cent,322,41.39206317,2.16717488,icgc_verificada,0.61,,,1.18,,,,False
HB-004657,Allada,"ESTUDIOS Y LOFTS, SL",hotel,hotel_estrellas,sin_indicio,3 estrelles,3.0,Independiente,False,28.0,17.0,08003,"Sant Pere, Santa Caterina i la Ribera",Ciutat Vella,Allada Vermell,6-8,41.386954534481205,2.1807150933616155,censo,0.894,331.7,288.66,1.149,cruce_inicial,coordenada,5.0,False
HB-004658,Hostal Live Barcelona 2,POSADA 1975 SL,hotel,sin_estrellas,hostal,No aplica,,Independiente,False,10.0,5.0,08004,l'Antiga Esquerra de l'Eixample,Eixample,Gran Via Corts Catalanes,547,41.38353186,2.15999195,icgc_verificada,0.92,,,1.18,,,,False
HB-004659,Smart Room Barcelona,LOW COST HOTELING S.L.,hotel,sin_estrellas,sin_indicio,No aplica,,Independiente,False,122.0,55.0,08014,Sants,Sants-Montjuïc,Olzinelles,56-58,41.37201764,2.13687292,icgc_verificada,3.227,,,1.18,,,,False
HB-004660,Brustar Sagrada Família,"JUST ROOMS, SL",hotel,sin_estrellas,sin_indicio,No aplica,,Independiente,False,8.0,4.0,08025,la Dreta de l'Eixample,Eixample,Roger de Flor,215,41.40136919,2.16908663,icgc_verificada,1.6,,,1.18,,,,False
HB-004663,Ca la Maria Barcelona BedBreakfast,,hotel,sin_estrellas,sin_indicio,No aplica,,Independiente,False,8.0,4.0,08008,la Dreta de l'Eixample,Eixample,Corsega,284,41.39459694,2.15696271,icgc_verificada,1.377,,,1.18,,,,False
HB-004665,Hostalin Barcelona Diputació 2,"KE MAS 2007, S.L.",hotel,sin_estrellas,hostal,No aplica,,Independiente,False,8.0,4.0,08013,la Dreta de l'Eixample,Eixample,Diputació,346,41.39644632,2.17528966,icgc_verificada,1.139,137.0,116.1,1.18,cruce_inicial,booking_playwright,6.9,False
HB-004666,La Casa de Antonio,"Medical Home Barcelona Madrid, S.L.",hotel,sin_estrellas,sin_indicio,No aplica,,Independiente,False,13.0,7.0,08011,Sant Antoni,Eixample,Gran Via Corts Catalanes,584,41.38494047,2.16275026,icgc_verificada,0.647,148.5,125.85,1.18,cruce_inicial,coordenada,4.0,False
HB-004668,Hotel Brummell,NOU LARIBAL SL,hotel,hotel_estrellas,sin_indicio,4 estrelles,4.0,Independiente,False,35.0,20.0,08004,el Poble Sec,Sants-Montjuïc,Nou de la Rambla,174,41.37168239763194,2.166478732584708,censo,1.728,,,1.148,,,,False
HB-004669,Àmbit Barcelona,"RIUDARENES INNOVA, SLU",hotel,hotel_estrellas,sin_indicio,4 estrelles,4.0,Independiente,False,68.0,36.0,08010,la Dreta de l'Eixample,Eixample,Roger de Llúria,17,41.39082112660419,2.1717688902759247,censo,0.45,168.34,146.68,1.148,cruce_inicial,coordenada,4.4,False
HB-004670,The Conica Deluxe Bed  Breakfast,"SUITES 4 PAX, SL",hotel,sin_estrellas,apartamentos,No aplica,,Independiente,False,8.0,4.0,08008,l'Antiga Esquerra de l'Eixample,Eixample,Corsèga,271,41.39382802,2.15557433,icgc_verificada,1.423,,,1.18,,,,False
HB-004672,CASA GRACIA APARTHOTEL,ENCAZESHEM SL,hotel,hotel_estrellas,apartamentos,1 estrella,1.0,Independiente,False,60.0,26.0,08008,la Vila de Gràcia,Gràcia,de Gràcia,114,41.39711176809929,2.15933540553508,censo,1.434,138.01,116.96,1.18,cruce_inicial,coordenada,3.9,False
HB-004673,"Dreamkeys, Apartments  Suites",KIWI BARCELONA GROUP SL,hotel,hotel_estrellas,apartamentos,3 estrelles,3.0,Independiente,False,19.0,12.0,08021,Sant Gervasi - Galvany,Sarrià-Sant Gervasi,Diagonal,578,41.39393974173925,2.148213200212615,censo,1.975,127.29,110.77,1.149,cruce_inicial,coordenada,4.3,False
HB-004674,Murmuri Residence,MURMURI RAMBLA SL,hotel,hotel_estrellas,residencia,2 estrelles,2.0,Independiente,False,14.0,5.0,08008,la Dreta de l'Eixample,Eixample,Concepció,13,41.39444358647955,2.1600028001118003,censo,1.175,266.15,225.55,1.18,cruce_inicial,coordenada,4.3,False
HB-004675,Lumine Luxury Suites,"TECLASI URBAN HOTELS, S.L.U.",hotel,sin_estrellas,apartamentos,No aplica,,Independiente,False,8.0,4.0,08008,l'Antiga Esquerra de l'Eixample,Eixample,Balmes,129,41.39289208,2.15771277,icgc_verificada,1.217,166.07,140.74,1.18,cruce_inicial,coordenada,3.6435797,False
HB-004677,Consell,"FERLUE 2015, SL",hotel,sin_estrellas,sin_indicio,No aplica,,Independiente,False,8.0,4.0,08015,la Nova Esquerra de l'Eixample,Eixample,Consell de Cent,185,41.38367246,2.15565751,icgc_verificada,1.252,,,1.18,,,,False
HB-004679,DON FABRIZZIO,FABRIZZIOBCN S.L.,hotel,sin_estrellas,sin_indicio,No aplica,,Independiente,False,12.0,4.0,08015,la Nova Esquerra de l'Eixample,Eixample,CORTS CATALANES,435,41.37842735,2.15320505,icgc_verificada,1.695,115.72,98.07,1.18,cruce_inicial,coordenada,4.8,False
HB-004681,1881 Barcelona Gran Rosellón Hotel,"1881 HOTELS,SLU",hotel,hotel_estrellas,sin_indicio,4 estrelles,4.0,Independiente,False,120.0,60.0,08036,l'Antiga Esquerra de l'Eixample,Eixample,Rosellón,174,41.39214235736549,2.1559834879243445,censo,1.302,168.33,146.67,1.148,cruce_inicial,coordenada,4.0,False
HB-004682,Casa Gràcia,ENCAZESHEM SL,hotel,hotel_estrellas,sin_indicio,1 estrella,1.0,Independiente,False,23.0,11.0,08008,,,Gràcia,116 Bis,,,,,,,1.18,,,,False
HB-004683,Hostal Excellence,"PRENSUMAT, SL",hotel,sin_estrellas,hostal,No aplica,,Independiente,False,11.0,7.0,08002,el Barri Gòtic,Ciutat Vella,Santa Anna,27,41.38564644,2.17182096,icgc_verificada,0.214,95.73,81.13,1.18,cruce_inicial,coordenada,3.6,False
HB-004684,Hostal BCN Llúria,LAL MOTI SL,hotel,sin_estrellas,hostal,No aplica,,Independiente,False,14.0,4.0,08009,la Dreta de l'Eixample,Eixample,Roger de Llúria,46,41.39230414,2.17012872,icgc_verificada,0.59,,,1.18,,,,False
HB-004686,Boutique Hostemplo,HOTEL PASAJE GAIOLA SL,hotel,hotel_estrellas,sin_indicio,3 estrelles,3.0,Independiente,False,28.0,14.0,08013,la Sagrada Família,Eixample,Gaiolà,19,41.4012459918164,2.1733802173074936,censo,1.609,202.95,176.61,1.149,cruce_inicial,coordenada,4.5,False
HB-004687,Casa Vilaró,,hotel,sin_estrellas,sin_indicio,No aplica,,Independiente,False,8.0,4.0,08024,la Salut,Gràcia,Coll del Portell,67,41.41141182,2.15136171,icgc_verificada,3.128,,,1.18,,,,False
HB-004688,Two by Axel,TWO BY AXEL BARCELONA SL,hotel,hotel_estrellas,sin_indicio,4 estrelles superior,4.5,Independiente,False,168.0,87.0,08015,Sant Antoni,Eixample,Calàbria,90-92,41.37906515224888,2.1560491919505824,censo,1.461,171.88,149.76,1.148,cruce_inicial,nombre_cerca,4.3,False
HB-004690,Brummell,NOU LARIBAL SL,hotel,sin_estrellas,sin_indicio,No aplica,,Independiente,False,4.0,2.0,08004,el Poble Sec,Sants-Montjuïc,Nou de la Rambla,176,41.37168239763194,2.166478732584708,censo,1.728,,,1.18,,,,False
HB-004691,Cotton House,HOTEL GV670 SL,hotel,hotel_estrellas,sin_indicio,5 estrelles,5.0,Independiente,False,162.0,83.0,08010,la Dreta de l'Eixample,Eixample,Gran Via Corts Catalanes,670,41.391785729674645,2.171836296038712,censo,0.554,,,1.098,,,,False
HB-004693,HOSTAL NOVA BARCELONA,JACANA HOSTELERIA SL,hotel,sin_estrellas,hostal,No aplica,,Independiente,False,27.0,9.0,08014,la Bordeta,Sants-Montjuïc,de Badal,65,41.36816507,2.13297491,icgc_verificada,3.732,,,1.18,,,,False
HB-004694,Omnium,COMERCIAL TEXTIL ALSARO SA,hotel,hotel_estrellas,sin_indicio,2 estrelles,2.0,Independiente,False,36.0,21.0,08010,la Dreta de l'Eixample,Eixample,Bruc,42,41.39182378856561,2.173072735813292,censo,0.594,200.03,169.52,1.18,cruce_inicial,coordenada,4.7,False
HB-004695,BacHome Barcelona BB,"OLIVE ROOMS BARCELONA, SL",hotel,sin_estrellas,sin_indicio,No aplica,,Independiente,False,14.0,7.0,08009,la Dreta de l'Eixample,Eixample,Bruc,96,41.39482523,2.16905209,icgc_verificada,0.874,142.36,120.64,1.18,cruce_inicial,coordenada,4.6,False
HB-004696,H10 CUBIK,"CORPORACION QUALITAT, S.L.",hotel,hotel_estrellas,sin_indicio,4 estrelles superior,4.5,H10,True,191.0,101.0,08003,el Barri Gòtic,Ciutat Vella,Laietana,69,41.388090051656846,2.173137991613635,censo,0.288,291.12,253.66,1.148,cruce_inicial,coordenada,4.6,False
HB-004697,Forget Me Not Plus 1,BCN FORTY FOUR SL,hotel,sin_estrellas,sin_indicio,No aplica,,Independiente,False,14.0,7.0,08008,,,Balmes,129 Bis,,,,,,,1.18,,,,False
HB-004698,Forget Me Not Plus 2,BCN FORTY FOUR SL,hotel,sin_estrellas,sin_indicio,No aplica,,Independiente,False,14.0,7.0,08008,,,Balmes,129 Bis,,,,,,,1.18,,,,False
HB-004699,Negresco Princess,"BCN LLURIA, S.L.",hotel,hotel_estrellas,sin_indicio,4 estrelles superior,4.5,Independiente,False,257.0,129.0,08010,la Dreta de l'Eixample,Eixample,Roger de Lluria,16,41.39041833001992,2.1726318290941244,censo,0.439,201.01,175.15,1.148,cruce_inicial,coordenada,4.2,False
HB-004700,FEELATHOME CASA BERTRAND,"QUALITUR CONSULTING, S.L.",hotel,sin_estrellas,sin_indicio,No aplica,,Independiente,False,14.0,7.0,08007,la Dreta de l'Eixample,Eixample,del Consell de Cent,276,41.38915264,2.16330335,icgc_verificada,0.608,158.11,133.99,1.18,cruce_inicial,coordenada,4.5,False
HB-004701,Ally's Guest House III,"ALLY'S GUEST HOUSE BARCELONA, SL",hotel,sin_estrellas,sin_indicio,No aplica,,Independiente,False,7.0,4.0,08037,la Dreta de l'Eixample,Eixample,Bruc,150,41.39746349,2.16555402,icgc_verificada,1.221,,,1.18,,,,False
HB-004703,Casa Bonay,"MY BED, S.L.",hotel,hotel_estrellas,sin_indicio,4 estrelles,4.0,Independiente,False,124.0,67.0,08010,la Dreta de l'Eixample,Eixample,Gran Via Corts Catalanes,700,41.39363075012316,2.174292114308535,censo,0.82,230.96,201.24,1.148,cruce_inicial,coordenada,4.4,False
HB-004704,Serennia Exclusive Rooms,EURO ALQUILER SL,hotel,hotel_estrellas,sin_indicio,2 estrelles,2.0,Independiente,False,8.0,4.0,08007,la Dreta de l'Eixample,Eixample,Universitat,9,41.38641596849567,2.1654750128093854,censo,0.383,107.3,90.93,1.18,cruce_inicial,nombre_unico,4.4,False
HB-004705,BAILEN GREEN HOUSE,,hotel,sin_estrellas,sin_indicio,No aplica,,Independiente,False,8.0,4.0,08037,el Camp d'en Grassot i Gràcia Nova,Gràcia,Bailèn,188,41.40124592,2.16508152,icgc_verificada,1.636,,,1.18,,,,False
HB-004706,RETROME,"RETRO BARCELONA, SL",hotel,sin_estrellas,sin_indicio,No aplica,,Independiente,False,14.0,7.0,08009,la Dreta de l'Eixample,Eixample,de Girona,85,41.39540003,2.17017915,icgc_verificada,0.934,,,1.18,,,,False
HB-004707,RETROME,"RETRO BARCELONA, SL",hotel,sin_estrellas,sin_indicio,No aplica,,Independiente,False,8.0,4.0,08009,la Dreta de l'Eixample,Eixample,de Girona,81,41.39524186,2.17038759,icgc_verificada,0.917,,,1.18,,,,True
HB-004708,RETROME,"RETRO BARCELONA, SL",hotel,sin_estrellas,sin_indicio,No aplica,,Independiente,False,8.0,4.0,08009,la Dreta de l'Eixample,Eixample,de Girona,81,41.39524186,2.17038759,icgc_verificada,0.917,,,1.18,,,,True
HB-004709,Canigó,,hotel,sin_estrellas,sin_indicio,No aplica,,Independiente,False,17.0,9.0,08041,el Guinardó,Horta-Guinardó,Flaugier,31,41.41535161,2.1770461,icgc_verificada,3.207,,,1.18,,,,False
HB-004711,Duquesa Suites,PROMOCIONS INMOBILIARIES ECO-LLAR 97 SL,hotel,hotel_estrellas,apartamentos,4 estrelles,4.0,Independiente,False,40.0,20.0,08002,el Barri Gòtic,Ciutat Vella,Antoni Lopez,5,41.381149025191895,2.181482776174521,censo,1.158,234.45,204.28,1.148,cruce_inicial,coordenada,4.6,False
HB-004713,Hostal Ginebra Lux,"THE HAPPY TOURIST, SL",hotel,sin_estrellas,hostal,No aplica,,Independiente,False,10.0,4.0,08007,la Dreta de l'Eixample,Eixample,Catalunya,1,41.38751781,2.16804398,icgc_verificada,0.173,,,1.18,,,,False
HB-004714,Hostal Ginebra Superior,"THE HAPPY TOURIST, SL",hotel,sin_estrellas,hostal,No aplica,,Independiente,False,6.0,3.0,08007,la Dreta de l'Eixample,Eixample,Catalunya,1,41.38751781,2.16804398,icgc_verificada,0.173,,,1.18,,,,False
HB-004715,Bed  Break,"CLOSE TO PEDRERA B&B, S.L.",hotel,sin_estrellas,sin_indicio,No aplica,,Independiente,False,8.0,4.0,08009,la Dreta de l'Eixample,Eixample,Diputació,327,41.39385457,2.1714582,icgc_verificada,0.772,146.81,124.41,1.18,cruce_inicial,coordenada,4.3,False
HB-004716,Upper Diagonal,THE BOX PARTNERS SL,hotel,hotel_estrellas,sin_indicio,4 estrelles,4.0,Independiente,False,78.0,39.0,08034,Sarrià,Sarrià-Sant Gervasi,Manuel Girona,7,41.3904938099033,2.121661575643535,censo,4.051,215.76,188.0,1.148,cruce_inicial,coordenada,4.4,False
HB-004718,Ohla Eixample,ESPAITUR BCN SL,hotel,hotel_estrellas,sin_indicio,5 estrelles,5.0,Independiente,False,188.0,94.0,08008,la Dreta de l'Eixample,Eixample,Còrsega,289-291,41.39448527637071,2.156445196720727,censo,1.404,381.5,347.43,1.098,cruce_inicial,coordenada,4.6,False
HB-004719,Bestprice Gracia,HOTELES BESTPRICE,hotel,hotel_estrellas,sin_indicio,1 estrella,1.0,Independiente,False,49.0,24.0,08024,el Camp d'en Grassot i Gràcia Nova,Gràcia,Martí,122,41.40972898359826,2.160847193639739,censo,2.64,127.27,107.86,1.18,cruce_inicial,coordenada,4.5,False
HB-004722,Casa Mathilda,MATHILDA HOTELS S.L.,hotel,sin_estrellas,sin_indicio,No aplica,,Independiente,False,20.0,12.0,08037,la Dreta de l'Eixample,Eixample,Roger de Lluria,125,41.3969604,2.16359769,icgc_verificada,1.23,214.94,182.15,1.18,cruce_inicial,coordenada,4.6,False
HB-004726,Sense especificar,MESTATE S.L.,hotel,hotel_estrellas,sin_indicio,2 estrelles,2.0,Independiente,False,18.0,9.0,08010,la Dreta de l'Eixample,Eixample,Ausias March,25,41.39110484766716,2.175084805023442,censo,0.623,,,1.18,,,,False
HB-004727,Catalonia Magdalenes,ARC DE TRIOMF SL,hotel,hotel_estrellas,sin_indicio,4 estrelles,4.0,Catalonia,True,122.0,61.0,08002,el Barri Gòtic,Ciutat Vella,Magdelenes,13-15,41.38612320758982,2.174603157517087,censo,0.396,289.3,252.08,1.148,cruce_inicial,coordenada,4.8,False
HB-004728,Ibis Styles Barcelona Centre,SOCIETE HOTELIERE ROGER DE LLURIA SLU,hotel,hotel_estrellas,sin_indicio,2 estrelles,2.0,Ibis / Accor,True,162.0,84.0,08037,la Dreta de l'Eixample,Eixample,Provença,340,41.39779877488071,2.1657075901127345,censo,1.253,,,1.18,,,,False
HB-004730,The Wittmore,BILTMORE INVERSIONES SL,hotel,hotel_estrellas,sin_indicio,Gran luxe,5.0,Independiente,False,40.0,22.0,08002,el Barri Gòtic,Ciutat Vella,Riudarenes,7,41.38100409728876,2.179708405633575,censo,1.049,332.8,303.08,1.098,cruce_inicial,coordenada,4.6,False
HB-004731,WellCome Boutique Hotel,BELTXARLOQUI SL,hotel,hotel_estrellas,sin_indicio,4 estrelles,4.0,Independiente,False,78.0,44.0,08037,la Dreta de l'Eixample,Eixample,Girona,158,41.399165115522926,2.165612980595935,censo,1.401,,,1.148,,,,False
HB-004733,Room Mate Anna,SAMI ITG SL,hotel,hotel_estrellas,sin_indicio,4 estrelles,4.0,Room Mate,True,146.0,81.0,08007,la Dreta de l'Eixample,Eixample,Aragó,271,41.39286578560716,2.165518703308214,censo,0.752,204.56,178.24,1.148,cruce_inicial,coordenada,4.6,False
HB-004735,Flats Rent Store,"FLATS RENT STORE, SL",hotel,hotel_estrellas,sin_indicio,1 estrella,1.0,Independiente,False,8.0,2.0,08013,,,Diagonal,320 Bis,,,,,,,1.18,,,,False
HB-004736,Chi,"JAMALDA, S.L.",hotel,hotel_estrellas,sin_indicio,3 estrelles,3.0,Independiente,False,96.0,48.0,08015,la Nova Esquerra de l'Eixample,Eixample,Gran Via Corts Catalanes,455,41.37926527915932,2.1542979481893445,censo,1.567,203.0,176.66,1.149,cruce_inicial,nombre_exacto,8.9,False
HB-004737,The Corner,"NN RENTA, S.A.",hotel,hotel_estrellas,sin_indicio,4 estrelles,4.0,Independiente,False,144.0,72.0,08036,l'Antiga Esquerra de l'Eixample,Eixample,Muntaner,110,41.38920808414,2.1565850044832446,censo,1.146,269.19,234.55,1.148,cruce_inicial,coordenada,4.6,False
HB-004738,murmuri residence mercader,MURMURI RAMBLA SL,hotel,hotel_estrellas,residencia,4 estrelles,4.0,Independiente,False,54.0,14.0,08008,la Dreta de l'Eixample,Eixample,mercader,13,41.39245184284078,2.160095605473392,censo,1.025,232.14,202.27,1.148,cruce_inicial,coordenada,4.3,False
HB-004739,H10 Casa Mimosa,"IKEBANA INVESTMENTS, S.L.",hotel,hotel_estrellas,sin_indicio,4 estrelles superior,4.5,H10,True,90.0,45.0,08037,la Dreta de l'Eixample,Eixample,Pau Claris,179,41.39632576156087,2.1622346806892065,censo,1.223,,,1.148,,,,False
HB-004740,Magatzem 128,CALAB128 BCN SL,hotel,sin_estrellas,sin_indicio,No aplica,,Independiente,False,28.0,16.0,08015,la Nova Esquerra de l'Eixample,Eixample,Calàbria,128,41.3810616,2.1534093,icgc_verificada,1.534,138.7,117.54,1.18,cruce_inicial,coordenada,4.5,False
HB-004741,MY PILLOW GUESTHOUSE,,hotel,sin_estrellas,sin_indicio,No aplica,,Independiente,False,9.0,5.0,08016,Vilapicina i la Torre Llobeta,Nou Barris,de Malgrat,40,41.42826978,2.17990496,icgc_verificada,4.663,,,1.18,,,,False
HB-004742,Ibis Styles Barcelona City Bogatell,"SOCIETE HOTELIERE BARCELONE, S.L.",hotel,hotel_estrellas,sin_indicio,2 estrelles,2.0,Ibis / Accor,True,426.0,213.0,08005,el Parc i la Llacuna del Poblenou,Sant Martí,Llull,71,41.39471834982292,2.193417187038185,censo,2.134,168.83,143.08,1.18,cruce_inicial,coordenada,4.4,False
HB-004745,The One Barcelona,"INMOBILIARIA MANVI, S.L.",hotel,hotel_estrellas,sin_indicio,Gran luxe,5.0,Independiente,False,178.0,89.0,08037,la Dreta de l'Eixample,Eixample,Provença,277,41.39616692342456,2.163175165083871,censo,1.168,340.11,309.73,1.098,cruce_inicial,coordenada,4.6,False
HB-004747,wander,"RHMD MANAGEMENT, SL",hotel,sin_estrellas,sin_indicio,No aplica,,Independiente,False,16.0,8.0,08001,el Raval,Ciutat Vella,Montserrat,13,41.37715017,2.17507056,icgc_verificada,1.174,144.32,122.3,1.18,cruce_inicial,nombre_cerca,3.3,False
HB-004750,soho house,"MIRADOR BARCEL, S.L.",hotel,hotel_estrellas,sin_indicio,5 estrelles,5.0,Independiente,False,114.0,57.0,08002,el Barri Gòtic,Ciutat Vella,"Duc de Medinaceli (Ps. Colom, 20)",4,41.37847340463965,2.179352287617746,censo,1.228,460.0,418.91,1.098,cruce_inicial,coordenada,4.5,False
HB-004752,Gerard,SAMI ITG SL,hotel,hotel_estrellas,sin_indicio,4 estrelles,4.0,Independiente,False,132.0,66.0,08010,la Dreta de l'Eixample,Eixample,Ausias March,34,41.39164480735702,2.176179963865457,censo,0.73,192.19,167.46,1.148,cruce_inicial,nombre_cerca,4.6,False
HB-004753,THE MOODS CATEDRAL,STELLASKI SL,hotel,sin_estrellas,sin_indicio,No aplica,,Independiente,False,32.0,17.0,08002,el Barri Gòtic,Ciutat Vella,de Ramon Berenguer el Gran,2,41.38460127,2.17744791,icgc_verificada,0.676,166.5,141.1,1.18,cruce_inicial,coordenada,4.4,False
HB-004755,Yurbban Passage,LAEBON S.A.,hotel,hotel_estrellas,sin_indicio,4 estrelles superior,4.5,Independiente,False,122.0,60.0,08010,"Sant Pere, Santa Caterina i la Ribera",Ciutat Vella,Trafalgar,26,41.38885039744969,2.175895414191437,censo,0.533,265.2,231.08,1.148,cruce_inicial,coordenada,4.7,False
HB-004756,Niu Barcelona,"HADI INVESTMENTS AND ASSETS, S.L.",hotel,hotel_estrellas,sin_indicio,3 estrelles,3.0,Independiente,False,48.0,27.0,08001,el Raval,Ciutat Vella,Raval,8,41.37882515023729,2.168754430325625,censo,0.915,177.32,154.31,1.149,cruce_inicial,coordenada,4.1,False
HB-004757,ZT The Golden Hotel Barcelona,HOTELERA GLORIES PARC SL,hotel,hotel_estrellas,sin_indicio,4 estrelles,4.0,Independiente,False,293.0,158.0,08018,el Parc i la Llacuna del Poblenou,Sant Martí,Avila,135,41.40020540586961,2.190991263312167,censo,2.285,175.3,152.74,1.148,cruce_inicial,coordenada,4.2,False
HB-004758,Bcn NiceCozy,,hotel,sin_estrellas,sin_indicio,No aplica,,Independiente,False,8.0,4.0,08031,Horta,Horta-Guinardó,Chapí,83-85,41.432536,2.1585679,icgc_verificada,5.152,,,1.18,,,,False
HB-004760,Sb Glow,"SB HOTELS SPAIN\\, S.L.",hotel,hotel_estrellas,sin_indicio,4 estrelles superior,4.5,SB,True,486.0,235.0,08018,el Parc i la Llacuna del Poblenou,Sant Martí,Badajoz,148-154,41.40214569463325,2.1910365479757883,censo,2.432,,,1.148,,,,False
HB-004761,Arya Hotel,VIDGITA S.L.,hotel,hotel_estrellas,sin_indicio,3 estrelles,3.0,Independiente,False,115.0,61.0,08028,Sants - Badal,Sants-Montjuïc,Sants,383-385,41.3755350091031,2.12466475760214,censo,3.991,136.95,119.18,1.149,cruce_inicial,nombre_cerca,4.3,False
HB-004762,Od Barcelona,MAP BEACH GESTION S.L.,hotel,hotel_estrellas,sin_indicio,5 estrelles,5.0,Independiente,False,196.0,98.0,08009,la Dreta de l'Eixample,Eixample,Aragó,300,41.393828705850446,2.167334035650646,censo,0.791,,,1.098,,,,False
HB-004766,Hostal Oliveta,"HOSTAL LA OLIVETA 2014, SL",hotel,sin_estrellas,hostal,No aplica,,Independiente,False,10.0,6.0,08004,el Poble Sec,Sants-Montjuïc,Poeta Cabanyes,18,41.37415368,2.16553563,icgc_verificada,1.476,,,1.18,,,,False
HB-004767,Hotel Boutique 2015,HOTEL BOUTIQUE 2015 SL,hotel,hotel_estrellas,sin_indicio,2 estrelles,2.0,Independiente,False,8.0,4.0,08007,la Dreta de l'Eixample,Eixample,Universitat,9,41.38641596849567,2.1654750128093854,censo,0.383,,,1.18,,,,False
HB-004768,Le Palacete by Sweet,SWEET ACCOMMODATION INN SPAIN SL,hotel,hotel_estrellas,sin_indicio,3 estrelles,3.0,Independiente,False,20.0,10.0,08024,la Vila de Gràcia,Gràcia,Legalitat,10,41.407683199528215,2.159575795661155,censo,2.459,,,1.149,,,,False
HB-004769,rec,"Josel, SLU",hotel,hotel_estrellas,sin_indicio,3 estrelles,3.0,Independiente,False,198.0,99.0,08003,"Sant Pere, Santa Caterina i la Ribera",Ciutat Vella,Rec Comtal,17-19,41.386151941935545,2.1822517443494616,censo,1.026,187.19,162.9,1.149,cruce_inicial,nombre_exacto,4.7,False
HB-004770,"RADISSON BLU 1882 HOTEL, BARCELONA SAGRADA FAMILIA","RADISSON HOTEL MADRID, S.L.U.",hotel,hotel_estrellas,sin_indicio,4 estrelles,4.0,Independiente,False,364.0,182.0,08025,el Camp d'en Grassot i Gràcia Nova,Gràcia,CORSEGA (480-492),480-49,41.40398466309082,2.1694052821596284,censo,1.889,253.34,220.74,1.148,cruce_inicial,coordenada,4.5,False
HB-004802,ONA MOSAIC,CLUBOTEL LA DORADA SL,hotel,sin_estrellas,sin_indicio,No aplica,,Independiente,False,93.0,53.0,08007,la Dreta de l'Eixample,Eixample,de Catalunya,84,41.39263442789897,2.1615855784992792,censo,0.941,165.85,140.55,1.18,cruce_inicial,coordenada,4.2,False
HB-004805,45 Times Barcelona Hotel,"GESTION URBANA ONLY YOU, S.L.",hotel,hotel_estrellas,sin_indicio,4 estrelles superior,4.5,Independiente,False,238.0,119.0,08002,la Dreta de l'Eixample,Eixample,CATALUNYA,10 - 11,41.38786991751789,2.169354802486356,censo,0.111,,,1.148,,,,False
HB-004806,ALMANAC,ALMANAC HOTEL - GRAN VÍA HOTEL BARCELONA S.L.,hotel,hotel_estrellas,sin_indicio,Gran luxe,5.0,Independiente,False,184.0,91.0,08007,la Dreta de l'Eixample,Eixample,GRAN VIA DE LES CORTS CATALANES,619-621,41.39056874598359,2.1693587360128537,censo,0.4,471.48,429.37,1.098,cruce_inicial,coordenada,4.6,False
HB-004807,H10 MADISON,"INVERSIONES SAMOS MEDITERRANEO, S.L.",hotel,hotel_estrellas,sin_indicio,4 estrelles superior,4.5,H10,True,198.0,101.0,08002,el Barri Gòtic,Ciutat Vella,DOCTOR JOAQUIM POU,2-4-6,41.38614093263978,2.175467284308261,censo,0.466,322.28,280.81,1.148,cruce_inicial,coordenada,4.7,False
HB-004822,MOTEL ONE BARCELONA CIUTADELLA,"MOTEL ONE SPAIN, S.L.",hotel,hotel_estrellas,sin_indicio,1 estrella,1.0,Independiente,False,602.0,301.0,08018,el Parc i la Llacuna del Poblenou,Sant Martí,de Pujades,11,41.3901446312642,2.184642301079106,censo,1.271,174.29,147.7,1.18,cruce_inicial,coordenada,4.5,False
HB-004828,EXE PLAZA CATALUNYA,"CLEON HOTELS, S.L.",hotel,hotel_estrellas,sin_indicio,5 estrelles,5.0,Eurostars,True,193.0,107.0,08007,la Dreta de l'Eixample,Eixample,de la Universitat,18,41.386839939302114,2.167463268055395,censo,0.212,179.93,163.86,1.098,cruce_inicial,coordenada,4.1,False
HB-004837,The Barcelona EDITION,BARCELONA HTL PROJECT SL,hotel,hotel_estrellas,sin_indicio,Gran luxe,5.0,Independiente,False,200.0,100.0,08003,"Sant Pere, Santa Caterina i la Ribera",Ciutat Vella,de Frances Cambó,14,41.3860193795592,2.177749636087513,censo,0.656,751.5,684.38,1.098,cruce_inicial,coordenada,4.4,False
HB-004844,COOLROOMS MALDA,COOL ROOMS GESTION S.L.,hotel,sin_estrellas,sin_indicio,No aplica,,Independiente,False,28.0,14.0,08002,el Barri Gòtic,Ciutat Vella,DEL PI,5,41.38313715,2.1739156,icgc_verificada,0.54,212.48,180.07,1.18,rescate,,,False
HB-004855,HOTEL LA CASA DEL SOL,"BEIT ASHAMS BARCELONA, SL",hotel,hotel_estrellas,sin_indicio,3 estrelles,3.0,Independiente,False,32.0,18.0,08012,la Vila de Gràcia,Gràcia,de Maspons,11,41.4012123348651,2.156375357836128,censo,1.947,,,1.149,,,,False
HB-004857,HOTEL PRAKTIK ÈSSENS,"L'ULTIM HOTEL PG, S.L.",hotel,hotel_estrellas,sin_indicio,2 estrelles,2.0,Praktik,True,74.0,37.0,08007,la Dreta de l'Eixample,Eixample,Passeig de Gràcia,24,41.390203699064784,2.167911790980987,censo,0.397,,,1.18,,,,False
HB-004859,ALBERGUE DELFOS,,hotel,sin_estrellas,hostal,No aplica,,Independiente,False,10.0,6.0,08011,Sant Antoni,Eixample,de Sant Antoni,61,41.38465103,2.16371175,icgc_verificada,0.586,,,1.18,,,,False
HB-004867,CAMI,,hotel,sin_estrellas,sin_indicio,No aplica,,Independiente,False,8.0,4.0,08010,la Dreta de l'Eixample,Eixample,de Casp,22,41.38932106,2.17083587,icgc_verificada,0.267,151.81,128.65,1.18,cruce_inicial,coordenada,4.1,False
HB-004883,CASA VOLVER,Hesavi C.B.,hotel,hotel_estrellas,sin_indicio,1 estrella,1.0,Independiente,False,79.0,43.0,08002,el Raval,Ciutat Vella,La Rambla,129,41.38506551814925,2.170062420542056,censo,0.215,,,1.18,,,,False
HB-004892,HOTEL SEVENTY,"Josel, SLU",hotel,hotel_estrellas,sin_indicio,4 estrelles superior,4.5,Independiente,False,304.0,152.0,08037,la Dreta de l'Eixample,Eixample,de Còrsega,344,41.39802836842931,2.161479199538445,censo,1.417,307.24,267.71,1.148,cruce_inicial,coordenada,4.7,False
HB-004893,HOTEL ACTA VORAPORT,FG ACTA GROUP SL,hotel,hotel_estrellas,sin_indicio,2 estrelles,2.0,Acta,True,626.0,313.0,08005,el Poblenou,Sant Martí,RAMON TURRO,169 Bis,41.399176057604166,2.2021543339735774,censo,3.005,196.5,166.52,1.18,cruce_inicial,nombre_exacto,9.0,False
HB-004905,"BARCELO CONDAL HOTELES, S.A. Occidental Barcelona 1929",BARCELO CONDAL HOTELES S.A.,hotel,hotel_estrellas,sin_indicio,3 estrelles,3.0,Barcelo,True,304.0,152.0,08014,Hostafrancs,Sants-Montjuïc,de la Diputació,2,41.375305205605,2.147679995112933,censo,2.271,165.79,144.28,1.149,cruce_inicial,coordenada,4.4,False
HB-004910,HOTEL CASA LUZ,NEOGAMO TRADE SL,hotel,hotel_estrellas,sin_indicio,2 estrelles,2.0,Independiente,False,127.0,65.0,08007,la Dreta de l'Eixample,Eixample,Universitat,1,41.38617162,2.16488015,icgc_verificada,0.437,299.0,253.39,1.18,cruce_inicial,nombre_exacto,8.9,False
HB-004911,OCCIDENTAL 414 DIAGONAL,"414 DIAGONAL, S.L.",hotel,hotel_estrellas,sin_indicio,4 estrelles superior,4.5,Occidental / Ayre,True,204.0,100.0,08037,la Dreta de l'Eixample,Eixample,DIAGONAL,414,41.39809916902943,2.1648319861554346,censo,1.307,243.68,212.33,1.148,cruce_inicial,coordenada,4.6,False
HB-004913,BELVILLAGE,BARCELONA SMART INVEST SLU,hotel,sin_estrellas,sin_indicio,No aplica,,Independiente,False,49.0,25.0,08013,el Fort Pienc,Eixample,Diputació,453,41.40044409,2.18027427,icgc_verificada,1.723,,,1.18,,,,False
HB-004917,Bed  stayup Gràcia,,hotel,sin_estrellas,sin_indicio,No aplica,,Independiente,False,7.0,4.0,08012,la Vila de Gràcia,Gràcia,Gran de Gràcia,26,41.39857212,2.15710942,icgc_verificada,1.677,165.45,140.21,1.18,cruce_inicial,coordenada,3.6,False
HB-004939,Casa Filomena,,hotel,sin_estrellas,sin_indicio,No aplica,,Independiente,False,6.0,2.0,08017,Sarrià,Sarrià-Sant Gervasi,Major de Sarrià,95,41.39953978,2.12170843,icgc_verificada,4.263,,,1.18,,,,False
HB-004941,PAXTON BARCELONA,"GEST PAXTON BARCELONE, S.L.",hotel,hotel_estrellas,sin_indicio,4 estrelles superior,4.5,Independiente,False,306.0,153.0,08005,el Poblenou,Sant Martí,de Llull,160,41.39940049697517,2.200220861641028,censo,2.873,213.07,185.65,1.148,cruce_inicial,coordenada,4.5,False
HB-004948,MIRLO BARCELONA HOTEL,"ZEROONETIBIDABO32,S.L.",hotel,hotel_estrellas,sin_indicio,5 estrelles,5.0,Independiente,False,32.0,16.0,08022,Sant Gervasi - la Bonanova,Sarrià-Sant Gervasi,"del Tibidabo, 32 (Roman Macaya,7)",32,41.41358309122107,2.1347889441149417,censo,4.167,249.7,227.4,1.098,cruce_inicial,nombre_cerca,4.7,False
HB-004954,HOSTAL DIAGONAL,MORANPAPLAN 18 SL,hotel,sin_estrellas,hostal,No aplica,,Independiente,False,10.0,4.0,08037,la Dreta de l'Eixample,Eixample,Diagonal,369,41.39704751,2.16252283,icgc_verificada,1.28,,,1.18,,,,False
HB-004955,HOTEL ME BARCELONA,"CASP 1-13 BARCELONA, SL",hotel,hotel_estrellas,sin_indicio,5 estrelles,5.0,Independiente,False,328.0,164.0,08010,la Dreta de l'Eixample,Eixample,CASP,1-13,41.388986113064114,2.1699973675495325,censo,0.221,361.52,329.23,1.098,cruce_inicial,coordenada,4.5,False
HB-004964,LIMEHOME BARCELONA,LIMEHOME SPAIN S.L.U.,hotel,hotel_estrellas,sin_indicio,3 estrelles,3.0,Independiente,False,42.0,21.0,08026,el Camp de l'Arpa del Clot,Sant Martí,Besalú,82,41.41579721,2.18521576,icgc_verificada,3.444,154.18,134.17,1.149,cruce_inicial,nombre_cerca,3.9,False
HB-004976,ANTIGA CASA BUENAVISTA,"RONDA SAN ANTONIO 84\\, SL",hotel,hotel_estrellas,sin_indicio,4 estrelles superior,4.5,Independiente,False,86.0,43.0,08001,el Raval,Ciutat Vella,de Sant Antoni,84,41.38376584459595,2.163974947423502,censo,0.618,247.97,216.06,1.148,cruce_inicial,coordenada,4.7,False
HB-004982,The Social Hub Barcelona Poblenou,TSH BARCELONA CRISTOBAL DE MOURA OPCO S.L.,hotel,hotel_estrellas,sin_indicio,4 estrelles,4.0,Independiente,False,450.0,293.0,08019,Provençals del Poblenou,Sant Martí,Cristóbal de Moura,49,41.40989422285269,2.2046513689178853,censo,3.852,222.41,193.79,1.148,cruce_inicial,coordenada,4.4,False
HB-004996,"Vía Sants Hotel Barcelona, Tapestry Collection by Hilton",Inversiones HBS S21 S.L,hotel,hotel_estrellas,sin_indicio,4 estrelles,4.0,Hilton,True,100.0,50.0,08029,la Nova Esquerra de l'Eixample,Eixample,de Nicaragua,5,41.38153869,2.14337256,icgc_verificada,2.303,288.16,251.08,1.148,cruce_inicial,coordenada,4.4,False
HB-005002,ARCELON HOTEL,CAUBERA SL,hotel,hotel_estrellas,sin_indicio,4 estrelles,4.0,Independiente,False,142.0,71.0,08027,Navas,Sant Andreu,MALLORCA,661,41.41440273,2.18977662,icgc_verificada,3.465,141.35,123.16,1.148,cruce_inicial,coordenada,4.4,False
HB-005030,HOTEL LINCOLN LOUNGE,"GALVAN-LEVIN, S.L.",hotel,hotel_estrellas,sin_indicio,3 estrelles,3.0,Independiente,False,19.0,12.0,08006,Sant Gervasi - Galvany,Sarrià-Sant Gervasi,de Lincoln,13,41.40035156,2.15007493,icgc_verificada,2.229,,,1.149,,,,False
HB-005036,"Labtwentytwo Barcelona, a Tribute Portfolio Hotel",ODYSSEY CALLE DE PERU S.L.,hotel,hotel_estrellas,sin_indicio,4 estrelles superior,4.5,Independiente,False,350.0,185.0,08018,Provençals del Poblenou,Sant Martí,del Perú,102,41.40887546,2.19690833,icgc_verificada,3.31,,,1.148,,,,False
HB-005059,Leonardo Royal Hotel Barcelona Fira,"Cedrela Investments, SLU",hotel,hotel_estrellas,sin_indicio,4 estrelles superior,4.5,Independiente,False,408.0,204.0,08038,la Marina de Port,Sants-Montjuïc,dels Alts Forns,40,41.35756502,2.13842119,icgc_verificada,4.202,133.8,116.58,1.148,cruce_inicial,coordenada,4.4,False
HB-005060,One shot Arago,OIKOS HOTELS S.L.,hotel,hotel_estrellas,sin_indicio,3 estrelles,3.0,Independiente,False,97.0,49.0,08007,la Dreta de l'Eixample,Eixample,d Aragó,257,41.3916616,2.16393879,icgc_verificada,0.724,151.26,131.63,1.149,cruce_inicial,coordenada,4.2,False
HB-005081,EASYHOTEL BARCELONA LA SAGRERA,"EASYHOTEL SPAIN PROPERTY 1, SL",hotel,hotel_estrellas,sin_indicio,1 estrella,1.0,Independiente,False,150.0,75.0,08027,Navas,Sant Andreu,dels Bofarull,4,41.41502871206004,2.1878356689141407,censo,3.453,132.63,112.4,1.18,cruce_inicial,coordenada,4.3,False
HB-005102,Hotel BESTPRICE Maragall,HOTELES BESTPRICE SA,hotel,hotel_estrellas,sin_indicio,1 estrella,1.0,Independiente,False,62.0,29.0,08041,el Guinardó,Horta-Guinardó,SEGLE XX,3,41.4223276,2.17843103,icgc_verificada,3.991,113.63,96.3,1.18,cruce_inicial,coordenada,4.5,False
HB-005108,Hotel Bypillow Maragall,Port Avinyon SL,hotel,hotel_estrellas,sin_indicio,2 estrelles,2.0,Independiente,False,90.0,36.0,08041,el Guinardó,Horta-Guinardó,Maragall,103,41.418718,2.18036479,icgc_verificada,3.631,158.35,134.19,1.18,cruce_inicial,coordenada,3.8,False
OPENDATA-99400784517,Hotel Ibis Budget Barcelona Center,,hotel,sin_estrellas,sin_indicio,,,Ibis / Accor,True,,,,el Poblenou,Sant Martí,Carrer d'Àvila,66,41.39694524865053,2.1955987295086024,censo,2.405,146.81,124.41,1.18,rescate,,,False
