{
"type": "FeatureCollection",
"name": "barrios",
"crs": { "type": "name", "properties": { "name": "urn:ogc:def:crs:OGC:1.3:CRS84" } },
"features": [
{ "type": "Feature", "properties": { "barrio": "el Raval", "distrito": "Ciutat Vella" }, "geometry": { "type": "Polygon", "coordinates": [ [ [ 2.177373, 41.375317 ], [ 2.178868, 41.374662 ], [ 2.178203, 41.373833 ], [ 2.183134, 41.371598 ], [ 2.18208, 41.370279 ], [ 2.177639, 41.372299 ], [ 2.176842, 41.372717 ], [ 2.176845, 41.372819 ], [ 2.175608, 41.373391 ], [ 2.176388, 41.374348 ], [ 2.175189, 41.374651 ], [ 2.170056, 41.375017 ], [ 2.167851, 41.374985 ], [ 2.163114, 41.378743 ], [ 2.16405, 41.385402 ], [ 2.164851, 41.385917 ], [ 2.170048, 41.385471 ], [ 2.172083, 41.382475 ], [ 2.175107, 41.379046 ], [ 2.175439, 41.378772 ], [ 2.176009, 41.377831 ], [ 2.177534, 41.375988 ], [ 2.1774, 41.37572 ], [ 2.177532, 41.375514 ], [ 2.177373, 41.375317 ] ] ] } },
{ "type": "Feature", "properties": { "barrio": "el Barri Gòtic", "distrito": "Ciutat Vella" }, "geometry": { "type": "Polygon", "coordinates": [ [ [ 2.18288, 41.380815 ], [ 2.182891, 41.380687 ], [ 2.183106, 41.380723 ], [ 2.183568, 41.380464 ], [ 2.185026, 41.376729 ], [ 2.182856, 41.374008 ], [ 2.180998, 41.374843 ], [ 2.180797, 41.375397 ], [ 2.181513, 41.375093 ], [ 2.181426, 41.375372 ], [ 2.183186, 41.377566 ], [ 2.182407, 41.379448 ], [ 2.179581, 41.375909 ], [ 2.180794, 41.375398 ], [ 2.180996, 41.374844 ], [ 2.179542, 41.375506 ], [ 2.178868, 41.374662 ], [ 2.177373, 41.375317 ], [ 2.177532, 41.375514 ], [ 2.1774, 41.37572 ], [ 2.177534, 41.375988 ], [ 2.176009, 41.377831 ], [ 2.175439, 41.378772 ], [ 2.175107, 41.379046 ], [ 2.172083, 41.382475 ], [ 2.170048, 41.385471 ], [ 2.172817, 41.388476 ], [ 2.182254, 41.381295 ], [ 2.182468, 41.381272 ], [ 2.182409, 41.381093 ], [ 2.18288, 41.380815 ] ] ] } },
{ "type": "Feature", "properties": { "barrio": "la Dreta de l'Eixample", "distrito": "Eixample" }, "geometry": { "type": "Polygon", "coordinates": [ [ [ 2.169789, 41.402671 ], [ 2.177806, 41.396576 ], [ 2.176035, 41.395254 ], [ 2.176199, 41.394941 ], [ 2.175998, 41.394546 ], [ 2.180218, 41.39136 ], [ 2.17984, 41.391039 ], [ 2.177367, 41.39011 ], [ 2.175841, 41.388952 ], [ 2.173439, 41.388984 ], [ 2.17275, 41.388418 ], [ 2.170048, 41.385471 ], [ 2.164851, 41.385917 ], [ 2.16413, 41.386304 ], [ 2.165372, 41.387246 ], [ 2.154705, 41.39535 ], [ 2.159307, 41.396512 ], [ 2.166333, 41.401792 ], [ 2.167459, 41.400929 ], [ 2.169789, 41.402671 ] ] ] } },
{ "type": "Feature", "properties": { "barrio": "l'Antiga Esquerra de l'Eixample", "distrito": "Eixample" }, "geometry": { "type": "Polygon", "coordinates": [ [ [ 2.165372, 41.387246 ], [ 2.158574, 41.382128 ], [ 2.148453, 41.389763 ], [ 2.143626, 41.390495 ], [ 2.143945, 41.391448 ], [ 2.144383, 41.392384 ], [ 2.144775, 41.392429 ], [ 2.144989, 41.392611 ], [ 2.14493, 41.392877 ], [ 2.154705, 41.39535 ], [ 2.165372, 41.387246 ] ] ] } },
{ "type": "Feature", "properties": { "barrio": "la Nova Esquerra de l'Eixample", "distrito": "Eixample" }, "geometry": { "type": "Polygon", "coordinates": [ [ [ 2.149978, 41.375591 ], [ 2.14982, 41.375295 ], [ 2.148921, 41.375763 ], [ 2.143928, 41.379542 ], [ 2.142328, 41.380842 ], [ 2.142755, 41.386604 ], [ 2.143044, 41.388231 ], [ 2.143626, 41.390495 ], [ 2.148453, 41.389763 ], [ 2.158574, 41.382128 ], [ 2.150421, 41.375999 ], [ 2.149978, 41.375591 ] ] ] } },
{ "type": "Feature", "properties": { "barrio": "el Clot", "distrito": "Sant Martí" }, "geometry": { "type": "Polygon", "coordinates": [ [ [ 2.191191, 41.415384 ], [ 2.197082, 41.411045 ], [ 2.187964, 41.404196 ], [ 2.187417, 41.404392 ], [ 2.186949, 41.404427 ], [ 2.186608, 41.404364 ], [ 2.185964, 41.404073 ], [ 2.183366, 41.406034 ], [ 2.186865, 41.408649 ], [ 2.186888, 41.415269 ], [ 2.18897, 41.413668 ], [ 2.191191, 41.415384 ] ] ] } },
{ "type": "Feature", "properties": { "barrio": "la Barceloneta", "distrito": "Ciutat Vella" }, "geometry": { "type": "Polygon", "coordinates": [ [ [ 2.196422, 41.383508 ], [ 2.195424, 41.381895 ], [ 2.197344, 41.381204 ], [ 2.196778, 41.38027 ], [ 2.194871, 41.380956 ], [ 2.189493, 41.37068 ], [ 2.189908, 41.369679 ], [ 2.191087, 41.369379 ], [ 2.191554, 41.370127 ], [ 2.192041, 41.369949 ], [ 2.187824, 41.363425 ], [ 2.187166, 41.361715 ], [ 2.187237, 41.3617 ], [ 2.187138, 41.361443 ], [ 2.1869, 41.361496 ], [ 2.185416, 41.357635 ], [ 2.184533, 41.357827 ], [ 2.184723, 41.358319 ], [ 2.185211, 41.358212 ], [ 2.187021, 41.362933 ], [ 2.186482, 41.36305 ], [ 2.186628, 41.363431 ], [ 2.187234, 41.363561 ], [ 2.18925, 41.366679 ], [ 2.187864, 41.367188 ], [ 2.187553, 41.366706 ], [ 2.187269, 41.366012 ], [ 2.186787, 41.365418 ], [ 2.185944, 41.364786 ], [ 2.186201, 41.364416 ], [ 2.186885, 41.364165 ], [ 2.186703, 41.363879 ], [ 2.185924, 41.364167 ], [ 2.185564, 41.364695 ], [ 2.185292, 41.364591 ], [ 2.185077, 41.365237 ], [ 2.184901, 41.365203 ], [ 2.184747, 41.365666 ], [ 2.185287, 41.365786 ], [ 2.185387, 41.365483 ], [ 2.186623, 41.366927 ], [ 2.186881, 41.368154 ], [ 2.186459, 41.368193 ], [ 2.186509, 41.368472 ], [ 2.186906, 41.368435 ], [ 2.187215, 41.370093 ], [ 2.186979, 41.370118 ], [ 2.186746, 41.368925 ], [ 2.186464, 41.368954 ], [ 2.186283, 41.367944 ], [ 2.185069, 41.368065 ], [ 2.185136, 41.368447 ], [ 2.184546, 41.368506 ], [ 2.184896, 41.370377 ], [ 2.184486, 41.370415 ], [ 2.184573, 41.37096 ], [ 2.187079, 41.370696 ], [ 2.187134, 41.371062 ], [ 2.185657, 41.371188 ], [ 2.185867, 41.372455 ], [ 2.18735, 41.372326 ], [ 2.187478, 41.373116 ], [ 2.186741, 41.373262 ], [ 2.186854, 41.373472 ], [ 2.18672, 41.373549 ], [ 2.187066, 41.373896 ], [ 2.187411, 41.374532 ], [ 2.186662, 41.374765 ], [ 2.185988, 41.374503 ], [ 2.185682, 41.372534 ], [ 2.184835, 41.372603 ], [ 2.184138, 41.372929 ], [ 2.184285, 41.373092 ], [ 2.184876, 41.372822 ], [ 2.184922, 41.373107 ], [ 2.184314, 41.373338 ], [ 2.184394, 41.37347 ], [ 2.184942, 41.373262 ], [ 2.184992, 41.37355 ], [ 2.184369, 41.373738 ], [ 2.18444, 41.373871 ], [ 2.185016, 41.373699 ], [ 2.185062, 41.373993 ], [ 2.184398, 41.374134 ], [ 2.184453, 41.374275 ], [ 2.185086, 41.374139 ], [ 2.185133, 41.374439 ], [ 2.184464, 41.374547 ], [ 2.184502, 41.37469 ], [ 2.185156, 41.374585 ], [ 2.185204, 41.374883 ], [ 2.184652, 41.374932 ], [ 2.184677, 41.375077 ], [ 2.185217, 41.375027 ], [ 2.186738, 41.375603 ], [ 2.186799, 41.375865 ], [ 2.186567, 41.375897 ], [ 2.186611, 41.376091 ], [ 2.186843, 41.376059 ], [ 2.187219, 41.377547 ], [ 2.186328, 41.379773 ], [ 2.186197, 41.379842 ], [ 2.186125, 41.380024 ], [ 2.184715, 41.380695 ], [ 2.183568, 41.380464 ], [ 2.1831, 41.380725 ], [ 2.182891, 41.380687 ], [ 2.18288, 41.380815 ], [ 2.182409, 41.381093 ], [ 2.182468, 41.381272 ], [ 2.183605, 41.381276 ], [ 2.184274, 41.382077 ], [ 2.184121, 41.382156 ], [ 2.184572, 41.382684 ], [ 2.185738, 41.382195 ], [ 2.190933, 41.38462 ], [ 2.192769, 41.385648 ], [ 2.195779, 41.387888 ], [ 2.195909, 41.387536 ], [ 2.196405, 41.387416 ], [ 2.199728, 41.384937 ], [ 2.19916, 41.384623 ], [ 2.196422, 41.383508 ] ] ] } },
{ "type": "Feature", "properties": { "barrio": "Sant Pere, Santa Caterina i la Ribera", "distrito": "Ciutat Vella" }, "geometry": { "type": "Polygon", "coordinates": [ [ [ 2.18135, 41.392222 ], [ 2.184605, 41.389756 ], [ 2.18687, 41.39141 ], [ 2.193561, 41.386291 ], [ 2.192606, 41.38554 ], [ 2.191267, 41.384787 ], [ 2.185738, 41.382195 ], [ 2.184572, 41.382684 ], [ 2.184121, 41.382156 ], [ 2.184274, 41.382077 ], [ 2.183605, 41.381276 ], [ 2.182536, 41.381239 ], [ 2.182254, 41.381295 ], [ 2.172817, 41.388476 ], [ 2.173439, 41.388984 ], [ 2.175841, 41.388952 ], [ 2.177367, 41.39011 ], [ 2.17984, 41.391039 ], [ 2.18135, 41.392222 ] ] ] } },
{ "type": "Feature", "properties": { "barrio": "el Fort Pienc", "distrito": "Eixample" }, "geometry": { "type": "Polygon", "coordinates": [ [ [ 2.185753, 41.402545 ], [ 2.186549, 41.402278 ], [ 2.186823, 41.402289 ], [ 2.186829, 41.396895 ], [ 2.186738, 41.396633 ], [ 2.186718, 41.394594 ], [ 2.182394, 41.391427 ], [ 2.18135, 41.392222 ], [ 2.180218, 41.39136 ], [ 2.175998, 41.394546 ], [ 2.176199, 41.394941 ], [ 2.176035, 41.395254 ], [ 2.177806, 41.396576 ], [ 2.17332, 41.399986 ], [ 2.185486, 41.403039 ], [ 2.185753, 41.402545 ] ] ] } },
{ "type": "Feature", "properties": { "barrio": "la Sagrada Família", "distrito": "Eixample" }, "geometry": { "type": "Polygon", "coordinates": [ [ [ 2.185486, 41.403039 ], [ 2.17332, 41.399986 ], [ 2.169789, 41.402671 ], [ 2.172043, 41.40435 ], [ 2.168656, 41.406966 ], [ 2.175423, 41.412041 ], [ 2.185964, 41.404073 ], [ 2.18562, 41.403661 ], [ 2.185428, 41.4032 ], [ 2.185486, 41.403039 ] ] ] } },
{ "type": "Feature", "properties": { "barrio": "Sant Genís dels Agudells", "distrito": "Horta-Guinardó" }, "geometry": { "type": "Polygon", "coordinates": [ [ [ 2.134403, 41.431728 ], [ 2.134963, 41.431631 ], [ 2.134637, 41.431434 ], [ 2.134482, 41.43117 ], [ 2.134477, 41.430823 ], [ 2.134712, 41.430212 ], [ 2.135768, 41.429324 ], [ 2.13793, 41.429839 ], [ 2.138361, 41.429769 ], [ 2.138041, 41.42902 ], [ 2.13728, 41.428085 ], [ 2.138263, 41.427978 ], [ 2.13898, 41.42695 ], [ 2.139167, 41.426902 ], [ 2.13924, 41.426959 ], [ 2.139245, 41.426884 ], [ 2.13938, 41.426851 ], [ 2.139199, 41.426457 ], [ 2.139803, 41.425459 ], [ 2.142332, 41.424785 ], [ 2.141653, 41.423599 ], [ 2.14001, 41.420242 ], [ 2.137725, 41.420943 ], [ 2.137698, 41.421293 ], [ 2.138318, 41.421589 ], [ 2.138438, 41.421881 ], [ 2.138003, 41.422878 ], [ 2.137677, 41.423244 ], [ 2.137397, 41.423397 ], [ 2.136413, 41.423554 ], [ 2.136197, 41.42366 ], [ 2.136048, 41.424428 ], [ 2.135747, 41.42465 ], [ 2.135145, 41.424849 ], [ 2.135051, 41.424705 ], [ 2.135345, 41.424406 ], [ 2.135358, 41.42428 ], [ 2.135162, 41.423973 ], [ 2.134777, 41.423585 ], [ 2.134652, 41.423613 ], [ 2.134491, 41.423403 ], [ 2.134215, 41.422759 ], [ 2.134259, 41.422607 ], [ 2.134657, 41.422318 ], [ 2.135038, 41.421872 ], [ 2.135231, 41.421424 ], [ 2.134727, 41.421841 ], [ 2.134226, 41.421895 ], [ 2.133792, 41.421782 ], [ 2.13312, 41.4218 ], [ 2.13283, 41.421574 ], [ 2.13139, 41.421385 ], [ 2.131257, 41.421294 ], [ 2.131282, 41.421117 ], [ 2.132198, 41.420047 ], [ 2.132113, 41.419806 ], [ 2.13114, 41.419389 ], [ 2.130987, 41.419394 ], [ 2.130529, 41.41994 ], [ 2.130112, 41.420091 ], [ 2.129881, 41.419999 ], [ 2.129672, 41.419563 ], [ 2.129468, 41.419509 ], [ 2.129121, 41.419586 ], [ 2.128775, 41.419924 ], [ 2.128455, 41.419726 ], [ 2.128044, 41.419718 ], [ 2.127456, 41.419377 ], [ 2.127468, 41.419214 ], [ 2.127923, 41.419032 ], [ 2.128168, 41.418736 ], [ 2.127886, 41.418393 ], [ 2.127933, 41.418254 ], [ 2.128485, 41.417914 ], [ 2.128923, 41.417501 ], [ 2.12889, 41.417448 ], [ 2.121164, 41.420714 ], [ 2.121507, 41.420866 ], [ 2.121573, 41.421025 ], [ 2.121406, 41.421379 ], [ 2.120893, 41.421872 ], [ 2.120469, 41.422668 ], [ 2.120542, 41.42308 ], [ 2.120448, 41.423664 ], [ 2.120528, 41.424127 ], [ 2.121333, 41.425463 ], [ 2.121326, 41.425656 ], [ 2.121157, 41.425803 ], [ 2.121924, 41.426493 ], [ 2.122151, 41.426999 ], [ 2.122443, 41.427253 ], [ 2.123113, 41.428681 ], [ 2.123627, 41.428898 ], [ 2.123922, 41.429337 ], [ 2.126627, 41.431594 ], [ 2.127034, 41.431785 ], [ 2.127694, 41.431882 ], [ 2.128947, 41.431752 ], [ 2.129948, 41.431861 ], [ 2.131255, 41.431622 ], [ 2.132251, 41.431974 ], [ 2.133276, 41.431688 ], [ 2.13361, 41.431695 ], [ 2.13383, 41.431829 ], [ 2.133907, 41.432044 ], [ 2.133646, 41.432642 ], [ 2.13364, 41.43298 ], [ 2.133973, 41.433989 ], [ 2.134104, 41.434115 ], [ 2.134293, 41.434156 ], [ 2.13454, 41.434075 ], [ 2.134627, 41.433866 ], [ 2.134087, 41.433076 ], [ 2.134036, 41.432795 ], [ 2.134428, 41.432058 ], [ 2.134403, 41.431728 ] ] ] } },
{ "type": "Feature", "properties": { "barrio": "Montbau", "distrito": "Horta-Guinardó" }, "geometry": { "type": "Polygon", "coordinates": [ [ [ 2.136278, 41.442742 ], [ 2.13659, 41.442271 ], [ 2.13705, 41.441817 ], [ 2.136946, 41.44096 ], [ 2.137304, 41.440588 ], [ 2.137801, 41.440411 ], [ 2.137839, 41.440321 ], [ 2.138431, 41.440791 ], [ 2.141145, 41.439667 ], [ 2.142717, 41.440281 ], [ 2.14283, 41.440236 ], [ 2.142944, 41.44046 ], [ 2.143768, 41.44014 ], [ 2.144368, 41.439754 ], [ 2.145358, 41.439399 ], [ 2.145631, 41.439233 ], [ 2.146131, 41.438702 ], [ 2.147349, 41.43796 ], [ 2.147497, 41.438028 ], [ 2.147713, 41.437864 ], [ 2.148093, 41.437475 ], [ 2.148261, 41.43664 ], [ 2.148575, 41.436124 ], [ 2.147389, 41.435017 ], [ 2.146515, 41.433738 ], [ 2.142332, 41.424785 ], [ 2.139803, 41.425459 ], [ 2.139199, 41.426457 ], [ 2.13938, 41.426851 ], [ 2.139245, 41.426884 ], [ 2.13924, 41.426959 ], [ 2.139167, 41.426902 ], [ 2.13898, 41.42695 ], [ 2.138263, 41.427978 ], [ 2.13728, 41.428085 ], [ 2.138041, 41.42902 ], [ 2.138361, 41.429769 ], [ 2.13793, 41.429839 ], [ 2.135768, 41.429324 ], [ 2.134712, 41.430212 ], [ 2.134477, 41.430823 ], [ 2.134482, 41.43117 ], [ 2.134637, 41.431434 ], [ 2.134963, 41.431631 ], [ 2.134403, 41.431728 ], [ 2.134428, 41.432058 ], [ 2.134036, 41.432795 ], [ 2.134087, 41.433076 ], [ 2.13462, 41.433829 ], [ 2.134605, 41.434001 ], [ 2.134449, 41.434126 ], [ 2.134072, 41.434096 ], [ 2.133893, 41.433794 ], [ 2.133622, 41.432811 ], [ 2.133901, 41.431966 ], [ 2.133801, 41.4318 ], [ 2.13361, 41.431695 ], [ 2.133276, 41.431688 ], [ 2.132303, 41.431974 ], [ 2.131221, 41.43162 ], [ 2.129889, 41.431864 ], [ 2.128947, 41.431752 ], [ 2.127559, 41.431877 ], [ 2.127034, 41.431785 ], [ 2.126627, 41.431594 ], [ 2.126446, 41.431711 ], [ 2.127423, 41.432828 ], [ 2.128283, 41.433554 ], [ 2.128352, 41.434163 ], [ 2.12887, 41.435247 ], [ 2.129281, 41.435798 ], [ 2.129005, 41.436208 ], [ 2.128835, 41.436747 ], [ 2.129214, 41.437564 ], [ 2.129501, 41.438612 ], [ 2.129328, 41.439698 ], [ 2.129416, 41.440233 ], [ 2.129822, 41.440643 ], [ 2.12991, 41.440874 ], [ 2.129892, 41.441073 ], [ 2.129544, 41.441728 ], [ 2.129685, 41.442145 ], [ 2.129956, 41.442476 ], [ 2.129948, 41.442855 ], [ 2.130468, 41.443419 ], [ 2.130657, 41.443791 ], [ 2.131109, 41.443849 ], [ 2.132258, 41.44417 ], [ 2.132849, 41.444722 ], [ 2.133192, 41.444564 ], [ 2.133558, 41.444497 ], [ 2.133838, 41.444124 ], [ 2.134094, 41.443956 ], [ 2.134999, 41.443638 ], [ 2.135757, 41.443025 ], [ 2.136278, 41.442742 ] ] ] } },
{ "type": "Feature", "properties": { "barrio": "Sant Antoni", "distrito": "Eixample" }, "geometry": { "type": "Polygon", "coordinates": [ [ [ 2.163114, 41.378743 ], [ 2.167851, 41.374985 ], [ 2.150514, 41.375006 ], [ 2.14982, 41.375295 ], [ 2.149978, 41.375591 ], [ 2.150421, 41.375999 ], [ 2.16413, 41.386304 ], [ 2.164851, 41.385917 ], [ 2.16405, 41.385402 ], [ 2.163114, 41.378743 ] ] ] } },
{ "type": "Feature", "properties": { "barrio": "el Poble Sec", "distrito": "Sants-Montjuïc" }, "geometry": { "type": "Polygon", "coordinates": [ [ [ 2.150514, 41.375006 ], [ 2.166967, 41.375023 ], [ 2.16856, 41.374951 ], [ 2.170056, 41.375017 ], [ 2.175189, 41.374651 ], [ 2.176388, 41.374348 ], [ 2.175608, 41.373391 ], [ 2.176397, 41.373025 ], [ 2.174912, 41.371178 ], [ 2.174335, 41.370792 ], [ 2.173978, 41.370346 ], [ 2.17406, 41.370321 ], [ 2.173914, 41.37005 ], [ 2.173847, 41.37006 ], [ 2.173383, 41.368393 ], [ 2.172144, 41.366753 ], [ 2.171005, 41.364777 ], [ 2.169415, 41.362624 ], [ 2.168922, 41.362082 ], [ 2.166772, 41.36049 ], [ 2.164887, 41.359283 ], [ 2.163188, 41.35804 ], [ 2.159229, 41.354464 ], [ 2.157795, 41.353388 ], [ 2.156495, 41.352665 ], [ 2.155399, 41.352279 ], [ 2.154648, 41.352123 ], [ 2.153535, 41.352062 ], [ 2.152819, 41.352148 ], [ 2.151685, 41.35268 ], [ 2.150826, 41.352781 ], [ 2.147912, 41.354331 ], [ 2.147084, 41.3547 ], [ 2.146582, 41.355046 ], [ 2.146008, 41.35638 ], [ 2.145691, 41.356792 ], [ 2.145739, 41.356871 ], [ 2.145122, 41.35744 ], [ 2.144912, 41.357746 ], [ 2.144811, 41.358081 ], [ 2.14481, 41.358807 ], [ 2.144686, 41.359114 ], [ 2.145941, 41.359819 ], [ 2.146541, 41.359996 ], [ 2.14723, 41.359994 ], [ 2.148599, 41.359714 ], [ 2.14898, 41.359749 ], [ 2.1493, 41.36008 ], [ 2.14929, 41.360704 ], [ 2.148679, 41.361615 ], [ 2.1474, 41.362565 ], [ 2.144186, 41.363758 ], [ 2.143251, 41.364491 ], [ 2.142822, 41.3647 ], [ 2.142998, 41.364856 ], [ 2.142127, 41.365411 ], [ 2.14206, 41.365351 ], [ 2.141942, 41.365459 ], [ 2.142107, 41.365711 ], [ 2.142145, 41.366041 ], [ 2.142322, 41.366028 ], [ 2.142814, 41.366689 ], [ 2.142914, 41.366662 ], [ 2.143145, 41.367118 ], [ 2.143269, 41.367138 ], [ 2.143372, 41.367461 ], [ 2.143653, 41.367698 ], [ 2.145335, 41.368519 ], [ 2.145663, 41.369008 ], [ 2.146325, 41.369356 ], [ 2.147149, 41.369502 ], [ 2.148473, 41.369433 ], [ 2.148951, 41.369587 ], [ 2.149275, 41.369907 ], [ 2.149579, 41.370869 ], [ 2.150437, 41.371283 ], [ 2.14724, 41.373687 ], [ 2.148538, 41.374671 ], [ 2.14845, 41.375211 ], [ 2.149071, 41.375679 ], [ 2.149382, 41.375475 ], [ 2.150514, 41.375006 ] ] ] } },
{ "type": "Feature", "properties": { "barrio": "la Marina de Port", "distrito": "Sants-Montjuïc" }, "geometry": { "type": "Polygon", "coordinates": [ [ [ 2.140117, 41.36727 ], [ 2.139581, 41.365859 ], [ 2.141224, 41.365939 ], [ 2.141546, 41.366106 ], [ 2.14176, 41.36653 ], [ 2.14195, 41.366603 ], [ 2.14203, 41.366051 ], [ 2.142145, 41.366041 ], [ 2.142107, 41.365711 ], [ 2.141948, 41.365427 ], [ 2.14206, 41.365351 ], [ 2.142127, 41.365411 ], [ 2.142998, 41.364856 ], [ 2.142822, 41.3647 ], [ 2.143251, 41.364491 ], [ 2.144186, 41.363758 ], [ 2.145375, 41.363267 ], [ 2.147143, 41.362687 ], [ 2.148068, 41.362113 ], [ 2.148679, 41.361615 ], [ 2.149046, 41.361159 ], [ 2.14929, 41.360704 ], [ 2.1493, 41.36008 ], [ 2.14909, 41.359814 ], [ 2.148683, 41.359706 ], [ 2.147168, 41.360002 ], [ 2.146402, 41.359971 ], [ 2.145941, 41.359819 ], [ 2.144686, 41.359114 ], [ 2.14481, 41.358807 ], [ 2.144811, 41.358081 ], [ 2.144912, 41.357746 ], [ 2.145122, 41.35744 ], [ 2.145739, 41.356871 ], [ 2.145691, 41.356792 ], [ 2.145948, 41.356497 ], [ 2.14638, 41.355471 ], [ 2.146222, 41.355274 ], [ 2.145284, 41.354809 ], [ 2.143355, 41.354218 ], [ 2.141813, 41.356333 ], [ 2.133752, 41.353094 ], [ 2.133232, 41.354044 ], [ 2.132011, 41.355614 ], [ 2.13273, 41.35591 ], [ 2.133031, 41.356615 ], [ 2.1332, 41.357495 ], [ 2.133226, 41.359063 ], [ 2.133359, 41.359931 ], [ 2.134102, 41.360644 ], [ 2.135827, 41.361938 ], [ 2.133825, 41.363465 ], [ 2.139482, 41.367758 ], [ 2.140117, 41.36727 ] ] ] } },
{ "type": "Feature", "properties": { "barrio": "la Marina del Prat Vermell", "distrito": "Sants-Montjuïc" }, "geometry": { "type": "Polygon", "coordinates": [ [ [ 2.170558, 41.364164 ], [ 2.172573, 41.367389 ], [ 2.173383, 41.368393 ], [ 2.173847, 41.37006 ], [ 2.173914, 41.37005 ], [ 2.17406, 41.370321 ], [ 2.173978, 41.370346 ], [ 2.174335, 41.370792 ], [ 2.174912, 41.371178 ], [ 2.176397, 41.373025 ], [ 2.177639, 41.372299 ], [ 2.177454, 41.372064 ], [ 2.177128, 41.372093 ], [ 2.17682, 41.369889 ], [ 2.177173, 41.369859 ], [ 2.17709, 41.369308 ], [ 2.176737, 41.369338 ], [ 2.17646, 41.367462 ], [ 2.176777, 41.367434 ], [ 2.176593, 41.367145 ], [ 2.179652, 41.366036 ], [ 2.179803, 41.366279 ], [ 2.180874, 41.365875 ], [ 2.180543, 41.365374 ], [ 2.182322, 41.364728 ], [ 2.182812, 41.364879 ], [ 2.1827, 41.365198 ], [ 2.18321, 41.365311 ], [ 2.183342, 41.364876 ], [ 2.183171, 41.364838 ], [ 2.183395, 41.364169 ], [ 2.183546, 41.363275 ], [ 2.183167, 41.363204 ], [ 2.177377, 41.354167 ], [ 2.176093, 41.352005 ], [ 2.1761, 41.351597 ], [ 2.175449, 41.350742 ], [ 2.17529, 41.350291 ], [ 2.171977, 41.335005 ], [ 2.170003, 41.326466 ], [ 2.173189, 41.317088 ], [ 2.172345, 41.316925 ], [ 2.169188, 41.326338 ], [ 2.171217, 41.335115 ], [ 2.169833, 41.335282 ], [ 2.170396, 41.337865 ], [ 2.169792, 41.337938 ], [ 2.172148, 41.348775 ], [ 2.171794, 41.348819 ], [ 2.171854, 41.34908 ], [ 2.172069, 41.349471 ], [ 2.172392, 41.349353 ], [ 2.174912, 41.353245 ], [ 2.174646, 41.353339 ], [ 2.174882, 41.353684 ], [ 2.175131, 41.353587 ], [ 2.178116, 41.35821 ], [ 2.177806, 41.358333 ], [ 2.178057, 41.358724 ], [ 2.178371, 41.358607 ], [ 2.182152, 41.364464 ], [ 2.180373, 41.36511 ], [ 2.179343, 41.363497 ], [ 2.178913, 41.363657 ], [ 2.1792, 41.3641 ], [ 2.175996, 41.365263 ], [ 2.173368, 41.361817 ], [ 2.176772, 41.360559 ], [ 2.175457, 41.358531 ], [ 2.170958, 41.36019 ], [ 2.169969, 41.358658 ], [ 2.173135, 41.356531 ], [ 2.167444, 41.347873 ], [ 2.167198, 41.347969 ], [ 2.16751, 41.348437 ], [ 2.163315, 41.351269 ], [ 2.163141, 41.351226 ], [ 2.162556, 41.351895 ], [ 2.161472, 41.351375 ], [ 2.161617, 41.351204 ], [ 2.161504, 41.35115 ], [ 2.165945, 41.34589 ], [ 2.165413, 41.345635 ], [ 2.161741, 41.349984 ], [ 2.160422, 41.349351 ], [ 2.160789, 41.348907 ], [ 2.160422, 41.348732 ], [ 2.161573, 41.347366 ], [ 2.153325, 41.342653 ], [ 2.152908, 41.34272 ], [ 2.153151, 41.344422 ], [ 2.152789, 41.344451 ], [ 2.15294, 41.345552 ], [ 2.15088, 41.345747 ], [ 2.149622, 41.33662 ], [ 2.145672, 41.336504 ], [ 2.14569, 41.336245 ], [ 2.145341, 41.336364 ], [ 2.144356, 41.334769 ], [ 2.147357, 41.333717 ], [ 2.145923, 41.331391 ], [ 2.146165, 41.331309 ], [ 2.145981, 41.33101 ], [ 2.148516, 41.330125 ], [ 2.155724, 41.341835 ], [ 2.159227, 41.343421 ], [ 2.160699, 41.342849 ], [ 2.16661, 41.341885 ], [ 2.165784, 41.340003 ], [ 2.164964, 41.340137 ], [ 2.159179, 41.326982 ], [ 2.158502, 41.327 ], [ 2.158845, 41.327778 ], [ 2.15464, 41.327803 ], [ 2.154454, 41.327139 ], [ 2.153827, 41.327143 ], [ 2.152917, 41.324363 ], [ 2.152418, 41.323144 ], [ 2.152932, 41.322964 ], [ 2.152529, 41.322297 ], [ 2.151965, 41.322495 ], [ 2.151028, 41.320945 ], [ 2.140875, 41.321534 ], [ 2.132319, 41.321207 ], [ 2.128459, 41.321607 ], [ 2.123991, 41.322396 ], [ 2.120644, 41.323093 ], [ 2.11651, 41.324228 ], [ 2.114204, 41.325435 ], [ 2.112989, 41.327296 ], [ 2.11037, 41.330225 ], [ 2.109113, 41.33119 ], [ 2.108377, 41.332028 ], [ 2.106017, 41.334058 ], [ 2.103713, 41.335359 ], [ 2.102304, 41.335936 ], [ 2.10147, 41.336425 ], [ 2.102609, 41.336954 ], [ 2.103516, 41.337206 ], [ 2.107552, 41.338659 ], [ 2.107933, 41.338729 ], [ 2.126392, 41.344926 ], [ 2.127263, 41.345357 ], [ 2.126909, 41.345884 ], [ 2.128291, 41.346723 ], [ 2.128694, 41.346191 ], [ 2.128891, 41.346253 ], [ 2.128937, 41.346165 ], [ 2.129528, 41.34636 ], [ 2.129492, 41.346414 ], [ 2.129859, 41.346552 ], [ 2.12995, 41.346424 ], [ 2.130354, 41.346542 ], [ 2.130409, 41.346461 ], [ 2.131971, 41.347402 ], [ 2.132541, 41.347861 ], [ 2.132859, 41.347894 ], [ 2.13311, 41.347756 ], [ 2.133843, 41.348115 ], [ 2.133423, 41.348525 ], [ 2.134864, 41.349139 ], [ 2.13524, 41.348654 ], [ 2.136956, 41.349306 ], [ 2.137175, 41.349434 ], [ 2.135561, 41.35096 ], [ 2.135591, 41.351022 ], [ 2.134567, 41.352264 ], [ 2.1344, 41.352205 ], [ 2.133752, 41.353094 ], [ 2.141813, 41.356333 ], [ 2.143355, 41.354218 ], [ 2.145284, 41.354809 ], [ 2.146222, 41.355274 ], [ 2.14638, 41.355471 ], [ 2.146582, 41.355046 ], [ 2.147084, 41.3547 ], [ 2.147912, 41.354331 ], [ 2.150826, 41.352781 ], [ 2.151685, 41.35268 ], [ 2.152819, 41.352148 ], [ 2.153535, 41.352062 ], [ 2.154648, 41.352123 ], [ 2.155399, 41.352279 ], [ 2.156495, 41.352665 ], [ 2.157795, 41.353388 ], [ 2.159229, 41.354464 ], [ 2.163391, 41.358194 ], [ 2.164987, 41.359351 ], [ 2.166712, 41.360448 ], [ 2.168819, 41.361991 ], [ 2.169352, 41.362545 ], [ 2.170558, 41.364164 ] ] ] } },
{ "type": "Feature", "properties": { "barrio": "Baró de Viver", "distrito": "Sant Andreu" }, "geometry": { "type": "Polygon", "coordinates": [ [ [ 2.199717, 41.44281 ], [ 2.195601, 41.442491 ], [ 2.197206, 41.447614 ], [ 2.201322, 41.449008 ], [ 2.20332, 41.446998 ], [ 2.199302, 41.445036 ], [ 2.199717, 41.44281 ] ] ] } },
{ "type": "Feature", "properties": { "barrio": "la Font de la Guatlla", "distrito": "Sants-Montjuïc" }, "geometry": { "type": "Polygon", "coordinates": [ [ [ 2.148814, 41.369519 ], [ 2.148227, 41.369423 ], [ 2.147025, 41.369497 ], [ 2.14649, 41.36941 ], [ 2.14596, 41.369201 ], [ 2.145544, 41.368893 ], [ 2.145335, 41.368519 ], [ 2.143724, 41.367743 ], [ 2.143454, 41.367546 ], [ 2.143269, 41.367138 ], [ 2.143145, 41.367118 ], [ 2.142914, 41.366662 ], [ 2.142814, 41.366689 ], [ 2.142322, 41.366028 ], [ 2.14203, 41.366051 ], [ 2.14195, 41.366603 ], [ 2.14176, 41.36653 ], [ 2.141546, 41.366106 ], [ 2.141224, 41.365939 ], [ 2.139581, 41.365859 ], [ 2.140117, 41.36727 ], [ 2.139482, 41.367758 ], [ 2.14677, 41.373245 ], [ 2.146764, 41.373327 ], [ 2.14724, 41.373687 ], [ 2.150437, 41.371283 ], [ 2.149579, 41.370869 ], [ 2.149275, 41.369907 ], [ 2.14911, 41.3697 ], [ 2.148814, 41.369519 ] ] ] } },
{ "type": "Feature", "properties": { "barrio": "Hostafrancs", "distrito": "Sants-Montjuïc" }, "geometry": { "type": "Polygon", "coordinates": [ [ [ 2.142978, 41.380286 ], [ 2.149071, 41.375679 ], [ 2.14845, 41.375211 ], [ 2.148538, 41.374671 ], [ 2.142348, 41.369894 ], [ 2.142466, 41.3727 ], [ 2.141945, 41.372461 ], [ 2.141456, 41.37286 ], [ 2.141471, 41.373797 ], [ 2.141137, 41.373802 ], [ 2.140993, 41.374268 ], [ 2.141046, 41.374859 ], [ 2.140877, 41.375021 ], [ 2.140826, 41.375299 ], [ 2.140453, 41.375305 ], [ 2.140493, 41.376492 ], [ 2.142279, 41.376631 ], [ 2.141964, 41.37695 ], [ 2.141825, 41.376951 ], [ 2.141837, 41.378417 ], [ 2.142038, 41.378413 ], [ 2.142409, 41.378689 ], [ 2.142088, 41.379001 ], [ 2.142163, 41.379688 ], [ 2.142978, 41.380286 ] ] ] } },
{ "type": "Feature", "properties": { "barrio": "la Bordeta", "distrito": "Sants-Montjuïc" }, "geometry": { "type": "Polygon", "coordinates": [ [ [ 2.141456, 41.37286 ], [ 2.141945, 41.372461 ], [ 2.142466, 41.3727 ], [ 2.142348, 41.369894 ], [ 2.133825, 41.363465 ], [ 2.133557, 41.363674 ], [ 2.132807, 41.365246 ], [ 2.132672, 41.36583 ], [ 2.132057, 41.366722 ], [ 2.131367, 41.368521 ], [ 2.131288, 41.368521 ], [ 2.130637, 41.369458 ], [ 2.129955, 41.370114 ], [ 2.130999, 41.370939 ], [ 2.131692, 41.371673 ], [ 2.131989, 41.370835 ], [ 2.133622, 41.371181 ], [ 2.134684, 41.371044 ], [ 2.13533, 41.371091 ], [ 2.138057, 41.37198 ], [ 2.137864, 41.372342 ], [ 2.140412, 41.373193 ], [ 2.140262, 41.373742 ], [ 2.140336, 41.373814 ], [ 2.141471, 41.373797 ], [ 2.141456, 41.37286 ] ] ] } },
{ "type": "Feature", "properties": { "barrio": "Sants - Badal", "distrito": "Sants-Montjuïc" }, "geometry": { "type": "Polygon", "coordinates": [ [ [ 2.129145, 41.379435 ], [ 2.131766, 41.371872 ], [ 2.131692, 41.371673 ], [ 2.131253, 41.371176 ], [ 2.129955, 41.370114 ], [ 2.129512, 41.37048 ], [ 2.129569, 41.370524 ], [ 2.129096, 41.370855 ], [ 2.128101, 41.371254 ], [ 2.127099, 41.371769 ], [ 2.12715, 41.371803 ], [ 2.125379, 41.372999 ], [ 2.124274, 41.373614 ], [ 2.123738, 41.374368 ], [ 2.123789, 41.374407 ], [ 2.12346, 41.374723 ], [ 2.122275, 41.375303 ], [ 2.121822, 41.375731 ], [ 2.122816, 41.375683 ], [ 2.126968, 41.378226 ], [ 2.129145, 41.379435 ] ] ] } },
{ "type": "Feature", "properties": { "barrio": "el Carmel", "distrito": "Horta-Guinardó" }, "geometry": { "type": "Polygon", "coordinates": [ [ [ 2.158144, 41.426437 ], [ 2.158619, 41.424169 ], [ 2.159028, 41.423225 ], [ 2.158167, 41.42302 ], [ 2.158488, 41.421592 ], [ 2.158698, 41.421585 ], [ 2.159119, 41.421331 ], [ 2.159626, 41.421957 ], [ 2.162297, 41.42245 ], [ 2.162628, 41.421658 ], [ 2.162883, 41.421705 ], [ 2.163011, 41.42165 ], [ 2.163305, 41.421009 ], [ 2.163636, 41.421129 ], [ 2.164054, 41.420953 ], [ 2.164826, 41.420849 ], [ 2.164709, 41.420084 ], [ 2.165385, 41.420115 ], [ 2.165039, 41.420011 ], [ 2.16323, 41.419909 ], [ 2.162207, 41.420081 ], [ 2.161688, 41.41994 ], [ 2.162031, 41.420005 ], [ 2.16267, 41.41981 ], [ 2.162367, 41.419482 ], [ 2.16167, 41.419221 ], [ 2.161328, 41.419174 ], [ 2.161406, 41.419036 ], [ 2.161279, 41.419007 ], [ 2.161304, 41.418918 ], [ 2.161653, 41.418913 ], [ 2.161353, 41.418626 ], [ 2.161173, 41.418184 ], [ 2.160908, 41.418173 ], [ 2.160688, 41.417901 ], [ 2.160929, 41.417801 ], [ 2.160979, 41.417693 ], [ 2.160879, 41.417463 ], [ 2.160126, 41.417797 ], [ 2.159643, 41.417739 ], [ 2.158751, 41.416928 ], [ 2.15915, 41.41673 ], [ 2.159158, 41.416601 ], [ 2.159036, 41.416513 ], [ 2.15882, 41.416549 ], [ 2.158538, 41.416927 ], [ 2.157319, 41.417787 ], [ 2.157071, 41.417803 ], [ 2.156603, 41.417611 ], [ 2.156428, 41.417411 ], [ 2.156634, 41.416872 ], [ 2.156137, 41.41606 ], [ 2.155213, 41.415615 ], [ 2.155156, 41.415438 ], [ 2.15522, 41.415275 ], [ 2.155583, 41.415097 ], [ 2.155227, 41.414925 ], [ 2.15466, 41.415225 ], [ 2.152694, 41.416818 ], [ 2.151928, 41.416906 ], [ 2.151748, 41.417161 ], [ 2.150968, 41.417784 ], [ 2.150937, 41.418005 ], [ 2.151115, 41.418405 ], [ 2.151608, 41.419159 ], [ 2.151746, 41.420144 ], [ 2.149356, 41.420389 ], [ 2.149525, 41.420681 ], [ 2.150592, 41.421799 ], [ 2.150881, 41.422301 ], [ 2.151013, 41.422772 ], [ 2.151061, 41.423666 ], [ 2.151336, 41.42419 ], [ 2.151844, 41.424714 ], [ 2.152485, 41.425041 ], [ 2.152427, 41.425193 ], [ 2.151764, 41.425271 ], [ 2.151849, 41.426031 ], [ 2.150448, 41.426069 ], [ 2.150443, 41.426184 ], [ 2.151049, 41.426233 ], [ 2.151664, 41.426398 ], [ 2.1524, 41.426887 ], [ 2.153829, 41.427494 ], [ 2.155113, 41.428322 ], [ 2.157947, 41.429332 ], [ 2.15792, 41.428503 ], [ 2.157754, 41.428474 ], [ 2.158053, 41.42727 ], [ 2.158144, 41.426437 ] ] ] } },
{ "type": "Feature", "properties": { "barrio": "el Poblenou", "distrito": "Sant Martí" }, "geometry": { "type": "Polygon", "coordinates": [ [ [ 2.206854, 41.400409 ], [ 2.209484, 41.398515 ], [ 2.20956, 41.398574 ], [ 2.210955, 41.397561 ], [ 2.210326, 41.396893 ], [ 2.209958, 41.396971 ], [ 2.209245, 41.396498 ], [ 2.211473, 41.394819 ], [ 2.211275, 41.394675 ], [ 2.209724, 41.395889 ], [ 2.206808, 41.393776 ], [ 2.205303, 41.391634 ], [ 2.206352, 41.390776 ], [ 2.206309, 41.390744 ], [ 2.204662, 41.392055 ], [ 2.204338, 41.3918 ], [ 2.200849, 41.394517 ], [ 2.199812, 41.393623 ], [ 2.193879, 41.398105 ], [ 2.197332, 41.402321 ], [ 2.193785, 41.405014 ], [ 2.203954, 41.407568 ], [ 2.209981, 41.402987 ], [ 2.206854, 41.400409 ] ] ] } },
{ "type": "Feature", "properties": { "barrio": "Sants", "distrito": "Sants-Montjuïc" }, "geometry": { "type": "Polygon", "coordinates": [ [ [ 2.14204, 41.378427 ], [ 2.141837, 41.378417 ], [ 2.141825, 41.376951 ], [ 2.141964, 41.37695 ], [ 2.142279, 41.376631 ], [ 2.140493, 41.376492 ], [ 2.140453, 41.375305 ], [ 2.140826, 41.375299 ], [ 2.140877, 41.375021 ], [ 2.141046, 41.374859 ], [ 2.140993, 41.374268 ], [ 2.141137, 41.373802 ], [ 2.140336, 41.373814 ], [ 2.140262, 41.373742 ], [ 2.140412, 41.373193 ], [ 2.137864, 41.372342 ], [ 2.138057, 41.37198 ], [ 2.13533, 41.371091 ], [ 2.134684, 41.371044 ], [ 2.133622, 41.371181 ], [ 2.131989, 41.370835 ], [ 2.131692, 41.371673 ], [ 2.131766, 41.371872 ], [ 2.129145, 41.379435 ], [ 2.131735, 41.38065 ], [ 2.133557, 41.381143 ], [ 2.13821, 41.382821 ], [ 2.140248, 41.383896 ], [ 2.142192, 41.385262 ], [ 2.142632, 41.385473 ], [ 2.142328, 41.380842 ], [ 2.142978, 41.380286 ], [ 2.142163, 41.379688 ], [ 2.142088, 41.379001 ], [ 2.142409, 41.378689 ], [ 2.14204, 41.378427 ] ] ] } },
{ "type": "Feature", "properties": { "barrio": "les Corts", "distrito": "Les Corts" }, "geometry": { "type": "Polygon", "coordinates": [ [ [ 2.129764, 41.392558 ], [ 2.138327, 41.391253 ], [ 2.14402, 41.392613 ], [ 2.144383, 41.392384 ], [ 2.143945, 41.391448 ], [ 2.143511, 41.390081 ], [ 2.143044, 41.388231 ], [ 2.142632, 41.385473 ], [ 2.142192, 41.385262 ], [ 2.140248, 41.383896 ], [ 2.13821, 41.382821 ], [ 2.133557, 41.381143 ], [ 2.131735, 41.38065 ], [ 2.129142, 41.379434 ], [ 2.127307, 41.384961 ], [ 2.127172, 41.385894 ], [ 2.127175, 41.387838 ], [ 2.12694, 41.388152 ], [ 2.126794, 41.388733 ], [ 2.127631, 41.388982 ], [ 2.127932, 41.389825 ], [ 2.128797, 41.39148 ], [ 2.129122, 41.391949 ], [ 2.129605, 41.392331 ], [ 2.129576, 41.392506 ], [ 2.129764, 41.392558 ] ] ] } },
{ "type": "Feature", "properties": { "barrio": "la Maternitat i Sant Ramon", "distrito": "Les Corts" }, "geometry": { "type": "Polygon", "coordinates": [ [ [ 2.127233, 41.385395 ], [ 2.12819, 41.382156 ], [ 2.129142, 41.379434 ], [ 2.126968, 41.378226 ], [ 2.122816, 41.375683 ], [ 2.121822, 41.375731 ], [ 2.121778, 41.377487 ], [ 2.121562, 41.378026 ], [ 2.117849, 41.375827 ], [ 2.109272, 41.375982 ], [ 2.109256, 41.377118 ], [ 2.10865, 41.377948 ], [ 2.108306, 41.378 ], [ 2.108194, 41.378219 ], [ 2.107675, 41.378517 ], [ 2.106327, 41.37888 ], [ 2.10603, 41.379048 ], [ 2.105661, 41.379448 ], [ 2.104593, 41.379451 ], [ 2.102151, 41.380867 ], [ 2.101864, 41.381125 ], [ 2.101524, 41.381744 ], [ 2.106635, 41.382976 ], [ 2.114188, 41.385056 ], [ 2.126926, 41.388209 ], [ 2.127175, 41.387838 ], [ 2.127233, 41.385395 ] ] ] } },
{ "type": "Feature", "properties": { "barrio": "el Baix Guinardó", "distrito": "Horta-Guinardó" }, "geometry": { "type": "Polygon", "coordinates": [ [ [ 2.174292, 41.411206 ], [ 2.168656, 41.406966 ], [ 2.165159, 41.409573 ], [ 2.164279, 41.410315 ], [ 2.163902, 41.410498 ], [ 2.161303, 41.413499 ], [ 2.161395, 41.413703 ], [ 2.16346, 41.41446 ], [ 2.166296, 41.414954 ], [ 2.167994, 41.415737 ], [ 2.168386, 41.415743 ], [ 2.169254, 41.415608 ], [ 2.169352, 41.41549 ], [ 2.169358, 41.415089 ], [ 2.169585, 41.414786 ], [ 2.174292, 41.411206 ] ] ] } },
{ "type": "Feature", "properties": { "barrio": "Pedralbes", "distrito": "Les Corts" }, "geometry": { "type": "Polygon", "coordinates": [ [ [ 2.102546, 41.401121 ], [ 2.103518, 41.401087 ], [ 2.104916, 41.400683 ], [ 2.105352, 41.400637 ], [ 2.105574, 41.400463 ], [ 2.106526, 41.400129 ], [ 2.10708, 41.39981 ], [ 2.107319, 41.399418 ], [ 2.107768, 41.399231 ], [ 2.10819, 41.39884 ], [ 2.108275, 41.398658 ], [ 2.108654, 41.398451 ], [ 2.109005, 41.397468 ], [ 2.10932, 41.39721 ], [ 2.109353, 41.397013 ], [ 2.109584, 41.396758 ], [ 2.10984, 41.396161 ], [ 2.110273, 41.395838 ], [ 2.110598, 41.395813 ], [ 2.111144, 41.395915 ], [ 2.111821, 41.396258 ], [ 2.112694, 41.396996 ], [ 2.11315, 41.397248 ], [ 2.115813, 41.39577 ], [ 2.11729, 41.395379 ], [ 2.117592, 41.395234 ], [ 2.117883, 41.395057 ], [ 2.11825, 41.394624 ], [ 2.118443, 41.394081 ], [ 2.118333, 41.393101 ], [ 2.117966, 41.392596 ], [ 2.117538, 41.392186 ], [ 2.11822, 41.391848 ], [ 2.11956, 41.391483 ], [ 2.120039, 41.391248 ], [ 2.1205, 41.390845 ], [ 2.120913, 41.390082 ], [ 2.12301, 41.390848 ], [ 2.129576, 41.392506 ], [ 2.129605, 41.392331 ], [ 2.129019, 41.391828 ], [ 2.128393, 41.390787 ], [ 2.127631, 41.388982 ], [ 2.126794, 41.388733 ], [ 2.126926, 41.388209 ], [ 2.114188, 41.385056 ], [ 2.106635, 41.382976 ], [ 2.101524, 41.381744 ], [ 2.101479, 41.382122 ], [ 2.10168, 41.383574 ], [ 2.102382, 41.383614 ], [ 2.102615, 41.383721 ], [ 2.103372, 41.384377 ], [ 2.103575, 41.38474 ], [ 2.103279, 41.384974 ], [ 2.103261, 41.385072 ], [ 2.103042, 41.385135 ], [ 2.102835, 41.385328 ], [ 2.102645, 41.385683 ], [ 2.102425, 41.385744 ], [ 2.102282, 41.385987 ], [ 2.100995, 41.386972 ], [ 2.10141, 41.387192 ], [ 2.102117, 41.387401 ], [ 2.101789, 41.387514 ], [ 2.101327, 41.387845 ], [ 2.10076, 41.388005 ], [ 2.100504, 41.388216 ], [ 2.100201, 41.38914 ], [ 2.099969, 41.390262 ], [ 2.099902, 41.391913 ], [ 2.098972, 41.392918 ], [ 2.098597, 41.393114 ], [ 2.098032, 41.393255 ], [ 2.097921, 41.393393 ], [ 2.097874, 41.393954 ], [ 2.098297, 41.394435 ], [ 2.098475, 41.394903 ], [ 2.099023, 41.395365 ], [ 2.099004, 41.39573 ], [ 2.09937, 41.396248 ], [ 2.099763, 41.396578 ], [ 2.099995, 41.396977 ], [ 2.10009, 41.397329 ], [ 2.10045, 41.397958 ], [ 2.100507, 41.398549 ], [ 2.101491, 41.399011 ], [ 2.102072, 41.399455 ], [ 2.10216, 41.399583 ], [ 2.102162, 41.399915 ], [ 2.102578, 41.400652 ], [ 2.102546, 41.401121 ] ] ] } },
{ "type": "Feature", "properties": { "barrio": "Vallvidrera, el Tibidabo i les Planes", "distrito": "Sarrià-Sant Gervasi" }, "geometry": { "type": "Polygon", "coordinates": [ [ [ 2.07841, 41.414155 ], [ 2.078332, 41.414284 ], [ 2.078532, 41.415071 ], [ 2.079386, 41.415033 ], [ 2.079918, 41.415201 ], [ 2.080115, 41.415488 ], [ 2.080054, 41.415954 ], [ 2.079483, 41.416485 ], [ 2.079315, 41.416795 ], [ 2.079149, 41.416921 ], [ 2.078946, 41.41762 ], [ 2.078567, 41.417886 ], [ 2.078717, 41.418324 ], [ 2.078594, 41.418553 ], [ 2.077637, 41.41851 ], [ 2.077454, 41.418962 ], [ 2.076978, 41.419385 ], [ 2.076887, 41.419649 ], [ 2.077047, 41.420908 ], [ 2.075785, 41.421591 ], [ 2.075293, 41.421959 ], [ 2.07494, 41.422464 ], [ 2.075395, 41.422624 ], [ 2.076675, 41.422412 ], [ 2.077951, 41.422466 ], [ 2.079785, 41.422967 ], [ 2.080034, 41.423187 ], [ 2.080141, 41.424224 ], [ 2.080607, 41.424333 ], [ 2.080591, 41.424422 ], [ 2.079222, 41.424532 ], [ 2.077708, 41.424958 ], [ 2.077098, 41.425049 ], [ 2.075743, 41.424935 ], [ 2.075126, 41.424994 ], [ 2.074579, 41.424813 ], [ 2.073841, 41.424867 ], [ 2.07264, 41.425095 ], [ 2.072757, 41.426072 ], [ 2.072932, 41.426287 ], [ 2.073175, 41.427411 ], [ 2.074935, 41.428202 ], [ 2.076594, 41.428669 ], [ 2.075418, 41.429587 ], [ 2.074583, 41.429922 ], [ 2.073917, 41.430359 ], [ 2.073131, 41.430671 ], [ 2.072374, 41.431835 ], [ 2.071344, 41.433164 ], [ 2.070947, 41.43437 ], [ 2.070993, 41.434998 ], [ 2.071728, 41.436302 ], [ 2.072449, 41.436792 ], [ 2.073233, 41.437164 ], [ 2.072608, 41.435324 ], [ 2.072837, 41.435082 ], [ 2.074598, 41.43551 ], [ 2.074814, 41.435382 ], [ 2.075231, 41.434386 ], [ 2.074927, 41.433442 ], [ 2.075172, 41.433059 ], [ 2.075605, 41.432891 ], [ 2.076436, 41.432911 ], [ 2.076793, 41.432819 ], [ 2.077887, 41.43212 ], [ 2.079965, 41.431879 ], [ 2.080135, 41.431789 ], [ 2.080237, 41.431613 ], [ 2.080177, 41.430908 ], [ 2.080519, 41.430707 ], [ 2.080846, 41.430635 ], [ 2.08121, 41.430695 ], [ 2.081133, 41.431238 ], [ 2.081514, 41.431747 ], [ 2.08185, 41.431918 ], [ 2.082335, 41.431979 ], [ 2.082592, 41.431824 ], [ 2.082682, 41.431658 ], [ 2.082481, 41.431212 ], [ 2.082652, 41.430766 ], [ 2.083663, 41.430922 ], [ 2.083961, 41.43087 ], [ 2.084107, 41.430677 ], [ 2.08372, 41.430186 ], [ 2.083902, 41.429986 ], [ 2.085492, 41.429231 ], [ 2.085754, 41.428929 ], [ 2.086755, 41.428919 ], [ 2.087486, 41.428768 ], [ 2.087943, 41.428299 ], [ 2.088137, 41.428204 ], [ 2.088313, 41.428169 ], [ 2.08877, 41.428514 ], [ 2.089274, 41.429172 ], [ 2.090535, 41.4286 ], [ 2.090969, 41.428934 ], [ 2.09109, 41.429167 ], [ 2.091412, 41.429222 ], [ 2.091482, 41.429357 ], [ 2.091747, 41.429469 ], [ 2.092272, 41.429594 ], [ 2.092516, 41.4302 ], [ 2.092842, 41.430485 ], [ 2.092936, 41.430687 ], [ 2.093583, 41.431212 ], [ 2.094416, 41.432461 ], [ 2.094677, 41.432713 ], [ 2.095829, 41.432988 ], [ 2.096464, 41.43293 ], [ 2.096875, 41.43252 ], [ 2.098786, 41.431753 ], [ 2.098926, 41.431569 ], [ 2.098718, 41.430894 ], [ 2.099093, 41.430117 ], [ 2.099579, 41.430174 ], [ 2.101134, 41.429731 ], [ 2.102059, 41.428639 ], [ 2.102814, 41.428376 ], [ 2.10322, 41.428075 ], [ 2.104029, 41.428422 ], [ 2.105407, 41.428803 ], [ 2.10665, 41.428623 ], [ 2.108404, 41.428719 ], [ 2.109535, 41.42859 ], [ 2.111108, 41.428291 ], [ 2.111849, 41.428344 ], [ 2.112134, 41.428573 ], [ 2.112307, 41.428617 ], [ 2.112904, 41.428359 ], [ 2.113309, 41.428485 ], [ 2.114353, 41.428089 ], [ 2.115146, 41.427893 ], [ 2.115748, 41.426921 ], [ 2.115969, 41.426749 ], [ 2.116828, 41.42638 ], [ 2.117312, 41.426245 ], [ 2.118055, 41.426214 ], [ 2.119635, 41.425651 ], [ 2.120739, 41.425682 ], [ 2.121157, 41.425803 ], [ 2.121326, 41.425656 ], [ 2.121333, 41.425463 ], [ 2.120528, 41.424127 ], [ 2.120448, 41.423664 ], [ 2.120542, 41.42308 ], [ 2.120469, 41.422668 ], [ 2.120893, 41.421872 ], [ 2.121406, 41.421379 ], [ 2.121573, 41.421025 ], [ 2.121507, 41.420866 ], [ 2.121164, 41.420714 ], [ 2.131337, 41.416448 ], [ 2.131243, 41.416333 ], [ 2.128926, 41.417319 ], [ 2.128431, 41.416631 ], [ 2.127788, 41.416608 ], [ 2.127012, 41.416745 ], [ 2.126672, 41.416717 ], [ 2.126296, 41.416003 ], [ 2.125502, 41.415609 ], [ 2.125121, 41.414951 ], [ 2.125316, 41.41436 ], [ 2.125521, 41.414104 ], [ 2.125486, 41.414008 ], [ 2.124776, 41.413885 ], [ 2.124189, 41.413622 ], [ 2.123992, 41.413604 ], [ 2.123499, 41.41372 ], [ 2.123253, 41.413915 ], [ 2.123189, 41.414062 ], [ 2.123415, 41.414891 ], [ 2.123215, 41.415319 ], [ 2.123061, 41.415359 ], [ 2.122612, 41.41504 ], [ 2.122436, 41.415082 ], [ 2.122341, 41.415549 ], [ 2.122214, 41.415728 ], [ 2.12221, 41.416026 ], [ 2.121781, 41.416287 ], [ 2.121716, 41.41682 ], [ 2.121528, 41.416913 ], [ 2.121124, 41.416462 ], [ 2.120974, 41.416062 ], [ 2.120837, 41.415938 ], [ 2.120657, 41.415946 ], [ 2.120248, 41.41613 ], [ 2.120036, 41.416053 ], [ 2.120043, 41.415548 ], [ 2.120289, 41.415087 ], [ 2.120217, 41.414926 ], [ 2.119388, 41.414956 ], [ 2.118958, 41.414889 ], [ 2.118823, 41.41478 ], [ 2.119341, 41.413464 ], [ 2.119622, 41.413116 ], [ 2.119572, 41.412545 ], [ 2.119481, 41.412448 ], [ 2.119294, 41.412446 ], [ 2.118847, 41.412667 ], [ 2.118783, 41.413409 ], [ 2.118659, 41.413522 ], [ 2.118037, 41.413644 ], [ 2.117319, 41.413497 ], [ 2.11698, 41.413496 ], [ 2.116599, 41.413685 ], [ 2.116283, 41.41409 ], [ 2.116075, 41.414147 ], [ 2.115921, 41.414098 ], [ 2.115266, 41.413192 ], [ 2.114551, 41.412993 ], [ 2.114342, 41.412333 ], [ 2.114148, 41.412167 ], [ 2.113787, 41.412179 ], [ 2.113109, 41.412691 ], [ 2.112904, 41.412767 ], [ 2.112684, 41.412706 ], [ 2.112342, 41.412371 ], [ 2.112028, 41.412364 ], [ 2.111439, 41.412752 ], [ 2.111178, 41.41346 ], [ 2.110955, 41.413596 ], [ 2.110756, 41.413499 ], [ 2.110391, 41.413121 ], [ 2.110154, 41.412341 ], [ 2.110004, 41.412214 ], [ 2.109533, 41.412338 ], [ 2.109206, 41.412753 ], [ 2.109022, 41.412866 ], [ 2.108317, 41.412624 ], [ 2.108197, 41.412391 ], [ 2.10827, 41.411563 ], [ 2.108138, 41.411432 ], [ 2.107407, 41.411426 ], [ 2.106995, 41.411527 ], [ 2.106514, 41.411779 ], [ 2.106319, 41.411743 ], [ 2.106182, 41.411408 ], [ 2.105874, 41.411308 ], [ 2.10578, 41.411175 ], [ 2.105928, 41.41096 ], [ 2.106774, 41.410367 ], [ 2.106969, 41.410113 ], [ 2.106914, 41.409937 ], [ 2.106543, 41.409614 ], [ 2.105644, 41.409843 ], [ 2.105474, 41.409663 ], [ 2.105287, 41.409636 ], [ 2.104387, 41.409822 ], [ 2.104163, 41.409748 ], [ 2.103972, 41.409436 ], [ 2.103414, 41.409114 ], [ 2.103541, 41.408514 ], [ 2.103189, 41.407975 ], [ 2.103321, 41.407544 ], [ 2.103591, 41.407348 ], [ 2.104356, 41.40721 ], [ 2.104281, 41.406282 ], [ 2.104735, 41.406009 ], [ 2.104994, 41.406066 ], [ 2.105593, 41.406482 ], [ 2.106341, 41.406413 ], [ 2.106644, 41.406879 ], [ 2.106887, 41.406973 ], [ 2.107564, 41.406532 ], [ 2.108143, 41.406721 ], [ 2.108513, 41.407017 ], [ 2.108912, 41.406983 ], [ 2.10909, 41.4068 ], [ 2.109096, 41.406665 ], [ 2.108835, 41.40592 ], [ 2.10793, 41.405357 ], [ 2.107625, 41.404767 ], [ 2.107306, 41.40458 ], [ 2.107445, 41.404092 ], [ 2.107359, 41.403574 ], [ 2.10687, 41.403266 ], [ 2.105922, 41.40324 ], [ 2.105766, 41.40256 ], [ 2.105564, 41.402367 ], [ 2.105127, 41.402171 ], [ 2.10528, 41.401828 ], [ 2.105117, 41.401463 ], [ 2.104786, 41.401031 ], [ 2.1044, 41.400831 ], [ 2.103518, 41.401087 ], [ 2.102916, 41.401095 ], [ 2.103279, 41.40231 ], [ 2.103698, 41.402991 ], [ 2.103817, 41.403737 ], [ 2.103407, 41.40454 ], [ 2.10272, 41.404808 ], [ 2.101955, 41.40498 ], [ 2.101824, 41.405163 ], [ 2.101664, 41.406355 ], [ 2.101409, 41.406655 ], [ 2.101336, 41.407263 ], [ 2.100863, 41.407831 ], [ 2.100582, 41.408355 ], [ 2.100167, 41.408409 ], [ 2.099016, 41.408827 ], [ 2.097796, 41.409107 ], [ 2.097527, 41.409097 ], [ 2.097216, 41.40897 ], [ 2.096901, 41.408462 ], [ 2.0962, 41.407939 ], [ 2.095489, 41.40779 ], [ 2.093007, 41.408173 ], [ 2.09249, 41.408224 ], [ 2.091481, 41.408138 ], [ 2.089801, 41.408373 ], [ 2.088688, 41.408581 ], [ 2.087487, 41.408973 ], [ 2.086919, 41.409398 ], [ 2.086379, 41.409626 ], [ 2.085385, 41.409614 ], [ 2.085031, 41.409453 ], [ 2.083135, 41.407951 ], [ 2.082649, 41.407476 ], [ 2.082524, 41.407289 ], [ 2.082593, 41.407162 ], [ 2.080974, 41.406351 ], [ 2.080815, 41.406155 ], [ 2.080452, 41.405956 ], [ 2.080481, 41.405168 ], [ 2.080392, 41.404798 ], [ 2.080187, 41.404491 ], [ 2.079005, 41.403445 ], [ 2.078428, 41.403171 ], [ 2.078231, 41.402979 ], [ 2.077732, 41.402914 ], [ 2.076876, 41.403113 ], [ 2.075852, 41.403208 ], [ 2.075344, 41.403108 ], [ 2.07481, 41.402863 ], [ 2.074564, 41.40311 ], [ 2.073662, 41.403705 ], [ 2.072936, 41.403533 ], [ 2.072155, 41.403872 ], [ 2.070737, 41.405453 ], [ 2.069603, 41.406293 ], [ 2.069426, 41.406869 ], [ 2.069719, 41.407057 ], [ 2.071373, 41.407212 ], [ 2.071755, 41.40748 ], [ 2.071897, 41.40774 ], [ 2.071506, 41.408557 ], [ 2.071412, 41.409113 ], [ 2.071935, 41.410166 ], [ 2.072786, 41.410104 ], [ 2.073303, 41.410181 ], [ 2.074593, 41.410995 ], [ 2.075331, 41.411238 ], [ 2.07595, 41.411228 ], [ 2.076412, 41.411027 ], [ 2.076626, 41.410829 ], [ 2.07697, 41.41142 ], [ 2.077571, 41.411759 ], [ 2.076623, 41.412293 ], [ 2.07841, 41.414155 ] ] ] } },
{ "type": "Feature", "properties": { "barrio": "Sarrià", "distrito": "Sarrià-Sant Gervasi" }, "geometry": { "type": "Polygon", "coordinates": [ [ [ 2.11698, 41.413496 ], [ 2.118179, 41.413643 ], [ 2.118749, 41.413468 ], [ 2.118847, 41.412667 ], [ 2.119294, 41.412446 ], [ 2.119471, 41.412446 ], [ 2.12027, 41.41146 ], [ 2.120957, 41.410992 ], [ 2.121387, 41.410378 ], [ 2.121981, 41.40993 ], [ 2.121886, 41.408938 ], [ 2.122323, 41.407946 ], [ 2.122619, 41.407723 ], [ 2.121826, 41.407036 ], [ 2.122759, 41.405899 ], [ 2.12313, 41.404894 ], [ 2.123639, 41.404045 ], [ 2.124288, 41.403404 ], [ 2.124573, 41.40318 ], [ 2.124732, 41.403146 ], [ 2.12477, 41.403045 ], [ 2.124633, 41.402984 ], [ 2.124787, 41.402329 ], [ 2.125211, 41.402029 ], [ 2.122879, 41.400725 ], [ 2.124011, 41.399693 ], [ 2.126116, 41.398147 ], [ 2.127013, 41.397828 ], [ 2.128169, 41.397777 ], [ 2.126114, 41.396418 ], [ 2.125761, 41.396044 ], [ 2.125611, 41.395704 ], [ 2.125987, 41.395614 ], [ 2.129947, 41.39254 ], [ 2.129764, 41.392558 ], [ 2.12301, 41.390848 ], [ 2.120913, 41.390082 ], [ 2.1205, 41.390845 ], [ 2.120039, 41.391248 ], [ 2.11956, 41.391483 ], [ 2.11822, 41.391848 ], [ 2.117538, 41.392186 ], [ 2.11814, 41.39282 ], [ 2.118333, 41.393101 ], [ 2.118421, 41.393452 ], [ 2.118388, 41.394377 ], [ 2.117883, 41.395057 ], [ 2.11729, 41.395379 ], [ 2.115813, 41.39577 ], [ 2.11315, 41.397248 ], [ 2.112694, 41.396996 ], [ 2.111821, 41.396258 ], [ 2.111144, 41.395915 ], [ 2.110598, 41.395813 ], [ 2.110273, 41.395838 ], [ 2.10984, 41.396161 ], [ 2.109584, 41.396758 ], [ 2.109353, 41.397013 ], [ 2.10932, 41.39721 ], [ 2.109005, 41.397468 ], [ 2.108654, 41.398451 ], [ 2.108275, 41.398658 ], [ 2.10819, 41.39884 ], [ 2.107768, 41.399231 ], [ 2.107319, 41.399418 ], [ 2.10708, 41.39981 ], [ 2.106526, 41.400129 ], [ 2.105593, 41.400454 ], [ 2.105424, 41.400615 ], [ 2.1044, 41.400831 ], [ 2.104786, 41.401031 ], [ 2.105117, 41.401463 ], [ 2.10528, 41.401828 ], [ 2.105127, 41.402171 ], [ 2.105564, 41.402367 ], [ 2.105766, 41.40256 ], [ 2.105922, 41.40324 ], [ 2.10687, 41.403266 ], [ 2.107359, 41.403574 ], [ 2.107445, 41.404092 ], [ 2.107306, 41.40458 ], [ 2.107625, 41.404767 ], [ 2.10793, 41.405357 ], [ 2.108835, 41.40592 ], [ 2.10909, 41.4068 ], [ 2.108912, 41.406983 ], [ 2.108513, 41.407017 ], [ 2.108143, 41.406721 ], [ 2.107564, 41.406532 ], [ 2.106887, 41.406973 ], [ 2.106644, 41.406879 ], [ 2.106341, 41.406413 ], [ 2.105593, 41.406482 ], [ 2.104994, 41.406066 ], [ 2.104735, 41.406009 ], [ 2.104281, 41.406282 ], [ 2.104356, 41.40721 ], [ 2.10348, 41.407396 ], [ 2.103321, 41.407544 ], [ 2.103202, 41.407895 ], [ 2.103245, 41.408105 ], [ 2.103541, 41.408514 ], [ 2.103414, 41.409114 ], [ 2.103911, 41.409386 ], [ 2.104257, 41.409804 ], [ 2.105287, 41.409636 ], [ 2.105474, 41.409663 ], [ 2.105644, 41.409843 ], [ 2.106543, 41.409614 ], [ 2.106914, 41.409937 ], [ 2.106969, 41.410113 ], [ 2.106774, 41.410367 ], [ 2.105928, 41.41096 ], [ 2.10578, 41.411175 ], [ 2.10581, 41.411264 ], [ 2.106182, 41.411408 ], [ 2.106251, 41.411679 ], [ 2.106422, 41.411784 ], [ 2.107166, 41.411468 ], [ 2.107691, 41.4114 ], [ 2.108138, 41.411432 ], [ 2.10827, 41.411563 ], [ 2.1082, 41.411879 ], [ 2.108245, 41.412556 ], [ 2.10886, 41.412852 ], [ 2.109118, 41.412824 ], [ 2.109533, 41.412338 ], [ 2.110004, 41.412214 ], [ 2.110154, 41.412341 ], [ 2.110391, 41.413121 ], [ 2.110756, 41.413499 ], [ 2.111042, 41.413594 ], [ 2.111178, 41.41346 ], [ 2.111439, 41.412752 ], [ 2.112028, 41.412364 ], [ 2.112342, 41.412371 ], [ 2.112684, 41.412706 ], [ 2.112963, 41.412761 ], [ 2.113663, 41.412244 ], [ 2.114045, 41.412143 ], [ 2.114342, 41.412333 ], [ 2.114551, 41.412993 ], [ 2.115266, 41.413192 ], [ 2.115921, 41.414098 ], [ 2.116075, 41.414147 ], [ 2.116283, 41.41409 ], [ 2.116599, 41.413685 ], [ 2.11698, 41.413496 ] ] ] } },
{ "type": "Feature", "properties": { "barrio": "el Parc i la Llacuna del Poblenou", "distrito": "Sant Martí" }, "geometry": { "type": "Polygon", "coordinates": [ [ [ 2.191424, 41.406797 ], [ 2.197332, 41.402321 ], [ 2.193879, 41.398105 ], [ 2.196038, 41.396463 ], [ 2.187947, 41.390571 ], [ 2.18687, 41.39141 ], [ 2.184605, 41.389756 ], [ 2.182394, 41.391427 ], [ 2.186718, 41.394594 ], [ 2.186738, 41.396633 ], [ 2.186829, 41.396895 ], [ 2.186823, 41.402289 ], [ 2.186549, 41.402278 ], [ 2.185753, 41.402545 ], [ 2.185428, 41.4032 ], [ 2.18562, 41.403661 ], [ 2.185964, 41.404073 ], [ 2.18672, 41.404394 ], [ 2.187326, 41.40441 ], [ 2.187964, 41.404196 ], [ 2.191424, 41.406797 ] ] ] } },
{ "type": "Feature", "properties": { "barrio": "les Tres Torres", "distrito": "Sarrià-Sant Gervasi" }, "geometry": { "type": "Polygon", "coordinates": [ [ [ 2.132888, 41.397838 ], [ 2.132795, 41.397393 ], [ 2.132906, 41.397007 ], [ 2.13457, 41.395108 ], [ 2.135773, 41.392287 ], [ 2.136436, 41.391584 ], [ 2.129947, 41.39254 ], [ 2.125987, 41.395614 ], [ 2.125611, 41.395704 ], [ 2.125761, 41.396044 ], [ 2.126114, 41.396418 ], [ 2.128169, 41.397777 ], [ 2.127013, 41.397828 ], [ 2.126116, 41.398147 ], [ 2.124011, 41.399693 ], [ 2.122879, 41.400725 ], [ 2.130003, 41.404707 ], [ 2.134161, 41.399334 ], [ 2.132888, 41.397838 ] ] ] } },
{ "type": "Feature", "properties": { "barrio": "Sant Gervasi - Galvany", "distrito": "Sarrià-Sant Gervasi" }, "geometry": { "type": "Polygon", "coordinates": [ [ [ 2.144898, 41.402686 ], [ 2.147619, 41.401162 ], [ 2.148489, 41.401209 ], [ 2.149435, 41.401118 ], [ 2.150263, 41.400904 ], [ 2.151174, 41.400534 ], [ 2.154966, 41.396735 ], [ 2.155311, 41.396292 ], [ 2.155665, 41.395592 ], [ 2.14493, 41.392877 ], [ 2.144989, 41.392611 ], [ 2.144775, 41.392429 ], [ 2.144383, 41.392384 ], [ 2.14402, 41.392613 ], [ 2.138327, 41.391253 ], [ 2.136436, 41.391584 ], [ 2.135773, 41.392287 ], [ 2.13457, 41.395108 ], [ 2.133018, 41.396853 ], [ 2.132831, 41.397173 ], [ 2.132797, 41.397555 ], [ 2.132888, 41.397838 ], [ 2.134231, 41.39941 ], [ 2.137995, 41.402876 ], [ 2.139055, 41.403593 ], [ 2.140684, 41.404424 ], [ 2.14212, 41.403899 ], [ 2.143332, 41.403165 ], [ 2.144898, 41.402686 ] ] ] } },
{ "type": "Feature", "properties": { "barrio": "la Salut", "distrito": "Gràcia" }, "geometry": { "type": "Polygon", "coordinates": [ [ [ 2.152095, 41.416212 ], [ 2.152305, 41.416235 ], [ 2.152943, 41.416624 ], [ 2.15466, 41.415225 ], [ 2.155227, 41.414925 ], [ 2.155583, 41.415097 ], [ 2.155873, 41.415125 ], [ 2.15655, 41.415546 ], [ 2.157227, 41.416498 ], [ 2.157458, 41.416544 ], [ 2.15759, 41.41649 ], [ 2.158192, 41.415404 ], [ 2.158911, 41.414668 ], [ 2.15962, 41.414122 ], [ 2.159986, 41.413959 ], [ 2.160495, 41.413851 ], [ 2.161166, 41.414081 ], [ 2.161387, 41.413819 ], [ 2.161303, 41.413499 ], [ 2.162018, 41.412643 ], [ 2.160303, 41.411688 ], [ 2.154222, 41.408559 ], [ 2.153752, 41.409042 ], [ 2.151672, 41.408307 ], [ 2.150959, 41.407981 ], [ 2.150872, 41.408069 ], [ 2.150674, 41.407961 ], [ 2.148017, 41.410564 ], [ 2.150203, 41.411696 ], [ 2.149021, 41.412966 ], [ 2.149644, 41.413039 ], [ 2.149871, 41.413895 ], [ 2.149811, 41.414389 ], [ 2.149599, 41.414799 ], [ 2.149645, 41.414911 ], [ 2.150116, 41.415202 ], [ 2.151087, 41.415416 ], [ 2.151196, 41.415792 ], [ 2.151131, 41.415922 ], [ 2.150362, 41.416285 ], [ 2.150587, 41.416405 ], [ 2.151934, 41.416564 ], [ 2.152377, 41.416719 ], [ 2.151927, 41.416283 ], [ 2.152095, 41.416212 ] ] ] } },
{ "type": "Feature", "properties": { "barrio": "Sant Gervasi - la Bonanova", "distrito": "Sarrià-Sant Gervasi" }, "geometry": { "type": "Polygon", "coordinates": [ [ [ 2.128775, 41.419924 ], [ 2.129121, 41.419586 ], [ 2.129506, 41.419438 ], [ 2.13009, 41.419649 ], [ 2.130062, 41.419113 ], [ 2.130224, 41.418666 ], [ 2.130523, 41.418316 ], [ 2.131274, 41.418216 ], [ 2.132141, 41.418568 ], [ 2.134201, 41.417797 ], [ 2.13628, 41.415977 ], [ 2.136055, 41.41537 ], [ 2.137138, 41.414368 ], [ 2.137666, 41.414194 ], [ 2.137871, 41.414027 ], [ 2.137686, 41.413874 ], [ 2.138294, 41.411266 ], [ 2.138184, 41.410923 ], [ 2.137978, 41.410657 ], [ 2.137717, 41.41046 ], [ 2.137137, 41.410228 ], [ 2.137333, 41.409804 ], [ 2.13725, 41.409472 ], [ 2.139401, 41.405326 ], [ 2.139608, 41.405102 ], [ 2.140684, 41.404424 ], [ 2.139055, 41.403593 ], [ 2.137995, 41.402876 ], [ 2.134161, 41.399334 ], [ 2.130003, 41.404707 ], [ 2.125211, 41.402029 ], [ 2.124787, 41.402329 ], [ 2.124633, 41.402984 ], [ 2.12477, 41.403045 ], [ 2.124732, 41.403146 ], [ 2.124573, 41.40318 ], [ 2.124288, 41.403404 ], [ 2.123639, 41.404045 ], [ 2.12313, 41.404894 ], [ 2.122759, 41.405899 ], [ 2.121826, 41.407036 ], [ 2.122619, 41.407723 ], [ 2.122323, 41.407946 ], [ 2.121886, 41.408938 ], [ 2.121981, 41.40993 ], [ 2.121387, 41.410378 ], [ 2.120957, 41.410992 ], [ 2.12027, 41.41146 ], [ 2.119471, 41.412446 ], [ 2.119572, 41.412545 ], [ 2.119622, 41.413116 ], [ 2.119341, 41.413464 ], [ 2.119177, 41.413974 ], [ 2.118869, 41.414511 ], [ 2.118823, 41.41478 ], [ 2.118958, 41.414889 ], [ 2.119467, 41.41496 ], [ 2.120217, 41.414926 ], [ 2.120289, 41.415087 ], [ 2.120043, 41.415548 ], [ 2.120036, 41.416053 ], [ 2.120248, 41.41613 ], [ 2.120657, 41.415946 ], [ 2.120837, 41.415938 ], [ 2.120974, 41.416062 ], [ 2.121153, 41.416502 ], [ 2.121566, 41.41692 ], [ 2.121716, 41.41682 ], [ 2.121781, 41.416287 ], [ 2.12221, 41.416026 ], [ 2.122214, 41.415728 ], [ 2.122341, 41.415549 ], [ 2.122436, 41.415082 ], [ 2.122612, 41.41504 ], [ 2.123061, 41.415359 ], [ 2.123215, 41.415319 ], [ 2.123415, 41.414891 ], [ 2.123189, 41.414062 ], [ 2.123253, 41.413915 ], [ 2.123499, 41.41372 ], [ 2.123992, 41.413604 ], [ 2.124189, 41.413622 ], [ 2.124776, 41.413885 ], [ 2.125486, 41.414008 ], [ 2.125521, 41.414104 ], [ 2.125316, 41.41436 ], [ 2.125121, 41.414951 ], [ 2.125502, 41.415609 ], [ 2.126296, 41.416003 ], [ 2.126672, 41.416717 ], [ 2.127012, 41.416745 ], [ 2.127788, 41.416608 ], [ 2.128431, 41.416631 ], [ 2.128926, 41.417319 ], [ 2.131243, 41.416333 ], [ 2.131337, 41.416448 ], [ 2.12889, 41.417448 ], [ 2.128923, 41.417501 ], [ 2.128485, 41.417914 ], [ 2.127933, 41.418254 ], [ 2.127886, 41.418393 ], [ 2.128168, 41.418736 ], [ 2.127923, 41.419032 ], [ 2.127468, 41.419214 ], [ 2.127456, 41.419377 ], [ 2.128044, 41.419718 ], [ 2.128455, 41.419726 ], [ 2.128775, 41.419924 ] ] ] } },
{ "type": "Feature", "properties": { "barrio": "la Vila Olímpica del Poblenou", "distrito": "Sant Martí" }, "geometry": { "type": "Polygon", "coordinates": [ [ [ 2.196038, 41.396463 ], [ 2.199812, 41.393623 ], [ 2.200849, 41.394517 ], [ 2.204338, 41.3918 ], [ 2.204662, 41.392055 ], [ 2.206309, 41.390744 ], [ 2.205758, 41.390327 ], [ 2.205003, 41.390906 ], [ 2.202118, 41.390005 ], [ 2.201417, 41.388785 ], [ 2.20276, 41.387773 ], [ 2.202989, 41.387945 ], [ 2.20369, 41.387419 ], [ 2.203044, 41.386422 ], [ 2.201716, 41.384972 ], [ 2.200794, 41.38422 ], [ 2.199573, 41.383532 ], [ 2.19915, 41.38385 ], [ 2.199895, 41.384201 ], [ 2.20003, 41.384154 ], [ 2.200712, 41.384609 ], [ 2.201897, 41.385677 ], [ 2.20268, 41.386594 ], [ 2.2024, 41.386805 ], [ 2.201289, 41.38597 ], [ 2.201495, 41.385814 ], [ 2.200839, 41.38532 ], [ 2.200115, 41.385866 ], [ 2.201882, 41.387196 ], [ 2.200461, 41.388267 ], [ 2.200342, 41.388179 ], [ 2.200224, 41.388267 ], [ 2.1984, 41.386895 ], [ 2.198518, 41.386805 ], [ 2.1984, 41.386717 ], [ 2.19953, 41.385865 ], [ 2.200067, 41.38518 ], [ 2.199728, 41.384937 ], [ 2.196405, 41.387416 ], [ 2.195909, 41.387536 ], [ 2.195779, 41.387888 ], [ 2.193561, 41.386291 ], [ 2.187947, 41.390571 ], [ 2.196038, 41.396463 ] ] ] } },
{ "type": "Feature", "properties": { "barrio": "el Putxet i el Farró", "distrito": "Sarrià-Sant Gervasi" }, "geometry": { "type": "Polygon", "coordinates": [ [ [ 2.148388, 41.406802 ], [ 2.148936, 41.406525 ], [ 2.149004, 41.406569 ], [ 2.148853, 41.406701 ], [ 2.14907, 41.406832 ], [ 2.149939, 41.406125 ], [ 2.150036, 41.405944 ], [ 2.149965, 41.405425 ], [ 2.150358, 41.404351 ], [ 2.150326, 41.40413 ], [ 2.15003, 41.403746 ], [ 2.14989, 41.403226 ], [ 2.151153, 41.401471 ], [ 2.151174, 41.400534 ], [ 2.150263, 41.400904 ], [ 2.149435, 41.401118 ], [ 2.148489, 41.401209 ], [ 2.147619, 41.401162 ], [ 2.144898, 41.402686 ], [ 2.143332, 41.403165 ], [ 2.14212, 41.403899 ], [ 2.140684, 41.404424 ], [ 2.139498, 41.405194 ], [ 2.137241, 41.409509 ], [ 2.137333, 41.409804 ], [ 2.137137, 41.410228 ], [ 2.137717, 41.41046 ], [ 2.137978, 41.410657 ], [ 2.138184, 41.410923 ], [ 2.1383, 41.411316 ], [ 2.137686, 41.413874 ], [ 2.137728, 41.413967 ], [ 2.137871, 41.414027 ], [ 2.140902, 41.411742 ], [ 2.144517, 41.4114 ], [ 2.144998, 41.411327 ], [ 2.145212, 41.41121 ], [ 2.145692, 41.41068 ], [ 2.145951, 41.410107 ], [ 2.147417, 41.408238 ], [ 2.148654, 41.407191 ], [ 2.148371, 41.406979 ], [ 2.148498, 41.406879 ], [ 2.148388, 41.406802 ] ] ] } },
{ "type": "Feature", "properties": { "barrio": "el Coll", "distrito": "Gràcia" }, "geometry": { "type": "Polygon", "coordinates": [ [ [ 2.149356, 41.420389 ], [ 2.151746, 41.420144 ], [ 2.151608, 41.419159 ], [ 2.151115, 41.418405 ], [ 2.150937, 41.418005 ], [ 2.150968, 41.417784 ], [ 2.151748, 41.417161 ], [ 2.151928, 41.416906 ], [ 2.152694, 41.416818 ], [ 2.152943, 41.416624 ], [ 2.152197, 41.416201 ], [ 2.151927, 41.416283 ], [ 2.152377, 41.416719 ], [ 2.151934, 41.416564 ], [ 2.150521, 41.416383 ], [ 2.150318, 41.416199 ], [ 2.151005, 41.415879 ], [ 2.150961, 41.415672 ], [ 2.149912, 41.415817 ], [ 2.148785, 41.415679 ], [ 2.148343, 41.416032 ], [ 2.148111, 41.415514 ], [ 2.147128, 41.41473 ], [ 2.144845, 41.413374 ], [ 2.1447, 41.414137 ], [ 2.144826, 41.4146 ], [ 2.145283, 41.414945 ], [ 2.146701, 41.415664 ], [ 2.146881, 41.415905 ], [ 2.146981, 41.416349 ], [ 2.145997, 41.416878 ], [ 2.145394, 41.416606 ], [ 2.145038, 41.416623 ], [ 2.144441, 41.417069 ], [ 2.144154, 41.417391 ], [ 2.144005, 41.417845 ], [ 2.144062, 41.418493 ], [ 2.144206, 41.419088 ], [ 2.144508, 41.419684 ], [ 2.144393, 41.419931 ], [ 2.144041, 41.420168 ], [ 2.144823, 41.420792 ], [ 2.145147, 41.420894 ], [ 2.146938, 41.421249 ], [ 2.147905, 41.421605 ], [ 2.149312, 41.421629 ], [ 2.149483, 41.421534 ], [ 2.149509, 41.421431 ], [ 2.14952, 41.420616 ], [ 2.149356, 41.420389 ] ] ] } },
{ "type": "Feature", "properties": { "barrio": "Vallcarca i els Penitents", "distrito": "Gràcia" }, "geometry": { "type": "Polygon", "coordinates": [ [ [ 2.136197, 41.42366 ], [ 2.136413, 41.423554 ], [ 2.137397, 41.423397 ], [ 2.137677, 41.423244 ], [ 2.138003, 41.422878 ], [ 2.138438, 41.421881 ], [ 2.138318, 41.421589 ], [ 2.137698, 41.421293 ], [ 2.137667, 41.421038 ], [ 2.137809, 41.420884 ], [ 2.14001, 41.420242 ], [ 2.140373, 41.421062 ], [ 2.141713, 41.421538 ], [ 2.142, 41.42154 ], [ 2.143772, 41.420218 ], [ 2.143878, 41.420149 ], [ 2.144041, 41.420168 ], [ 2.144413, 41.419909 ], [ 2.144504, 41.419613 ], [ 2.144181, 41.419018 ], [ 2.144008, 41.418055 ], [ 2.144154, 41.417391 ], [ 2.144441, 41.417069 ], [ 2.145038, 41.416623 ], [ 2.145394, 41.416606 ], [ 2.145997, 41.416878 ], [ 2.146981, 41.416349 ], [ 2.146881, 41.415905 ], [ 2.146701, 41.415664 ], [ 2.145283, 41.414945 ], [ 2.144826, 41.4146 ], [ 2.1447, 41.414137 ], [ 2.144845, 41.413374 ], [ 2.147128, 41.41473 ], [ 2.148111, 41.415514 ], [ 2.148343, 41.416032 ], [ 2.148785, 41.415679 ], [ 2.149912, 41.415817 ], [ 2.150961, 41.415672 ], [ 2.151005, 41.415879 ], [ 2.150372, 41.416144 ], [ 2.150351, 41.416262 ], [ 2.150989, 41.416022 ], [ 2.151161, 41.415883 ], [ 2.151077, 41.415396 ], [ 2.150253, 41.415249 ], [ 2.149828, 41.415073 ], [ 2.149645, 41.414911 ], [ 2.149599, 41.414799 ], [ 2.149811, 41.414389 ], [ 2.149871, 41.413895 ], [ 2.149644, 41.413039 ], [ 2.149021, 41.412966 ], [ 2.150203, 41.411696 ], [ 2.148017, 41.410564 ], [ 2.150674, 41.407961 ], [ 2.148853, 41.406701 ], [ 2.149004, 41.406569 ], [ 2.148936, 41.406525 ], [ 2.148388, 41.406802 ], [ 2.148498, 41.406879 ], [ 2.148371, 41.406979 ], [ 2.148654, 41.407191 ], [ 2.147417, 41.408238 ], [ 2.145951, 41.410107 ], [ 2.145692, 41.41068 ], [ 2.145212, 41.41121 ], [ 2.144998, 41.411327 ], [ 2.144517, 41.4114 ], [ 2.140902, 41.411742 ], [ 2.137666, 41.414194 ], [ 2.137138, 41.414368 ], [ 2.136055, 41.41537 ], [ 2.13628, 41.415977 ], [ 2.134201, 41.417797 ], [ 2.132141, 41.418568 ], [ 2.131274, 41.418216 ], [ 2.130523, 41.418316 ], [ 2.130224, 41.418666 ], [ 2.130062, 41.419113 ], [ 2.13009, 41.419649 ], [ 2.129599, 41.419436 ], [ 2.129272, 41.41953 ], [ 2.129672, 41.419563 ], [ 2.129881, 41.419999 ], [ 2.130112, 41.420091 ], [ 2.130529, 41.41994 ], [ 2.130987, 41.419394 ], [ 2.13114, 41.419389 ], [ 2.132113, 41.419806 ], [ 2.132198, 41.420047 ], [ 2.131282, 41.421117 ], [ 2.131257, 41.421294 ], [ 2.13139, 41.421385 ], [ 2.13283, 41.421574 ], [ 2.13312, 41.4218 ], [ 2.133792, 41.421782 ], [ 2.134226, 41.421895 ], [ 2.134727, 41.421841 ], [ 2.135231, 41.421424 ], [ 2.135038, 41.421872 ], [ 2.134657, 41.422318 ], [ 2.134259, 41.422607 ], [ 2.134215, 41.422759 ], [ 2.134491, 41.423403 ], [ 2.134652, 41.423613 ], [ 2.134777, 41.423585 ], [ 2.135162, 41.423973 ], [ 2.135358, 41.42428 ], [ 2.135345, 41.424406 ], [ 2.13507, 41.42467 ], [ 2.135063, 41.424806 ], [ 2.135145, 41.424849 ], [ 2.135747, 41.42465 ], [ 2.136048, 41.424428 ], [ 2.136197, 41.42366 ] ] ] } },
{ "type": "Feature", "properties": { "barrio": "la Vila de Gràcia", "distrito": "Gràcia" }, "geometry": { "type": "Polygon", "coordinates": [ [ [ 2.158192, 41.410598 ], [ 2.163512, 41.404909 ], [ 2.161622, 41.403724 ], [ 2.165245, 41.400972 ], [ 2.159307, 41.396512 ], [ 2.155665, 41.395592 ], [ 2.155311, 41.396292 ], [ 2.154966, 41.396735 ], [ 2.151174, 41.400534 ], [ 2.151153, 41.401471 ], [ 2.14989, 41.403226 ], [ 2.15003, 41.403746 ], [ 2.150326, 41.40413 ], [ 2.150358, 41.404351 ], [ 2.149965, 41.405425 ], [ 2.150036, 41.405944 ], [ 2.149939, 41.406125 ], [ 2.14907, 41.406832 ], [ 2.150872, 41.408069 ], [ 2.150959, 41.407981 ], [ 2.151672, 41.408307 ], [ 2.153752, 41.409042 ], [ 2.154222, 41.408559 ], [ 2.158192, 41.410598 ] ] ] } },
{ "type": "Feature", "properties": { "barrio": "el Camp d'en Grassot i Gràcia Nova", "distrito": "Gràcia" }, "geometry": { "type": "Polygon", "coordinates": [ [ [ 2.172043, 41.40435 ], [ 2.167459, 41.400929 ], [ 2.166333, 41.401792 ], [ 2.165245, 41.400972 ], [ 2.161622, 41.403724 ], [ 2.163512, 41.404909 ], [ 2.158192, 41.410598 ], [ 2.162018, 41.412643 ], [ 2.163902, 41.410498 ], [ 2.164279, 41.410315 ], [ 2.165159, 41.409573 ], [ 2.172043, 41.40435 ] ] ] } },
{ "type": "Feature", "properties": { "barrio": "Can Baró", "distrito": "Horta-Guinardó" }, "geometry": { "type": "Polygon", "coordinates": [ [ [ 2.166156, 41.420024 ], [ 2.166074, 41.419539 ], [ 2.165884, 41.419279 ], [ 2.165601, 41.419143 ], [ 2.1651, 41.41913 ], [ 2.164991, 41.41885 ], [ 2.164829, 41.418732 ], [ 2.165341, 41.418127 ], [ 2.166004, 41.418317 ], [ 2.166396, 41.418208 ], [ 2.166038, 41.418202 ], [ 2.165981, 41.418105 ], [ 2.166144, 41.417921 ], [ 2.166423, 41.417856 ], [ 2.16682, 41.418048 ], [ 2.16691, 41.418468 ], [ 2.167012, 41.418561 ], [ 2.168471, 41.418886 ], [ 2.168033, 41.418332 ], [ 2.167648, 41.418147 ], [ 2.167552, 41.417647 ], [ 2.166183, 41.416716 ], [ 2.166187, 41.416598 ], [ 2.167299, 41.415453 ], [ 2.166296, 41.414954 ], [ 2.16346, 41.41446 ], [ 2.161395, 41.413703 ], [ 2.161362, 41.413907 ], [ 2.161166, 41.414081 ], [ 2.160495, 41.413851 ], [ 2.159986, 41.413959 ], [ 2.15962, 41.414122 ], [ 2.158911, 41.414668 ], [ 2.158192, 41.415404 ], [ 2.15759, 41.41649 ], [ 2.157458, 41.416544 ], [ 2.157227, 41.416498 ], [ 2.15655, 41.415546 ], [ 2.155873, 41.415125 ], [ 2.1555, 41.415111 ], [ 2.15522, 41.415275 ], [ 2.155157, 41.415479 ], [ 2.15526, 41.415664 ], [ 2.155951, 41.415939 ], [ 2.156211, 41.416144 ], [ 2.156634, 41.416872 ], [ 2.156444, 41.417479 ], [ 2.156843, 41.417718 ], [ 2.157104, 41.417809 ], [ 2.157365, 41.417762 ], [ 2.158538, 41.416927 ], [ 2.158807, 41.416559 ], [ 2.158944, 41.416505 ], [ 2.159134, 41.416569 ], [ 2.159163, 41.416707 ], [ 2.158751, 41.416928 ], [ 2.159643, 41.417739 ], [ 2.160126, 41.417797 ], [ 2.160879, 41.417463 ], [ 2.160979, 41.417693 ], [ 2.160929, 41.417801 ], [ 2.160688, 41.417901 ], [ 2.160908, 41.418173 ], [ 2.161173, 41.418184 ], [ 2.161353, 41.418626 ], [ 2.161653, 41.418913 ], [ 2.161304, 41.418918 ], [ 2.161279, 41.419007 ], [ 2.161406, 41.419036 ], [ 2.161328, 41.419174 ], [ 2.16167, 41.419221 ], [ 2.162367, 41.419482 ], [ 2.16267, 41.41981 ], [ 2.162031, 41.420005 ], [ 2.161688, 41.41994 ], [ 2.162207, 41.420081 ], [ 2.163131, 41.419908 ], [ 2.164814, 41.419993 ], [ 2.165926, 41.420173 ], [ 2.166156, 41.420024 ] ] ] } },
{ "type": "Feature", "properties": { "barrio": "el Guinardó", "distrito": "Horta-Guinardó" }, "geometry": { "type": "Polygon", "coordinates": [ [ [ 2.176164, 41.42544 ], [ 2.180642, 41.420538 ], [ 2.180827, 41.420167 ], [ 2.180432, 41.417815 ], [ 2.180452, 41.415862 ], [ 2.180233, 41.415577 ], [ 2.174292, 41.411206 ], [ 2.169585, 41.414786 ], [ 2.169358, 41.415089 ], [ 2.169352, 41.41549 ], [ 2.169254, 41.415608 ], [ 2.168125, 41.415756 ], [ 2.167299, 41.415453 ], [ 2.166187, 41.416598 ], [ 2.166216, 41.416753 ], [ 2.166742, 41.417039 ], [ 2.167552, 41.417647 ], [ 2.167648, 41.418147 ], [ 2.168033, 41.418332 ], [ 2.168471, 41.418886 ], [ 2.167012, 41.418561 ], [ 2.16691, 41.418468 ], [ 2.16682, 41.418048 ], [ 2.166337, 41.417852 ], [ 2.166055, 41.417978 ], [ 2.165981, 41.418105 ], [ 2.166038, 41.418202 ], [ 2.166396, 41.418208 ], [ 2.165949, 41.418323 ], [ 2.165341, 41.418127 ], [ 2.164829, 41.418732 ], [ 2.164991, 41.41885 ], [ 2.1651, 41.41913 ], [ 2.165601, 41.419143 ], [ 2.165884, 41.419279 ], [ 2.166074, 41.419539 ], [ 2.166167, 41.419956 ], [ 2.166098, 41.42011 ], [ 2.165926, 41.420173 ], [ 2.164709, 41.420084 ], [ 2.164815, 41.420646 ], [ 2.164941, 41.420734 ], [ 2.165144, 41.421291 ], [ 2.165576, 41.421578 ], [ 2.16645, 41.421252 ], [ 2.166605, 41.421266 ], [ 2.167032, 41.421739 ], [ 2.167178, 41.422119 ], [ 2.167347, 41.422208 ], [ 2.168231, 41.422364 ], [ 2.16809, 41.42249 ], [ 2.166965, 41.422584 ], [ 2.167524, 41.422737 ], [ 2.167992, 41.423213 ], [ 2.168967, 41.423152 ], [ 2.169276, 41.423374 ], [ 2.169554, 41.423082 ], [ 2.169627, 41.422752 ], [ 2.16902, 41.421365 ], [ 2.169158, 41.421195 ], [ 2.169496, 41.421182 ], [ 2.170977, 41.422909 ], [ 2.17191, 41.42317 ], [ 2.171826, 41.423996 ], [ 2.172521, 41.425066 ], [ 2.172357, 41.42652 ], [ 2.176164, 41.42544 ] ] ] } },
{ "type": "Feature", "properties": { "barrio": "Can Peguera", "distrito": "Nou Barris" }, "geometry": { "type": "Polygon", "coordinates": [ [ [ 2.165581, 41.436326 ], [ 2.16789, 41.435792 ], [ 2.167702, 41.435966 ], [ 2.167764, 41.436018 ], [ 2.168947, 41.435037 ], [ 2.1696, 41.434863 ], [ 2.169259, 41.434562 ], [ 2.169029, 41.434071 ], [ 2.169852, 41.433699 ], [ 2.169526, 41.433291 ], [ 2.169035, 41.433507 ], [ 2.168605, 41.43301 ], [ 2.168362, 41.433066 ], [ 2.167648, 41.433494 ], [ 2.166582, 41.433749 ], [ 2.16666, 41.433934 ], [ 2.165824, 41.434124 ], [ 2.165764, 41.433991 ], [ 2.164856, 41.434199 ], [ 2.164745, 41.43393 ], [ 2.164502, 41.433991 ], [ 2.164437, 41.433843 ], [ 2.164552, 41.433799 ], [ 2.164419, 41.433665 ], [ 2.164035, 41.433606 ], [ 2.163797, 41.433646 ], [ 2.163964, 41.434076 ], [ 2.163485, 41.434188 ], [ 2.164268, 41.436281 ], [ 2.163157, 41.436579 ], [ 2.163355, 41.436857 ], [ 2.164233, 41.436501 ], [ 2.165581, 41.436326 ] ] ] } },
{ "type": "Feature", "properties": { "barrio": "la Font d'en Fargues", "distrito": "Horta-Guinardó" }, "geometry": { "type": "Polygon", "coordinates": [ [ [ 2.171826, 41.423996 ], [ 2.17191, 41.42317 ], [ 2.170977, 41.422909 ], [ 2.169496, 41.421182 ], [ 2.169158, 41.421195 ], [ 2.16902, 41.421365 ], [ 2.169627, 41.422752 ], [ 2.169554, 41.423082 ], [ 2.169276, 41.423374 ], [ 2.168967, 41.423152 ], [ 2.168273, 41.423232 ], [ 2.167966, 41.423198 ], [ 2.167607, 41.422788 ], [ 2.166956, 41.422557 ], [ 2.16809, 41.42249 ], [ 2.168231, 41.422364 ], [ 2.167347, 41.422208 ], [ 2.167178, 41.422119 ], [ 2.167032, 41.421739 ], [ 2.166605, 41.421266 ], [ 2.16645, 41.421252 ], [ 2.165965, 41.421481 ], [ 2.165523, 41.421559 ], [ 2.165111, 41.421249 ], [ 2.164941, 41.420734 ], [ 2.164815, 41.420646 ], [ 2.164826, 41.420849 ], [ 2.164054, 41.420953 ], [ 2.163636, 41.421129 ], [ 2.163305, 41.421009 ], [ 2.163011, 41.42165 ], [ 2.162883, 41.421705 ], [ 2.162628, 41.421658 ], [ 2.162297, 41.42245 ], [ 2.159626, 41.421957 ], [ 2.159119, 41.421331 ], [ 2.158698, 41.421585 ], [ 2.158488, 41.421592 ], [ 2.158167, 41.42302 ], [ 2.159028, 41.423225 ], [ 2.158619, 41.424169 ], [ 2.15834, 41.425594 ], [ 2.159212, 41.42608 ], [ 2.162948, 41.427579 ], [ 2.163722, 41.427935 ], [ 2.16374, 41.428023 ], [ 2.165382, 41.427738 ], [ 2.167419, 41.427548 ], [ 2.170155, 41.427158 ], [ 2.172357, 41.42652 ], [ 2.172521, 41.425066 ], [ 2.171826, 41.423996 ] ] ] } },
{ "type": "Feature", "properties": { "barrio": "la Teixonera", "distrito": "Horta-Guinardó" }, "geometry": { "type": "Polygon", "coordinates": [ [ [ 2.151849, 41.426031 ], [ 2.151764, 41.425271 ], [ 2.152427, 41.425193 ], [ 2.152485, 41.425041 ], [ 2.151844, 41.424714 ], [ 2.151336, 41.42419 ], [ 2.151061, 41.423666 ], [ 2.151013, 41.422772 ], [ 2.150881, 41.422301 ], [ 2.150592, 41.421799 ], [ 2.149525, 41.420681 ], [ 2.149509, 41.421431 ], [ 2.149483, 41.421534 ], [ 2.149312, 41.421629 ], [ 2.147905, 41.421605 ], [ 2.146938, 41.421249 ], [ 2.145147, 41.420894 ], [ 2.144823, 41.420792 ], [ 2.144045, 41.420168 ], [ 2.143878, 41.420149 ], [ 2.142, 41.42154 ], [ 2.141713, 41.421538 ], [ 2.140459, 41.421099 ], [ 2.141653, 41.423599 ], [ 2.142332, 41.424785 ], [ 2.143143, 41.42448 ], [ 2.143604, 41.424385 ], [ 2.14493, 41.42443 ], [ 2.146025, 41.42422 ], [ 2.146542, 41.424211 ], [ 2.147826, 41.424568 ], [ 2.149312, 41.425506 ], [ 2.15027, 41.42583 ], [ 2.150448, 41.426069 ], [ 2.151849, 41.426031 ] ] ] } },
{ "type": "Feature", "properties": { "barrio": "la Vall d'Hebron", "distrito": "Horta-Guinardó" }, "geometry": { "type": "Polygon", "coordinates": [ [ [ 2.152131, 41.430896 ], [ 2.151917, 41.430651 ], [ 2.151809, 41.430704 ], [ 2.151636, 41.430652 ], [ 2.151361, 41.430397 ], [ 2.151434, 41.429985 ], [ 2.15122, 41.42988 ], [ 2.151079, 41.429641 ], [ 2.151078, 41.428739 ], [ 2.15095, 41.4282 ], [ 2.150696, 41.427747 ], [ 2.150209, 41.427158 ], [ 2.150014, 41.426553 ], [ 2.149609, 41.426164 ], [ 2.149694, 41.425903 ], [ 2.150001, 41.425777 ], [ 2.149151, 41.425421 ], [ 2.147719, 41.424519 ], [ 2.146542, 41.424211 ], [ 2.146025, 41.42422 ], [ 2.14493, 41.42443 ], [ 2.143604, 41.424385 ], [ 2.143143, 41.42448 ], [ 2.142332, 41.424785 ], [ 2.146215, 41.433154 ], [ 2.147134, 41.434706 ], [ 2.148232, 41.435852 ], [ 2.149538, 41.436754 ], [ 2.150431, 41.437114 ], [ 2.151636, 41.43733 ], [ 2.152234, 41.437202 ], [ 2.152765, 41.436751 ], [ 2.152271, 41.436324 ], [ 2.151979, 41.436246 ], [ 2.152313, 41.435723 ], [ 2.152662, 41.435616 ], [ 2.152236, 41.43512 ], [ 2.153084, 41.434952 ], [ 2.15262, 41.433985 ], [ 2.152261, 41.433726 ], [ 2.152189, 41.433507 ], [ 2.152428, 41.433147 ], [ 2.153331, 41.432467 ], [ 2.153789, 41.431664 ], [ 2.152774, 41.430931 ], [ 2.152131, 41.430896 ] ] ] } },
{ "type": "Feature", "properties": { "barrio": "Vilapicina i la Torre Llobeta", "distrito": "Nou Barris" }, "geometry": { "type": "Polygon", "coordinates": [ [ [ 2.165652, 41.430447 ], [ 2.183016, 41.430193 ], [ 2.184691, 41.427833 ], [ 2.184347, 41.427627 ], [ 2.179816, 41.427804 ], [ 2.177325, 41.42816 ], [ 2.177233, 41.426883 ], [ 2.177306, 41.426802 ], [ 2.177368, 41.425486 ], [ 2.176164, 41.42544 ], [ 2.170155, 41.427158 ], [ 2.167419, 41.427548 ], [ 2.165382, 41.427738 ], [ 2.1637, 41.428036 ], [ 2.163644, 41.428113 ], [ 2.164675, 41.428776 ], [ 2.165177, 41.429075 ], [ 2.165496, 41.429155 ], [ 2.165686, 41.4294 ], [ 2.166177, 41.429601 ], [ 2.163951, 41.430846 ], [ 2.163829, 41.43108 ], [ 2.164986, 41.430626 ], [ 2.165652, 41.430447 ] ] ] } },
{ "type": "Feature", "properties": { "barrio": "Porta", "distrito": "Nou Barris" }, "geometry": { "type": "Polygon", "coordinates": [ [ [ 2.185444, 41.439707 ], [ 2.183925, 41.43479 ], [ 2.183117, 41.432469 ], [ 2.182884, 41.432217 ], [ 2.182709, 41.431799 ], [ 2.182594, 41.431015 ], [ 2.182724, 41.43061 ], [ 2.183016, 41.430193 ], [ 2.174687, 41.43031 ], [ 2.174681, 41.430621 ], [ 2.172053, 41.435362 ], [ 2.17291, 41.436468 ], [ 2.173988, 41.437545 ], [ 2.174444, 41.438187 ], [ 2.174758, 41.43819 ], [ 2.174884, 41.438399 ], [ 2.185444, 41.439707 ] ] ] } },
{ "type": "Feature", "properties": { "barrio": "la Clota", "distrito": "Horta-Guinardó" }, "geometry": { "type": "Polygon", "coordinates": [ [ [ 2.156982, 41.428997 ], [ 2.155113, 41.428322 ], [ 2.153829, 41.427494 ], [ 2.1524, 41.426887 ], [ 2.151664, 41.426398 ], [ 2.151049, 41.426233 ], [ 2.150443, 41.426184 ], [ 2.150398, 41.425939 ], [ 2.150151, 41.425787 ], [ 2.149872, 41.425801 ], [ 2.149648, 41.425955 ], [ 2.149635, 41.426227 ], [ 2.150014, 41.426553 ], [ 2.150209, 41.427158 ], [ 2.150696, 41.427747 ], [ 2.15095, 41.4282 ], [ 2.151078, 41.428739 ], [ 2.151071, 41.429607 ], [ 2.15115, 41.429811 ], [ 2.151434, 41.429985 ], [ 2.151332, 41.430241 ], [ 2.15142, 41.430502 ], [ 2.151676, 41.430666 ], [ 2.151809, 41.430704 ], [ 2.151917, 41.430651 ], [ 2.152131, 41.430896 ], [ 2.152774, 41.430931 ], [ 2.153789, 41.431664 ], [ 2.154243, 41.43118 ], [ 2.155418, 41.430441 ], [ 2.155818, 41.429964 ], [ 2.156528, 41.429541 ], [ 2.156982, 41.428997 ] ] ] } },
{ "type": "Feature", "properties": { "barrio": "el Turó de la Peira", "distrito": "Nou Barris" }, "geometry": { "type": "Polygon", "coordinates": [ [ [ 2.172053, 41.435362 ], [ 2.174681, 41.430621 ], [ 2.174687, 41.43031 ], [ 2.166274, 41.43047 ], [ 2.165819, 41.430404 ], [ 2.164986, 41.430626 ], [ 2.163829, 41.43108 ], [ 2.16316, 41.432154 ], [ 2.163106, 41.432442 ], [ 2.163149, 41.43308 ], [ 2.163485, 41.434188 ], [ 2.163964, 41.434076 ], [ 2.163797, 41.433646 ], [ 2.16403, 41.433606 ], [ 2.164426, 41.43367 ], [ 2.164552, 41.433799 ], [ 2.164437, 41.433843 ], [ 2.164502, 41.433991 ], [ 2.164745, 41.43393 ], [ 2.164856, 41.434199 ], [ 2.165764, 41.433991 ], [ 2.165824, 41.434124 ], [ 2.16666, 41.433934 ], [ 2.166582, 41.433749 ], [ 2.167648, 41.433494 ], [ 2.168362, 41.433066 ], [ 2.168605, 41.43301 ], [ 2.169035, 41.433507 ], [ 2.169526, 41.433291 ], [ 2.169852, 41.433699 ], [ 2.169029, 41.434071 ], [ 2.169259, 41.434562 ], [ 2.1696, 41.434863 ], [ 2.170304, 41.434784 ], [ 2.171025, 41.434839 ], [ 2.171553, 41.435012 ], [ 2.172053, 41.435362 ] ] ] } },
{ "type": "Feature", "properties": { "barrio": "Horta", "distrito": "Horta-Guinardó" }, "geometry": { "type": "Polygon", "coordinates": [ [ [ 2.159481, 41.449963 ], [ 2.159426, 41.449439 ], [ 2.158085, 41.44785 ], [ 2.157612, 41.447523 ], [ 2.157049, 41.447415 ], [ 2.15711, 41.447275 ], [ 2.157451, 41.447096 ], [ 2.157557, 41.446854 ], [ 2.157228, 41.446029 ], [ 2.156115, 41.445783 ], [ 2.155826, 41.445793 ], [ 2.155682, 41.445623 ], [ 2.155745, 41.445548 ], [ 2.156235, 41.445502 ], [ 2.15707, 41.445067 ], [ 2.157516, 41.444986 ], [ 2.157826, 41.444748 ], [ 2.158041, 41.444141 ], [ 2.158268, 41.444015 ], [ 2.158445, 41.443735 ], [ 2.158704, 41.442984 ], [ 2.159065, 41.442505 ], [ 2.159391, 41.442256 ], [ 2.159702, 41.44215 ], [ 2.15996, 41.44239 ], [ 2.160129, 41.442204 ], [ 2.161542, 41.441608 ], [ 2.161685, 41.441632 ], [ 2.162201, 41.441412 ], [ 2.162721, 41.441332 ], [ 2.162795, 41.441035 ], [ 2.162707, 41.440862 ], [ 2.161925, 41.440752 ], [ 2.161671, 41.440532 ], [ 2.161498, 41.440014 ], [ 2.161614, 41.439589 ], [ 2.161993, 41.438997 ], [ 2.162328, 41.438668 ], [ 2.163682, 41.437886 ], [ 2.163131, 41.437358 ], [ 2.163272, 41.437347 ], [ 2.163211, 41.437288 ], [ 2.16353, 41.437102 ], [ 2.163157, 41.436579 ], [ 2.164268, 41.436281 ], [ 2.163729, 41.434926 ], [ 2.163149, 41.43308 ], [ 2.163085, 41.432715 ], [ 2.16316, 41.432154 ], [ 2.163951, 41.430846 ], [ 2.166177, 41.429601 ], [ 2.165686, 41.4294 ], [ 2.165496, 41.429155 ], [ 2.165177, 41.429075 ], [ 2.163644, 41.428113 ], [ 2.163722, 41.427935 ], [ 2.160055, 41.426374 ], [ 2.159212, 41.42608 ], [ 2.15834, 41.425594 ], [ 2.157754, 41.428474 ], [ 2.15792, 41.428503 ], [ 2.157947, 41.429332 ], [ 2.156982, 41.428997 ], [ 2.156563, 41.429509 ], [ 2.155818, 41.429964 ], [ 2.155418, 41.430441 ], [ 2.154077, 41.431319 ], [ 2.153331, 41.432467 ], [ 2.152428, 41.433147 ], [ 2.152215, 41.433432 ], [ 2.152213, 41.433658 ], [ 2.152609, 41.433968 ], [ 2.153084, 41.434952 ], [ 2.152236, 41.43512 ], [ 2.152662, 41.435616 ], [ 2.152313, 41.435723 ], [ 2.151979, 41.436246 ], [ 2.152271, 41.436324 ], [ 2.152765, 41.436751 ], [ 2.152384, 41.437107 ], [ 2.15206, 41.437273 ], [ 2.151701, 41.437331 ], [ 2.150431, 41.437114 ], [ 2.149662, 41.436822 ], [ 2.148575, 41.436124 ], [ 2.148261, 41.43664 ], [ 2.148093, 41.437475 ], [ 2.147713, 41.437864 ], [ 2.147497, 41.438028 ], [ 2.147349, 41.43796 ], [ 2.146131, 41.438702 ], [ 2.145631, 41.439233 ], [ 2.145358, 41.439399 ], [ 2.144368, 41.439754 ], [ 2.143768, 41.44014 ], [ 2.142944, 41.44046 ], [ 2.14283, 41.440236 ], [ 2.142717, 41.440281 ], [ 2.141145, 41.439667 ], [ 2.138431, 41.440791 ], [ 2.137839, 41.440321 ], [ 2.137801, 41.440411 ], [ 2.137304, 41.440588 ], [ 2.136995, 41.44088 ], [ 2.13705, 41.441817 ], [ 2.13659, 41.442271 ], [ 2.136308, 41.442735 ], [ 2.135757, 41.443025 ], [ 2.134999, 41.443638 ], [ 2.134094, 41.443956 ], [ 2.133838, 41.444124 ], [ 2.133558, 41.444497 ], [ 2.133192, 41.444564 ], [ 2.132849, 41.444722 ], [ 2.132877, 41.445433 ], [ 2.133445, 41.445661 ], [ 2.133662, 41.445849 ], [ 2.134633, 41.44722 ], [ 2.134705, 41.447592 ], [ 2.135946, 41.447365 ], [ 2.13617, 41.447384 ], [ 2.136692, 41.44776 ], [ 2.137275, 41.447657 ], [ 2.137594, 41.447902 ], [ 2.139702, 41.447636 ], [ 2.140795, 41.447575 ], [ 2.141533, 41.447087 ], [ 2.141974, 41.447146 ], [ 2.142663, 41.447427 ], [ 2.143658, 41.447633 ], [ 2.144391, 41.447388 ], [ 2.14504, 41.447439 ], [ 2.145344, 41.447351 ], [ 2.145785, 41.447531 ], [ 2.146617, 41.447567 ], [ 2.146969, 41.447509 ], [ 2.147403, 41.44717 ], [ 2.147785, 41.447005 ], [ 2.148661, 41.446789 ], [ 2.149289, 41.447181 ], [ 2.149643, 41.447305 ], [ 2.151475, 41.447355 ], [ 2.151931, 41.447269 ], [ 2.152344, 41.447373 ], [ 2.152802, 41.447666 ], [ 2.153318, 41.448517 ], [ 2.153394, 41.44881 ], [ 2.153658, 41.449086 ], [ 2.154171, 41.449329 ], [ 2.154985, 41.449515 ], [ 2.155836, 41.449901 ], [ 2.156426, 41.449929 ], [ 2.157304, 41.449605 ], [ 2.157523, 41.449631 ], [ 2.159124, 41.450462 ], [ 2.159481, 41.449963 ] ] ] } },
{ "type": "Feature", "properties": { "barrio": "la Guineueta", "distrito": "Nou Barris" }, "geometry": { "type": "Polygon", "coordinates": [ [ [ 2.174217, 41.439917 ], [ 2.175111, 41.439008 ], [ 2.174703, 41.438569 ], [ 2.174872, 41.438428 ], [ 2.17486, 41.438269 ], [ 2.174685, 41.438168 ], [ 2.174444, 41.438187 ], [ 2.173988, 41.437545 ], [ 2.17291, 41.436468 ], [ 2.171881, 41.435212 ], [ 2.171179, 41.434875 ], [ 2.170384, 41.434783 ], [ 2.1696, 41.434863 ], [ 2.168947, 41.435037 ], [ 2.167764, 41.436018 ], [ 2.167702, 41.435966 ], [ 2.16789, 41.435792 ], [ 2.165639, 41.436326 ], [ 2.164233, 41.436501 ], [ 2.163355, 41.436857 ], [ 2.16353, 41.437102 ], [ 2.163211, 41.437288 ], [ 2.163272, 41.437347 ], [ 2.163131, 41.437358 ], [ 2.163682, 41.437886 ], [ 2.162328, 41.438668 ], [ 2.161799, 41.439255 ], [ 2.161528, 41.439929 ], [ 2.16325, 41.440357 ], [ 2.163304, 41.440038 ], [ 2.16321, 41.439818 ], [ 2.163588, 41.440154 ], [ 2.171758, 41.443316 ], [ 2.172704, 41.442018 ], [ 2.172904, 41.441226 ], [ 2.173104, 41.440853 ], [ 2.173396, 41.440537 ], [ 2.174217, 41.439917 ] ] ] } },
{ "type": "Feature", "properties": { "barrio": "Canyelles", "distrito": "Nou Barris" }, "geometry": { "type": "Polygon", "coordinates": [ [ [ 2.162113, 41.450207 ], [ 2.163725, 41.449777 ], [ 2.164084, 41.449823 ], [ 2.163915, 41.449018 ], [ 2.163902, 41.447857 ], [ 2.165543, 41.446152 ], [ 2.166007, 41.446066 ], [ 2.166353, 41.446544 ], [ 2.166334, 41.447092 ], [ 2.166547, 41.447296 ], [ 2.166819, 41.447403 ], [ 2.167809, 41.447492 ], [ 2.168263, 41.446846 ], [ 2.168805, 41.44698 ], [ 2.169998, 41.444677 ], [ 2.170541, 41.444809 ], [ 2.170735, 41.444432 ], [ 2.171106, 41.444544 ], [ 2.171758, 41.443316 ], [ 2.163588, 41.440154 ], [ 2.16321, 41.439818 ], [ 2.163304, 41.440038 ], [ 2.16325, 41.440357 ], [ 2.161528, 41.439929 ], [ 2.161523, 41.440207 ], [ 2.161808, 41.440684 ], [ 2.162056, 41.44079 ], [ 2.162707, 41.440862 ], [ 2.162795, 41.441035 ], [ 2.162721, 41.441332 ], [ 2.162201, 41.441412 ], [ 2.161685, 41.441632 ], [ 2.161542, 41.441608 ], [ 2.160129, 41.442204 ], [ 2.15996, 41.44239 ], [ 2.159702, 41.44215 ], [ 2.159198, 41.442374 ], [ 2.158704, 41.442984 ], [ 2.158445, 41.443735 ], [ 2.158268, 41.444015 ], [ 2.158041, 41.444141 ], [ 2.157826, 41.444748 ], [ 2.157516, 41.444986 ], [ 2.15707, 41.445067 ], [ 2.156235, 41.445502 ], [ 2.155745, 41.445548 ], [ 2.15567, 41.445688 ], [ 2.155826, 41.445793 ], [ 2.156115, 41.445783 ], [ 2.157228, 41.446029 ], [ 2.157557, 41.446854 ], [ 2.157451, 41.447096 ], [ 2.15711, 41.447275 ], [ 2.157049, 41.447415 ], [ 2.157612, 41.447523 ], [ 2.158085, 41.44785 ], [ 2.159426, 41.449439 ], [ 2.159481, 41.449963 ], [ 2.159151, 41.450518 ], [ 2.159637, 41.450517 ], [ 2.162113, 41.450207 ] ] ] } },
{ "type": "Feature", "properties": { "barrio": "les Roquetes", "distrito": "Nou Barris" }, "geometry": { "type": "Polygon", "coordinates": [ [ [ 2.183136, 41.452835 ], [ 2.183133, 41.452373 ], [ 2.182051, 41.451609 ], [ 2.181065, 41.450756 ], [ 2.180151, 41.450153 ], [ 2.179942, 41.449681 ], [ 2.17926, 41.448778 ], [ 2.179427, 41.447944 ], [ 2.179644, 41.447899 ], [ 2.180396, 41.447088 ], [ 2.179612, 41.446087 ], [ 2.179433, 41.446052 ], [ 2.179379, 41.445846 ], [ 2.176993, 41.44525 ], [ 2.171758, 41.443316 ], [ 2.171106, 41.444544 ], [ 2.170735, 41.444432 ], [ 2.170541, 41.444809 ], [ 2.169998, 41.444677 ], [ 2.168805, 41.44698 ], [ 2.168263, 41.446846 ], [ 2.167809, 41.447492 ], [ 2.167983, 41.447807 ], [ 2.167583, 41.449058 ], [ 2.167775, 41.449337 ], [ 2.168423, 41.449531 ], [ 2.168688, 41.449497 ], [ 2.168885, 41.449388 ], [ 2.169335, 41.448806 ], [ 2.169771, 41.448646 ], [ 2.170259, 41.448751 ], [ 2.171523, 41.449515 ], [ 2.17174, 41.449503 ], [ 2.172325, 41.449259 ], [ 2.172525, 41.449257 ], [ 2.173437, 41.449711 ], [ 2.173705, 41.450098 ], [ 2.174299, 41.45048 ], [ 2.174757, 41.450601 ], [ 2.175323, 41.450464 ], [ 2.175859, 41.450513 ], [ 2.176643, 41.451222 ], [ 2.177019, 41.451344 ], [ 2.178107, 41.45149 ], [ 2.178879, 41.45213 ], [ 2.179011, 41.452046 ], [ 2.17917, 41.452206 ], [ 2.179246, 41.452143 ], [ 2.179577, 41.452388 ], [ 2.180349, 41.452493 ], [ 2.180797, 41.452724 ], [ 2.181804, 41.452835 ], [ 2.182351, 41.453356 ], [ 2.182777, 41.453612 ], [ 2.18359, 41.453901 ], [ 2.184052, 41.454204 ], [ 2.184269, 41.454484 ], [ 2.184368, 41.454495 ], [ 2.184284, 41.454144 ], [ 2.183745, 41.453437 ], [ 2.183298, 41.45315 ], [ 2.183136, 41.452835 ] ] ] } },
{ "type": "Feature", "properties": { "barrio": "Verdun", "distrito": "Nou Barris" }, "geometry": { "type": "Polygon", "coordinates": [ [ [ 2.177838, 41.442105 ], [ 2.175111, 41.439008 ], [ 2.174129, 41.44 ], [ 2.173236, 41.44069 ], [ 2.172956, 41.441089 ], [ 2.17265, 41.442115 ], [ 2.171758, 41.443316 ], [ 2.176993, 41.44525 ], [ 2.179379, 41.445846 ], [ 2.179433, 41.446052 ], [ 2.179612, 41.446087 ], [ 2.177838, 41.442105 ] ] ] } },
{ "type": "Feature", "properties": { "barrio": "la Prosperitat", "distrito": "Nou Barris" }, "geometry": { "type": "Polygon", "coordinates": [ [ [ 2.185444, 41.439707 ], [ 2.174884, 41.438399 ], [ 2.174703, 41.438569 ], [ 2.177838, 41.442105 ], [ 2.179612, 41.446087 ], [ 2.18343, 41.446604 ], [ 2.187692, 41.446965 ], [ 2.186278, 41.442443 ], [ 2.186301, 41.442162 ], [ 2.185444, 41.439707 ] ] ] } },
{ "type": "Feature", "properties": { "barrio": "el Bon Pastor", "distrito": "Sant Andreu" }, "geometry": { "type": "Polygon", "coordinates": [ [ [ 2.208062, 41.43314 ], [ 2.206216, 41.432591 ], [ 2.206205, 41.432439 ], [ 2.206496, 41.431101 ], [ 2.206673, 41.430601 ], [ 2.206744, 41.430587 ], [ 2.206739, 41.430068 ], [ 2.20761, 41.429643 ], [ 2.207636, 41.429554 ], [ 2.207237, 41.429094 ], [ 2.20734, 41.427993 ], [ 2.207197, 41.427562 ], [ 2.202774, 41.429568 ], [ 2.201215, 41.430061 ], [ 2.200145, 41.430168 ], [ 2.199264, 41.430059 ], [ 2.198546, 41.429819 ], [ 2.197998, 41.429525 ], [ 2.197326, 41.428856 ], [ 2.196574, 41.427403 ], [ 2.19635, 41.426712 ], [ 2.195938, 41.426933 ], [ 2.19621, 41.427692 ], [ 2.196391, 41.42924 ], [ 2.196403, 41.430103 ], [ 2.196295, 41.43089 ], [ 2.195476, 41.432654 ], [ 2.193945, 41.43484 ], [ 2.193657, 41.435702 ], [ 2.193613, 41.436457 ], [ 2.193709, 41.437037 ], [ 2.195601, 41.442491 ], [ 2.199717, 41.44281 ], [ 2.199302, 41.445036 ], [ 2.20332, 41.446998 ], [ 2.206247, 41.443874 ], [ 2.20745, 41.442176 ], [ 2.208337, 41.440208 ], [ 2.209316, 41.436746 ], [ 2.209253, 41.436541 ], [ 2.209701, 41.435198 ], [ 2.210604, 41.433477 ], [ 2.209371, 41.433259 ], [ 2.208062, 41.43314 ] ] ] } },
{ "type": "Feature", "properties": { "barrio": "la Trinitat Nova", "distrito": "Nou Barris" }, "geometry": { "type": "Polygon", "coordinates": [ [ [ 2.188075, 41.455853 ], [ 2.188763, 41.45376 ], [ 2.188916, 41.452696 ], [ 2.188779, 41.450797 ], [ 2.188458, 41.449356 ], [ 2.187692, 41.446965 ], [ 2.18343, 41.446604 ], [ 2.179612, 41.446087 ], [ 2.180396, 41.447088 ], [ 2.179644, 41.447899 ], [ 2.179427, 41.447944 ], [ 2.17926, 41.448778 ], [ 2.179942, 41.449681 ], [ 2.180151, 41.450153 ], [ 2.181065, 41.450756 ], [ 2.182051, 41.451609 ], [ 2.183133, 41.452373 ], [ 2.183136, 41.452835 ], [ 2.183298, 41.45315 ], [ 2.183745, 41.453437 ], [ 2.184284, 41.454144 ], [ 2.184519, 41.454821 ], [ 2.184741, 41.454978 ], [ 2.184842, 41.454873 ], [ 2.186101, 41.455438 ], [ 2.187033, 41.456188 ], [ 2.187572, 41.455566 ], [ 2.187989, 41.454857 ], [ 2.188322, 41.453717 ], [ 2.188537, 41.453734 ], [ 2.188112, 41.45503 ], [ 2.187707, 41.455706 ], [ 2.187177, 41.456289 ], [ 2.187587, 41.456637 ], [ 2.188075, 41.455853 ] ] ] } },
{ "type": "Feature", "properties": { "barrio": "Torre Baró", "distrito": "Nou Barris" }, "geometry": { "type": "Polygon", "coordinates": [ [ [ 2.181515, 41.461367 ], [ 2.1822, 41.460659 ], [ 2.183212, 41.459812 ], [ 2.18431, 41.459029 ], [ 2.186566, 41.457608 ], [ 2.187417, 41.456842 ], [ 2.187587, 41.456637 ], [ 2.187177, 41.456289 ], [ 2.187707, 41.455706 ], [ 2.188112, 41.45503 ], [ 2.188537, 41.453734 ], [ 2.188322, 41.453717 ], [ 2.187989, 41.454857 ], [ 2.187572, 41.455566 ], [ 2.187033, 41.456188 ], [ 2.186101, 41.455438 ], [ 2.184842, 41.454873 ], [ 2.184741, 41.454978 ], [ 2.184452, 41.454749 ], [ 2.184412, 41.454524 ], [ 2.184251, 41.45447 ], [ 2.183851, 41.454049 ], [ 2.183323, 41.453773 ], [ 2.182777, 41.453612 ], [ 2.182186, 41.453248 ], [ 2.181804, 41.452835 ], [ 2.180797, 41.452724 ], [ 2.180349, 41.452493 ], [ 2.179577, 41.452388 ], [ 2.179246, 41.452143 ], [ 2.17917, 41.452206 ], [ 2.179011, 41.452046 ], [ 2.178879, 41.45213 ], [ 2.178107, 41.45149 ], [ 2.177019, 41.451344 ], [ 2.176643, 41.451222 ], [ 2.175859, 41.450513 ], [ 2.175323, 41.450464 ], [ 2.174757, 41.450601 ], [ 2.174299, 41.45048 ], [ 2.173705, 41.450098 ], [ 2.173437, 41.449711 ], [ 2.172525, 41.449257 ], [ 2.172325, 41.449259 ], [ 2.17174, 41.449503 ], [ 2.171523, 41.449515 ], [ 2.170259, 41.448751 ], [ 2.169771, 41.448646 ], [ 2.169335, 41.448806 ], [ 2.168885, 41.449388 ], [ 2.168688, 41.449497 ], [ 2.168423, 41.449531 ], [ 2.167775, 41.449337 ], [ 2.167583, 41.449058 ], [ 2.167983, 41.447807 ], [ 2.167933, 41.4476 ], [ 2.16771, 41.447451 ], [ 2.166969, 41.447424 ], [ 2.166547, 41.447296 ], [ 2.166334, 41.447092 ], [ 2.166353, 41.446544 ], [ 2.166007, 41.446066 ], [ 2.165543, 41.446152 ], [ 2.163902, 41.447857 ], [ 2.163915, 41.449018 ], [ 2.164084, 41.449823 ], [ 2.164247, 41.449901 ], [ 2.165656, 41.451479 ], [ 2.165057, 41.452635 ], [ 2.164987, 41.454564 ], [ 2.163808, 41.455892 ], [ 2.164608, 41.457115 ], [ 2.165005, 41.458067 ], [ 2.166855, 41.459081 ], [ 2.170836, 41.459131 ], [ 2.170838, 41.45902 ], [ 2.171217, 41.459021 ], [ 2.171497, 41.458914 ], [ 2.171748, 41.458961 ], [ 2.171894, 41.459093 ], [ 2.173396, 41.459146 ], [ 2.174135, 41.458471 ], [ 2.174511, 41.458681 ], [ 2.175915, 41.458936 ], [ 2.17613, 41.459066 ], [ 2.176169, 41.458952 ], [ 2.17631, 41.458936 ], [ 2.177563, 41.45983 ], [ 2.178879, 41.460597 ], [ 2.17889, 41.460885 ], [ 2.179145, 41.460907 ], [ 2.180019, 41.461326 ], [ 2.180543, 41.4612 ], [ 2.179732, 41.462425 ], [ 2.180074, 41.462539 ], [ 2.179867, 41.462692 ], [ 2.179487, 41.463465 ], [ 2.179478, 41.463845 ], [ 2.17927, 41.46435 ], [ 2.180095, 41.463479 ], [ 2.181515, 41.461367 ] ] ] } },
{ "type": "Feature", "properties": { "barrio": "Ciutat Meridiana", "distrito": "Nou Barris" }, "geometry": { "type": "Polygon", "coordinates": [ [ [ 2.179732, 41.462425 ], [ 2.180543, 41.4612 ], [ 2.180019, 41.461326 ], [ 2.179145, 41.460907 ], [ 2.17889, 41.460885 ], [ 2.178879, 41.460597 ], [ 2.177563, 41.45983 ], [ 2.176346, 41.458953 ], [ 2.176169, 41.458952 ], [ 2.17613, 41.459066 ], [ 2.175915, 41.458936 ], [ 2.174511, 41.458681 ], [ 2.174135, 41.458471 ], [ 2.173396, 41.459146 ], [ 2.171894, 41.459093 ], [ 2.171748, 41.458961 ], [ 2.171497, 41.458914 ], [ 2.171217, 41.459021 ], [ 2.170838, 41.45902 ], [ 2.170836, 41.459131 ], [ 2.166855, 41.459081 ], [ 2.167195, 41.459582 ], [ 2.167964, 41.459877 ], [ 2.16819, 41.460071 ], [ 2.16828, 41.46028 ], [ 2.170285, 41.46078 ], [ 2.170561, 41.460949 ], [ 2.170882, 41.461025 ], [ 2.171298, 41.461076 ], [ 2.171638, 41.460994 ], [ 2.172015, 41.461518 ], [ 2.173034, 41.46212 ], [ 2.17353, 41.462306 ], [ 2.174453, 41.463203 ], [ 2.175002, 41.463483 ], [ 2.177332, 41.464164 ], [ 2.178857, 41.464483 ], [ 2.17908, 41.464523 ], [ 2.17927, 41.46435 ], [ 2.179478, 41.463845 ], [ 2.179487, 41.463465 ], [ 2.179867, 41.462692 ], [ 2.180074, 41.462539 ], [ 2.179732, 41.462425 ] ] ] } },
{ "type": "Feature", "properties": { "barrio": "Vallbona", "distrito": "Nou Barris" }, "geometry": { "type": "Polygon", "coordinates": [ [ [ 2.181369, 41.46155 ], [ 2.180095, 41.463479 ], [ 2.17908, 41.464523 ], [ 2.180405, 41.464813 ], [ 2.179872, 41.465657 ], [ 2.180226, 41.466014 ], [ 2.180469, 41.466624 ], [ 2.180339, 41.466602 ], [ 2.180048, 41.466243 ], [ 2.17958, 41.465989 ], [ 2.179418, 41.465992 ], [ 2.179012, 41.466465 ], [ 2.178911, 41.466724 ], [ 2.178902, 41.467891 ], [ 2.179676, 41.467551 ], [ 2.180955, 41.467695 ], [ 2.182719, 41.468003 ], [ 2.182991, 41.468118 ], [ 2.183982, 41.468253 ], [ 2.184565, 41.468159 ], [ 2.185464, 41.4677 ], [ 2.186274, 41.46769 ], [ 2.186259, 41.46782 ], [ 2.187017, 41.467847 ], [ 2.187665, 41.459802 ], [ 2.188053, 41.458433 ], [ 2.188434, 41.457778 ], [ 2.188846, 41.457328 ], [ 2.188419, 41.457097 ], [ 2.187722, 41.456947 ], [ 2.188286, 41.456121 ], [ 2.18873, 41.454996 ], [ 2.188424, 41.454933 ], [ 2.187838, 41.456276 ], [ 2.187033, 41.457229 ], [ 2.186285, 41.457802 ], [ 2.18431, 41.459029 ], [ 2.183212, 41.459812 ], [ 2.1822, 41.460659 ], [ 2.181369, 41.46155 ] ] ] } },
{ "type": "Feature", "properties": { "barrio": "la Trinitat Vella", "distrito": "Sant Andreu" }, "geometry": { "type": "Polygon", "coordinates": [ [ [ 2.190649, 41.457263 ], [ 2.194626, 41.454348 ], [ 2.197479, 41.452368 ], [ 2.199474, 41.450767 ], [ 2.201322, 41.449008 ], [ 2.19623, 41.447252 ], [ 2.195778, 41.447572 ], [ 2.194743, 41.447618 ], [ 2.194005, 41.447488 ], [ 2.193064, 41.447068 ], [ 2.192389, 41.446922 ], [ 2.187692, 41.446965 ], [ 2.188612, 41.449972 ], [ 2.188779, 41.450797 ], [ 2.188916, 41.452696 ], [ 2.188763, 41.45376 ], [ 2.188424, 41.454933 ], [ 2.18873, 41.454996 ], [ 2.188286, 41.456121 ], [ 2.187722, 41.456947 ], [ 2.188419, 41.457097 ], [ 2.188846, 41.457328 ], [ 2.188225, 41.458121 ], [ 2.187767, 41.459246 ], [ 2.187589, 41.460289 ], [ 2.187457, 41.462128 ], [ 2.187658, 41.462069 ], [ 2.187722, 41.461603 ], [ 2.188113, 41.460488 ], [ 2.18872, 41.45944 ], [ 2.189138, 41.458895 ], [ 2.190045, 41.457976 ], [ 2.189961, 41.457929 ], [ 2.190649, 41.457263 ] ] ] } },
{ "type": "Feature", "properties": { "barrio": "Sant Andreu", "distrito": "Sant Andreu" }, "geometry": { "type": "Polygon", "coordinates": [ [ [ 2.195778, 41.447572 ], [ 2.19623, 41.447252 ], [ 2.197206, 41.447614 ], [ 2.195601, 41.442491 ], [ 2.193709, 41.437037 ], [ 2.193613, 41.436457 ], [ 2.193657, 41.435702 ], [ 2.193945, 41.43484 ], [ 2.195476, 41.432654 ], [ 2.196295, 41.43089 ], [ 2.196403, 41.430103 ], [ 2.196391, 41.42924 ], [ 2.19621, 41.427692 ], [ 2.195938, 41.426933 ], [ 2.193686, 41.427984 ], [ 2.190992, 41.42772 ], [ 2.190443, 41.427722 ], [ 2.188927, 41.428046 ], [ 2.187997, 41.42849 ], [ 2.18754, 41.428609 ], [ 2.184099, 41.428656 ], [ 2.182724, 41.43061 ], [ 2.182594, 41.431015 ], [ 2.182644, 41.431517 ], [ 2.182884, 41.432217 ], [ 2.183117, 41.432469 ], [ 2.183925, 41.43479 ], [ 2.185103, 41.438717 ], [ 2.186301, 41.442162 ], [ 2.186278, 41.442443 ], [ 2.187621, 41.446859 ], [ 2.187692, 41.446965 ], [ 2.192389, 41.446922 ], [ 2.192984, 41.44704 ], [ 2.194331, 41.447571 ], [ 2.194859, 41.447619 ], [ 2.195778, 41.447572 ] ] ] } },
{ "type": "Feature", "properties": { "barrio": "la Sagrera", "distrito": "Sant Andreu" }, "geometry": { "type": "Polygon", "coordinates": [ [ [ 2.190401, 41.427726 ], [ 2.193686, 41.427984 ], [ 2.19567, 41.427083 ], [ 2.196542, 41.426592 ], [ 2.195898, 41.424451 ], [ 2.195608, 41.422652 ], [ 2.195453, 41.422334 ], [ 2.195192, 41.422364 ], [ 2.19404, 41.418974 ], [ 2.192366, 41.414568 ], [ 2.191191, 41.415384 ], [ 2.191129, 41.415513 ], [ 2.191338, 41.416236 ], [ 2.191413, 41.416948 ], [ 2.183937, 41.422673 ], [ 2.184204, 41.424759 ], [ 2.184299, 41.427629 ], [ 2.184691, 41.427833 ], [ 2.184099, 41.428656 ], [ 2.18754, 41.428609 ], [ 2.187997, 41.42849 ], [ 2.18906, 41.428008 ], [ 2.190401, 41.427726 ] ] ] } },
{ "type": "Feature", "properties": { "barrio": "el Congrés i els Indians", "distrito": "Sant Andreu" }, "geometry": { "type": "Polygon", "coordinates": [ [ [ 2.18393, 41.421765 ], [ 2.18072, 41.419391 ], [ 2.180844, 41.419992 ], [ 2.180642, 41.420538 ], [ 2.176164, 41.42544 ], [ 2.177368, 41.425486 ], [ 2.177306, 41.426802 ], [ 2.177233, 41.426883 ], [ 2.177325, 41.42816 ], [ 2.179816, 41.427804 ], [ 2.184299, 41.427629 ], [ 2.184204, 41.424759 ], [ 2.183941, 41.423162 ], [ 2.18393, 41.421765 ] ] ] } },
{ "type": "Feature", "properties": { "barrio": "Navas", "distrito": "Sant Andreu" }, "geometry": { "type": "Polygon", "coordinates": [ [ [ 2.183937, 41.422673 ], [ 2.191413, 41.416948 ], [ 2.191422, 41.416691 ], [ 2.191129, 41.415513 ], [ 2.191191, 41.415384 ], [ 2.18897, 41.413668 ], [ 2.183353, 41.417958 ], [ 2.180452, 41.415862 ], [ 2.180432, 41.417815 ], [ 2.18072, 41.419391 ], [ 2.18393, 41.421765 ], [ 2.183937, 41.422673 ] ] ] } },
{ "type": "Feature", "properties": { "barrio": "el Camp de l'Arpa del Clot", "distrito": "Sant Martí" }, "geometry": { "type": "Polygon", "coordinates": [ [ [ 2.186865, 41.408649 ], [ 2.183366, 41.406034 ], [ 2.175423, 41.412041 ], [ 2.180233, 41.415577 ], [ 2.180452, 41.415862 ], [ 2.183353, 41.417958 ], [ 2.186888, 41.415269 ], [ 2.186865, 41.408649 ] ] ] } },
{ "type": "Feature", "properties": { "barrio": "Diagonal Mar i el Front Marítim del Poblenou", "distrito": "Sant Martí" }, "geometry": { "type": "Polygon", "coordinates": [ [ [ 2.211871, 41.41182 ], [ 2.214133, 41.410114 ], [ 2.219221, 41.411387 ], [ 2.219558, 41.411125 ], [ 2.2192, 41.410736 ], [ 2.220774, 41.409916 ], [ 2.220665, 41.409797 ], [ 2.220846, 41.409425 ], [ 2.221065, 41.409211 ], [ 2.221327, 41.409102 ], [ 2.221646727272808, 41.409083636363647 ], [ 2.221223, 41.409006 ], [ 2.220936, 41.408843 ], [ 2.219845, 41.407586 ], [ 2.218822, 41.406736 ], [ 2.222264, 41.404187 ], [ 2.222714, 41.404924 ], [ 2.22328, 41.405429 ], [ 2.223593, 41.405182 ], [ 2.223071, 41.4047 ], [ 2.222463, 41.403698 ], [ 2.222099, 41.403404 ], [ 2.221889, 41.403573 ], [ 2.222019, 41.403805 ], [ 2.22004, 41.405274 ], [ 2.217854, 41.404053 ], [ 2.217094, 41.403042 ], [ 2.218475, 41.402119 ], [ 2.218256, 41.401935 ], [ 2.216833, 41.402885 ], [ 2.215895, 41.40217 ], [ 2.214257, 41.399989 ], [ 2.215706, 41.398917 ], [ 2.215305, 41.398621 ], [ 2.214195, 41.399442 ], [ 2.211641, 41.397496 ], [ 2.210709, 41.396254 ], [ 2.212025, 41.395219 ], [ 2.211473, 41.394819 ], [ 2.209245, 41.396498 ], [ 2.209958, 41.396971 ], [ 2.210326, 41.396893 ], [ 2.210955, 41.397561 ], [ 2.20956, 41.398574 ], [ 2.209484, 41.398515 ], [ 2.206854, 41.400409 ], [ 2.209981, 41.402987 ], [ 2.203954, 41.407568 ], [ 2.207338, 41.408417 ], [ 2.211871, 41.41182 ] ] ] } },
{ "type": "Feature", "properties": { "barrio": "el Besòs i el Maresme", "distrito": "Sant Martí" }, "geometry": { "type": "Polygon", "coordinates": [ [ [ 2.221646727272808, 41.409083636363647 ], [ 2.221327, 41.409102 ], [ 2.221065, 41.409211 ], [ 2.220846, 41.409425 ], [ 2.220665, 41.409797 ], [ 2.220774, 41.409916 ], [ 2.2192, 41.410736 ], [ 2.219558, 41.411125 ], [ 2.219221, 41.411387 ], [ 2.214133, 41.410114 ], [ 2.207264, 41.415296 ], [ 2.209829, 41.418474 ], [ 2.208416, 41.419536 ], [ 2.211481, 41.421821 ], [ 2.211622, 41.42138 ], [ 2.212344, 41.420835 ], [ 2.212897, 41.420722 ], [ 2.213916, 41.420189 ], [ 2.216628, 41.418223 ], [ 2.217992, 41.41663 ], [ 2.219428, 41.415602 ], [ 2.220325, 41.414456 ], [ 2.220822, 41.414013 ], [ 2.221293, 41.413744 ], [ 2.221399, 41.413528 ], [ 2.221058, 41.413155 ], [ 2.221101, 41.413029 ], [ 2.222798, 41.412319 ], [ 2.222884, 41.412163 ], [ 2.223255, 41.411989 ], [ 2.229207, 41.409571 ], [ 2.226133, 41.405283 ], [ 2.224691, 41.406351 ], [ 2.224403, 41.405914 ], [ 2.22364, 41.4062 ], [ 2.221667, 41.404629 ], [ 2.218822, 41.406736 ], [ 2.219845, 41.407586 ], [ 2.220936, 41.408843 ], [ 2.221223, 41.409006 ], [ 2.221646727272808, 41.409083636363647 ] ] ] } },
{ "type": "Feature", "properties": { "barrio": "Provençals del Poblenou", "distrito": "Sant Martí" }, "geometry": { "type": "Polygon", "coordinates": [ [ [ 2.207338, 41.408417 ], [ 2.193785, 41.405014 ], [ 2.191424, 41.406797 ], [ 2.208416, 41.419536 ], [ 2.209829, 41.418474 ], [ 2.207264, 41.415296 ], [ 2.211871, 41.41182 ], [ 2.207338, 41.408417 ] ] ] } },
{ "type": "Feature", "properties": { "barrio": "Sant Martí de Provençals", "distrito": "Sant Martí" }, "geometry": { "type": "Polygon", "coordinates": [ [ [ 2.20502, 41.417004 ], [ 2.197082, 41.411045 ], [ 2.192366, 41.414568 ], [ 2.19404, 41.418974 ], [ 2.195192, 41.422364 ], [ 2.198835, 41.421703 ], [ 2.20502, 41.417004 ] ] ] } },
{ "type": "Feature", "properties": { "barrio": "la Verneda i la Pau", "distrito": "Sant Martí" }, "geometry": { "type": "Polygon", "coordinates": [ [ [ 2.20745, 41.42501 ], [ 2.207852, 41.425001 ], [ 2.208438, 41.425178 ], [ 2.209168, 41.424941 ], [ 2.209416, 41.424252 ], [ 2.210398, 41.423756 ], [ 2.210971, 41.423268 ], [ 2.211481, 41.421821 ], [ 2.20502, 41.417004 ], [ 2.198835, 41.421703 ], [ 2.195453, 41.422334 ], [ 2.195608, 41.422652 ], [ 2.195898, 41.424451 ], [ 2.196542, 41.426592 ], [ 2.19635, 41.426712 ], [ 2.196574, 41.427403 ], [ 2.197326, 41.428856 ], [ 2.197592, 41.429172 ], [ 2.197998, 41.429525 ], [ 2.198546, 41.429819 ], [ 2.199264, 41.430059 ], [ 2.200145, 41.430168 ], [ 2.200833, 41.43013 ], [ 2.201881, 41.429881 ], [ 2.203525, 41.429256 ], [ 2.207197, 41.427562 ], [ 2.20703, 41.427056 ], [ 2.206457, 41.426393 ], [ 2.206055, 41.425568 ], [ 2.206885, 41.425313 ], [ 2.20745, 41.42501 ] ] ] } },
{ "type": "Feature", "properties": { "barrio": "Vallvidrera, el Tibidabo i les Planes", "distrito": "Sarrià-Sant Gervasi" }, "geometry": { "type": "Polygon", "coordinates": [ [ [ 2.075201, 41.41602 ], [ 2.074021, 41.415011 ], [ 2.072117, 41.412705 ], [ 2.0705, 41.412178 ], [ 2.070696, 41.412637 ], [ 2.070586, 41.413327 ], [ 2.070352, 41.413949 ], [ 2.070406, 41.414189 ], [ 2.071095, 41.415035 ], [ 2.072881, 41.415837 ], [ 2.073584, 41.416579 ], [ 2.073898, 41.417106 ], [ 2.073944, 41.417565 ], [ 2.074109, 41.417229 ], [ 2.074028, 41.416971 ], [ 2.075201, 41.41602 ] ] ] } },
{ "type": "Feature", "properties": { "barrio": "Vallvidrera, el Tibidabo i les Planes", "distrito": "Sarrià-Sant Gervasi" }, "geometry": { "type": "Polygon", "coordinates": [ [ [ 2.070508, 41.41904 ], [ 2.067773, 41.418378 ], [ 2.067188, 41.418129 ], [ 2.064996, 41.418134 ], [ 2.064222, 41.417843 ], [ 2.064925, 41.416598 ], [ 2.064712, 41.415594 ], [ 2.064202, 41.414076 ], [ 2.058877, 41.412519 ], [ 2.059884, 41.411922 ], [ 2.060395, 41.411296 ], [ 2.058053, 41.409977 ], [ 2.054659, 41.413971 ], [ 2.055593, 41.41477 ], [ 2.056892, 41.416412 ], [ 2.057233, 41.418372 ], [ 2.056681, 41.419517 ], [ 2.056565, 41.420233 ], [ 2.056364, 41.420665 ], [ 2.056477, 41.421139 ], [ 2.056441, 41.421358 ], [ 2.056315, 41.42157 ], [ 2.055759, 41.422068 ], [ 2.054612, 41.422502 ], [ 2.054503, 41.422795 ], [ 2.053983, 41.422714 ], [ 2.053379, 41.423508 ], [ 2.053182, 41.423639 ], [ 2.052833, 41.423707 ], [ 2.052453, 41.42408 ], [ 2.05312, 41.424564 ], [ 2.053478, 41.42472 ], [ 2.054926, 41.425059 ], [ 2.056881, 41.425763 ], [ 2.057698, 41.426209 ], [ 2.057798, 41.426361 ], [ 2.057902, 41.427566 ], [ 2.058294, 41.428636 ], [ 2.058327, 41.429112 ], [ 2.057562, 41.434598 ], [ 2.057608, 41.436133 ], [ 2.060098, 41.436221 ], [ 2.060164, 41.436099 ], [ 2.059981, 41.43457 ], [ 2.060204, 41.43397 ], [ 2.060404, 41.433848 ], [ 2.060699, 41.433879 ], [ 2.06264, 41.434432 ], [ 2.063179, 41.432476 ], [ 2.063117, 41.432308 ], [ 2.064824, 41.432359 ], [ 2.068579, 41.432053 ], [ 2.067748, 41.429425 ], [ 2.0678, 41.429142 ], [ 2.06682, 41.427398 ], [ 2.067178, 41.426288 ], [ 2.069718, 41.425727 ], [ 2.071288, 41.422951 ], [ 2.070508, 41.41904 ] ] ] } }
]
}
